2025-12-10 15:17:35,954 DEBUG auth start, request: GET /nacos/v1/cs/configs

2025-12-10 15:17:35,964 DEBUG access denied, request: GET /nacos/v1/cs/configs, reason: user not found!

2025-12-10 15:17:36,549 DEBUG auth start, request: GET /nacos/v1/cs/configs

2025-12-10 15:17:36,550 DEBUG access denied, request: GET /nacos/v1/cs/configs, reason: user not found!

2025-12-10 15:17:36,562 DEBUG auth start, request: GET /nacos/v1/cs/configs

2025-12-10 15:17:36,562 DEBUG access denied, request: GET /nacos/v1/cs/configs, reason: user not found!

2025-12-10 15:17:36,573 DEBUG auth start, request: GET /nacos/v1/cs/configs

2025-12-10 15:17:36,573 DEBUG access denied, request: GET /nacos/v1/cs/configs, reason: user not found!

2025-12-10 15:17:40,467 DEBUG auth start, request: GET /nacos/v1/cs/configs

2025-12-10 15:17:40,468 DEBUG access denied, request: GET /nacos/v1/cs/configs, reason: user not found!

2025-12-10 15:17:40,481 DEBUG auth start, request: GET /nacos/v1/cs/configs

2025-12-10 15:17:40,481 DEBUG access denied, request: GET /nacos/v1/cs/configs, reason: user not found!

2025-12-10 15:17:40,493 DEBUG auth start, request: GET /nacos/v1/cs/configs

2025-12-10 15:17:40,494 DEBUG access denied, request: GET /nacos/v1/cs/configs, reason: user not found!

2025-12-10 15:17:40,506 DEBUG auth start, request: GET /nacos/v1/cs/configs

2025-12-10 15:17:40,507 DEBUG access denied, request: GET /nacos/v1/cs/configs, reason: user not found!

2025-12-10 15:17:40,522 DEBUG auth start, request: GET /nacos/v1/cs/configs

2025-12-10 15:17:40,523 DEBUG access denied, request: GET /nacos/v1/cs/configs, reason: user not found!

2025-12-10 15:17:40,534 DEBUG auth start, request: GET /nacos/v1/cs/configs

2025-12-10 15:17:40,535 DEBUG access denied, request: GET /nacos/v1/cs/configs, reason: user not found!

2025-12-10 15:17:40,558 DEBUG auth start, request: GET /nacos/v1/cs/configs

2025-12-10 15:17:40,562 DEBUG access denied, request: GET /nacos/v1/cs/configs, reason: user not found!

2025-12-10 15:17:40,592 DEBUG auth start, request: GET /nacos/v1/cs/configs

2025-12-10 15:17:40,593 DEBUG access denied, request: GET /nacos/v1/cs/configs, reason: user not found!

2025-12-10 15:17:40,606 DEBUG auth start, request: GET /nacos/v1/cs/configs

2025-12-10 15:17:40,607 DEBUG access denied, request: GET /nacos/v1/cs/configs, reason: user not found!

2025-12-10 15:17:40,617 DEBUG auth start, request: GET /nacos/v1/cs/configs

2025-12-10 15:17:40,618 DEBUG access denied, request: GET /nacos/v1/cs/configs, reason: user not found!

2025-12-10 15:17:40,633 DEBUG auth start, request: GET /nacos/v1/cs/configs

2025-12-10 15:17:40,634 DEBUG access denied, request: GET /nacos/v1/cs/configs, reason: user not found!

2025-12-10 15:17:40,693 DEBUG auth start, request: GET /nacos/v1/cs/configs

2025-12-10 15:17:40,693 DEBUG access denied, request: GET /nacos/v1/cs/configs, reason: user not found!

2025-12-10 15:17:40,711 DEBUG auth start, request: GET /nacos/v1/cs/configs

2025-12-10 15:17:40,712 DEBUG access denied, request: GET /nacos/v1/cs/configs, reason: user not found!

2025-12-10 15:17:40,865 DEBUG auth start, request: GET /nacos/v1/cs/configs

2025-12-10 15:17:40,865 DEBUG access denied, request: GET /nacos/v1/cs/configs, reason: user not found!

2025-12-10 15:17:40,914 DEBUG auth start, request: GET /nacos/v1/cs/configs

2025-12-10 15:17:40,916 DEBUG access denied, request: GET /nacos/v1/cs/configs, reason: user not found!

2025-12-10 15:17:40,928 DEBUG auth start, request: GET /nacos/v1/cs/configs

2025-12-10 15:17:40,928 DEBUG access denied, request: GET /nacos/v1/cs/configs, reason: user not found!

2025-12-10 15:17:40,937 DEBUG auth start, request: GET /nacos/v1/cs/configs

2025-12-10 15:17:40,938 DEBUG access denied, request: GET /nacos/v1/cs/configs, reason: user not found!

2025-12-10 15:17:40,949 DEBUG auth start, request: GET /nacos/v1/cs/configs

2025-12-10 15:17:40,952 DEBUG access denied, request: GET /nacos/v1/cs/configs, reason: user not found!

2025-12-10 15:17:40,969 DEBUG auth start, request: GET /nacos/v1/cs/configs

2025-12-10 15:17:40,969 DEBUG access denied, request: GET /nacos/v1/cs/configs, reason: user not found!

2025-12-10 15:17:40,981 DEBUG auth start, request: GET /nacos/v1/cs/configs

2025-12-10 15:17:40,981 DEBUG access denied, request: GET /nacos/v1/cs/configs, reason: user not found!

2025-12-10 15:17:40,991 DEBUG auth start, request: GET /nacos/v1/cs/configs

2025-12-10 15:17:40,992 DEBUG access denied, request: GET /nacos/v1/cs/configs, reason: user not found!

2025-12-10 15:17:41,003 DEBUG auth start, request: GET /nacos/v1/cs/configs

2025-12-10 15:17:41,004 DEBUG access denied, request: GET /nacos/v1/cs/configs, reason: user not found!

2025-12-10 15:17:41,014 DEBUG auth start, request: GET /nacos/v1/cs/configs

2025-12-10 15:17:41,015 DEBUG access denied, request: GET /nacos/v1/cs/configs, reason: user not found!

2025-12-10 15:17:41,031 DEBUG auth start, request: GET /nacos/v1/cs/configs

2025-12-10 15:17:41,031 DEBUG access denied, request: GET /nacos/v1/cs/configs, reason: user not found!

2025-12-10 15:17:41,043 DEBUG auth start, request: GET /nacos/v1/cs/configs

2025-12-10 15:17:41,044 DEBUG access denied, request: GET /nacos/v1/cs/configs, reason: user not found!

2025-12-10 15:17:41,073 DEBUG auth start, request: GET /nacos/v1/cs/configs

2025-12-10 15:17:41,074 DEBUG access denied, request: GET /nacos/v1/cs/configs, reason: user not found!

2025-12-10 15:17:41,096 DEBUG auth start, request: GET /nacos/v1/cs/configs

2025-12-10 15:17:41,096 DEBUG access denied, request: GET /nacos/v1/cs/configs, reason: user not found!

2025-12-10 15:17:41,107 DEBUG auth start, request: GET /nacos/v1/cs/configs

2025-12-10 15:17:41,107 DEBUG access denied, request: GET /nacos/v1/cs/configs, reason: user not found!

2025-12-10 15:17:41,117 DEBUG auth start, request: GET /nacos/v1/cs/configs

2025-12-10 15:17:41,118 DEBUG access denied, request: GET /nacos/v1/cs/configs, reason: user not found!

2025-12-10 15:17:42,060 DEBUG auth start, request: GET /nacos/v1/cs/configs

2025-12-10 15:17:42,061 DEBUG access denied, request: GET /nacos/v1/cs/configs, reason: user not found!

2025-12-10 15:17:42,071 DEBUG auth start, request: GET /nacos/v1/cs/configs

2025-12-10 15:17:42,072 DEBUG access denied, request: GET /nacos/v1/cs/configs, reason: user not found!

2025-12-10 15:17:42,087 DEBUG auth start, request: GET /nacos/v1/cs/configs

2025-12-10 15:17:42,090 DEBUG access denied, request: GET /nacos/v1/cs/configs, reason: user not found!

2025-12-10 15:17:42,126 DEBUG auth start, request: GET /nacos/v1/cs/configs

2025-12-10 15:17:42,128 DEBUG access denied, request: GET /nacos/v1/cs/configs, reason: user not found!

2025-12-10 15:17:42,170 DEBUG auth start, request: GET /nacos/v1/cs/configs

2025-12-10 15:17:42,171 DEBUG access denied, request: GET /nacos/v1/cs/configs, reason: user not found!

2025-12-10 15:17:42,187 DEBUG auth start, request: GET /nacos/v1/cs/configs

2025-12-10 15:17:42,188 DEBUG access denied, request: GET /nacos/v1/cs/configs, reason: user not found!

2025-12-10 15:17:42,241 DEBUG auth start, request: GET /nacos/v1/cs/configs

2025-12-10 15:17:42,241 DEBUG access denied, request: GET /nacos/v1/cs/configs, reason: user not found!

2025-12-10 15:17:42,245 DEBUG auth start, request: GET /nacos/v1/cs/configs

2025-12-10 15:17:42,246 DEBUG access denied, request: GET /nacos/v1/cs/configs, reason: user not found!

2025-12-10 15:17:42,287 DEBUG auth start, request: GET /nacos/v1/cs/configs

2025-12-10 15:17:42,290 DEBUG access denied, request: GET /nacos/v1/cs/configs, reason: user not found!

2025-12-10 15:17:42,545 DEBUG auth start, request: POST /nacos/v1/ns/instance

2025-12-10 15:17:42,545 DEBUG access denied, request: POST /nacos/v1/ns/instance, reason: user not found!

2025-12-10 15:17:42,556 DEBUG auth start, request: POST /nacos/v1/ns/instance

2025-12-10 15:17:42,556 DEBUG access denied, request: POST /nacos/v1/ns/instance, reason: user not found!

2025-12-10 15:17:42,567 DEBUG auth start, request: POST /nacos/v1/ns/instance

2025-12-10 15:17:42,568 DEBUG access denied, request: POST /nacos/v1/ns/instance, reason: user not found!

2025-12-10 15:27:09,917 DEBUG auth start, request: GET /nacos/v1/cs/configs

2025-12-10 15:27:09,921 DEBUG access denied, request: GET /nacos/v1/cs/configs, reason: user not found!

2025-12-10 15:27:13,201 DEBUG auth start, request: GET /nacos/v1/cs/configs

2025-12-10 15:27:13,204 DEBUG auth permission: Permission{resource='Resource{namespaceId='', group='', name='', type='config', properties={action=r}}', action='r'}, nacosUser: NacosUser{token='eyJhbGciOiJIUzI1NiJ9.eyJzdWIiOiJuYWNvcyIsImV4cCI6MTc2NTM2OTYzM30.JwrR8laUcKA3ZpOMkfzPpzpndW8HuLimW5jSTMQUAtM', globalAdmin=false}

2025-12-10 15:27:15,016 DEBUG auth start, request: GET /nacos/v1/cs/history/configs

2025-12-10 15:27:15,018 DEBUG auth permission: Permission{resource='Resource{namespaceId='', group='', name='', type='config', properties={action=r}}', action='r'}, nacosUser: NacosUser{token='eyJhbGciOiJIUzI1NiJ9.eyJzdWIiOiJuYWNvcyIsImV4cCI6MTc2NTM2OTYzM30.JwrR8laUcKA3ZpOMkfzPpzpndW8HuLimW5jSTMQUAtM', globalAdmin=false}

2025-12-10 15:27:16,052 DEBUG auth start, request: GET /nacos/v1/cs/history/configs

2025-12-10 15:27:16,055 DEBUG auth permission: Permission{resource='Resource{namespaceId='', group='', name='', type='config', properties={action=r}}', action='r'}, nacosUser: NacosUser{token='eyJhbGciOiJIUzI1NiJ9.eyJzdWIiOiJuYWNvcyIsImV4cCI6MTc2NTM2OTYzM30.JwrR8laUcKA3ZpOMkfzPpzpndW8HuLimW5jSTMQUAtM', globalAdmin=false}

2025-12-10 15:27:16,435 DEBUG auth start, request: GET /nacos/v1/cs/configs

2025-12-10 15:27:16,436 DEBUG auth permission: Permission{resource='Resource{namespaceId='', group='', name='', type='config', properties={action=r}}', action='r'}, nacosUser: NacosUser{token='eyJhbGciOiJIUzI1NiJ9.eyJzdWIiOiJuYWNvcyIsImV4cCI6MTc2NTM2OTYzM30.JwrR8laUcKA3ZpOMkfzPpzpndW8HuLimW5jSTMQUAtM', globalAdmin=false}

2025-12-10 15:30:22,591 DEBUG auth start, request: GET /nacos/v1/cs/configs

2025-12-10 15:30:22,613 DEBUG access denied, request: GET /nacos/v1/cs/configs, reason: user not found!

2025-12-10 15:30:22,903 DEBUG auth start, request: GET /nacos/v1/cs/configs

2025-12-10 15:30:22,904 DEBUG access denied, request: GET /nacos/v1/cs/configs, reason: user not found!

2025-12-10 15:30:23,197 DEBUG auth start, request: GET /nacos/v1/cs/configs

2025-12-10 15:30:23,199 DEBUG access denied, request: GET /nacos/v1/cs/configs, reason: user not found!

2025-12-10 15:30:23,299 DEBUG auth start, request: GET /nacos/v1/cs/configs

2025-12-10 15:30:23,300 DEBUG access denied, request: GET /nacos/v1/cs/configs, reason: user not found!

2025-12-10 15:30:23,317 DEBUG auth start, request: GET /nacos/v1/cs/configs

2025-12-10 15:30:23,320 DEBUG access denied, request: GET /nacos/v1/cs/configs, reason: user not found!

2025-12-10 15:30:23,340 DEBUG auth start, request: GET /nacos/v1/cs/configs

2025-12-10 15:30:23,342 DEBUG access denied, request: GET /nacos/v1/cs/configs, reason: user not found!

2025-12-10 15:30:23,370 DEBUG auth start, request: GET /nacos/v1/cs/configs

2025-12-10 15:30:23,373 DEBUG access denied, request: GET /nacos/v1/cs/configs, reason: user not found!

2025-12-10 15:30:23,392 DEBUG auth start, request: GET /nacos/v1/cs/configs

2025-12-10 15:30:23,393 DEBUG access denied, request: GET /nacos/v1/cs/configs, reason: user not found!

2025-12-10 15:30:23,417 DEBUG auth start, request: GET /nacos/v1/cs/configs

2025-12-10 15:30:23,417 DEBUG access denied, request: GET /nacos/v1/cs/configs, reason: user not found!

2025-12-10 15:30:23,431 DEBUG auth start, request: GET /nacos/v1/cs/configs

2025-12-10 15:30:23,433 DEBUG access denied, request: GET /nacos/v1/cs/configs, reason: user not found!

2025-12-10 15:30:23,458 DEBUG auth start, request: GET /nacos/v1/cs/configs

2025-12-10 15:30:23,460 DEBUG access denied, request: GET /nacos/v1/cs/configs, reason: user not found!

2025-12-10 15:30:23,476 DEBUG auth start, request: GET /nacos/v1/cs/configs

2025-12-10 15:30:23,478 DEBUG access denied, request: GET /nacos/v1/cs/configs, reason: user not found!

2025-12-10 15:30:23,564 DEBUG auth start, request: GET /nacos/v1/cs/configs

2025-12-10 15:30:23,566 DEBUG access denied, request: GET /nacos/v1/cs/configs, reason: user not found!

2025-12-10 15:30:23,585 DEBUG auth start, request: GET /nacos/v1/cs/configs

2025-12-10 15:30:23,586 DEBUG access denied, request: GET /nacos/v1/cs/configs, reason: user not found!

2025-12-10 15:30:23,641 DEBUG auth start, request: GET /nacos/v1/cs/configs

2025-12-10 15:30:23,642 DEBUG access denied, request: GET /nacos/v1/cs/configs, reason: user not found!

2025-12-10 15:30:23,683 DEBUG auth start, request: GET /nacos/v1/cs/configs

2025-12-10 15:30:23,684 DEBUG access denied, request: GET /nacos/v1/cs/configs, reason: user not found!

2025-12-10 15:30:23,709 DEBUG auth start, request: GET /nacos/v1/cs/configs

2025-12-10 15:30:23,710 DEBUG access denied, request: GET /nacos/v1/cs/configs, reason: user not found!

2025-12-10 15:30:23,722 DEBUG auth start, request: GET /nacos/v1/cs/configs

2025-12-10 15:30:23,722 DEBUG access denied, request: GET /nacos/v1/cs/configs, reason: user not found!

2025-12-10 15:30:24,664 DEBUG auth start, request: GET /nacos/v1/cs/configs

2025-12-10 15:30:24,665 DEBUG access denied, request: GET /nacos/v1/cs/configs, reason: user not found!

2025-12-10 15:30:24,675 DEBUG auth start, request: GET /nacos/v1/cs/configs

2025-12-10 15:30:24,676 DEBUG access denied, request: GET /nacos/v1/cs/configs, reason: user not found!

2025-12-10 15:30:24,703 DEBUG auth start, request: GET /nacos/v1/cs/configs

2025-12-10 15:30:24,711 DEBUG access denied, request: GET /nacos/v1/cs/configs, reason: user not found!

2025-12-10 15:30:24,785 DEBUG auth start, request: GET /nacos/v1/cs/configs

2025-12-10 15:30:24,788 DEBUG access denied, request: GET /nacos/v1/cs/configs, reason: user not found!

2025-12-10 15:30:24,881 DEBUG auth start, request: GET /nacos/v1/cs/configs

2025-12-10 15:30:24,883 DEBUG access denied, request: GET /nacos/v1/cs/configs, reason: user not found!

2025-12-10 15:30:24,908 DEBUG auth start, request: GET /nacos/v1/cs/configs

2025-12-10 15:30:24,909 DEBUG access denied, request: GET /nacos/v1/cs/configs, reason: user not found!

2025-12-10 15:30:25,021 DEBUG auth start, request: GET /nacos/v1/cs/configs

2025-12-10 15:30:25,022 DEBUG access denied, request: GET /nacos/v1/cs/configs, reason: user not found!

2025-12-10 15:30:25,042 DEBUG auth start, request: GET /nacos/v1/cs/configs

2025-12-10 15:30:25,057 DEBUG access denied, request: GET /nacos/v1/cs/configs, reason: user not found!

2025-12-10 15:30:25,160 DEBUG auth start, request: GET /nacos/v1/cs/configs

2025-12-10 15:30:25,162 DEBUG access denied, request: GET /nacos/v1/cs/configs, reason: user not found!

2025-12-10 15:30:25,886 DEBUG auth start, request: POST /nacos/v1/ns/instance

2025-12-10 15:30:25,889 DEBUG auth permission: Permission{resource='Resource{namespaceId='seata', group='SEATA_GROUP', name='seata-server', type='naming', properties={action=w}}', action='w'}, nacosUser: NacosUser{token='eyJhbGciOiJIUzI1NiJ9.eyJzdWIiOiJuYWNvcyIsImV4cCI6MTc2NTM2OTgyNX0.6ZYGogZ8df2jeW-x-49K4wcOAM_vzUMlgWm0eGiP284', globalAdmin=false}

2025-12-10 15:30:30,932 DEBUG auth start, request: PUT /nacos/v1/ns/instance/beat

2025-12-10 15:30:30,934 DEBUG auth permission: Permission{resource='Resource{namespaceId='seata', group='SEATA_GROUP', name='seata-server', type='naming', properties={action=w}}', action='w'}, nacosUser: NacosUser{token='eyJhbGciOiJIUzI1NiJ9.eyJzdWIiOiJuYWNvcyIsImV4cCI6MTc2NTM2OTgyNX0.6ZYGogZ8df2jeW-x-49K4wcOAM_vzUMlgWm0eGiP284', globalAdmin=false}

2025-12-10 15:30:35,958 DEBUG auth start, request: PUT /nacos/v1/ns/instance/beat

2025-12-10 15:30:35,959 DEBUG auth permission: Permission{resource='Resource{namespaceId='seata', group='SEATA_GROUP', name='seata-server', type='naming', properties={action=w}}', action='w'}, nacosUser: NacosUser{token='eyJhbGciOiJIUzI1NiJ9.eyJzdWIiOiJuYWNvcyIsImV4cCI6MTc2NTM2OTgyNX0.6ZYGogZ8df2jeW-x-49K4wcOAM_vzUMlgWm0eGiP284', globalAdmin=false}

2025-12-10 15:30:40,969 DEBUG auth start, request: PUT /nacos/v1/ns/instance/beat

2025-12-10 15:30:40,976 DEBUG auth permission: Permission{resource='Resource{namespaceId='seata', group='SEATA_GROUP', name='seata-server', type='naming', properties={action=w}}', action='w'}, nacosUser: NacosUser{token='eyJhbGciOiJIUzI1NiJ9.eyJzdWIiOiJuYWNvcyIsImV4cCI6MTc2NTM2OTgyNX0.6ZYGogZ8df2jeW-x-49K4wcOAM_vzUMlgWm0eGiP284', globalAdmin=false}

2025-12-10 15:30:45,993 DEBUG auth start, request: PUT /nacos/v1/ns/instance/beat

2025-12-10 15:30:45,995 DEBUG auth permission: Permission{resource='Resource{namespaceId='seata', group='SEATA_GROUP', name='seata-server', type='naming', properties={action=w}}', action='w'}, nacosUser: NacosUser{token='eyJhbGciOiJIUzI1NiJ9.eyJzdWIiOiJuYWNvcyIsImV4cCI6MTc2NTM2OTgyNX0.6ZYGogZ8df2jeW-x-49K4wcOAM_vzUMlgWm0eGiP284', globalAdmin=false}

2025-12-10 15:30:51,007 DEBUG auth start, request: PUT /nacos/v1/ns/instance/beat

2025-12-10 15:30:51,008 DEBUG auth permission: Permission{resource='Resource{namespaceId='seata', group='SEATA_GROUP', name='seata-server', type='naming', properties={action=w}}', action='w'}, nacosUser: NacosUser{token='eyJhbGciOiJIUzI1NiJ9.eyJzdWIiOiJuYWNvcyIsImV4cCI6MTc2NTM2OTgyNX0.6ZYGogZ8df2jeW-x-49K4wcOAM_vzUMlgWm0eGiP284', globalAdmin=false}

2025-12-10 15:30:56,020 DEBUG auth start, request: PUT /nacos/v1/ns/instance/beat

2025-12-10 15:30:56,022 DEBUG auth permission: Permission{resource='Resource{namespaceId='seata', group='SEATA_GROUP', name='seata-server', type='naming', properties={action=w}}', action='w'}, nacosUser: NacosUser{token='eyJhbGciOiJIUzI1NiJ9.eyJzdWIiOiJuYWNvcyIsImV4cCI6MTc2NTM2OTgyNX0.6ZYGogZ8df2jeW-x-49K4wcOAM_vzUMlgWm0eGiP284', globalAdmin=false}

2025-12-10 15:31:00,721 DEBUG auth start, request: GET /nacos/v1/cs/configs

2025-12-10 15:31:00,722 DEBUG auth permission: Permission{resource='Resource{namespaceId='', group='', name='', type='config', properties={action=r}}', action='r'}, nacosUser: NacosUser{token='eyJhbGciOiJIUzI1NiJ9.eyJzdWIiOiJuYWNvcyIsImV4cCI6MTc2NTM2OTg2MH0.BKRSHdYRPA5brs-wZchqIO2Gl9u1OsNq7HLnzuB2z_A', globalAdmin=false}

2025-12-10 15:31:01,032 DEBUG auth start, request: PUT /nacos/v1/ns/instance/beat

2025-12-10 15:31:01,033 DEBUG auth permission: Permission{resource='Resource{namespaceId='seata', group='SEATA_GROUP', name='seata-server', type='naming', properties={action=w}}', action='w'}, nacosUser: NacosUser{token='eyJhbGciOiJIUzI1NiJ9.eyJzdWIiOiJuYWNvcyIsImV4cCI6MTc2NTM2OTgyNX0.6ZYGogZ8df2jeW-x-49K4wcOAM_vzUMlgWm0eGiP284', globalAdmin=false}

2025-12-10 15:31:03,630 DEBUG auth start, request: GET /nacos/v1/cs/history/configs

2025-12-10 15:31:03,635 DEBUG auth permission: Permission{resource='Resource{namespaceId='', group='', name='', type='config', properties={action=r}}', action='r'}, nacosUser: NacosUser{token='eyJhbGciOiJIUzI1NiJ9.eyJzdWIiOiJuYWNvcyIsImV4cCI6MTc2NTM2OTg2MH0.BKRSHdYRPA5brs-wZchqIO2Gl9u1OsNq7HLnzuB2z_A', globalAdmin=false}

2025-12-10 15:31:04,816 DEBUG auth start, request: GET /nacos/v1/cs/history/configs

2025-12-10 15:31:04,819 DEBUG auth permission: Permission{resource='Resource{namespaceId='', group='', name='', type='config', properties={action=r}}', action='r'}, nacosUser: NacosUser{token='eyJhbGciOiJIUzI1NiJ9.eyJzdWIiOiJuYWNvcyIsImV4cCI6MTc2NTM2OTg2MH0.BKRSHdYRPA5brs-wZchqIO2Gl9u1OsNq7HLnzuB2z_A', globalAdmin=false}

2025-12-10 15:31:05,618 DEBUG auth start, request: GET /nacos/v1/cs/configs

2025-12-10 15:31:05,619 DEBUG auth permission: Permission{resource='Resource{namespaceId='', group='', name='', type='config', properties={action=r}}', action='r'}, nacosUser: NacosUser{token='eyJhbGciOiJIUzI1NiJ9.eyJzdWIiOiJuYWNvcyIsImV4cCI6MTc2NTM2OTg2MH0.BKRSHdYRPA5brs-wZchqIO2Gl9u1OsNq7HLnzuB2z_A', globalAdmin=false}

2025-12-10 15:31:06,043 DEBUG auth start, request: PUT /nacos/v1/ns/instance/beat

2025-12-10 15:31:06,045 DEBUG auth permission: Permission{resource='Resource{namespaceId='seata', group='SEATA_GROUP', name='seata-server', type='naming', properties={action=w}}', action='w'}, nacosUser: NacosUser{token='eyJhbGciOiJIUzI1NiJ9.eyJzdWIiOiJuYWNvcyIsImV4cCI6MTc2NTM2OTgyNX0.6ZYGogZ8df2jeW-x-49K4wcOAM_vzUMlgWm0eGiP284', globalAdmin=false}

2025-12-10 15:31:07,340 DEBUG auth start, request: GET /nacos/v1/ns/catalog/services

2025-12-10 15:31:07,343 DEBUG auth permission: Permission{resource='Resource{namespaceId='', group='', name='', type='naming', properties={action=r}}', action='r'}, nacosUser: NacosUser{token='eyJhbGciOiJIUzI1NiJ9.eyJzdWIiOiJuYWNvcyIsImV4cCI6MTc2NTM2OTg2MH0.BKRSHdYRPA5brs-wZchqIO2Gl9u1OsNq7HLnzuB2z_A', globalAdmin=false}

2025-12-10 15:31:08,939 DEBUG auth start, request: GET /nacos/v1/ns/catalog/services

2025-12-10 15:31:08,940 DEBUG auth permission: Permission{resource='Resource{namespaceId='', group='', name='', type='naming', properties={action=r}}', action='r'}, nacosUser: NacosUser{token='eyJhbGciOiJIUzI1NiJ9.eyJzdWIiOiJuYWNvcyIsImV4cCI6MTc2NTM2OTg2MH0.BKRSHdYRPA5brs-wZchqIO2Gl9u1OsNq7HLnzuB2z_A', globalAdmin=false}

2025-12-10 15:31:10,895 DEBUG auth start, request: GET /nacos/v1/auth/roles

2025-12-10 15:31:10,896 DEBUG auth permission: Permission{resource='Resource{namespaceId='null', group='null', name='console/roles', type='specified', properties={}}', action='r'}, nacosUser: NacosUser{token='eyJhbGciOiJIUzI1NiJ9.eyJzdWIiOiJuYWNvcyIsImV4cCI6MTc2NTM2OTg2MH0.BKRSHdYRPA5brs-wZchqIO2Gl9u1OsNq7HLnzuB2z_A', globalAdmin=false}

2025-12-10 15:31:11,058 DEBUG auth start, request: PUT /nacos/v1/ns/instance/beat

2025-12-10 15:31:11,060 DEBUG auth permission: Permission{resource='Resource{namespaceId='seata', group='SEATA_GROUP', name='seata-server', type='naming', properties={action=w}}', action='w'}, nacosUser: NacosUser{token='eyJhbGciOiJIUzI1NiJ9.eyJzdWIiOiJuYWNvcyIsImV4cCI6MTc2NTM2OTgyNX0.6ZYGogZ8df2jeW-x-49K4wcOAM_vzUMlgWm0eGiP284', globalAdmin=false}

2025-12-10 15:31:11,503 DEBUG auth start, request: GET /nacos/v1/auth/permissions

2025-12-10 15:31:11,504 DEBUG auth permission: Permission{resource='Resource{namespaceId='null', group='null', name='console/permissions', type='specified', properties={}}', action='r'}, nacosUser: NacosUser{token='eyJhbGciOiJIUzI1NiJ9.eyJzdWIiOiJuYWNvcyIsImV4cCI6MTc2NTM2OTg2MH0.BKRSHdYRPA5brs-wZchqIO2Gl9u1OsNq7HLnzuB2z_A', globalAdmin=false}

2025-12-10 15:31:13,570 DEBUG auth start, request: GET /nacos/v1/ns/catalog/services

2025-12-10 15:31:13,571 DEBUG auth permission: Permission{resource='Resource{namespaceId='', group='', name='', type='naming', properties={action=r}}', action='r'}, nacosUser: NacosUser{token='eyJhbGciOiJIUzI1NiJ9.eyJzdWIiOiJuYWNvcyIsImV4cCI6MTc2NTM2OTg2MH0.BKRSHdYRPA5brs-wZchqIO2Gl9u1OsNq7HLnzuB2z_A', globalAdmin=false}

2025-12-10 15:31:14,874 DEBUG auth start, request: GET /nacos/v1/ns/catalog/services

2025-12-10 15:31:14,876 DEBUG auth permission: Permission{resource='Resource{namespaceId='', group='', name='', type='naming', properties={action=r}}', action='r'}, nacosUser: NacosUser{token='eyJhbGciOiJIUzI1NiJ9.eyJzdWIiOiJuYWNvcyIsImV4cCI6MTc2NTM2OTg2MH0.BKRSHdYRPA5brs-wZchqIO2Gl9u1OsNq7HLnzuB2z_A', globalAdmin=false}

2025-12-10 15:31:15,674 DEBUG auth start, request: GET /nacos/v1/ns/catalog/services

2025-12-10 15:31:15,676 DEBUG auth permission: Permission{resource='Resource{namespaceId='', group='', name='', type='naming', properties={action=r}}', action='r'}, nacosUser: NacosUser{token='eyJhbGciOiJIUzI1NiJ9.eyJzdWIiOiJuYWNvcyIsImV4cCI6MTc2NTM2OTg2MH0.BKRSHdYRPA5brs-wZchqIO2Gl9u1OsNq7HLnzuB2z_A', globalAdmin=false}

2025-12-10 15:31:16,072 DEBUG auth start, request: PUT /nacos/v1/ns/instance/beat

2025-12-10 15:31:16,073 DEBUG auth permission: Permission{resource='Resource{namespaceId='seata', group='SEATA_GROUP', name='seata-server', type='naming', properties={action=w}}', action='w'}, nacosUser: NacosUser{token='eyJhbGciOiJIUzI1NiJ9.eyJzdWIiOiJuYWNvcyIsImV4cCI6MTc2NTM2OTgyNX0.6ZYGogZ8df2jeW-x-49K4wcOAM_vzUMlgWm0eGiP284', globalAdmin=false}

2025-12-10 15:31:21,084 DEBUG auth start, request: PUT /nacos/v1/ns/instance/beat

2025-12-10 15:31:21,086 DEBUG auth permission: Permission{resource='Resource{namespaceId='seata', group='SEATA_GROUP', name='seata-server', type='naming', properties={action=w}}', action='w'}, nacosUser: NacosUser{token='eyJhbGciOiJIUzI1NiJ9.eyJzdWIiOiJuYWNvcyIsImV4cCI6MTc2NTM2OTgyNX0.6ZYGogZ8df2jeW-x-49K4wcOAM_vzUMlgWm0eGiP284', globalAdmin=false}

2025-12-10 15:31:26,100 DEBUG auth start, request: PUT /nacos/v1/ns/instance/beat

2025-12-10 15:31:26,101 DEBUG auth permission: Permission{resource='Resource{namespaceId='seata', group='SEATA_GROUP', name='seata-server', type='naming', properties={action=w}}', action='w'}, nacosUser: NacosUser{token='eyJhbGciOiJIUzI1NiJ9.eyJzdWIiOiJuYWNvcyIsImV4cCI6MTc2NTM2OTgyNX0.6ZYGogZ8df2jeW-x-49K4wcOAM_vzUMlgWm0eGiP284', globalAdmin=false}

2025-12-10 15:31:31,115 DEBUG auth start, request: PUT /nacos/v1/ns/instance/beat

2025-12-10 15:31:31,117 DEBUG auth permission: Permission{resource='Resource{namespaceId='seata', group='SEATA_GROUP', name='seata-server', type='naming', properties={action=w}}', action='w'}, nacosUser: NacosUser{token='eyJhbGciOiJIUzI1NiJ9.eyJzdWIiOiJuYWNvcyIsImV4cCI6MTc2NTM2OTgyNX0.6ZYGogZ8df2jeW-x-49K4wcOAM_vzUMlgWm0eGiP284', globalAdmin=false}

2025-12-10 15:31:36,131 DEBUG auth start, request: PUT /nacos/v1/ns/instance/beat

2025-12-10 15:31:36,131 DEBUG auth permission: Permission{resource='Resource{namespaceId='seata', group='SEATA_GROUP', name='seata-server', type='naming', properties={action=w}}', action='w'}, nacosUser: NacosUser{token='eyJhbGciOiJIUzI1NiJ9.eyJzdWIiOiJuYWNvcyIsImV4cCI6MTc2NTM2OTgyNX0.6ZYGogZ8df2jeW-x-49K4wcOAM_vzUMlgWm0eGiP284', globalAdmin=false}

2025-12-10 15:31:41,144 DEBUG auth start, request: PUT /nacos/v1/ns/instance/beat

2025-12-10 15:31:41,146 DEBUG auth permission: Permission{resource='Resource{namespaceId='seata', group='SEATA_GROUP', name='seata-server', type='naming', properties={action=w}}', action='w'}, nacosUser: NacosUser{token='eyJhbGciOiJIUzI1NiJ9.eyJzdWIiOiJuYWNvcyIsImV4cCI6MTc2NTM2OTgyNX0.6ZYGogZ8df2jeW-x-49K4wcOAM_vzUMlgWm0eGiP284', globalAdmin=false}

2025-12-10 15:31:46,159 DEBUG auth start, request: PUT /nacos/v1/ns/instance/beat

2025-12-10 15:31:46,160 DEBUG auth permission: Permission{resource='Resource{namespaceId='seata', group='SEATA_GROUP', name='seata-server', type='naming', properties={action=w}}', action='w'}, nacosUser: NacosUser{token='eyJhbGciOiJIUzI1NiJ9.eyJzdWIiOiJuYWNvcyIsImV4cCI6MTc2NTM2OTgyNX0.6ZYGogZ8df2jeW-x-49K4wcOAM_vzUMlgWm0eGiP284', globalAdmin=false}

2025-12-10 15:31:51,170 DEBUG auth start, request: PUT /nacos/v1/ns/instance/beat

2025-12-10 15:31:51,173 DEBUG auth permission: Permission{resource='Resource{namespaceId='seata', group='SEATA_GROUP', name='seata-server', type='naming', properties={action=w}}', action='w'}, nacosUser: NacosUser{token='eyJhbGciOiJIUzI1NiJ9.eyJzdWIiOiJuYWNvcyIsImV4cCI6MTc2NTM2OTgyNX0.6ZYGogZ8df2jeW-x-49K4wcOAM_vzUMlgWm0eGiP284', globalAdmin=false}

2025-12-10 15:31:56,183 DEBUG auth start, request: PUT /nacos/v1/ns/instance/beat

2025-12-10 15:31:56,184 DEBUG auth permission: Permission{resource='Resource{namespaceId='seata', group='SEATA_GROUP', name='seata-server', type='naming', properties={action=w}}', action='w'}, nacosUser: NacosUser{token='eyJhbGciOiJIUzI1NiJ9.eyJzdWIiOiJuYWNvcyIsImV4cCI6MTc2NTM2OTgyNX0.6ZYGogZ8df2jeW-x-49K4wcOAM_vzUMlgWm0eGiP284', globalAdmin=false}

2025-12-10 15:32:01,198 DEBUG auth start, request: PUT /nacos/v1/ns/instance/beat

2025-12-10 15:32:01,200 DEBUG auth permission: Permission{resource='Resource{namespaceId='seata', group='SEATA_GROUP', name='seata-server', type='naming', properties={action=w}}', action='w'}, nacosUser: NacosUser{token='eyJhbGciOiJIUzI1NiJ9.eyJzdWIiOiJuYWNvcyIsImV4cCI6MTc2NTM2OTgyNX0.6ZYGogZ8df2jeW-x-49K4wcOAM_vzUMlgWm0eGiP284', globalAdmin=false}

2025-12-10 15:32:06,213 DEBUG auth start, request: PUT /nacos/v1/ns/instance/beat

2025-12-10 15:32:06,215 DEBUG auth permission: Permission{resource='Resource{namespaceId='seata', group='SEATA_GROUP', name='seata-server', type='naming', properties={action=w}}', action='w'}, nacosUser: NacosUser{token='eyJhbGciOiJIUzI1NiJ9.eyJzdWIiOiJuYWNvcyIsImV4cCI6MTc2NTM2OTgyNX0.6ZYGogZ8df2jeW-x-49K4wcOAM_vzUMlgWm0eGiP284', globalAdmin=false}

2025-12-10 15:32:11,228 DEBUG auth start, request: PUT /nacos/v1/ns/instance/beat

2025-12-10 15:32:11,230 DEBUG auth permission: Permission{resource='Resource{namespaceId='seata', group='SEATA_GROUP', name='seata-server', type='naming', properties={action=w}}', action='w'}, nacosUser: NacosUser{token='eyJhbGciOiJIUzI1NiJ9.eyJzdWIiOiJuYWNvcyIsImV4cCI6MTc2NTM2OTgyNX0.6ZYGogZ8df2jeW-x-49K4wcOAM_vzUMlgWm0eGiP284', globalAdmin=false}

2025-12-10 15:32:16,244 DEBUG auth start, request: PUT /nacos/v1/ns/instance/beat

2025-12-10 15:32:16,245 DEBUG auth permission: Permission{resource='Resource{namespaceId='seata', group='SEATA_GROUP', name='seata-server', type='naming', properties={action=w}}', action='w'}, nacosUser: NacosUser{token='eyJhbGciOiJIUzI1NiJ9.eyJzdWIiOiJuYWNvcyIsImV4cCI6MTc2NTM2OTgyNX0.6ZYGogZ8df2jeW-x-49K4wcOAM_vzUMlgWm0eGiP284', globalAdmin=false}

2025-12-10 15:32:21,258 DEBUG auth start, request: PUT /nacos/v1/ns/instance/beat

2025-12-10 15:32:21,259 DEBUG auth permission: Permission{resource='Resource{namespaceId='seata', group='SEATA_GROUP', name='seata-server', type='naming', properties={action=w}}', action='w'}, nacosUser: NacosUser{token='eyJhbGciOiJIUzI1NiJ9.eyJzdWIiOiJuYWNvcyIsImV4cCI6MTc2NTM2OTgyNX0.6ZYGogZ8df2jeW-x-49K4wcOAM_vzUMlgWm0eGiP284', globalAdmin=false}

2025-12-10 15:32:26,271 DEBUG auth start, request: PUT /nacos/v1/ns/instance/beat

2025-12-10 15:32:26,273 DEBUG auth permission: Permission{resource='Resource{namespaceId='seata', group='SEATA_GROUP', name='seata-server', type='naming', properties={action=w}}', action='w'}, nacosUser: NacosUser{token='eyJhbGciOiJIUzI1NiJ9.eyJzdWIiOiJuYWNvcyIsImV4cCI6MTc2NTM2OTgyNX0.6ZYGogZ8df2jeW-x-49K4wcOAM_vzUMlgWm0eGiP284', globalAdmin=false}

2025-12-10 15:32:31,289 DEBUG auth start, request: PUT /nacos/v1/ns/instance/beat

2025-12-10 15:32:31,292 DEBUG auth permission: Permission{resource='Resource{namespaceId='seata', group='SEATA_GROUP', name='seata-server', type='naming', properties={action=w}}', action='w'}, nacosUser: NacosUser{token='eyJhbGciOiJIUzI1NiJ9.eyJzdWIiOiJuYWNvcyIsImV4cCI6MTc2NTM2OTgyNX0.6ZYGogZ8df2jeW-x-49K4wcOAM_vzUMlgWm0eGiP284', globalAdmin=false}

2025-12-10 15:32:36,305 DEBUG auth start, request: PUT /nacos/v1/ns/instance/beat

2025-12-10 15:32:36,306 DEBUG auth permission: Permission{resource='Resource{namespaceId='seata', group='SEATA_GROUP', name='seata-server', type='naming', properties={action=w}}', action='w'}, nacosUser: NacosUser{token='eyJhbGciOiJIUzI1NiJ9.eyJzdWIiOiJuYWNvcyIsImV4cCI6MTc2NTM2OTgyNX0.6ZYGogZ8df2jeW-x-49K4wcOAM_vzUMlgWm0eGiP284', globalAdmin=false}

2025-12-10 15:32:41,315 DEBUG auth start, request: PUT /nacos/v1/ns/instance/beat

2025-12-10 15:32:41,319 DEBUG auth permission: Permission{resource='Resource{namespaceId='seata', group='SEATA_GROUP', name='seata-server', type='naming', properties={action=w}}', action='w'}, nacosUser: NacosUser{token='eyJhbGciOiJIUzI1NiJ9.eyJzdWIiOiJuYWNvcyIsImV4cCI6MTc2NTM2OTgyNX0.6ZYGogZ8df2jeW-x-49K4wcOAM_vzUMlgWm0eGiP284', globalAdmin=false}

2025-12-10 15:32:46,329 DEBUG auth start, request: PUT /nacos/v1/ns/instance/beat

2025-12-10 15:32:46,330 DEBUG auth permission: Permission{resource='Resource{namespaceId='seata', group='SEATA_GROUP', name='seata-server', type='naming', properties={action=w}}', action='w'}, nacosUser: NacosUser{token='eyJhbGciOiJIUzI1NiJ9.eyJzdWIiOiJuYWNvcyIsImV4cCI6MTc2NTM2OTgyNX0.6ZYGogZ8df2jeW-x-49K4wcOAM_vzUMlgWm0eGiP284', globalAdmin=false}

2025-12-10 15:32:51,340 DEBUG auth start, request: PUT /nacos/v1/ns/instance/beat

2025-12-10 15:32:51,341 DEBUG auth permission: Permission{resource='Resource{namespaceId='seata', group='SEATA_GROUP', name='seata-server', type='naming', properties={action=w}}', action='w'}, nacosUser: NacosUser{token='eyJhbGciOiJIUzI1NiJ9.eyJzdWIiOiJuYWNvcyIsImV4cCI6MTc2NTM2OTgyNX0.6ZYGogZ8df2jeW-x-49K4wcOAM_vzUMlgWm0eGiP284', globalAdmin=false}

2025-12-10 15:32:56,351 DEBUG auth start, request: PUT /nacos/v1/ns/instance/beat

2025-12-10 15:32:56,352 DEBUG auth permission: Permission{resource='Resource{namespaceId='seata', group='SEATA_GROUP', name='seata-server', type='naming', properties={action=w}}', action='w'}, nacosUser: NacosUser{token='eyJhbGciOiJIUzI1NiJ9.eyJzdWIiOiJuYWNvcyIsImV4cCI6MTc2NTM2OTgyNX0.6ZYGogZ8df2jeW-x-49K4wcOAM_vzUMlgWm0eGiP284', globalAdmin=false}

2025-12-10 15:33:01,360 DEBUG auth start, request: PUT /nacos/v1/ns/instance/beat

2025-12-10 15:33:01,361 DEBUG auth permission: Permission{resource='Resource{namespaceId='seata', group='SEATA_GROUP', name='seata-server', type='naming', properties={action=w}}', action='w'}, nacosUser: NacosUser{token='eyJhbGciOiJIUzI1NiJ9.eyJzdWIiOiJuYWNvcyIsImV4cCI6MTc2NTM2OTgyNX0.6ZYGogZ8df2jeW-x-49K4wcOAM_vzUMlgWm0eGiP284', globalAdmin=false}

2025-12-10 15:33:06,371 DEBUG auth start, request: PUT /nacos/v1/ns/instance/beat

2025-12-10 15:33:06,373 DEBUG auth permission: Permission{resource='Resource{namespaceId='seata', group='SEATA_GROUP', name='seata-server', type='naming', properties={action=w}}', action='w'}, nacosUser: NacosUser{token='eyJhbGciOiJIUzI1NiJ9.eyJzdWIiOiJuYWNvcyIsImV4cCI6MTc2NTM2OTgyNX0.6ZYGogZ8df2jeW-x-49K4wcOAM_vzUMlgWm0eGiP284', globalAdmin=false}

2025-12-10 15:33:11,384 DEBUG auth start, request: PUT /nacos/v1/ns/instance/beat

2025-12-10 15:33:11,385 DEBUG auth permission: Permission{resource='Resource{namespaceId='seata', group='SEATA_GROUP', name='seata-server', type='naming', properties={action=w}}', action='w'}, nacosUser: NacosUser{token='eyJhbGciOiJIUzI1NiJ9.eyJzdWIiOiJuYWNvcyIsImV4cCI6MTc2NTM2OTgyNX0.6ZYGogZ8df2jeW-x-49K4wcOAM_vzUMlgWm0eGiP284', globalAdmin=false}

2025-12-10 15:33:16,394 DEBUG auth start, request: PUT /nacos/v1/ns/instance/beat

2025-12-10 15:33:16,396 DEBUG auth permission: Permission{resource='Resource{namespaceId='seata', group='SEATA_GROUP', name='seata-server', type='naming', properties={action=w}}', action='w'}, nacosUser: NacosUser{token='eyJhbGciOiJIUzI1NiJ9.eyJzdWIiOiJuYWNvcyIsImV4cCI6MTc2NTM2OTgyNX0.6ZYGogZ8df2jeW-x-49K4wcOAM_vzUMlgWm0eGiP284', globalAdmin=false}

2025-12-10 15:33:21,404 DEBUG auth start, request: PUT /nacos/v1/ns/instance/beat

2025-12-10 15:33:21,406 DEBUG auth permission: Permission{resource='Resource{namespaceId='seata', group='SEATA_GROUP', name='seata-server', type='naming', properties={action=w}}', action='w'}, nacosUser: NacosUser{token='eyJhbGciOiJIUzI1NiJ9.eyJzdWIiOiJuYWNvcyIsImV4cCI6MTc2NTM2OTgyNX0.6ZYGogZ8df2jeW-x-49K4wcOAM_vzUMlgWm0eGiP284', globalAdmin=false}

2025-12-10 15:33:26,414 DEBUG auth start, request: PUT /nacos/v1/ns/instance/beat

2025-12-10 15:33:26,417 DEBUG auth permission: Permission{resource='Resource{namespaceId='seata', group='SEATA_GROUP', name='seata-server', type='naming', properties={action=w}}', action='w'}, nacosUser: NacosUser{token='eyJhbGciOiJIUzI1NiJ9.eyJzdWIiOiJuYWNvcyIsImV4cCI6MTc2NTM2OTgyNX0.6ZYGogZ8df2jeW-x-49K4wcOAM_vzUMlgWm0eGiP284', globalAdmin=false}

2025-12-10 15:33:31,426 DEBUG auth start, request: PUT /nacos/v1/ns/instance/beat

2025-12-10 15:33:31,427 DEBUG auth permission: Permission{resource='Resource{namespaceId='seata', group='SEATA_GROUP', name='seata-server', type='naming', properties={action=w}}', action='w'}, nacosUser: NacosUser{token='eyJhbGciOiJIUzI1NiJ9.eyJzdWIiOiJuYWNvcyIsImV4cCI6MTc2NTM2OTgyNX0.6ZYGogZ8df2jeW-x-49K4wcOAM_vzUMlgWm0eGiP284', globalAdmin=false}

2025-12-10 15:33:36,436 DEBUG auth start, request: PUT /nacos/v1/ns/instance/beat

2025-12-10 15:33:36,439 DEBUG auth permission: Permission{resource='Resource{namespaceId='seata', group='SEATA_GROUP', name='seata-server', type='naming', properties={action=w}}', action='w'}, nacosUser: NacosUser{token='eyJhbGciOiJIUzI1NiJ9.eyJzdWIiOiJuYWNvcyIsImV4cCI6MTc2NTM2OTgyNX0.6ZYGogZ8df2jeW-x-49K4wcOAM_vzUMlgWm0eGiP284', globalAdmin=false}

2025-12-10 15:33:41,454 DEBUG auth start, request: PUT /nacos/v1/ns/instance/beat

2025-12-10 15:33:41,455 DEBUG auth permission: Permission{resource='Resource{namespaceId='seata', group='SEATA_GROUP', name='seata-server', type='naming', properties={action=w}}', action='w'}, nacosUser: NacosUser{token='eyJhbGciOiJIUzI1NiJ9.eyJzdWIiOiJuYWNvcyIsImV4cCI6MTc2NTM2OTgyNX0.6ZYGogZ8df2jeW-x-49K4wcOAM_vzUMlgWm0eGiP284', globalAdmin=false}

2025-12-10 15:33:46,464 DEBUG auth start, request: PUT /nacos/v1/ns/instance/beat

2025-12-10 15:33:46,466 DEBUG auth permission: Permission{resource='Resource{namespaceId='seata', group='SEATA_GROUP', name='seata-server', type='naming', properties={action=w}}', action='w'}, nacosUser: NacosUser{token='eyJhbGciOiJIUzI1NiJ9.eyJzdWIiOiJuYWNvcyIsImV4cCI6MTc2NTM2OTgyNX0.6ZYGogZ8df2jeW-x-49K4wcOAM_vzUMlgWm0eGiP284', globalAdmin=false}

2025-12-10 15:33:51,475 DEBUG auth start, request: PUT /nacos/v1/ns/instance/beat

2025-12-10 15:33:51,476 DEBUG auth permission: Permission{resource='Resource{namespaceId='seata', group='SEATA_GROUP', name='seata-server', type='naming', properties={action=w}}', action='w'}, nacosUser: NacosUser{token='eyJhbGciOiJIUzI1NiJ9.eyJzdWIiOiJuYWNvcyIsImV4cCI6MTc2NTM2OTgyNX0.6ZYGogZ8df2jeW-x-49K4wcOAM_vzUMlgWm0eGiP284', globalAdmin=false}

2025-12-10 15:33:56,486 DEBUG auth start, request: PUT /nacos/v1/ns/instance/beat

2025-12-10 15:33:56,488 DEBUG auth permission: Permission{resource='Resource{namespaceId='seata', group='SEATA_GROUP', name='seata-server', type='naming', properties={action=w}}', action='w'}, nacosUser: NacosUser{token='eyJhbGciOiJIUzI1NiJ9.eyJzdWIiOiJuYWNvcyIsImV4cCI6MTc2NTM2OTgyNX0.6ZYGogZ8df2jeW-x-49K4wcOAM_vzUMlgWm0eGiP284', globalAdmin=false}

2025-12-10 15:34:01,496 DEBUG auth start, request: PUT /nacos/v1/ns/instance/beat

2025-12-10 15:34:01,497 DEBUG auth permission: Permission{resource='Resource{namespaceId='seata', group='SEATA_GROUP', name='seata-server', type='naming', properties={action=w}}', action='w'}, nacosUser: NacosUser{token='eyJhbGciOiJIUzI1NiJ9.eyJzdWIiOiJuYWNvcyIsImV4cCI6MTc2NTM2OTgyNX0.6ZYGogZ8df2jeW-x-49K4wcOAM_vzUMlgWm0eGiP284', globalAdmin=false}

2025-12-10 15:34:06,506 DEBUG auth start, request: PUT /nacos/v1/ns/instance/beat

2025-12-10 15:34:06,507 DEBUG auth permission: Permission{resource='Resource{namespaceId='seata', group='SEATA_GROUP', name='seata-server', type='naming', properties={action=w}}', action='w'}, nacosUser: NacosUser{token='eyJhbGciOiJIUzI1NiJ9.eyJzdWIiOiJuYWNvcyIsImV4cCI6MTc2NTM2OTgyNX0.6ZYGogZ8df2jeW-x-49K4wcOAM_vzUMlgWm0eGiP284', globalAdmin=false}

2025-12-10 15:34:11,514 DEBUG auth start, request: PUT /nacos/v1/ns/instance/beat

2025-12-10 15:34:11,515 DEBUG auth permission: Permission{resource='Resource{namespaceId='seata', group='SEATA_GROUP', name='seata-server', type='naming', properties={action=w}}', action='w'}, nacosUser: NacosUser{token='eyJhbGciOiJIUzI1NiJ9.eyJzdWIiOiJuYWNvcyIsImV4cCI6MTc2NTM2OTgyNX0.6ZYGogZ8df2jeW-x-49K4wcOAM_vzUMlgWm0eGiP284', globalAdmin=false}

2025-12-10 15:34:16,525 DEBUG auth start, request: PUT /nacos/v1/ns/instance/beat

2025-12-10 15:34:16,527 DEBUG auth permission: Permission{resource='Resource{namespaceId='seata', group='SEATA_GROUP', name='seata-server', type='naming', properties={action=w}}', action='w'}, nacosUser: NacosUser{token='eyJhbGciOiJIUzI1NiJ9.eyJzdWIiOiJuYWNvcyIsImV4cCI6MTc2NTM2OTgyNX0.6ZYGogZ8df2jeW-x-49K4wcOAM_vzUMlgWm0eGiP284', globalAdmin=false}

2025-12-10 15:34:21,537 DEBUG auth start, request: PUT /nacos/v1/ns/instance/beat

2025-12-10 15:34:21,539 DEBUG auth permission: Permission{resource='Resource{namespaceId='seata', group='SEATA_GROUP', name='seata-server', type='naming', properties={action=w}}', action='w'}, nacosUser: NacosUser{token='eyJhbGciOiJIUzI1NiJ9.eyJzdWIiOiJuYWNvcyIsImV4cCI6MTc2NTM2OTgyNX0.6ZYGogZ8df2jeW-x-49K4wcOAM_vzUMlgWm0eGiP284', globalAdmin=false}

2025-12-10 15:34:26,548 DEBUG auth start, request: PUT /nacos/v1/ns/instance/beat

2025-12-10 15:34:26,549 DEBUG auth permission: Permission{resource='Resource{namespaceId='seata', group='SEATA_GROUP', name='seata-server', type='naming', properties={action=w}}', action='w'}, nacosUser: NacosUser{token='eyJhbGciOiJIUzI1NiJ9.eyJzdWIiOiJuYWNvcyIsImV4cCI6MTc2NTM2OTgyNX0.6ZYGogZ8df2jeW-x-49K4wcOAM_vzUMlgWm0eGiP284', globalAdmin=false}

2025-12-10 15:34:31,560 DEBUG auth start, request: PUT /nacos/v1/ns/instance/beat

2025-12-10 15:34:31,561 DEBUG auth permission: Permission{resource='Resource{namespaceId='seata', group='SEATA_GROUP', name='seata-server', type='naming', properties={action=w}}', action='w'}, nacosUser: NacosUser{token='eyJhbGciOiJIUzI1NiJ9.eyJzdWIiOiJuYWNvcyIsImV4cCI6MTc2NTM2OTgyNX0.6ZYGogZ8df2jeW-x-49K4wcOAM_vzUMlgWm0eGiP284', globalAdmin=false}

2025-12-10 15:34:36,570 DEBUG auth start, request: PUT /nacos/v1/ns/instance/beat

2025-12-10 15:34:36,571 DEBUG auth permission: Permission{resource='Resource{namespaceId='seata', group='SEATA_GROUP', name='seata-server', type='naming', properties={action=w}}', action='w'}, nacosUser: NacosUser{token='eyJhbGciOiJIUzI1NiJ9.eyJzdWIiOiJuYWNvcyIsImV4cCI6MTc2NTM2OTgyNX0.6ZYGogZ8df2jeW-x-49K4wcOAM_vzUMlgWm0eGiP284', globalAdmin=false}

2025-12-10 15:34:41,581 DEBUG auth start, request: PUT /nacos/v1/ns/instance/beat

2025-12-10 15:34:41,583 DEBUG auth permission: Permission{resource='Resource{namespaceId='seata', group='SEATA_GROUP', name='seata-server', type='naming', properties={action=w}}', action='w'}, nacosUser: NacosUser{token='eyJhbGciOiJIUzI1NiJ9.eyJzdWIiOiJuYWNvcyIsImV4cCI6MTc2NTM2OTgyNX0.6ZYGogZ8df2jeW-x-49K4wcOAM_vzUMlgWm0eGiP284', globalAdmin=false}

2025-12-10 15:34:46,595 DEBUG auth start, request: PUT /nacos/v1/ns/instance/beat

2025-12-10 15:34:46,596 DEBUG auth permission: Permission{resource='Resource{namespaceId='seata', group='SEATA_GROUP', name='seata-server', type='naming', properties={action=w}}', action='w'}, nacosUser: NacosUser{token='eyJhbGciOiJIUzI1NiJ9.eyJzdWIiOiJuYWNvcyIsImV4cCI6MTc2NTM2OTgyNX0.6ZYGogZ8df2jeW-x-49K4wcOAM_vzUMlgWm0eGiP284', globalAdmin=false}

2025-12-10 15:34:51,610 DEBUG auth start, request: PUT /nacos/v1/ns/instance/beat

2025-12-10 15:34:51,612 DEBUG auth permission: Permission{resource='Resource{namespaceId='seata', group='SEATA_GROUP', name='seata-server', type='naming', properties={action=w}}', action='w'}, nacosUser: NacosUser{token='eyJhbGciOiJIUzI1NiJ9.eyJzdWIiOiJuYWNvcyIsImV4cCI6MTc2NTM2OTgyNX0.6ZYGogZ8df2jeW-x-49K4wcOAM_vzUMlgWm0eGiP284', globalAdmin=false}

2025-12-10 15:34:56,626 DEBUG auth start, request: PUT /nacos/v1/ns/instance/beat

2025-12-10 15:34:56,627 DEBUG auth permission: Permission{resource='Resource{namespaceId='seata', group='SEATA_GROUP', name='seata-server', type='naming', properties={action=w}}', action='w'}, nacosUser: NacosUser{token='eyJhbGciOiJIUzI1NiJ9.eyJzdWIiOiJuYWNvcyIsImV4cCI6MTc2NTM2OTgyNX0.6ZYGogZ8df2jeW-x-49K4wcOAM_vzUMlgWm0eGiP284', globalAdmin=false}

2025-12-10 15:35:01,638 DEBUG auth start, request: PUT /nacos/v1/ns/instance/beat

2025-12-10 15:35:01,640 DEBUG auth permission: Permission{resource='Resource{namespaceId='seata', group='SEATA_GROUP', name='seata-server', type='naming', properties={action=w}}', action='w'}, nacosUser: NacosUser{token='eyJhbGciOiJIUzI1NiJ9.eyJzdWIiOiJuYWNvcyIsImV4cCI6MTc2NTM2OTgyNX0.6ZYGogZ8df2jeW-x-49K4wcOAM_vzUMlgWm0eGiP284', globalAdmin=false}

2025-12-10 15:35:06,653 DEBUG auth start, request: PUT /nacos/v1/ns/instance/beat

2025-12-10 15:35:06,655 DEBUG auth permission: Permission{resource='Resource{namespaceId='seata', group='SEATA_GROUP', name='seata-server', type='naming', properties={action=w}}', action='w'}, nacosUser: NacosUser{token='eyJhbGciOiJIUzI1NiJ9.eyJzdWIiOiJuYWNvcyIsImV4cCI6MTc2NTM2OTgyNX0.6ZYGogZ8df2jeW-x-49K4wcOAM_vzUMlgWm0eGiP284', globalAdmin=false}

2025-12-10 15:35:11,669 DEBUG auth start, request: PUT /nacos/v1/ns/instance/beat

2025-12-10 15:35:11,671 DEBUG auth permission: Permission{resource='Resource{namespaceId='seata', group='SEATA_GROUP', name='seata-server', type='naming', properties={action=w}}', action='w'}, nacosUser: NacosUser{token='eyJhbGciOiJIUzI1NiJ9.eyJzdWIiOiJuYWNvcyIsImV4cCI6MTc2NTM2OTgyNX0.6ZYGogZ8df2jeW-x-49K4wcOAM_vzUMlgWm0eGiP284', globalAdmin=false}

2025-12-10 15:35:16,686 DEBUG auth start, request: PUT /nacos/v1/ns/instance/beat

2025-12-10 15:35:16,688 DEBUG auth permission: Permission{resource='Resource{namespaceId='seata', group='SEATA_GROUP', name='seata-server', type='naming', properties={action=w}}', action='w'}, nacosUser: NacosUser{token='eyJhbGciOiJIUzI1NiJ9.eyJzdWIiOiJuYWNvcyIsImV4cCI6MTc2NTM2OTgyNX0.6ZYGogZ8df2jeW-x-49K4wcOAM_vzUMlgWm0eGiP284', globalAdmin=false}

2025-12-10 15:35:21,705 DEBUG auth start, request: PUT /nacos/v1/ns/instance/beat

2025-12-10 15:35:21,707 DEBUG auth permission: Permission{resource='Resource{namespaceId='seata', group='SEATA_GROUP', name='seata-server', type='naming', properties={action=w}}', action='w'}, nacosUser: NacosUser{token='eyJhbGciOiJIUzI1NiJ9.eyJzdWIiOiJuYWNvcyIsImV4cCI6MTc2NTM2OTgyNX0.6ZYGogZ8df2jeW-x-49K4wcOAM_vzUMlgWm0eGiP284', globalAdmin=false}

2025-12-10 15:35:26,722 DEBUG auth start, request: PUT /nacos/v1/ns/instance/beat

2025-12-10 15:35:26,723 DEBUG auth permission: Permission{resource='Resource{namespaceId='seata', group='SEATA_GROUP', name='seata-server', type='naming', properties={action=w}}', action='w'}, nacosUser: NacosUser{token='eyJhbGciOiJIUzI1NiJ9.eyJzdWIiOiJuYWNvcyIsImV4cCI6MTc2NTM2OTgyNX0.6ZYGogZ8df2jeW-x-49K4wcOAM_vzUMlgWm0eGiP284', globalAdmin=false}

2025-12-10 15:35:29,989 DEBUG auth start, request: POST /nacos/v1/console/namespaces

2025-12-10 15:35:29,991 DEBUG auth permission: Permission{resource='Resource{namespaceId='null', group='null', name='console/namespaces', type='specified', properties={}}', action='w'}, nacosUser: NacosUser{token='eyJhbGciOiJIUzI1NiJ9.eyJzdWIiOiJuYWNvcyIsImV4cCI6MTc2NTM2OTg2MH0.BKRSHdYRPA5brs-wZchqIO2Gl9u1OsNq7HLnzuB2z_A', globalAdmin=false}

2025-12-10 15:35:31,732 DEBUG auth start, request: PUT /nacos/v1/ns/instance/beat

2025-12-10 15:35:31,733 DEBUG auth permission: Permission{resource='Resource{namespaceId='seata', group='SEATA_GROUP', name='seata-server', type='naming', properties={action=w}}', action='w'}, nacosUser: NacosUser{token='eyJhbGciOiJIUzI1NiJ9.eyJzdWIiOiJuYWNvcyIsImV4cCI6MTc2NTM2OTgyNX0.6ZYGogZ8df2jeW-x-49K4wcOAM_vzUMlgWm0eGiP284', globalAdmin=false}

2025-12-10 15:35:35,422 DEBUG auth start, request: GET /nacos/v1/cs/configs

2025-12-10 15:35:35,432 DEBUG auth permission: Permission{resource='Resource{namespaceId='', group='', name='', type='config', properties={action=r}}', action='r'}, nacosUser: NacosUser{token='eyJhbGciOiJIUzI1NiJ9.eyJzdWIiOiJuYWNvcyIsImV4cCI6MTc2NTM2OTg2MH0.BKRSHdYRPA5brs-wZchqIO2Gl9u1OsNq7HLnzuB2z_A', globalAdmin=false}

2025-12-10 15:35:36,591 DEBUG auth start, request: GET /nacos/v1/cs/configs

2025-12-10 15:35:36,592 DEBUG auth permission: Permission{resource='Resource{namespaceId='seata', group='', name='', type='config', properties={action=r}}', action='r'}, nacosUser: NacosUser{token='eyJhbGciOiJIUzI1NiJ9.eyJzdWIiOiJuYWNvcyIsImV4cCI6MTc2NTM2OTg2MH0.BKRSHdYRPA5brs-wZchqIO2Gl9u1OsNq7HLnzuB2z_A', globalAdmin=false}

2025-12-10 15:35:36,745 DEBUG auth start, request: PUT /nacos/v1/ns/instance/beat

2025-12-10 15:35:36,745 DEBUG auth permission: Permission{resource='Resource{namespaceId='seata', group='SEATA_GROUP', name='seata-server', type='naming', properties={action=w}}', action='w'}, nacosUser: NacosUser{token='eyJhbGciOiJIUzI1NiJ9.eyJzdWIiOiJuYWNvcyIsImV4cCI6MTc2NTM2OTgyNX0.6ZYGogZ8df2jeW-x-49K4wcOAM_vzUMlgWm0eGiP284', globalAdmin=false}

2025-12-10 15:35:41,752 DEBUG auth start, request: PUT /nacos/v1/ns/instance/beat

2025-12-10 15:35:41,753 DEBUG auth permission: Permission{resource='Resource{namespaceId='seata', group='SEATA_GROUP', name='seata-server', type='naming', properties={action=w}}', action='w'}, nacosUser: NacosUser{token='eyJhbGciOiJIUzI1NiJ9.eyJzdWIiOiJuYWNvcyIsImV4cCI6MTc2NTM2OTgyNX0.6ZYGogZ8df2jeW-x-49K4wcOAM_vzUMlgWm0eGiP284', globalAdmin=false}

2025-12-10 15:35:46,766 DEBUG auth start, request: PUT /nacos/v1/ns/instance/beat

2025-12-10 15:35:46,767 DEBUG auth permission: Permission{resource='Resource{namespaceId='seata', group='SEATA_GROUP', name='seata-server', type='naming', properties={action=w}}', action='w'}, nacosUser: NacosUser{token='eyJhbGciOiJIUzI1NiJ9.eyJzdWIiOiJuYWNvcyIsImV4cCI6MTc2NTM2OTgyNX0.6ZYGogZ8df2jeW-x-49K4wcOAM_vzUMlgWm0eGiP284', globalAdmin=false}

2025-12-10 15:35:51,781 DEBUG auth start, request: PUT /nacos/v1/ns/instance/beat

2025-12-10 15:35:51,783 DEBUG auth permission: Permission{resource='Resource{namespaceId='seata', group='SEATA_GROUP', name='seata-server', type='naming', properties={action=w}}', action='w'}, nacosUser: NacosUser{token='eyJhbGciOiJIUzI1NiJ9.eyJzdWIiOiJuYWNvcyIsImV4cCI6MTc2NTM2OTgyNX0.6ZYGogZ8df2jeW-x-49K4wcOAM_vzUMlgWm0eGiP284', globalAdmin=false}

2025-12-10 15:35:56,794 DEBUG auth start, request: PUT /nacos/v1/ns/instance/beat

2025-12-10 15:35:56,795 DEBUG auth permission: Permission{resource='Resource{namespaceId='seata', group='SEATA_GROUP', name='seata-server', type='naming', properties={action=w}}', action='w'}, nacosUser: NacosUser{token='eyJhbGciOiJIUzI1NiJ9.eyJzdWIiOiJuYWNvcyIsImV4cCI6MTc2NTM2OTgyNX0.6ZYGogZ8df2jeW-x-49K4wcOAM_vzUMlgWm0eGiP284', globalAdmin=false}

2025-12-10 15:36:01,809 DEBUG auth start, request: PUT /nacos/v1/ns/instance/beat

2025-12-10 15:36:01,811 DEBUG auth permission: Permission{resource='Resource{namespaceId='seata', group='SEATA_GROUP', name='seata-server', type='naming', properties={action=w}}', action='w'}, nacosUser: NacosUser{token='eyJhbGciOiJIUzI1NiJ9.eyJzdWIiOiJuYWNvcyIsImV4cCI6MTc2NTM2OTgyNX0.6ZYGogZ8df2jeW-x-49K4wcOAM_vzUMlgWm0eGiP284', globalAdmin=false}

2025-12-10 15:36:06,821 DEBUG auth start, request: PUT /nacos/v1/ns/instance/beat

2025-12-10 15:36:06,823 DEBUG auth permission: Permission{resource='Resource{namespaceId='seata', group='SEATA_GROUP', name='seata-server', type='naming', properties={action=w}}', action='w'}, nacosUser: NacosUser{token='eyJhbGciOiJIUzI1NiJ9.eyJzdWIiOiJuYWNvcyIsImV4cCI6MTc2NTM2OTgyNX0.6ZYGogZ8df2jeW-x-49K4wcOAM_vzUMlgWm0eGiP284', globalAdmin=false}

2025-12-10 15:36:11,835 DEBUG auth start, request: PUT /nacos/v1/ns/instance/beat

2025-12-10 15:36:11,837 DEBUG auth permission: Permission{resource='Resource{namespaceId='seata', group='SEATA_GROUP', name='seata-server', type='naming', properties={action=w}}', action='w'}, nacosUser: NacosUser{token='eyJhbGciOiJIUzI1NiJ9.eyJzdWIiOiJuYWNvcyIsImV4cCI6MTc2NTM2OTgyNX0.6ZYGogZ8df2jeW-x-49K4wcOAM_vzUMlgWm0eGiP284', globalAdmin=false}

2025-12-10 15:36:16,848 DEBUG auth start, request: PUT /nacos/v1/ns/instance/beat

2025-12-10 15:36:16,850 DEBUG auth permission: Permission{resource='Resource{namespaceId='seata', group='SEATA_GROUP', name='seata-server', type='naming', properties={action=w}}', action='w'}, nacosUser: NacosUser{token='eyJhbGciOiJIUzI1NiJ9.eyJzdWIiOiJuYWNvcyIsImV4cCI6MTc2NTM2OTgyNX0.6ZYGogZ8df2jeW-x-49K4wcOAM_vzUMlgWm0eGiP284', globalAdmin=false}

2025-12-10 15:36:21,859 DEBUG auth start, request: PUT /nacos/v1/ns/instance/beat

2025-12-10 15:36:21,859 DEBUG auth permission: Permission{resource='Resource{namespaceId='seata', group='SEATA_GROUP', name='seata-server', type='naming', properties={action=w}}', action='w'}, nacosUser: NacosUser{token='eyJhbGciOiJIUzI1NiJ9.eyJzdWIiOiJuYWNvcyIsImV4cCI6MTc2NTM2OTgyNX0.6ZYGogZ8df2jeW-x-49K4wcOAM_vzUMlgWm0eGiP284', globalAdmin=false}

2025-12-10 15:36:26,868 DEBUG auth start, request: PUT /nacos/v1/ns/instance/beat

2025-12-10 15:36:26,869 DEBUG auth permission: Permission{resource='Resource{namespaceId='seata', group='SEATA_GROUP', name='seata-server', type='naming', properties={action=w}}', action='w'}, nacosUser: NacosUser{token='eyJhbGciOiJIUzI1NiJ9.eyJzdWIiOiJuYWNvcyIsImV4cCI6MTc2NTM2OTgyNX0.6ZYGogZ8df2jeW-x-49K4wcOAM_vzUMlgWm0eGiP284', globalAdmin=false}

2025-12-10 15:36:31,878 DEBUG auth start, request: PUT /nacos/v1/ns/instance/beat

2025-12-10 15:36:31,878 DEBUG auth permission: Permission{resource='Resource{namespaceId='seata', group='SEATA_GROUP', name='seata-server', type='naming', properties={action=w}}', action='w'}, nacosUser: NacosUser{token='eyJhbGciOiJIUzI1NiJ9.eyJzdWIiOiJuYWNvcyIsImV4cCI6MTc2NTM2OTgyNX0.6ZYGogZ8df2jeW-x-49K4wcOAM_vzUMlgWm0eGiP284', globalAdmin=false}

2025-12-10 15:36:36,890 DEBUG auth start, request: PUT /nacos/v1/ns/instance/beat

2025-12-10 15:36:36,891 DEBUG auth permission: Permission{resource='Resource{namespaceId='seata', group='SEATA_GROUP', name='seata-server', type='naming', properties={action=w}}', action='w'}, nacosUser: NacosUser{token='eyJhbGciOiJIUzI1NiJ9.eyJzdWIiOiJuYWNvcyIsImV4cCI6MTc2NTM2OTgyNX0.6ZYGogZ8df2jeW-x-49K4wcOAM_vzUMlgWm0eGiP284', globalAdmin=false}

2025-12-10 15:36:41,908 DEBUG auth start, request: PUT /nacos/v1/ns/instance/beat

2025-12-10 15:36:41,908 DEBUG auth permission: Permission{resource='Resource{namespaceId='seata', group='SEATA_GROUP', name='seata-server', type='naming', properties={action=w}}', action='w'}, nacosUser: NacosUser{token='eyJhbGciOiJIUzI1NiJ9.eyJzdWIiOiJuYWNvcyIsImV4cCI6MTc2NTM2OTgyNX0.6ZYGogZ8df2jeW-x-49K4wcOAM_vzUMlgWm0eGiP284', globalAdmin=false}

2025-12-10 15:36:46,921 DEBUG auth start, request: PUT /nacos/v1/ns/instance/beat

2025-12-10 15:36:46,923 DEBUG auth permission: Permission{resource='Resource{namespaceId='seata', group='SEATA_GROUP', name='seata-server', type='naming', properties={action=w}}', action='w'}, nacosUser: NacosUser{token='eyJhbGciOiJIUzI1NiJ9.eyJzdWIiOiJuYWNvcyIsImV4cCI6MTc2NTM2OTgyNX0.6ZYGogZ8df2jeW-x-49K4wcOAM_vzUMlgWm0eGiP284', globalAdmin=false}

2025-12-10 15:36:51,937 DEBUG auth start, request: PUT /nacos/v1/ns/instance/beat

2025-12-10 15:36:51,939 DEBUG auth permission: Permission{resource='Resource{namespaceId='seata', group='SEATA_GROUP', name='seata-server', type='naming', properties={action=w}}', action='w'}, nacosUser: NacosUser{token='eyJhbGciOiJIUzI1NiJ9.eyJzdWIiOiJuYWNvcyIsImV4cCI6MTc2NTM2OTgyNX0.6ZYGogZ8df2jeW-x-49K4wcOAM_vzUMlgWm0eGiP284', globalAdmin=false}

2025-12-10 15:36:56,953 DEBUG auth start, request: PUT /nacos/v1/ns/instance/beat

2025-12-10 15:36:56,956 DEBUG auth permission: Permission{resource='Resource{namespaceId='seata', group='SEATA_GROUP', name='seata-server', type='naming', properties={action=w}}', action='w'}, nacosUser: NacosUser{token='eyJhbGciOiJIUzI1NiJ9.eyJzdWIiOiJuYWNvcyIsImV4cCI6MTc2NTM2OTgyNX0.6ZYGogZ8df2jeW-x-49K4wcOAM_vzUMlgWm0eGiP284', globalAdmin=false}

2025-12-10 15:37:01,977 DEBUG auth start, request: PUT /nacos/v1/ns/instance/beat

2025-12-10 15:37:01,978 DEBUG auth permission: Permission{resource='Resource{namespaceId='seata', group='SEATA_GROUP', name='seata-server', type='naming', properties={action=w}}', action='w'}, nacosUser: NacosUser{token='eyJhbGciOiJIUzI1NiJ9.eyJzdWIiOiJuYWNvcyIsImV4cCI6MTc2NTM2OTgyNX0.6ZYGogZ8df2jeW-x-49K4wcOAM_vzUMlgWm0eGiP284', globalAdmin=false}

2025-12-10 15:37:06,990 DEBUG auth start, request: PUT /nacos/v1/ns/instance/beat

2025-12-10 15:37:06,992 DEBUG auth permission: Permission{resource='Resource{namespaceId='seata', group='SEATA_GROUP', name='seata-server', type='naming', properties={action=w}}', action='w'}, nacosUser: NacosUser{token='eyJhbGciOiJIUzI1NiJ9.eyJzdWIiOiJuYWNvcyIsImV4cCI6MTc2NTM2OTgyNX0.6ZYGogZ8df2jeW-x-49K4wcOAM_vzUMlgWm0eGiP284', globalAdmin=false}

2025-12-10 15:37:12,005 DEBUG auth start, request: PUT /nacos/v1/ns/instance/beat

2025-12-10 15:37:12,007 DEBUG auth permission: Permission{resource='Resource{namespaceId='seata', group='SEATA_GROUP', name='seata-server', type='naming', properties={action=w}}', action='w'}, nacosUser: NacosUser{token='eyJhbGciOiJIUzI1NiJ9.eyJzdWIiOiJuYWNvcyIsImV4cCI6MTc2NTM2OTgyNX0.6ZYGogZ8df2jeW-x-49K4wcOAM_vzUMlgWm0eGiP284', globalAdmin=false}

2025-12-10 15:37:17,016 DEBUG auth start, request: PUT /nacos/v1/ns/instance/beat

2025-12-10 15:37:17,018 DEBUG auth permission: Permission{resource='Resource{namespaceId='seata', group='SEATA_GROUP', name='seata-server', type='naming', properties={action=w}}', action='w'}, nacosUser: NacosUser{token='eyJhbGciOiJIUzI1NiJ9.eyJzdWIiOiJuYWNvcyIsImV4cCI6MTc2NTM2OTgyNX0.6ZYGogZ8df2jeW-x-49K4wcOAM_vzUMlgWm0eGiP284', globalAdmin=false}

2025-12-10 15:37:22,027 DEBUG auth start, request: PUT /nacos/v1/ns/instance/beat

2025-12-10 15:37:22,028 DEBUG auth permission: Permission{resource='Resource{namespaceId='seata', group='SEATA_GROUP', name='seata-server', type='naming', properties={action=w}}', action='w'}, nacosUser: NacosUser{token='eyJhbGciOiJIUzI1NiJ9.eyJzdWIiOiJuYWNvcyIsImV4cCI6MTc2NTM2OTgyNX0.6ZYGogZ8df2jeW-x-49K4wcOAM_vzUMlgWm0eGiP284', globalAdmin=false}

2025-12-10 15:37:27,040 DEBUG auth start, request: PUT /nacos/v1/ns/instance/beat

2025-12-10 15:37:27,042 DEBUG auth permission: Permission{resource='Resource{namespaceId='seata', group='SEATA_GROUP', name='seata-server', type='naming', properties={action=w}}', action='w'}, nacosUser: NacosUser{token='eyJhbGciOiJIUzI1NiJ9.eyJzdWIiOiJuYWNvcyIsImV4cCI6MTc2NTM2OTgyNX0.6ZYGogZ8df2jeW-x-49K4wcOAM_vzUMlgWm0eGiP284', globalAdmin=false}

2025-12-10 15:37:32,056 DEBUG auth start, request: PUT /nacos/v1/ns/instance/beat

2025-12-10 15:37:32,057 DEBUG auth permission: Permission{resource='Resource{namespaceId='seata', group='SEATA_GROUP', name='seata-server', type='naming', properties={action=w}}', action='w'}, nacosUser: NacosUser{token='eyJhbGciOiJIUzI1NiJ9.eyJzdWIiOiJuYWNvcyIsImV4cCI6MTc2NTM2OTgyNX0.6ZYGogZ8df2jeW-x-49K4wcOAM_vzUMlgWm0eGiP284', globalAdmin=false}

2025-12-10 15:37:37,067 DEBUG auth start, request: PUT /nacos/v1/ns/instance/beat

2025-12-10 15:37:37,069 DEBUG auth permission: Permission{resource='Resource{namespaceId='seata', group='SEATA_GROUP', name='seata-server', type='naming', properties={action=w}}', action='w'}, nacosUser: NacosUser{token='eyJhbGciOiJIUzI1NiJ9.eyJzdWIiOiJuYWNvcyIsImV4cCI6MTc2NTM2OTgyNX0.6ZYGogZ8df2jeW-x-49K4wcOAM_vzUMlgWm0eGiP284', globalAdmin=false}

2025-12-10 15:37:40,145 DEBUG auth start, request: GET /nacos/v1/cs/configs

2025-12-10 15:37:40,150 DEBUG auth permission: Permission{resource='Resource{namespaceId='seata', group='DEFAULT_GROUP', name='seata.properties', type='config', properties={action=r}}', action='r'}, nacosUser: NacosUser{token='eyJhbGciOiJIUzI1NiJ9.eyJzdWIiOiJuYWNvcyIsImV4cCI6MTc2NTM2OTg2MH0.BKRSHdYRPA5brs-wZchqIO2Gl9u1OsNq7HLnzuB2z_A', globalAdmin=false}

2025-12-10 15:37:40,203 DEBUG auth start, request: POST /nacos/v1/cs/configs

2025-12-10 15:37:40,204 DEBUG auth permission: Permission{resource='Resource{namespaceId='seata', group='DEFAULT_GROUP', name='seata.properties', type='config', properties={action=w}}', action='w'}, nacosUser: NacosUser{token='eyJhbGciOiJIUzI1NiJ9.eyJzdWIiOiJuYWNvcyIsImV4cCI6MTc2NTM2OTg2MH0.BKRSHdYRPA5brs-wZchqIO2Gl9u1OsNq7HLnzuB2z_A', globalAdmin=false}

2025-12-10 15:37:40,391 DEBUG auth start, request: GET /nacos/v1/cs/configs

2025-12-10 15:37:40,392 DEBUG auth permission: Permission{resource='Resource{namespaceId='seata', group='', name='', type='config', properties={action=r}}', action='r'}, nacosUser: NacosUser{token='eyJhbGciOiJIUzI1NiJ9.eyJzdWIiOiJuYWNvcyIsImV4cCI6MTc2NTM2OTg2MH0.BKRSHdYRPA5brs-wZchqIO2Gl9u1OsNq7HLnzuB2z_A', globalAdmin=false}

2025-12-10 15:37:42,080 DEBUG auth start, request: PUT /nacos/v1/ns/instance/beat

2025-12-10 15:37:42,081 DEBUG auth permission: Permission{resource='Resource{namespaceId='seata', group='SEATA_GROUP', name='seata-server', type='naming', properties={action=w}}', action='w'}, nacosUser: NacosUser{token='eyJhbGciOiJIUzI1NiJ9.eyJzdWIiOiJuYWNvcyIsImV4cCI6MTc2NTM2OTgyNX0.6ZYGogZ8df2jeW-x-49K4wcOAM_vzUMlgWm0eGiP284', globalAdmin=false}

2025-12-10 15:37:47,092 DEBUG auth start, request: PUT /nacos/v1/ns/instance/beat

2025-12-10 15:37:47,094 DEBUG auth permission: Permission{resource='Resource{namespaceId='seata', group='SEATA_GROUP', name='seata-server', type='naming', properties={action=w}}', action='w'}, nacosUser: NacosUser{token='eyJhbGciOiJIUzI1NiJ9.eyJzdWIiOiJuYWNvcyIsImV4cCI6MTc2NTM2OTgyNX0.6ZYGogZ8df2jeW-x-49K4wcOAM_vzUMlgWm0eGiP284', globalAdmin=false}

2025-12-10 15:37:47,314 DEBUG auth start, request: DELETE /nacos/v1/ns/instance

2025-12-10 15:37:47,315 DEBUG auth permission: Permission{resource='Resource{namespaceId='seata', group='SEATA_GROUP', name='seata-server', type='naming', properties={action=w}}', action='w'}, nacosUser: NacosUser{token='eyJhbGciOiJIUzI1NiJ9.eyJzdWIiOiJuYWNvcyIsImV4cCI6MTc2NTM2OTgyNX0.6ZYGogZ8df2jeW-x-49K4wcOAM_vzUMlgWm0eGiP284', globalAdmin=false}

2025-12-10 15:37:47,325 DEBUG auth start, request: GET /nacos/v1/cs/configs

2025-12-10 15:37:47,326 DEBUG auth permission: Permission{resource='Resource{namespaceId='seata', group='SEATA_GROUP', name='transport.shutdown.wait', type='config', properties={action=r}}', action='r'}, nacosUser: NacosUser{token='eyJhbGciOiJIUzI1NiJ9.eyJzdWIiOiJuYWNvcyIsImV4cCI6MTc2NTM2OTgyNX0.6ZYGogZ8df2jeW-x-49K4wcOAM_vzUMlgWm0eGiP284', globalAdmin=false}

2025-12-10 15:37:51,721 DEBUG auth start, request: GET /nacos/v1/cs/configs

2025-12-10 15:37:51,722 DEBUG auth permission: Permission{resource='Resource{namespaceId='seata', group='SEATA_GROUP', name='seata.properties', type='config', properties={action=r}}', action='r'}, nacosUser: NacosUser{token='eyJhbGciOiJIUzI1NiJ9.eyJzdWIiOiJuYWNvcyIsImV4cCI6MTc2NTM3MDI3MX0.gMJIC1rZuv3Nz9cQLIbWyAvoUwCjCT9rZrROX1St60Y', globalAdmin=false}

2025-12-10 15:37:52,119 DEBUG auth start, request: GET /nacos/v1/cs/configs

2025-12-10 15:37:52,120 DEBUG auth permission: Permission{resource='Resource{namespaceId='seata', group='SEATA_GROUP', name='store.session.mode', type='config', properties={action=r}}', action='r'}, nacosUser: NacosUser{token='eyJhbGciOiJIUzI1NiJ9.eyJzdWIiOiJuYWNvcyIsImV4cCI6MTc2NTM3MDI3MX0.gMJIC1rZuv3Nz9cQLIbWyAvoUwCjCT9rZrROX1St60Y', globalAdmin=false}

2025-12-10 15:37:52,127 DEBUG auth start, request: GET /nacos/v1/cs/configs

2025-12-10 15:37:52,128 DEBUG auth permission: Permission{resource='Resource{namespaceId='seata', group='SEATA_GROUP', name='store.mode', type='config', properties={action=r}}', action='r'}, nacosUser: NacosUser{token='eyJhbGciOiJIUzI1NiJ9.eyJzdWIiOiJuYWNvcyIsImV4cCI6MTc2NTM3MDI3MX0.gMJIC1rZuv3Nz9cQLIbWyAvoUwCjCT9rZrROX1St60Y', globalAdmin=false}

2025-12-10 15:37:52,139 DEBUG auth start, request: GET /nacos/v1/cs/configs

2025-12-10 15:37:52,139 DEBUG auth permission: Permission{resource='Resource{namespaceId='seata', group='SEATA_GROUP', name='store.lock.mode', type='config', properties={action=r}}', action='r'}, nacosUser: NacosUser{token='eyJhbGciOiJIUzI1NiJ9.eyJzdWIiOiJuYWNvcyIsImV4cCI6MTc2NTM3MDI3MX0.gMJIC1rZuv3Nz9cQLIbWyAvoUwCjCT9rZrROX1St60Y', globalAdmin=false}

2025-12-10 15:37:55,578 DEBUG auth start, request: GET /nacos/v1/cs/configs

2025-12-10 15:37:55,580 DEBUG auth permission: Permission{resource='Resource{namespaceId='seata', group='SEATA_GROUP', name='metrics.enabled', type='config', properties={action=r}}', action='r'}, nacosUser: NacosUser{token='eyJhbGciOiJIUzI1NiJ9.eyJzdWIiOiJuYWNvcyIsImV4cCI6MTc2NTM3MDI3MX0.gMJIC1rZuv3Nz9cQLIbWyAvoUwCjCT9rZrROX1St60Y', globalAdmin=false}

2025-12-10 15:37:55,596 DEBUG auth start, request: GET /nacos/v1/cs/configs

2025-12-10 15:37:55,599 DEBUG auth permission: Permission{resource='Resource{namespaceId='seata', group='SEATA_GROUP', name='transport.threadFactory.bossThreadPrefix', type='config', properties={action=r}}', action='r'}, nacosUser: NacosUser{token='eyJhbGciOiJIUzI1NiJ9.eyJzdWIiOiJuYWNvcyIsImV4cCI6MTc2NTM3MDI3MX0.gMJIC1rZuv3Nz9cQLIbWyAvoUwCjCT9rZrROX1St60Y', globalAdmin=false}

2025-12-10 15:37:55,611 DEBUG auth start, request: GET /nacos/v1/cs/configs

2025-12-10 15:37:55,612 DEBUG auth permission: Permission{resource='Resource{namespaceId='seata', group='SEATA_GROUP', name='transport.threadFactory.workerThreadPrefix', type='config', properties={action=r}}', action='r'}, nacosUser: NacosUser{token='eyJhbGciOiJIUzI1NiJ9.eyJzdWIiOiJuYWNvcyIsImV4cCI6MTc2NTM3MDI3MX0.gMJIC1rZuv3Nz9cQLIbWyAvoUwCjCT9rZrROX1St60Y', globalAdmin=false}

2025-12-10 15:37:55,622 DEBUG auth start, request: GET /nacos/v1/cs/configs

2025-12-10 15:37:55,623 DEBUG auth permission: Permission{resource='Resource{namespaceId='seata', group='SEATA_GROUP', name='transport.threadFactory.shareBossWorker', type='config', properties={action=r}}', action='r'}, nacosUser: NacosUser{token='eyJhbGciOiJIUzI1NiJ9.eyJzdWIiOiJuYWNvcyIsImV4cCI6MTc2NTM3MDI3MX0.gMJIC1rZuv3Nz9cQLIbWyAvoUwCjCT9rZrROX1St60Y', globalAdmin=false}

2025-12-10 15:37:55,634 DEBUG auth start, request: GET /nacos/v1/cs/configs

2025-12-10 15:37:55,635 DEBUG auth permission: Permission{resource='Resource{namespaceId='seata', group='SEATA_GROUP', name='transport.type', type='config', properties={action=r}}', action='r'}, nacosUser: NacosUser{token='eyJhbGciOiJIUzI1NiJ9.eyJzdWIiOiJuYWNvcyIsImV4cCI6MTc2NTM3MDI3MX0.gMJIC1rZuv3Nz9cQLIbWyAvoUwCjCT9rZrROX1St60Y', globalAdmin=false}

2025-12-10 15:37:55,645 DEBUG auth start, request: GET /nacos/v1/cs/configs

2025-12-10 15:37:55,647 DEBUG auth permission: Permission{resource='Resource{namespaceId='seata', group='SEATA_GROUP', name='transport.threadFactory.workerThreadSize', type='config', properties={action=r}}', action='r'}, nacosUser: NacosUser{token='eyJhbGciOiJIUzI1NiJ9.eyJzdWIiOiJuYWNvcyIsImV4cCI6MTc2NTM3MDI3MX0.gMJIC1rZuv3Nz9cQLIbWyAvoUwCjCT9rZrROX1St60Y', globalAdmin=false}

2025-12-10 15:37:55,662 DEBUG auth start, request: GET /nacos/v1/cs/configs

2025-12-10 15:37:55,663 DEBUG auth permission: Permission{resource='Resource{namespaceId='seata', group='SEATA_GROUP', name='transport.server', type='config', properties={action=r}}', action='r'}, nacosUser: NacosUser{token='eyJhbGciOiJIUzI1NiJ9.eyJzdWIiOiJuYWNvcyIsImV4cCI6MTc2NTM3MDI3MX0.gMJIC1rZuv3Nz9cQLIbWyAvoUwCjCT9rZrROX1St60Y', globalAdmin=false}

2025-12-10 15:37:55,685 DEBUG auth start, request: GET /nacos/v1/cs/configs

2025-12-10 15:37:55,686 DEBUG auth permission: Permission{resource='Resource{namespaceId='seata', group='SEATA_GROUP', name='transport.heartbeat', type='config', properties={action=r}}', action='r'}, nacosUser: NacosUser{token='eyJhbGciOiJIUzI1NiJ9.eyJzdWIiOiJuYWNvcyIsImV4cCI6MTc2NTM3MDI3MX0.gMJIC1rZuv3Nz9cQLIbWyAvoUwCjCT9rZrROX1St60Y', globalAdmin=false}

2025-12-10 15:37:55,696 DEBUG auth start, request: GET /nacos/v1/cs/configs

2025-12-10 15:37:55,696 DEBUG auth permission: Permission{resource='Resource{namespaceId='seata', group='SEATA_GROUP', name='transport.rpcTcRequestTimeout', type='config', properties={action=r}}', action='r'}, nacosUser: NacosUser{token='eyJhbGciOiJIUzI1NiJ9.eyJzdWIiOiJuYWNvcyIsImV4cCI6MTc2NTM3MDI3MX0.gMJIC1rZuv3Nz9cQLIbWyAvoUwCjCT9rZrROX1St60Y', globalAdmin=false}

2025-12-10 15:37:55,707 DEBUG auth start, request: GET /nacos/v1/cs/configs

2025-12-10 15:37:55,709 DEBUG auth permission: Permission{resource='Resource{namespaceId='seata', group='SEATA_GROUP', name='transport.enableTcServerBatchSendResponse', type='config', properties={action=r}}', action='r'}, nacosUser: NacosUser{token='eyJhbGciOiJIUzI1NiJ9.eyJzdWIiOiJuYWNvcyIsImV4cCI6MTc2NTM3MDI3MX0.gMJIC1rZuv3Nz9cQLIbWyAvoUwCjCT9rZrROX1St60Y', globalAdmin=false}

2025-12-10 15:37:55,725 DEBUG auth start, request: GET /nacos/v1/cs/configs

2025-12-10 15:37:55,725 DEBUG auth permission: Permission{resource='Resource{namespaceId='seata', group='SEATA_GROUP', name='registry.preferredNetworks', type='config', properties={action=r}}', action='r'}, nacosUser: NacosUser{token='eyJhbGciOiJIUzI1NiJ9.eyJzdWIiOiJuYWNvcyIsImV4cCI6MTc2NTM3MDI3MX0.gMJIC1rZuv3Nz9cQLIbWyAvoUwCjCT9rZrROX1St60Y', globalAdmin=false}

2025-12-10 15:37:55,776 DEBUG auth start, request: GET /nacos/v1/cs/configs

2025-12-10 15:37:55,777 DEBUG auth permission: Permission{resource='Resource{namespaceId='seata', group='SEATA_GROUP', name='transport.threadFactory.bossThreadSize', type='config', properties={action=r}}', action='r'}, nacosUser: NacosUser{token='eyJhbGciOiJIUzI1NiJ9.eyJzdWIiOiJuYWNvcyIsImV4cCI6MTc2NTM3MDI3MX0.gMJIC1rZuv3Nz9cQLIbWyAvoUwCjCT9rZrROX1St60Y', globalAdmin=false}

2025-12-10 15:37:55,797 DEBUG auth start, request: GET /nacos/v1/cs/configs

2025-12-10 15:37:55,798 DEBUG auth permission: Permission{resource='Resource{namespaceId='seata', group='SEATA_GROUP', name='transport.threadFactory.bossThreadPrefix', type='config', properties={action=r}}', action='r'}, nacosUser: NacosUser{token='eyJhbGciOiJIUzI1NiJ9.eyJzdWIiOiJuYWNvcyIsImV4cCI6MTc2NTM3MDI3MX0.gMJIC1rZuv3Nz9cQLIbWyAvoUwCjCT9rZrROX1St60Y', globalAdmin=false}

2025-12-10 15:37:55,920 DEBUG auth start, request: GET /nacos/v1/cs/configs

2025-12-10 15:37:55,921 DEBUG auth permission: Permission{resource='Resource{namespaceId='seata', group='SEATA_GROUP', name='transport.threadFactory.workerThreadPrefix', type='config', properties={action=r}}', action='r'}, nacosUser: NacosUser{token='eyJhbGciOiJIUzI1NiJ9.eyJzdWIiOiJuYWNvcyIsImV4cCI6MTc2NTM3MDI3MX0.gMJIC1rZuv3Nz9cQLIbWyAvoUwCjCT9rZrROX1St60Y', globalAdmin=false}

2025-12-10 15:37:55,963 DEBUG auth start, request: GET /nacos/v1/cs/configs

2025-12-10 15:37:55,964 DEBUG auth permission: Permission{resource='Resource{namespaceId='seata', group='SEATA_GROUP', name='server.recovery.committingRetryPeriod', type='config', properties={action=r}}', action='r'}, nacosUser: NacosUser{token='eyJhbGciOiJIUzI1NiJ9.eyJzdWIiOiJuYWNvcyIsImV4cCI6MTc2NTM3MDI3MX0.gMJIC1rZuv3Nz9cQLIbWyAvoUwCjCT9rZrROX1St60Y', globalAdmin=false}

2025-12-10 15:37:55,974 DEBUG auth start, request: GET /nacos/v1/cs/configs

2025-12-10 15:37:55,975 DEBUG auth permission: Permission{resource='Resource{namespaceId='seata', group='SEATA_GROUP', name='server.recovery.asyncCommittingRetryPeriod', type='config', properties={action=r}}', action='r'}, nacosUser: NacosUser{token='eyJhbGciOiJIUzI1NiJ9.eyJzdWIiOiJuYWNvcyIsImV4cCI6MTc2NTM3MDI3MX0.gMJIC1rZuv3Nz9cQLIbWyAvoUwCjCT9rZrROX1St60Y', globalAdmin=false}

2025-12-10 15:37:55,984 DEBUG auth start, request: GET /nacos/v1/cs/configs

2025-12-10 15:37:55,986 DEBUG auth permission: Permission{resource='Resource{namespaceId='seata', group='SEATA_GROUP', name='server.recovery.rollbackingRetryPeriod', type='config', properties={action=r}}', action='r'}, nacosUser: NacosUser{token='eyJhbGciOiJIUzI1NiJ9.eyJzdWIiOiJuYWNvcyIsImV4cCI6MTc2NTM3MDI3MX0.gMJIC1rZuv3Nz9cQLIbWyAvoUwCjCT9rZrROX1St60Y', globalAdmin=false}

2025-12-10 15:37:55,994 DEBUG auth start, request: GET /nacos/v1/cs/configs

2025-12-10 15:37:55,995 DEBUG auth permission: Permission{resource='Resource{namespaceId='seata', group='SEATA_GROUP', name='server.recovery.timeoutRetryPeriod', type='config', properties={action=r}}', action='r'}, nacosUser: NacosUser{token='eyJhbGciOiJIUzI1NiJ9.eyJzdWIiOiJuYWNvcyIsImV4cCI6MTc2NTM3MDI3MX0.gMJIC1rZuv3Nz9cQLIbWyAvoUwCjCT9rZrROX1St60Y', globalAdmin=false}

2025-12-10 15:37:56,004 DEBUG auth start, request: GET /nacos/v1/cs/configs

2025-12-10 15:37:56,004 DEBUG auth permission: Permission{resource='Resource{namespaceId='seata', group='SEATA_GROUP', name='server.undo.logDeletePeriod', type='config', properties={action=r}}', action='r'}, nacosUser: NacosUser{token='eyJhbGciOiJIUzI1NiJ9.eyJzdWIiOiJuYWNvcyIsImV4cCI6MTc2NTM3MDI3MX0.gMJIC1rZuv3Nz9cQLIbWyAvoUwCjCT9rZrROX1St60Y', globalAdmin=false}

2025-12-10 15:37:56,012 DEBUG auth start, request: GET /nacos/v1/cs/configs

2025-12-10 15:37:56,013 DEBUG auth permission: Permission{resource='Resource{namespaceId='seata', group='SEATA_GROUP', name='server.maxCommitRetryTimeout', type='config', properties={action=r}}', action='r'}, nacosUser: NacosUser{token='eyJhbGciOiJIUzI1NiJ9.eyJzdWIiOiJuYWNvcyIsImV4cCI6MTc2NTM3MDI3MX0.gMJIC1rZuv3Nz9cQLIbWyAvoUwCjCT9rZrROX1St60Y', globalAdmin=false}

2025-12-10 15:37:56,021 DEBUG auth start, request: GET /nacos/v1/cs/configs

2025-12-10 15:37:56,022 DEBUG auth permission: Permission{resource='Resource{namespaceId='seata', group='SEATA_GROUP', name='server.maxRollbackRetryTimeout', type='config', properties={action=r}}', action='r'}, nacosUser: NacosUser{token='eyJhbGciOiJIUzI1NiJ9.eyJzdWIiOiJuYWNvcyIsImV4cCI6MTc2NTM3MDI3MX0.gMJIC1rZuv3Nz9cQLIbWyAvoUwCjCT9rZrROX1St60Y', globalAdmin=false}

2025-12-10 15:37:56,034 DEBUG auth start, request: GET /nacos/v1/cs/configs

2025-12-10 15:37:56,037 DEBUG auth permission: Permission{resource='Resource{namespaceId='seata', group='SEATA_GROUP', name='server.rollbackRetryTimeoutUnlockEnable', type='config', properties={action=r}}', action='r'}, nacosUser: NacosUser{token='eyJhbGciOiJIUzI1NiJ9.eyJzdWIiOiJuYWNvcyIsImV4cCI6MTc2NTM3MDI3MX0.gMJIC1rZuv3Nz9cQLIbWyAvoUwCjCT9rZrROX1St60Y', globalAdmin=false}

2025-12-10 15:37:56,047 DEBUG auth start, request: GET /nacos/v1/cs/configs

2025-12-10 15:37:56,048 DEBUG auth permission: Permission{resource='Resource{namespaceId='seata', group='SEATA_GROUP', name='store.session.mode', type='config', properties={action=r}}', action='r'}, nacosUser: NacosUser{token='eyJhbGciOiJIUzI1NiJ9.eyJzdWIiOiJuYWNvcyIsImV4cCI6MTc2NTM3MDI3MX0.gMJIC1rZuv3Nz9cQLIbWyAvoUwCjCT9rZrROX1St60Y', globalAdmin=false}

2025-12-10 15:37:56,064 DEBUG auth start, request: GET /nacos/v1/cs/configs

2025-12-10 15:37:56,065 DEBUG auth permission: Permission{resource='Resource{namespaceId='seata', group='SEATA_GROUP', name='server.xaerNotaRetryTimeout', type='config', properties={action=r}}', action='r'}, nacosUser: NacosUser{token='eyJhbGciOiJIUzI1NiJ9.eyJzdWIiOiJuYWNvcyIsImV4cCI6MTc2NTM3MDI3MX0.gMJIC1rZuv3Nz9cQLIbWyAvoUwCjCT9rZrROX1St60Y', globalAdmin=false}

2025-12-10 15:37:56,076 DEBUG auth start, request: GET /nacos/v1/cs/configs

2025-12-10 15:37:56,076 DEBUG auth permission: Permission{resource='Resource{namespaceId='seata', group='SEATA_GROUP', name='server.enableParallelHandleBranch', type='config', properties={action=r}}', action='r'}, nacosUser: NacosUser{token='eyJhbGciOiJIUzI1NiJ9.eyJzdWIiOiJuYWNvcyIsImV4cCI6MTc2NTM3MDI3MX0.gMJIC1rZuv3Nz9cQLIbWyAvoUwCjCT9rZrROX1St60Y', globalAdmin=false}

2025-12-10 15:37:56,095 DEBUG auth start, request: GET /nacos/v1/cs/configs

2025-12-10 15:37:56,096 DEBUG auth permission: Permission{resource='Resource{namespaceId='seata', group='SEATA_GROUP', name='store.lock.mode', type='config', properties={action=r}}', action='r'}, nacosUser: NacosUser{token='eyJhbGciOiJIUzI1NiJ9.eyJzdWIiOiJuYWNvcyIsImV4cCI6MTc2NTM3MDI3MX0.gMJIC1rZuv3Nz9cQLIbWyAvoUwCjCT9rZrROX1St60Y', globalAdmin=false}

2025-12-10 15:37:56,115 DEBUG auth start, request: GET /nacos/v1/cs/configs

2025-12-10 15:37:56,116 DEBUG auth permission: Permission{resource='Resource{namespaceId='seata', group='SEATA_GROUP', name='server.session.enableBranchAsyncRemove', type='config', properties={action=r}}', action='r'}, nacosUser: NacosUser{token='eyJhbGciOiJIUzI1NiJ9.eyJzdWIiOiJuYWNvcyIsImV4cCI6MTc2NTM3MDI3MX0.gMJIC1rZuv3Nz9cQLIbWyAvoUwCjCT9rZrROX1St60Y', globalAdmin=false}

2025-12-10 15:37:56,134 DEBUG auth start, request: GET /nacos/v1/cs/configs

2025-12-10 15:37:56,135 DEBUG auth permission: Permission{resource='Resource{namespaceId='seata', group='SEATA_GROUP', name='server.distributedLockExpireTime', type='config', properties={action=r}}', action='r'}, nacosUser: NacosUser{token='eyJhbGciOiJIUzI1NiJ9.eyJzdWIiOiJuYWNvcyIsImV4cCI6MTc2NTM3MDI3MX0.gMJIC1rZuv3Nz9cQLIbWyAvoUwCjCT9rZrROX1St60Y', globalAdmin=false}

2025-12-10 15:37:56,144 DEBUG auth start, request: GET /nacos/v1/cs/configs

2025-12-10 15:37:56,145 DEBUG auth permission: Permission{resource='Resource{namespaceId='seata', group='SEATA_GROUP', name='store.session.mode', type='config', properties={action=r}}', action='r'}, nacosUser: NacosUser{token='eyJhbGciOiJIUzI1NiJ9.eyJzdWIiOiJuYWNvcyIsImV4cCI6MTc2NTM3MDI3MX0.gMJIC1rZuv3Nz9cQLIbWyAvoUwCjCT9rZrROX1St60Y', globalAdmin=false}

2025-12-10 15:37:56,854 DEBUG auth start, request: GET /nacos/v1/cs/configs

2025-12-10 15:37:56,855 DEBUG auth permission: Permission{resource='Resource{namespaceId='seata', group='SEATA_GROUP', name='server.raft.serverAddr', type='config', properties={action=r}}', action='r'}, nacosUser: NacosUser{token='eyJhbGciOiJIUzI1NiJ9.eyJzdWIiOiJuYWNvcyIsImV4cCI6MTc2NTM3MDI3MX0.gMJIC1rZuv3Nz9cQLIbWyAvoUwCjCT9rZrROX1St60Y', globalAdmin=false}

2025-12-10 15:37:56,863 DEBUG auth start, request: GET /nacos/v1/cs/configs

2025-12-10 15:37:56,863 DEBUG auth permission: Permission{resource='Resource{namespaceId='seata', group='SEATA_GROUP', name='store.session.mode', type='config', properties={action=r}}', action='r'}, nacosUser: NacosUser{token='eyJhbGciOiJIUzI1NiJ9.eyJzdWIiOiJuYWNvcyIsImV4cCI6MTc2NTM3MDI3MX0.gMJIC1rZuv3Nz9cQLIbWyAvoUwCjCT9rZrROX1St60Y', globalAdmin=false}

2025-12-10 15:37:56,870 DEBUG auth start, request: GET /nacos/v1/cs/configs

2025-12-10 15:37:56,870 DEBUG auth permission: Permission{resource='Resource{namespaceId='seata', group='SEATA_GROUP', name='store.file.dir', type='config', properties={action=r}}', action='r'}, nacosUser: NacosUser{token='eyJhbGciOiJIUzI1NiJ9.eyJzdWIiOiJuYWNvcyIsImV4cCI6MTc2NTM3MDI3MX0.gMJIC1rZuv3Nz9cQLIbWyAvoUwCjCT9rZrROX1St60Y', globalAdmin=false}

2025-12-10 15:37:56,882 DEBUG auth start, request: GET /nacos/v1/cs/configs

2025-12-10 15:37:56,882 DEBUG auth permission: Permission{resource='Resource{namespaceId='seata', group='SEATA_GROUP', name='store.file.sessionReloadReadSize', type='config', properties={action=r}}', action='r'}, nacosUser: NacosUser{token='eyJhbGciOiJIUzI1NiJ9.eyJzdWIiOiJuYWNvcyIsImV4cCI6MTc2NTM3MDI3MX0.gMJIC1rZuv3Nz9cQLIbWyAvoUwCjCT9rZrROX1St60Y', globalAdmin=false}

2025-12-10 15:37:56,896 DEBUG auth start, request: GET /nacos/v1/cs/configs

2025-12-10 15:37:56,897 DEBUG auth permission: Permission{resource='Resource{namespaceId='seata', group='SEATA_GROUP', name='store.file.fileWriteBufferCacheSize', type='config', properties={action=r}}', action='r'}, nacosUser: NacosUser{token='eyJhbGciOiJIUzI1NiJ9.eyJzdWIiOiJuYWNvcyIsImV4cCI6MTc2NTM3MDI3MX0.gMJIC1rZuv3Nz9cQLIbWyAvoUwCjCT9rZrROX1St60Y', globalAdmin=false}

2025-12-10 15:37:56,903 DEBUG auth start, request: GET /nacos/v1/cs/configs

2025-12-10 15:37:56,903 DEBUG auth permission: Permission{resource='Resource{namespaceId='seata', group='SEATA_GROUP', name='store.file.flushDiskMode', type='config', properties={action=r}}', action='r'}, nacosUser: NacosUser{token='eyJhbGciOiJIUzI1NiJ9.eyJzdWIiOiJuYWNvcyIsImV4cCI6MTc2NTM3MDI3MX0.gMJIC1rZuv3Nz9cQLIbWyAvoUwCjCT9rZrROX1St60Y', globalAdmin=false}

2025-12-10 15:37:56,923 DEBUG auth start, request: GET /nacos/v1/cs/configs

2025-12-10 15:37:56,924 DEBUG auth permission: Permission{resource='Resource{namespaceId='seata', group='SEATA_GROUP', name='server.raft.group', type='config', properties={action=r}}', action='r'}, nacosUser: NacosUser{token='eyJhbGciOiJIUzI1NiJ9.eyJzdWIiOiJuYWNvcyIsImV4cCI6MTc2NTM3MDI3MX0.gMJIC1rZuv3Nz9cQLIbWyAvoUwCjCT9rZrROX1St60Y', globalAdmin=false}

2025-12-10 15:37:56,925 DEBUG auth start, request: GET /nacos/v1/cs/configs

2025-12-10 15:37:56,925 DEBUG auth permission: Permission{resource='Resource{namespaceId='seata', group='SEATA_GROUP', name='server.enableParallelRequestHandle', type='config', properties={action=r}}', action='r'}, nacosUser: NacosUser{token='eyJhbGciOiJIUzI1NiJ9.eyJzdWIiOiJuYWNvcyIsImV4cCI6MTc2NTM3MDI3MX0.gMJIC1rZuv3Nz9cQLIbWyAvoUwCjCT9rZrROX1St60Y', globalAdmin=false}

2025-12-10 15:37:56,939 DEBUG auth start, request: GET /nacos/v1/cs/configs

2025-12-10 15:37:56,940 DEBUG auth permission: Permission{resource='Resource{namespaceId='seata', group='SEATA_GROUP', name='server.enableCheckAuth', type='config', properties={action=r}}', action='r'}, nacosUser: NacosUser{token='eyJhbGciOiJIUzI1NiJ9.eyJzdWIiOiJuYWNvcyIsImV4cCI6MTc2NTM3MDI3MX0.gMJIC1rZuv3Nz9cQLIbWyAvoUwCjCT9rZrROX1St60Y', globalAdmin=false}

2025-12-10 15:37:57,189 DEBUG auth start, request: POST /nacos/v1/ns/instance

2025-12-10 15:37:57,189 DEBUG auth permission: Permission{resource='Resource{namespaceId='seata', group='SEATA_GROUP', name='seata-server', type='naming', properties={action=w}}', action='w'}, nacosUser: NacosUser{token='eyJhbGciOiJIUzI1NiJ9.eyJzdWIiOiJuYWNvcyIsImV4cCI6MTc2NTM3MDI3N30.ek5qJvaOYBflPiT8RzzI5JcVi9aBexAoXFlJ3Y0Y-bo', globalAdmin=false}

2025-12-10 15:38:02,233 DEBUG auth start, request: PUT /nacos/v1/ns/instance/beat

2025-12-10 15:38:02,233 DEBUG auth permission: Permission{resource='Resource{namespaceId='seata', group='SEATA_GROUP', name='seata-server', type='naming', properties={action=w}}', action='w'}, nacosUser: NacosUser{token='eyJhbGciOiJIUzI1NiJ9.eyJzdWIiOiJuYWNvcyIsImV4cCI6MTc2NTM3MDI3N30.ek5qJvaOYBflPiT8RzzI5JcVi9aBexAoXFlJ3Y0Y-bo', globalAdmin=false}

2025-12-10 15:38:07,243 DEBUG auth start, request: PUT /nacos/v1/ns/instance/beat

2025-12-10 15:38:07,244 DEBUG auth permission: Permission{resource='Resource{namespaceId='seata', group='SEATA_GROUP', name='seata-server', type='naming', properties={action=w}}', action='w'}, nacosUser: NacosUser{token='eyJhbGciOiJIUzI1NiJ9.eyJzdWIiOiJuYWNvcyIsImV4cCI6MTc2NTM3MDI3N30.ek5qJvaOYBflPiT8RzzI5JcVi9aBexAoXFlJ3Y0Y-bo', globalAdmin=false}

2025-12-10 15:38:12,254 DEBUG auth start, request: PUT /nacos/v1/ns/instance/beat

2025-12-10 15:38:12,254 DEBUG auth permission: Permission{resource='Resource{namespaceId='seata', group='SEATA_GROUP', name='seata-server', type='naming', properties={action=w}}', action='w'}, nacosUser: NacosUser{token='eyJhbGciOiJIUzI1NiJ9.eyJzdWIiOiJuYWNvcyIsImV4cCI6MTc2NTM3MDI3N30.ek5qJvaOYBflPiT8RzzI5JcVi9aBexAoXFlJ3Y0Y-bo', globalAdmin=false}

2025-12-10 15:38:17,263 DEBUG auth start, request: PUT /nacos/v1/ns/instance/beat

2025-12-10 15:38:17,265 DEBUG auth permission: Permission{resource='Resource{namespaceId='seata', group='SEATA_GROUP', name='seata-server', type='naming', properties={action=w}}', action='w'}, nacosUser: NacosUser{token='eyJhbGciOiJIUzI1NiJ9.eyJzdWIiOiJuYWNvcyIsImV4cCI6MTc2NTM3MDI3N30.ek5qJvaOYBflPiT8RzzI5JcVi9aBexAoXFlJ3Y0Y-bo', globalAdmin=false}

2025-12-10 15:38:17,410 DEBUG auth start, request: GET /nacos/v1/cs/configs

2025-12-10 15:38:17,411 DEBUG auth permission: Permission{resource='Resource{namespaceId='seata', group='', name='', type='config', properties={action=r}}', action='r'}, nacosUser: NacosUser{token='eyJhbGciOiJIUzI1NiJ9.eyJzdWIiOiJuYWNvcyIsImV4cCI6MTc2NTM2OTg2MH0.BKRSHdYRPA5brs-wZchqIO2Gl9u1OsNq7HLnzuB2z_A', globalAdmin=false}

2025-12-10 15:38:19,908 DEBUG auth start, request: GET /nacos/v1/ns/catalog/services

2025-12-10 15:38:19,914 DEBUG auth permission: Permission{resource='Resource{namespaceId='seata', group='', name='', type='naming', properties={action=r}}', action='r'}, nacosUser: NacosUser{token='eyJhbGciOiJIUzI1NiJ9.eyJzdWIiOiJuYWNvcyIsImV4cCI6MTc2NTM2OTg2MH0.BKRSHdYRPA5brs-wZchqIO2Gl9u1OsNq7HLnzuB2z_A', globalAdmin=false}

2025-12-10 15:38:22,308 DEBUG auth start, request: PUT /nacos/v1/ns/instance/beat

2025-12-10 15:38:22,309 DEBUG auth permission: Permission{resource='Resource{namespaceId='seata', group='SEATA_GROUP', name='seata-server', type='naming', properties={action=w}}', action='w'}, nacosUser: NacosUser{token='eyJhbGciOiJIUzI1NiJ9.eyJzdWIiOiJuYWNvcyIsImV4cCI6MTc2NTM3MDI3N30.ek5qJvaOYBflPiT8RzzI5JcVi9aBexAoXFlJ3Y0Y-bo', globalAdmin=false}

2025-12-10 15:38:23,364 DEBUG auth start, request: GET /nacos/v1/ns/catalog/services

2025-12-10 15:38:23,365 DEBUG auth permission: Permission{resource='Resource{namespaceId='seata', group='', name='', type='naming', properties={action=r}}', action='r'}, nacosUser: NacosUser{token='eyJhbGciOiJIUzI1NiJ9.eyJzdWIiOiJuYWNvcyIsImV4cCI6MTc2NTM2OTg2MH0.BKRSHdYRPA5brs-wZchqIO2Gl9u1OsNq7HLnzuB2z_A', globalAdmin=false}

2025-12-10 15:38:27,317 DEBUG auth start, request: PUT /nacos/v1/ns/instance/beat

2025-12-10 15:38:27,318 DEBUG auth permission: Permission{resource='Resource{namespaceId='seata', group='SEATA_GROUP', name='seata-server', type='naming', properties={action=w}}', action='w'}, nacosUser: NacosUser{token='eyJhbGciOiJIUzI1NiJ9.eyJzdWIiOiJuYWNvcyIsImV4cCI6MTc2NTM3MDI3N30.ek5qJvaOYBflPiT8RzzI5JcVi9aBexAoXFlJ3Y0Y-bo', globalAdmin=false}

2025-12-10 15:38:32,332 DEBUG auth start, request: PUT /nacos/v1/ns/instance/beat

2025-12-10 15:38:32,336 DEBUG auth permission: Permission{resource='Resource{namespaceId='seata', group='SEATA_GROUP', name='seata-server', type='naming', properties={action=w}}', action='w'}, nacosUser: NacosUser{token='eyJhbGciOiJIUzI1NiJ9.eyJzdWIiOiJuYWNvcyIsImV4cCI6MTc2NTM3MDI3N30.ek5qJvaOYBflPiT8RzzI5JcVi9aBexAoXFlJ3Y0Y-bo', globalAdmin=false}

2025-12-10 15:38:37,349 DEBUG auth start, request: PUT /nacos/v1/ns/instance/beat

2025-12-10 15:38:37,351 DEBUG auth permission: Permission{resource='Resource{namespaceId='seata', group='SEATA_GROUP', name='seata-server', type='naming', properties={action=w}}', action='w'}, nacosUser: NacosUser{token='eyJhbGciOiJIUzI1NiJ9.eyJzdWIiOiJuYWNvcyIsImV4cCI6MTc2NTM3MDI3N30.ek5qJvaOYBflPiT8RzzI5JcVi9aBexAoXFlJ3Y0Y-bo', globalAdmin=false}

2025-12-10 15:38:42,364 DEBUG auth start, request: PUT /nacos/v1/ns/instance/beat

2025-12-10 15:38:42,366 DEBUG auth permission: Permission{resource='Resource{namespaceId='seata', group='SEATA_GROUP', name='seata-server', type='naming', properties={action=w}}', action='w'}, nacosUser: NacosUser{token='eyJhbGciOiJIUzI1NiJ9.eyJzdWIiOiJuYWNvcyIsImV4cCI6MTc2NTM3MDI3N30.ek5qJvaOYBflPiT8RzzI5JcVi9aBexAoXFlJ3Y0Y-bo', globalAdmin=false}

2025-12-10 15:38:47,379 DEBUG auth start, request: PUT /nacos/v1/ns/instance/beat

2025-12-10 15:38:47,380 DEBUG auth permission: Permission{resource='Resource{namespaceId='seata', group='SEATA_GROUP', name='seata-server', type='naming', properties={action=w}}', action='w'}, nacosUser: NacosUser{token='eyJhbGciOiJIUzI1NiJ9.eyJzdWIiOiJuYWNvcyIsImV4cCI6MTc2NTM3MDI3N30.ek5qJvaOYBflPiT8RzzI5JcVi9aBexAoXFlJ3Y0Y-bo', globalAdmin=false}

2025-12-10 15:38:52,388 DEBUG auth start, request: PUT /nacos/v1/ns/instance/beat

2025-12-10 15:38:52,391 DEBUG auth permission: Permission{resource='Resource{namespaceId='seata', group='SEATA_GROUP', name='seata-server', type='naming', properties={action=w}}', action='w'}, nacosUser: NacosUser{token='eyJhbGciOiJIUzI1NiJ9.eyJzdWIiOiJuYWNvcyIsImV4cCI6MTc2NTM3MDI3N30.ek5qJvaOYBflPiT8RzzI5JcVi9aBexAoXFlJ3Y0Y-bo', globalAdmin=false}

2025-12-10 15:38:57,399 DEBUG auth start, request: PUT /nacos/v1/ns/instance/beat

2025-12-10 15:38:57,399 DEBUG auth permission: Permission{resource='Resource{namespaceId='seata', group='SEATA_GROUP', name='seata-server', type='naming', properties={action=w}}', action='w'}, nacosUser: NacosUser{token='eyJhbGciOiJIUzI1NiJ9.eyJzdWIiOiJuYWNvcyIsImV4cCI6MTc2NTM3MDI3N30.ek5qJvaOYBflPiT8RzzI5JcVi9aBexAoXFlJ3Y0Y-bo', globalAdmin=false}

2025-12-10 15:39:02,406 DEBUG auth start, request: PUT /nacos/v1/ns/instance/beat

2025-12-10 15:39:02,408 DEBUG auth permission: Permission{resource='Resource{namespaceId='seata', group='SEATA_GROUP', name='seata-server', type='naming', properties={action=w}}', action='w'}, nacosUser: NacosUser{token='eyJhbGciOiJIUzI1NiJ9.eyJzdWIiOiJuYWNvcyIsImV4cCI6MTc2NTM3MDI3N30.ek5qJvaOYBflPiT8RzzI5JcVi9aBexAoXFlJ3Y0Y-bo', globalAdmin=false}

2025-12-10 15:39:07,420 DEBUG auth start, request: PUT /nacos/v1/ns/instance/beat

2025-12-10 15:39:07,421 DEBUG auth permission: Permission{resource='Resource{namespaceId='seata', group='SEATA_GROUP', name='seata-server', type='naming', properties={action=w}}', action='w'}, nacosUser: NacosUser{token='eyJhbGciOiJIUzI1NiJ9.eyJzdWIiOiJuYWNvcyIsImV4cCI6MTc2NTM3MDI3N30.ek5qJvaOYBflPiT8RzzI5JcVi9aBexAoXFlJ3Y0Y-bo', globalAdmin=false}

2025-12-10 15:39:12,432 DEBUG auth start, request: PUT /nacos/v1/ns/instance/beat

2025-12-10 15:39:12,433 DEBUG auth permission: Permission{resource='Resource{namespaceId='seata', group='SEATA_GROUP', name='seata-server', type='naming', properties={action=w}}', action='w'}, nacosUser: NacosUser{token='eyJhbGciOiJIUzI1NiJ9.eyJzdWIiOiJuYWNvcyIsImV4cCI6MTc2NTM3MDI3N30.ek5qJvaOYBflPiT8RzzI5JcVi9aBexAoXFlJ3Y0Y-bo', globalAdmin=false}

2025-12-10 15:39:17,444 DEBUG auth start, request: PUT /nacos/v1/ns/instance/beat

2025-12-10 15:39:17,446 DEBUG auth permission: Permission{resource='Resource{namespaceId='seata', group='SEATA_GROUP', name='seata-server', type='naming', properties={action=w}}', action='w'}, nacosUser: NacosUser{token='eyJhbGciOiJIUzI1NiJ9.eyJzdWIiOiJuYWNvcyIsImV4cCI6MTc2NTM3MDI3N30.ek5qJvaOYBflPiT8RzzI5JcVi9aBexAoXFlJ3Y0Y-bo', globalAdmin=false}

2025-12-10 15:39:22,457 DEBUG auth start, request: PUT /nacos/v1/ns/instance/beat

2025-12-10 15:39:22,459 DEBUG auth permission: Permission{resource='Resource{namespaceId='seata', group='SEATA_GROUP', name='seata-server', type='naming', properties={action=w}}', action='w'}, nacosUser: NacosUser{token='eyJhbGciOiJIUzI1NiJ9.eyJzdWIiOiJuYWNvcyIsImV4cCI6MTc2NTM3MDI3N30.ek5qJvaOYBflPiT8RzzI5JcVi9aBexAoXFlJ3Y0Y-bo', globalAdmin=false}

2025-12-10 15:39:27,469 DEBUG auth start, request: PUT /nacos/v1/ns/instance/beat

2025-12-10 15:39:27,470 DEBUG auth permission: Permission{resource='Resource{namespaceId='seata', group='SEATA_GROUP', name='seata-server', type='naming', properties={action=w}}', action='w'}, nacosUser: NacosUser{token='eyJhbGciOiJIUzI1NiJ9.eyJzdWIiOiJuYWNvcyIsImV4cCI6MTc2NTM3MDI3N30.ek5qJvaOYBflPiT8RzzI5JcVi9aBexAoXFlJ3Y0Y-bo', globalAdmin=false}

2025-12-10 15:39:32,484 DEBUG auth start, request: PUT /nacos/v1/ns/instance/beat

2025-12-10 15:39:32,486 DEBUG auth permission: Permission{resource='Resource{namespaceId='seata', group='SEATA_GROUP', name='seata-server', type='naming', properties={action=w}}', action='w'}, nacosUser: NacosUser{token='eyJhbGciOiJIUzI1NiJ9.eyJzdWIiOiJuYWNvcyIsImV4cCI6MTc2NTM3MDI3N30.ek5qJvaOYBflPiT8RzzI5JcVi9aBexAoXFlJ3Y0Y-bo', globalAdmin=false}

2025-12-10 15:39:37,500 DEBUG auth start, request: PUT /nacos/v1/ns/instance/beat

2025-12-10 15:39:37,501 DEBUG auth permission: Permission{resource='Resource{namespaceId='seata', group='SEATA_GROUP', name='seata-server', type='naming', properties={action=w}}', action='w'}, nacosUser: NacosUser{token='eyJhbGciOiJIUzI1NiJ9.eyJzdWIiOiJuYWNvcyIsImV4cCI6MTc2NTM3MDI3N30.ek5qJvaOYBflPiT8RzzI5JcVi9aBexAoXFlJ3Y0Y-bo', globalAdmin=false}

2025-12-10 15:39:42,510 DEBUG auth start, request: PUT /nacos/v1/ns/instance/beat

2025-12-10 15:39:42,512 DEBUG auth permission: Permission{resource='Resource{namespaceId='seata', group='SEATA_GROUP', name='seata-server', type='naming', properties={action=w}}', action='w'}, nacosUser: NacosUser{token='eyJhbGciOiJIUzI1NiJ9.eyJzdWIiOiJuYWNvcyIsImV4cCI6MTc2NTM3MDI3N30.ek5qJvaOYBflPiT8RzzI5JcVi9aBexAoXFlJ3Y0Y-bo', globalAdmin=false}

2025-12-10 15:39:47,525 DEBUG auth start, request: PUT /nacos/v1/ns/instance/beat

2025-12-10 15:39:47,527 DEBUG auth permission: Permission{resource='Resource{namespaceId='seata', group='SEATA_GROUP', name='seata-server', type='naming', properties={action=w}}', action='w'}, nacosUser: NacosUser{token='eyJhbGciOiJIUzI1NiJ9.eyJzdWIiOiJuYWNvcyIsImV4cCI6MTc2NTM3MDI3N30.ek5qJvaOYBflPiT8RzzI5JcVi9aBexAoXFlJ3Y0Y-bo', globalAdmin=false}

2025-12-10 15:39:52,539 DEBUG auth start, request: PUT /nacos/v1/ns/instance/beat

2025-12-10 15:39:52,542 DEBUG auth permission: Permission{resource='Resource{namespaceId='seata', group='SEATA_GROUP', name='seata-server', type='naming', properties={action=w}}', action='w'}, nacosUser: NacosUser{token='eyJhbGciOiJIUzI1NiJ9.eyJzdWIiOiJuYWNvcyIsImV4cCI6MTc2NTM3MDI3N30.ek5qJvaOYBflPiT8RzzI5JcVi9aBexAoXFlJ3Y0Y-bo', globalAdmin=false}

2025-12-10 15:39:57,552 DEBUG auth start, request: PUT /nacos/v1/ns/instance/beat

2025-12-10 15:39:57,553 DEBUG auth permission: Permission{resource='Resource{namespaceId='seata', group='SEATA_GROUP', name='seata-server', type='naming', properties={action=w}}', action='w'}, nacosUser: NacosUser{token='eyJhbGciOiJIUzI1NiJ9.eyJzdWIiOiJuYWNvcyIsImV4cCI6MTc2NTM3MDI3N30.ek5qJvaOYBflPiT8RzzI5JcVi9aBexAoXFlJ3Y0Y-bo', globalAdmin=false}

2025-12-10 15:40:02,560 DEBUG auth start, request: PUT /nacos/v1/ns/instance/beat

2025-12-10 15:40:02,562 DEBUG auth permission: Permission{resource='Resource{namespaceId='seata', group='SEATA_GROUP', name='seata-server', type='naming', properties={action=w}}', action='w'}, nacosUser: NacosUser{token='eyJhbGciOiJIUzI1NiJ9.eyJzdWIiOiJuYWNvcyIsImV4cCI6MTc2NTM3MDI3N30.ek5qJvaOYBflPiT8RzzI5JcVi9aBexAoXFlJ3Y0Y-bo', globalAdmin=false}

2025-12-10 15:40:07,571 DEBUG auth start, request: PUT /nacos/v1/ns/instance/beat

2025-12-10 15:40:07,574 DEBUG auth permission: Permission{resource='Resource{namespaceId='seata', group='SEATA_GROUP', name='seata-server', type='naming', properties={action=w}}', action='w'}, nacosUser: NacosUser{token='eyJhbGciOiJIUzI1NiJ9.eyJzdWIiOiJuYWNvcyIsImV4cCI6MTc2NTM3MDI3N30.ek5qJvaOYBflPiT8RzzI5JcVi9aBexAoXFlJ3Y0Y-bo', globalAdmin=false}

2025-12-10 15:40:12,583 DEBUG auth start, request: PUT /nacos/v1/ns/instance/beat

2025-12-10 15:40:12,586 DEBUG auth permission: Permission{resource='Resource{namespaceId='seata', group='SEATA_GROUP', name='seata-server', type='naming', properties={action=w}}', action='w'}, nacosUser: NacosUser{token='eyJhbGciOiJIUzI1NiJ9.eyJzdWIiOiJuYWNvcyIsImV4cCI6MTc2NTM3MDI3N30.ek5qJvaOYBflPiT8RzzI5JcVi9aBexAoXFlJ3Y0Y-bo', globalAdmin=false}

2025-12-10 15:40:17,598 DEBUG auth start, request: PUT /nacos/v1/ns/instance/beat

2025-12-10 15:40:17,599 DEBUG auth permission: Permission{resource='Resource{namespaceId='seata', group='SEATA_GROUP', name='seata-server', type='naming', properties={action=w}}', action='w'}, nacosUser: NacosUser{token='eyJhbGciOiJIUzI1NiJ9.eyJzdWIiOiJuYWNvcyIsImV4cCI6MTc2NTM3MDI3N30.ek5qJvaOYBflPiT8RzzI5JcVi9aBexAoXFlJ3Y0Y-bo', globalAdmin=false}

2025-12-10 15:40:22,614 DEBUG auth start, request: PUT /nacos/v1/ns/instance/beat

2025-12-10 15:40:22,616 DEBUG auth permission: Permission{resource='Resource{namespaceId='seata', group='SEATA_GROUP', name='seata-server', type='naming', properties={action=w}}', action='w'}, nacosUser: NacosUser{token='eyJhbGciOiJIUzI1NiJ9.eyJzdWIiOiJuYWNvcyIsImV4cCI6MTc2NTM3MDI3N30.ek5qJvaOYBflPiT8RzzI5JcVi9aBexAoXFlJ3Y0Y-bo', globalAdmin=false}

2025-12-10 15:40:27,632 DEBUG auth start, request: PUT /nacos/v1/ns/instance/beat

2025-12-10 15:40:27,634 DEBUG auth permission: Permission{resource='Resource{namespaceId='seata', group='SEATA_GROUP', name='seata-server', type='naming', properties={action=w}}', action='w'}, nacosUser: NacosUser{token='eyJhbGciOiJIUzI1NiJ9.eyJzdWIiOiJuYWNvcyIsImV4cCI6MTc2NTM3MDI3N30.ek5qJvaOYBflPiT8RzzI5JcVi9aBexAoXFlJ3Y0Y-bo', globalAdmin=false}

2025-12-10 15:40:32,645 DEBUG auth start, request: PUT /nacos/v1/ns/instance/beat

2025-12-10 15:40:32,646 DEBUG auth permission: Permission{resource='Resource{namespaceId='seata', group='SEATA_GROUP', name='seata-server', type='naming', properties={action=w}}', action='w'}, nacosUser: NacosUser{token='eyJhbGciOiJIUzI1NiJ9.eyJzdWIiOiJuYWNvcyIsImV4cCI6MTc2NTM3MDI3N30.ek5qJvaOYBflPiT8RzzI5JcVi9aBexAoXFlJ3Y0Y-bo', globalAdmin=false}

2025-12-10 15:40:37,658 DEBUG auth start, request: PUT /nacos/v1/ns/instance/beat

2025-12-10 15:40:37,659 DEBUG auth permission: Permission{resource='Resource{namespaceId='seata', group='SEATA_GROUP', name='seata-server', type='naming', properties={action=w}}', action='w'}, nacosUser: NacosUser{token='eyJhbGciOiJIUzI1NiJ9.eyJzdWIiOiJuYWNvcyIsImV4cCI6MTc2NTM3MDI3N30.ek5qJvaOYBflPiT8RzzI5JcVi9aBexAoXFlJ3Y0Y-bo', globalAdmin=false}

2025-12-10 15:40:42,670 DEBUG auth start, request: PUT /nacos/v1/ns/instance/beat

2025-12-10 15:40:42,674 DEBUG auth permission: Permission{resource='Resource{namespaceId='seata', group='SEATA_GROUP', name='seata-server', type='naming', properties={action=w}}', action='w'}, nacosUser: NacosUser{token='eyJhbGciOiJIUzI1NiJ9.eyJzdWIiOiJuYWNvcyIsImV4cCI6MTc2NTM3MDI3N30.ek5qJvaOYBflPiT8RzzI5JcVi9aBexAoXFlJ3Y0Y-bo', globalAdmin=false}

2025-12-10 15:40:47,690 DEBUG auth start, request: PUT /nacos/v1/ns/instance/beat

2025-12-10 15:40:47,692 DEBUG auth permission: Permission{resource='Resource{namespaceId='seata', group='SEATA_GROUP', name='seata-server', type='naming', properties={action=w}}', action='w'}, nacosUser: NacosUser{token='eyJhbGciOiJIUzI1NiJ9.eyJzdWIiOiJuYWNvcyIsImV4cCI6MTc2NTM3MDI3N30.ek5qJvaOYBflPiT8RzzI5JcVi9aBexAoXFlJ3Y0Y-bo', globalAdmin=false}

2025-12-10 15:40:52,703 DEBUG auth start, request: PUT /nacos/v1/ns/instance/beat

2025-12-10 15:40:52,705 DEBUG auth permission: Permission{resource='Resource{namespaceId='seata', group='SEATA_GROUP', name='seata-server', type='naming', properties={action=w}}', action='w'}, nacosUser: NacosUser{token='eyJhbGciOiJIUzI1NiJ9.eyJzdWIiOiJuYWNvcyIsImV4cCI6MTc2NTM3MDI3N30.ek5qJvaOYBflPiT8RzzI5JcVi9aBexAoXFlJ3Y0Y-bo', globalAdmin=false}

2025-12-10 15:40:57,713 DEBUG auth start, request: PUT /nacos/v1/ns/instance/beat

2025-12-10 15:40:57,714 DEBUG auth permission: Permission{resource='Resource{namespaceId='seata', group='SEATA_GROUP', name='seata-server', type='naming', properties={action=w}}', action='w'}, nacosUser: NacosUser{token='eyJhbGciOiJIUzI1NiJ9.eyJzdWIiOiJuYWNvcyIsImV4cCI6MTc2NTM3MDI3N30.ek5qJvaOYBflPiT8RzzI5JcVi9aBexAoXFlJ3Y0Y-bo', globalAdmin=false}

2025-12-10 15:41:02,720 DEBUG auth start, request: PUT /nacos/v1/ns/instance/beat

2025-12-10 15:41:02,721 DEBUG auth permission: Permission{resource='Resource{namespaceId='seata', group='SEATA_GROUP', name='seata-server', type='naming', properties={action=w}}', action='w'}, nacosUser: NacosUser{token='eyJhbGciOiJIUzI1NiJ9.eyJzdWIiOiJuYWNvcyIsImV4cCI6MTc2NTM3MDI3N30.ek5qJvaOYBflPiT8RzzI5JcVi9aBexAoXFlJ3Y0Y-bo', globalAdmin=false}

2025-12-10 15:41:07,729 DEBUG auth start, request: PUT /nacos/v1/ns/instance/beat

2025-12-10 15:41:07,732 DEBUG auth permission: Permission{resource='Resource{namespaceId='seata', group='SEATA_GROUP', name='seata-server', type='naming', properties={action=w}}', action='w'}, nacosUser: NacosUser{token='eyJhbGciOiJIUzI1NiJ9.eyJzdWIiOiJuYWNvcyIsImV4cCI6MTc2NTM3MDI3N30.ek5qJvaOYBflPiT8RzzI5JcVi9aBexAoXFlJ3Y0Y-bo', globalAdmin=false}

2025-12-10 15:41:12,739 DEBUG auth start, request: PUT /nacos/v1/ns/instance/beat

2025-12-10 15:41:12,740 DEBUG auth permission: Permission{resource='Resource{namespaceId='seata', group='SEATA_GROUP', name='seata-server', type='naming', properties={action=w}}', action='w'}, nacosUser: NacosUser{token='eyJhbGciOiJIUzI1NiJ9.eyJzdWIiOiJuYWNvcyIsImV4cCI6MTc2NTM3MDI3N30.ek5qJvaOYBflPiT8RzzI5JcVi9aBexAoXFlJ3Y0Y-bo', globalAdmin=false}

2025-12-10 15:41:17,748 DEBUG auth start, request: PUT /nacos/v1/ns/instance/beat

2025-12-10 15:41:17,749 DEBUG auth permission: Permission{resource='Resource{namespaceId='seata', group='SEATA_GROUP', name='seata-server', type='naming', properties={action=w}}', action='w'}, nacosUser: NacosUser{token='eyJhbGciOiJIUzI1NiJ9.eyJzdWIiOiJuYWNvcyIsImV4cCI6MTc2NTM3MDI3N30.ek5qJvaOYBflPiT8RzzI5JcVi9aBexAoXFlJ3Y0Y-bo', globalAdmin=false}

2025-12-10 15:41:22,758 DEBUG auth start, request: PUT /nacos/v1/ns/instance/beat

2025-12-10 15:41:22,759 DEBUG auth permission: Permission{resource='Resource{namespaceId='seata', group='SEATA_GROUP', name='seata-server', type='naming', properties={action=w}}', action='w'}, nacosUser: NacosUser{token='eyJhbGciOiJIUzI1NiJ9.eyJzdWIiOiJuYWNvcyIsImV4cCI6MTc2NTM3MDI3N30.ek5qJvaOYBflPiT8RzzI5JcVi9aBexAoXFlJ3Y0Y-bo', globalAdmin=false}

2025-12-10 15:41:27,768 DEBUG auth start, request: PUT /nacos/v1/ns/instance/beat

2025-12-10 15:41:27,770 DEBUG auth permission: Permission{resource='Resource{namespaceId='seata', group='SEATA_GROUP', name='seata-server', type='naming', properties={action=w}}', action='w'}, nacosUser: NacosUser{token='eyJhbGciOiJIUzI1NiJ9.eyJzdWIiOiJuYWNvcyIsImV4cCI6MTc2NTM3MDI3N30.ek5qJvaOYBflPiT8RzzI5JcVi9aBexAoXFlJ3Y0Y-bo', globalAdmin=false}

2025-12-10 15:41:32,777 DEBUG auth start, request: PUT /nacos/v1/ns/instance/beat

2025-12-10 15:41:32,777 DEBUG auth permission: Permission{resource='Resource{namespaceId='seata', group='SEATA_GROUP', name='seata-server', type='naming', properties={action=w}}', action='w'}, nacosUser: NacosUser{token='eyJhbGciOiJIUzI1NiJ9.eyJzdWIiOiJuYWNvcyIsImV4cCI6MTc2NTM3MDI3N30.ek5qJvaOYBflPiT8RzzI5JcVi9aBexAoXFlJ3Y0Y-bo', globalAdmin=false}

2025-12-10 15:41:37,786 DEBUG auth start, request: PUT /nacos/v1/ns/instance/beat

2025-12-10 15:41:37,787 DEBUG auth permission: Permission{resource='Resource{namespaceId='seata', group='SEATA_GROUP', name='seata-server', type='naming', properties={action=w}}', action='w'}, nacosUser: NacosUser{token='eyJhbGciOiJIUzI1NiJ9.eyJzdWIiOiJuYWNvcyIsImV4cCI6MTc2NTM3MDI3N30.ek5qJvaOYBflPiT8RzzI5JcVi9aBexAoXFlJ3Y0Y-bo', globalAdmin=false}

2025-12-10 15:41:42,795 DEBUG auth start, request: PUT /nacos/v1/ns/instance/beat

2025-12-10 15:41:42,796 DEBUG auth permission: Permission{resource='Resource{namespaceId='seata', group='SEATA_GROUP', name='seata-server', type='naming', properties={action=w}}', action='w'}, nacosUser: NacosUser{token='eyJhbGciOiJIUzI1NiJ9.eyJzdWIiOiJuYWNvcyIsImV4cCI6MTc2NTM3MDI3N30.ek5qJvaOYBflPiT8RzzI5JcVi9aBexAoXFlJ3Y0Y-bo', globalAdmin=false}

2025-12-10 15:41:47,803 DEBUG auth start, request: PUT /nacos/v1/ns/instance/beat

2025-12-10 15:41:47,804 DEBUG auth permission: Permission{resource='Resource{namespaceId='seata', group='SEATA_GROUP', name='seata-server', type='naming', properties={action=w}}', action='w'}, nacosUser: NacosUser{token='eyJhbGciOiJIUzI1NiJ9.eyJzdWIiOiJuYWNvcyIsImV4cCI6MTc2NTM3MDI3N30.ek5qJvaOYBflPiT8RzzI5JcVi9aBexAoXFlJ3Y0Y-bo', globalAdmin=false}

2025-12-10 15:41:52,813 DEBUG auth start, request: PUT /nacos/v1/ns/instance/beat

2025-12-10 15:41:52,814 DEBUG auth permission: Permission{resource='Resource{namespaceId='seata', group='SEATA_GROUP', name='seata-server', type='naming', properties={action=w}}', action='w'}, nacosUser: NacosUser{token='eyJhbGciOiJIUzI1NiJ9.eyJzdWIiOiJuYWNvcyIsImV4cCI6MTc2NTM3MDI3N30.ek5qJvaOYBflPiT8RzzI5JcVi9aBexAoXFlJ3Y0Y-bo', globalAdmin=false}

2025-12-10 15:41:57,825 DEBUG auth start, request: PUT /nacos/v1/ns/instance/beat

2025-12-10 15:41:57,827 DEBUG auth permission: Permission{resource='Resource{namespaceId='seata', group='SEATA_GROUP', name='seata-server', type='naming', properties={action=w}}', action='w'}, nacosUser: NacosUser{token='eyJhbGciOiJIUzI1NiJ9.eyJzdWIiOiJuYWNvcyIsImV4cCI6MTc2NTM3MDI3N30.ek5qJvaOYBflPiT8RzzI5JcVi9aBexAoXFlJ3Y0Y-bo', globalAdmin=false}

2025-12-10 15:42:02,838 DEBUG auth start, request: PUT /nacos/v1/ns/instance/beat

2025-12-10 15:42:02,839 DEBUG auth permission: Permission{resource='Resource{namespaceId='seata', group='SEATA_GROUP', name='seata-server', type='naming', properties={action=w}}', action='w'}, nacosUser: NacosUser{token='eyJhbGciOiJIUzI1NiJ9.eyJzdWIiOiJuYWNvcyIsImV4cCI6MTc2NTM3MDI3N30.ek5qJvaOYBflPiT8RzzI5JcVi9aBexAoXFlJ3Y0Y-bo', globalAdmin=false}

2025-12-10 15:42:07,851 DEBUG auth start, request: PUT /nacos/v1/ns/instance/beat

2025-12-10 15:42:07,852 DEBUG auth permission: Permission{resource='Resource{namespaceId='seata', group='SEATA_GROUP', name='seata-server', type='naming', properties={action=w}}', action='w'}, nacosUser: NacosUser{token='eyJhbGciOiJIUzI1NiJ9.eyJzdWIiOiJuYWNvcyIsImV4cCI6MTc2NTM3MDI3N30.ek5qJvaOYBflPiT8RzzI5JcVi9aBexAoXFlJ3Y0Y-bo', globalAdmin=false}

2025-12-10 15:42:12,863 DEBUG auth start, request: PUT /nacos/v1/ns/instance/beat

2025-12-10 15:42:12,864 DEBUG auth permission: Permission{resource='Resource{namespaceId='seata', group='SEATA_GROUP', name='seata-server', type='naming', properties={action=w}}', action='w'}, nacosUser: NacosUser{token='eyJhbGciOiJIUzI1NiJ9.eyJzdWIiOiJuYWNvcyIsImV4cCI6MTc2NTM3MDI3N30.ek5qJvaOYBflPiT8RzzI5JcVi9aBexAoXFlJ3Y0Y-bo', globalAdmin=false}

2025-12-10 15:42:17,873 DEBUG auth start, request: PUT /nacos/v1/ns/instance/beat

2025-12-10 15:42:17,875 DEBUG auth permission: Permission{resource='Resource{namespaceId='seata', group='SEATA_GROUP', name='seata-server', type='naming', properties={action=w}}', action='w'}, nacosUser: NacosUser{token='eyJhbGciOiJIUzI1NiJ9.eyJzdWIiOiJuYWNvcyIsImV4cCI6MTc2NTM3MDI3N30.ek5qJvaOYBflPiT8RzzI5JcVi9aBexAoXFlJ3Y0Y-bo', globalAdmin=false}

2025-12-10 15:42:22,885 DEBUG auth start, request: PUT /nacos/v1/ns/instance/beat

2025-12-10 15:42:22,888 DEBUG auth permission: Permission{resource='Resource{namespaceId='seata', group='SEATA_GROUP', name='seata-server', type='naming', properties={action=w}}', action='w'}, nacosUser: NacosUser{token='eyJhbGciOiJIUzI1NiJ9.eyJzdWIiOiJuYWNvcyIsImV4cCI6MTc2NTM3MDI3N30.ek5qJvaOYBflPiT8RzzI5JcVi9aBexAoXFlJ3Y0Y-bo', globalAdmin=false}

2025-12-10 15:42:27,898 DEBUG auth start, request: PUT /nacos/v1/ns/instance/beat

2025-12-10 15:42:27,899 DEBUG auth permission: Permission{resource='Resource{namespaceId='seata', group='SEATA_GROUP', name='seata-server', type='naming', properties={action=w}}', action='w'}, nacosUser: NacosUser{token='eyJhbGciOiJIUzI1NiJ9.eyJzdWIiOiJuYWNvcyIsImV4cCI6MTc2NTM3MDI3N30.ek5qJvaOYBflPiT8RzzI5JcVi9aBexAoXFlJ3Y0Y-bo', globalAdmin=false}

2025-12-10 15:42:32,906 DEBUG auth start, request: PUT /nacos/v1/ns/instance/beat

2025-12-10 15:42:32,907 DEBUG auth permission: Permission{resource='Resource{namespaceId='seata', group='SEATA_GROUP', name='seata-server', type='naming', properties={action=w}}', action='w'}, nacosUser: NacosUser{token='eyJhbGciOiJIUzI1NiJ9.eyJzdWIiOiJuYWNvcyIsImV4cCI6MTc2NTM3MDI3N30.ek5qJvaOYBflPiT8RzzI5JcVi9aBexAoXFlJ3Y0Y-bo', globalAdmin=false}

2025-12-10 15:42:37,915 DEBUG auth start, request: PUT /nacos/v1/ns/instance/beat

2025-12-10 15:42:37,916 DEBUG auth permission: Permission{resource='Resource{namespaceId='seata', group='SEATA_GROUP', name='seata-server', type='naming', properties={action=w}}', action='w'}, nacosUser: NacosUser{token='eyJhbGciOiJIUzI1NiJ9.eyJzdWIiOiJuYWNvcyIsImV4cCI6MTc2NTM3MDI3N30.ek5qJvaOYBflPiT8RzzI5JcVi9aBexAoXFlJ3Y0Y-bo', globalAdmin=false}

2025-12-10 15:42:42,927 DEBUG auth start, request: PUT /nacos/v1/ns/instance/beat

2025-12-10 15:42:42,928 DEBUG auth permission: Permission{resource='Resource{namespaceId='seata', group='SEATA_GROUP', name='seata-server', type='naming', properties={action=w}}', action='w'}, nacosUser: NacosUser{token='eyJhbGciOiJIUzI1NiJ9.eyJzdWIiOiJuYWNvcyIsImV4cCI6MTc2NTM3MDI3N30.ek5qJvaOYBflPiT8RzzI5JcVi9aBexAoXFlJ3Y0Y-bo', globalAdmin=false}

2025-12-10 15:42:47,937 DEBUG auth start, request: PUT /nacos/v1/ns/instance/beat

2025-12-10 15:42:47,938 DEBUG auth permission: Permission{resource='Resource{namespaceId='seata', group='SEATA_GROUP', name='seata-server', type='naming', properties={action=w}}', action='w'}, nacosUser: NacosUser{token='eyJhbGciOiJIUzI1NiJ9.eyJzdWIiOiJuYWNvcyIsImV4cCI6MTc2NTM3MDI3N30.ek5qJvaOYBflPiT8RzzI5JcVi9aBexAoXFlJ3Y0Y-bo', globalAdmin=false}

2025-12-10 15:42:52,948 DEBUG auth start, request: PUT /nacos/v1/ns/instance/beat

2025-12-10 15:42:52,951 DEBUG auth permission: Permission{resource='Resource{namespaceId='seata', group='SEATA_GROUP', name='seata-server', type='naming', properties={action=w}}', action='w'}, nacosUser: NacosUser{token='eyJhbGciOiJIUzI1NiJ9.eyJzdWIiOiJuYWNvcyIsImV4cCI6MTc2NTM3MDI3N30.ek5qJvaOYBflPiT8RzzI5JcVi9aBexAoXFlJ3Y0Y-bo', globalAdmin=false}

2025-12-10 15:42:57,962 DEBUG auth start, request: PUT /nacos/v1/ns/instance/beat

2025-12-10 15:42:57,964 DEBUG auth permission: Permission{resource='Resource{namespaceId='seata', group='SEATA_GROUP', name='seata-server', type='naming', properties={action=w}}', action='w'}, nacosUser: NacosUser{token='eyJhbGciOiJIUzI1NiJ9.eyJzdWIiOiJuYWNvcyIsImV4cCI6MTc2NTM3MDI3N30.ek5qJvaOYBflPiT8RzzI5JcVi9aBexAoXFlJ3Y0Y-bo', globalAdmin=false}

2025-12-10 15:43:02,974 DEBUG auth start, request: PUT /nacos/v1/ns/instance/beat

2025-12-10 15:43:02,975 DEBUG auth permission: Permission{resource='Resource{namespaceId='seata', group='SEATA_GROUP', name='seata-server', type='naming', properties={action=w}}', action='w'}, nacosUser: NacosUser{token='eyJhbGciOiJIUzI1NiJ9.eyJzdWIiOiJuYWNvcyIsImV4cCI6MTc2NTM3MDI3N30.ek5qJvaOYBflPiT8RzzI5JcVi9aBexAoXFlJ3Y0Y-bo', globalAdmin=false}

2025-12-10 15:43:07,987 DEBUG auth start, request: PUT /nacos/v1/ns/instance/beat

2025-12-10 15:43:07,989 DEBUG auth permission: Permission{resource='Resource{namespaceId='seata', group='SEATA_GROUP', name='seata-server', type='naming', properties={action=w}}', action='w'}, nacosUser: NacosUser{token='eyJhbGciOiJIUzI1NiJ9.eyJzdWIiOiJuYWNvcyIsImV4cCI6MTc2NTM3MDI3N30.ek5qJvaOYBflPiT8RzzI5JcVi9aBexAoXFlJ3Y0Y-bo', globalAdmin=false}

2025-12-10 15:43:12,999 DEBUG auth start, request: PUT /nacos/v1/ns/instance/beat

2025-12-10 15:43:13,000 DEBUG auth permission: Permission{resource='Resource{namespaceId='seata', group='SEATA_GROUP', name='seata-server', type='naming', properties={action=w}}', action='w'}, nacosUser: NacosUser{token='eyJhbGciOiJIUzI1NiJ9.eyJzdWIiOiJuYWNvcyIsImV4cCI6MTc2NTM3MDI3N30.ek5qJvaOYBflPiT8RzzI5JcVi9aBexAoXFlJ3Y0Y-bo', globalAdmin=false}

2025-12-10 15:43:18,010 DEBUG auth start, request: PUT /nacos/v1/ns/instance/beat

2025-12-10 15:43:18,012 DEBUG auth permission: Permission{resource='Resource{namespaceId='seata', group='SEATA_GROUP', name='seata-server', type='naming', properties={action=w}}', action='w'}, nacosUser: NacosUser{token='eyJhbGciOiJIUzI1NiJ9.eyJzdWIiOiJuYWNvcyIsImV4cCI6MTc2NTM3MDI3N30.ek5qJvaOYBflPiT8RzzI5JcVi9aBexAoXFlJ3Y0Y-bo', globalAdmin=false}

2025-12-10 15:43:23,023 DEBUG auth start, request: PUT /nacos/v1/ns/instance/beat

2025-12-10 15:43:23,024 DEBUG auth permission: Permission{resource='Resource{namespaceId='seata', group='SEATA_GROUP', name='seata-server', type='naming', properties={action=w}}', action='w'}, nacosUser: NacosUser{token='eyJhbGciOiJIUzI1NiJ9.eyJzdWIiOiJuYWNvcyIsImV4cCI6MTc2NTM3MDI3N30.ek5qJvaOYBflPiT8RzzI5JcVi9aBexAoXFlJ3Y0Y-bo', globalAdmin=false}

2025-12-10 15:43:28,035 DEBUG auth start, request: PUT /nacos/v1/ns/instance/beat

2025-12-10 15:43:28,039 DEBUG auth permission: Permission{resource='Resource{namespaceId='seata', group='SEATA_GROUP', name='seata-server', type='naming', properties={action=w}}', action='w'}, nacosUser: NacosUser{token='eyJhbGciOiJIUzI1NiJ9.eyJzdWIiOiJuYWNvcyIsImV4cCI6MTc2NTM3MDI3N30.ek5qJvaOYBflPiT8RzzI5JcVi9aBexAoXFlJ3Y0Y-bo', globalAdmin=false}

2025-12-10 15:43:33,056 DEBUG auth start, request: PUT /nacos/v1/ns/instance/beat

2025-12-10 15:43:33,057 DEBUG auth permission: Permission{resource='Resource{namespaceId='seata', group='SEATA_GROUP', name='seata-server', type='naming', properties={action=w}}', action='w'}, nacosUser: NacosUser{token='eyJhbGciOiJIUzI1NiJ9.eyJzdWIiOiJuYWNvcyIsImV4cCI6MTc2NTM3MDI3N30.ek5qJvaOYBflPiT8RzzI5JcVi9aBexAoXFlJ3Y0Y-bo', globalAdmin=false}

2025-12-10 15:43:38,066 DEBUG auth start, request: PUT /nacos/v1/ns/instance/beat

2025-12-10 15:43:38,066 DEBUG auth permission: Permission{resource='Resource{namespaceId='seata', group='SEATA_GROUP', name='seata-server', type='naming', properties={action=w}}', action='w'}, nacosUser: NacosUser{token='eyJhbGciOiJIUzI1NiJ9.eyJzdWIiOiJuYWNvcyIsImV4cCI6MTc2NTM3MDI3N30.ek5qJvaOYBflPiT8RzzI5JcVi9aBexAoXFlJ3Y0Y-bo', globalAdmin=false}

2025-12-10 15:43:43,078 DEBUG auth start, request: PUT /nacos/v1/ns/instance/beat

2025-12-10 15:43:43,079 DEBUG auth permission: Permission{resource='Resource{namespaceId='seata', group='SEATA_GROUP', name='seata-server', type='naming', properties={action=w}}', action='w'}, nacosUser: NacosUser{token='eyJhbGciOiJIUzI1NiJ9.eyJzdWIiOiJuYWNvcyIsImV4cCI6MTc2NTM3MDI3N30.ek5qJvaOYBflPiT8RzzI5JcVi9aBexAoXFlJ3Y0Y-bo', globalAdmin=false}

2025-12-10 15:43:48,087 DEBUG auth start, request: PUT /nacos/v1/ns/instance/beat

2025-12-10 15:43:48,087 DEBUG auth permission: Permission{resource='Resource{namespaceId='seata', group='SEATA_GROUP', name='seata-server', type='naming', properties={action=w}}', action='w'}, nacosUser: NacosUser{token='eyJhbGciOiJIUzI1NiJ9.eyJzdWIiOiJuYWNvcyIsImV4cCI6MTc2NTM3MDI3N30.ek5qJvaOYBflPiT8RzzI5JcVi9aBexAoXFlJ3Y0Y-bo', globalAdmin=false}

2025-12-10 15:43:53,096 DEBUG auth start, request: PUT /nacos/v1/ns/instance/beat

2025-12-10 15:43:53,100 DEBUG auth permission: Permission{resource='Resource{namespaceId='seata', group='SEATA_GROUP', name='seata-server', type='naming', properties={action=w}}', action='w'}, nacosUser: NacosUser{token='eyJhbGciOiJIUzI1NiJ9.eyJzdWIiOiJuYWNvcyIsImV4cCI6MTc2NTM3MDI3N30.ek5qJvaOYBflPiT8RzzI5JcVi9aBexAoXFlJ3Y0Y-bo', globalAdmin=false}

2025-12-10 15:43:58,109 DEBUG auth start, request: PUT /nacos/v1/ns/instance/beat

2025-12-10 15:43:58,110 DEBUG auth permission: Permission{resource='Resource{namespaceId='seata', group='SEATA_GROUP', name='seata-server', type='naming', properties={action=w}}', action='w'}, nacosUser: NacosUser{token='eyJhbGciOiJIUzI1NiJ9.eyJzdWIiOiJuYWNvcyIsImV4cCI6MTc2NTM3MDI3N30.ek5qJvaOYBflPiT8RzzI5JcVi9aBexAoXFlJ3Y0Y-bo', globalAdmin=false}

2025-12-10 15:44:03,117 DEBUG auth start, request: PUT /nacos/v1/ns/instance/beat

2025-12-10 15:44:03,118 DEBUG auth permission: Permission{resource='Resource{namespaceId='seata', group='SEATA_GROUP', name='seata-server', type='naming', properties={action=w}}', action='w'}, nacosUser: NacosUser{token='eyJhbGciOiJIUzI1NiJ9.eyJzdWIiOiJuYWNvcyIsImV4cCI6MTc2NTM3MDI3N30.ek5qJvaOYBflPiT8RzzI5JcVi9aBexAoXFlJ3Y0Y-bo', globalAdmin=false}

2025-12-10 15:44:08,128 DEBUG auth start, request: PUT /nacos/v1/ns/instance/beat

2025-12-10 15:44:08,129 DEBUG auth permission: Permission{resource='Resource{namespaceId='seata', group='SEATA_GROUP', name='seata-server', type='naming', properties={action=w}}', action='w'}, nacosUser: NacosUser{token='eyJhbGciOiJIUzI1NiJ9.eyJzdWIiOiJuYWNvcyIsImV4cCI6MTc2NTM3MDI3N30.ek5qJvaOYBflPiT8RzzI5JcVi9aBexAoXFlJ3Y0Y-bo', globalAdmin=false}

2025-12-10 15:44:13,136 DEBUG auth start, request: PUT /nacos/v1/ns/instance/beat

2025-12-10 15:44:13,137 DEBUG auth permission: Permission{resource='Resource{namespaceId='seata', group='SEATA_GROUP', name='seata-server', type='naming', properties={action=w}}', action='w'}, nacosUser: NacosUser{token='eyJhbGciOiJIUzI1NiJ9.eyJzdWIiOiJuYWNvcyIsImV4cCI6MTc2NTM3MDI3N30.ek5qJvaOYBflPiT8RzzI5JcVi9aBexAoXFlJ3Y0Y-bo', globalAdmin=false}

2025-12-10 15:44:18,145 DEBUG auth start, request: PUT /nacos/v1/ns/instance/beat

2025-12-10 15:44:18,146 DEBUG auth permission: Permission{resource='Resource{namespaceId='seata', group='SEATA_GROUP', name='seata-server', type='naming', properties={action=w}}', action='w'}, nacosUser: NacosUser{token='eyJhbGciOiJIUzI1NiJ9.eyJzdWIiOiJuYWNvcyIsImV4cCI6MTc2NTM3MDI3N30.ek5qJvaOYBflPiT8RzzI5JcVi9aBexAoXFlJ3Y0Y-bo', globalAdmin=false}

2025-12-10 15:44:23,153 DEBUG auth start, request: PUT /nacos/v1/ns/instance/beat

2025-12-10 15:44:23,153 DEBUG auth permission: Permission{resource='Resource{namespaceId='seata', group='SEATA_GROUP', name='seata-server', type='naming', properties={action=w}}', action='w'}, nacosUser: NacosUser{token='eyJhbGciOiJIUzI1NiJ9.eyJzdWIiOiJuYWNvcyIsImV4cCI6MTc2NTM3MDI3N30.ek5qJvaOYBflPiT8RzzI5JcVi9aBexAoXFlJ3Y0Y-bo', globalAdmin=false}

2025-12-10 15:44:28,161 DEBUG auth start, request: PUT /nacos/v1/ns/instance/beat

2025-12-10 15:44:28,162 DEBUG auth permission: Permission{resource='Resource{namespaceId='seata', group='SEATA_GROUP', name='seata-server', type='naming', properties={action=w}}', action='w'}, nacosUser: NacosUser{token='eyJhbGciOiJIUzI1NiJ9.eyJzdWIiOiJuYWNvcyIsImV4cCI6MTc2NTM3MDI3N30.ek5qJvaOYBflPiT8RzzI5JcVi9aBexAoXFlJ3Y0Y-bo', globalAdmin=false}

2025-12-10 15:44:33,170 DEBUG auth start, request: PUT /nacos/v1/ns/instance/beat

2025-12-10 15:44:33,171 DEBUG auth permission: Permission{resource='Resource{namespaceId='seata', group='SEATA_GROUP', name='seata-server', type='naming', properties={action=w}}', action='w'}, nacosUser: NacosUser{token='eyJhbGciOiJIUzI1NiJ9.eyJzdWIiOiJuYWNvcyIsImV4cCI6MTc2NTM3MDI3N30.ek5qJvaOYBflPiT8RzzI5JcVi9aBexAoXFlJ3Y0Y-bo', globalAdmin=false}

2025-12-10 15:44:38,180 DEBUG auth start, request: PUT /nacos/v1/ns/instance/beat

2025-12-10 15:44:38,180 DEBUG auth permission: Permission{resource='Resource{namespaceId='seata', group='SEATA_GROUP', name='seata-server', type='naming', properties={action=w}}', action='w'}, nacosUser: NacosUser{token='eyJhbGciOiJIUzI1NiJ9.eyJzdWIiOiJuYWNvcyIsImV4cCI6MTc2NTM3MDI3N30.ek5qJvaOYBflPiT8RzzI5JcVi9aBexAoXFlJ3Y0Y-bo', globalAdmin=false}

2025-12-10 15:44:43,190 DEBUG auth start, request: PUT /nacos/v1/ns/instance/beat

2025-12-10 15:44:43,191 DEBUG auth permission: Permission{resource='Resource{namespaceId='seata', group='SEATA_GROUP', name='seata-server', type='naming', properties={action=w}}', action='w'}, nacosUser: NacosUser{token='eyJhbGciOiJIUzI1NiJ9.eyJzdWIiOiJuYWNvcyIsImV4cCI6MTc2NTM3MDI3N30.ek5qJvaOYBflPiT8RzzI5JcVi9aBexAoXFlJ3Y0Y-bo', globalAdmin=false}

2025-12-10 15:44:48,201 DEBUG auth start, request: PUT /nacos/v1/ns/instance/beat

2025-12-10 15:44:48,202 DEBUG auth permission: Permission{resource='Resource{namespaceId='seata', group='SEATA_GROUP', name='seata-server', type='naming', properties={action=w}}', action='w'}, nacosUser: NacosUser{token='eyJhbGciOiJIUzI1NiJ9.eyJzdWIiOiJuYWNvcyIsImV4cCI6MTc2NTM3MDI3N30.ek5qJvaOYBflPiT8RzzI5JcVi9aBexAoXFlJ3Y0Y-bo', globalAdmin=false}

2025-12-10 15:44:53,213 DEBUG auth start, request: PUT /nacos/v1/ns/instance/beat

2025-12-10 15:44:53,214 DEBUG auth permission: Permission{resource='Resource{namespaceId='seata', group='SEATA_GROUP', name='seata-server', type='naming', properties={action=w}}', action='w'}, nacosUser: NacosUser{token='eyJhbGciOiJIUzI1NiJ9.eyJzdWIiOiJuYWNvcyIsImV4cCI6MTc2NTM3MDI3N30.ek5qJvaOYBflPiT8RzzI5JcVi9aBexAoXFlJ3Y0Y-bo', globalAdmin=false}

2025-12-10 15:44:58,222 DEBUG auth start, request: PUT /nacos/v1/ns/instance/beat

2025-12-10 15:44:58,223 DEBUG auth permission: Permission{resource='Resource{namespaceId='seata', group='SEATA_GROUP', name='seata-server', type='naming', properties={action=w}}', action='w'}, nacosUser: NacosUser{token='eyJhbGciOiJIUzI1NiJ9.eyJzdWIiOiJuYWNvcyIsImV4cCI6MTc2NTM3MDI3N30.ek5qJvaOYBflPiT8RzzI5JcVi9aBexAoXFlJ3Y0Y-bo', globalAdmin=false}

2025-12-10 15:45:03,229 DEBUG auth start, request: PUT /nacos/v1/ns/instance/beat

2025-12-10 15:45:03,230 DEBUG auth permission: Permission{resource='Resource{namespaceId='seata', group='SEATA_GROUP', name='seata-server', type='naming', properties={action=w}}', action='w'}, nacosUser: NacosUser{token='eyJhbGciOiJIUzI1NiJ9.eyJzdWIiOiJuYWNvcyIsImV4cCI6MTc2NTM3MDI3N30.ek5qJvaOYBflPiT8RzzI5JcVi9aBexAoXFlJ3Y0Y-bo', globalAdmin=false}

2025-12-10 15:45:08,240 DEBUG auth start, request: PUT /nacos/v1/ns/instance/beat

2025-12-10 15:45:08,241 DEBUG auth permission: Permission{resource='Resource{namespaceId='seata', group='SEATA_GROUP', name='seata-server', type='naming', properties={action=w}}', action='w'}, nacosUser: NacosUser{token='eyJhbGciOiJIUzI1NiJ9.eyJzdWIiOiJuYWNvcyIsImV4cCI6MTc2NTM3MDI3N30.ek5qJvaOYBflPiT8RzzI5JcVi9aBexAoXFlJ3Y0Y-bo', globalAdmin=false}

2025-12-10 15:45:13,250 DEBUG auth start, request: PUT /nacos/v1/ns/instance/beat

2025-12-10 15:45:13,251 DEBUG auth permission: Permission{resource='Resource{namespaceId='seata', group='SEATA_GROUP', name='seata-server', type='naming', properties={action=w}}', action='w'}, nacosUser: NacosUser{token='eyJhbGciOiJIUzI1NiJ9.eyJzdWIiOiJuYWNvcyIsImV4cCI6MTc2NTM3MDI3N30.ek5qJvaOYBflPiT8RzzI5JcVi9aBexAoXFlJ3Y0Y-bo', globalAdmin=false}

2025-12-10 15:45:18,261 DEBUG auth start, request: PUT /nacos/v1/ns/instance/beat

2025-12-10 15:45:18,263 DEBUG auth permission: Permission{resource='Resource{namespaceId='seata', group='SEATA_GROUP', name='seata-server', type='naming', properties={action=w}}', action='w'}, nacosUser: NacosUser{token='eyJhbGciOiJIUzI1NiJ9.eyJzdWIiOiJuYWNvcyIsImV4cCI6MTc2NTM3MDI3N30.ek5qJvaOYBflPiT8RzzI5JcVi9aBexAoXFlJ3Y0Y-bo', globalAdmin=false}

2025-12-10 15:45:23,274 DEBUG auth start, request: PUT /nacos/v1/ns/instance/beat

2025-12-10 15:45:23,276 DEBUG auth permission: Permission{resource='Resource{namespaceId='seata', group='SEATA_GROUP', name='seata-server', type='naming', properties={action=w}}', action='w'}, nacosUser: NacosUser{token='eyJhbGciOiJIUzI1NiJ9.eyJzdWIiOiJuYWNvcyIsImV4cCI6MTc2NTM3MDI3N30.ek5qJvaOYBflPiT8RzzI5JcVi9aBexAoXFlJ3Y0Y-bo', globalAdmin=false}

2025-12-10 15:45:28,286 DEBUG auth start, request: PUT /nacos/v1/ns/instance/beat

2025-12-10 15:45:28,287 DEBUG auth permission: Permission{resource='Resource{namespaceId='seata', group='SEATA_GROUP', name='seata-server', type='naming', properties={action=w}}', action='w'}, nacosUser: NacosUser{token='eyJhbGciOiJIUzI1NiJ9.eyJzdWIiOiJuYWNvcyIsImV4cCI6MTc2NTM3MDI3N30.ek5qJvaOYBflPiT8RzzI5JcVi9aBexAoXFlJ3Y0Y-bo', globalAdmin=false}

2025-12-10 15:45:33,292 DEBUG auth start, request: PUT /nacos/v1/ns/instance/beat

2025-12-10 15:45:33,294 DEBUG auth permission: Permission{resource='Resource{namespaceId='seata', group='SEATA_GROUP', name='seata-server', type='naming', properties={action=w}}', action='w'}, nacosUser: NacosUser{token='eyJhbGciOiJIUzI1NiJ9.eyJzdWIiOiJuYWNvcyIsImV4cCI6MTc2NTM3MDI3N30.ek5qJvaOYBflPiT8RzzI5JcVi9aBexAoXFlJ3Y0Y-bo', globalAdmin=false}

2025-12-10 15:45:38,302 DEBUG auth start, request: PUT /nacos/v1/ns/instance/beat

2025-12-10 15:45:38,303 DEBUG auth permission: Permission{resource='Resource{namespaceId='seata', group='SEATA_GROUP', name='seata-server', type='naming', properties={action=w}}', action='w'}, nacosUser: NacosUser{token='eyJhbGciOiJIUzI1NiJ9.eyJzdWIiOiJuYWNvcyIsImV4cCI6MTc2NTM3MDI3N30.ek5qJvaOYBflPiT8RzzI5JcVi9aBexAoXFlJ3Y0Y-bo', globalAdmin=false}

2025-12-10 15:45:43,311 DEBUG auth start, request: PUT /nacos/v1/ns/instance/beat

2025-12-10 15:45:43,316 DEBUG auth permission: Permission{resource='Resource{namespaceId='seata', group='SEATA_GROUP', name='seata-server', type='naming', properties={action=w}}', action='w'}, nacosUser: NacosUser{token='eyJhbGciOiJIUzI1NiJ9.eyJzdWIiOiJuYWNvcyIsImV4cCI6MTc2NTM3MDI3N30.ek5qJvaOYBflPiT8RzzI5JcVi9aBexAoXFlJ3Y0Y-bo', globalAdmin=false}

2025-12-10 15:45:48,326 DEBUG auth start, request: PUT /nacos/v1/ns/instance/beat

2025-12-10 15:45:48,328 DEBUG auth permission: Permission{resource='Resource{namespaceId='seata', group='SEATA_GROUP', name='seata-server', type='naming', properties={action=w}}', action='w'}, nacosUser: NacosUser{token='eyJhbGciOiJIUzI1NiJ9.eyJzdWIiOiJuYWNvcyIsImV4cCI6MTc2NTM3MDI3N30.ek5qJvaOYBflPiT8RzzI5JcVi9aBexAoXFlJ3Y0Y-bo', globalAdmin=false}

2025-12-10 15:45:53,336 DEBUG auth start, request: PUT /nacos/v1/ns/instance/beat

2025-12-10 15:45:53,337 DEBUG auth permission: Permission{resource='Resource{namespaceId='seata', group='SEATA_GROUP', name='seata-server', type='naming', properties={action=w}}', action='w'}, nacosUser: NacosUser{token='eyJhbGciOiJIUzI1NiJ9.eyJzdWIiOiJuYWNvcyIsImV4cCI6MTc2NTM3MDI3N30.ek5qJvaOYBflPiT8RzzI5JcVi9aBexAoXFlJ3Y0Y-bo', globalAdmin=false}

2025-12-10 15:45:58,346 DEBUG auth start, request: PUT /nacos/v1/ns/instance/beat

2025-12-10 15:45:58,348 DEBUG auth permission: Permission{resource='Resource{namespaceId='seata', group='SEATA_GROUP', name='seata-server', type='naming', properties={action=w}}', action='w'}, nacosUser: NacosUser{token='eyJhbGciOiJIUzI1NiJ9.eyJzdWIiOiJuYWNvcyIsImV4cCI6MTc2NTM3MDI3N30.ek5qJvaOYBflPiT8RzzI5JcVi9aBexAoXFlJ3Y0Y-bo', globalAdmin=false}

2025-12-10 15:46:03,358 DEBUG auth start, request: PUT /nacos/v1/ns/instance/beat

2025-12-10 15:46:03,359 DEBUG auth permission: Permission{resource='Resource{namespaceId='seata', group='SEATA_GROUP', name='seata-server', type='naming', properties={action=w}}', action='w'}, nacosUser: NacosUser{token='eyJhbGciOiJIUzI1NiJ9.eyJzdWIiOiJuYWNvcyIsImV4cCI6MTc2NTM3MDI3N30.ek5qJvaOYBflPiT8RzzI5JcVi9aBexAoXFlJ3Y0Y-bo', globalAdmin=false}

2025-12-10 15:46:08,369 DEBUG auth start, request: PUT /nacos/v1/ns/instance/beat

2025-12-10 15:46:08,370 DEBUG auth permission: Permission{resource='Resource{namespaceId='seata', group='SEATA_GROUP', name='seata-server', type='naming', properties={action=w}}', action='w'}, nacosUser: NacosUser{token='eyJhbGciOiJIUzI1NiJ9.eyJzdWIiOiJuYWNvcyIsImV4cCI6MTc2NTM3MDI3N30.ek5qJvaOYBflPiT8RzzI5JcVi9aBexAoXFlJ3Y0Y-bo', globalAdmin=false}

2025-12-10 15:46:13,377 DEBUG auth start, request: PUT /nacos/v1/ns/instance/beat

2025-12-10 15:46:13,377 DEBUG auth permission: Permission{resource='Resource{namespaceId='seata', group='SEATA_GROUP', name='seata-server', type='naming', properties={action=w}}', action='w'}, nacosUser: NacosUser{token='eyJhbGciOiJIUzI1NiJ9.eyJzdWIiOiJuYWNvcyIsImV4cCI6MTc2NTM3MDI3N30.ek5qJvaOYBflPiT8RzzI5JcVi9aBexAoXFlJ3Y0Y-bo', globalAdmin=false}

2025-12-10 15:46:18,384 DEBUG auth start, request: PUT /nacos/v1/ns/instance/beat

2025-12-10 15:46:18,385 DEBUG auth permission: Permission{resource='Resource{namespaceId='seata', group='SEATA_GROUP', name='seata-server', type='naming', properties={action=w}}', action='w'}, nacosUser: NacosUser{token='eyJhbGciOiJIUzI1NiJ9.eyJzdWIiOiJuYWNvcyIsImV4cCI6MTc2NTM3MDI3N30.ek5qJvaOYBflPiT8RzzI5JcVi9aBexAoXFlJ3Y0Y-bo', globalAdmin=false}

2025-12-10 15:46:23,394 DEBUG auth start, request: PUT /nacos/v1/ns/instance/beat

2025-12-10 15:46:23,394 DEBUG auth permission: Permission{resource='Resource{namespaceId='seata', group='SEATA_GROUP', name='seata-server', type='naming', properties={action=w}}', action='w'}, nacosUser: NacosUser{token='eyJhbGciOiJIUzI1NiJ9.eyJzdWIiOiJuYWNvcyIsImV4cCI6MTc2NTM3MDI3N30.ek5qJvaOYBflPiT8RzzI5JcVi9aBexAoXFlJ3Y0Y-bo', globalAdmin=false}

2025-12-10 15:46:28,403 DEBUG auth start, request: PUT /nacos/v1/ns/instance/beat

2025-12-10 15:46:28,404 DEBUG auth permission: Permission{resource='Resource{namespaceId='seata', group='SEATA_GROUP', name='seata-server', type='naming', properties={action=w}}', action='w'}, nacosUser: NacosUser{token='eyJhbGciOiJIUzI1NiJ9.eyJzdWIiOiJuYWNvcyIsImV4cCI6MTc2NTM3MDI3N30.ek5qJvaOYBflPiT8RzzI5JcVi9aBexAoXFlJ3Y0Y-bo', globalAdmin=false}

2025-12-10 15:46:33,410 DEBUG auth start, request: PUT /nacos/v1/ns/instance/beat

2025-12-10 15:46:33,412 DEBUG auth permission: Permission{resource='Resource{namespaceId='seata', group='SEATA_GROUP', name='seata-server', type='naming', properties={action=w}}', action='w'}, nacosUser: NacosUser{token='eyJhbGciOiJIUzI1NiJ9.eyJzdWIiOiJuYWNvcyIsImV4cCI6MTc2NTM3MDI3N30.ek5qJvaOYBflPiT8RzzI5JcVi9aBexAoXFlJ3Y0Y-bo', globalAdmin=false}

2025-12-10 15:46:38,420 DEBUG auth start, request: PUT /nacos/v1/ns/instance/beat

2025-12-10 15:46:38,421 DEBUG auth permission: Permission{resource='Resource{namespaceId='seata', group='SEATA_GROUP', name='seata-server', type='naming', properties={action=w}}', action='w'}, nacosUser: NacosUser{token='eyJhbGciOiJIUzI1NiJ9.eyJzdWIiOiJuYWNvcyIsImV4cCI6MTc2NTM3MDI3N30.ek5qJvaOYBflPiT8RzzI5JcVi9aBexAoXFlJ3Y0Y-bo', globalAdmin=false}

2025-12-10 15:46:43,429 DEBUG auth start, request: PUT /nacos/v1/ns/instance/beat

2025-12-10 15:46:43,431 DEBUG auth permission: Permission{resource='Resource{namespaceId='seata', group='SEATA_GROUP', name='seata-server', type='naming', properties={action=w}}', action='w'}, nacosUser: NacosUser{token='eyJhbGciOiJIUzI1NiJ9.eyJzdWIiOiJuYWNvcyIsImV4cCI6MTc2NTM3MDI3N30.ek5qJvaOYBflPiT8RzzI5JcVi9aBexAoXFlJ3Y0Y-bo', globalAdmin=false}

2025-12-10 15:46:48,442 DEBUG auth start, request: PUT /nacos/v1/ns/instance/beat

2025-12-10 15:46:48,444 DEBUG auth permission: Permission{resource='Resource{namespaceId='seata', group='SEATA_GROUP', name='seata-server', type='naming', properties={action=w}}', action='w'}, nacosUser: NacosUser{token='eyJhbGciOiJIUzI1NiJ9.eyJzdWIiOiJuYWNvcyIsImV4cCI6MTc2NTM3MDI3N30.ek5qJvaOYBflPiT8RzzI5JcVi9aBexAoXFlJ3Y0Y-bo', globalAdmin=false}

2025-12-10 15:46:53,453 DEBUG auth start, request: PUT /nacos/v1/ns/instance/beat

2025-12-10 15:46:53,455 DEBUG auth permission: Permission{resource='Resource{namespaceId='seata', group='SEATA_GROUP', name='seata-server', type='naming', properties={action=w}}', action='w'}, nacosUser: NacosUser{token='eyJhbGciOiJIUzI1NiJ9.eyJzdWIiOiJuYWNvcyIsImV4cCI6MTc2NTM3MDI3N30.ek5qJvaOYBflPiT8RzzI5JcVi9aBexAoXFlJ3Y0Y-bo', globalAdmin=false}

2025-12-10 15:46:58,468 DEBUG auth start, request: PUT /nacos/v1/ns/instance/beat

2025-12-10 15:46:58,470 DEBUG auth permission: Permission{resource='Resource{namespaceId='seata', group='SEATA_GROUP', name='seata-server', type='naming', properties={action=w}}', action='w'}, nacosUser: NacosUser{token='eyJhbGciOiJIUzI1NiJ9.eyJzdWIiOiJuYWNvcyIsImV4cCI6MTc2NTM3MDI3N30.ek5qJvaOYBflPiT8RzzI5JcVi9aBexAoXFlJ3Y0Y-bo', globalAdmin=false}

2025-12-10 15:47:03,482 DEBUG auth start, request: PUT /nacos/v1/ns/instance/beat

2025-12-10 15:47:03,483 DEBUG auth permission: Permission{resource='Resource{namespaceId='seata', group='SEATA_GROUP', name='seata-server', type='naming', properties={action=w}}', action='w'}, nacosUser: NacosUser{token='eyJhbGciOiJIUzI1NiJ9.eyJzdWIiOiJuYWNvcyIsImV4cCI6MTc2NTM3MDI3N30.ek5qJvaOYBflPiT8RzzI5JcVi9aBexAoXFlJ3Y0Y-bo', globalAdmin=false}

2025-12-10 15:47:08,492 DEBUG auth start, request: PUT /nacos/v1/ns/instance/beat

2025-12-10 15:47:08,494 DEBUG auth permission: Permission{resource='Resource{namespaceId='seata', group='SEATA_GROUP', name='seata-server', type='naming', properties={action=w}}', action='w'}, nacosUser: NacosUser{token='eyJhbGciOiJIUzI1NiJ9.eyJzdWIiOiJuYWNvcyIsImV4cCI6MTc2NTM3MDI3N30.ek5qJvaOYBflPiT8RzzI5JcVi9aBexAoXFlJ3Y0Y-bo', globalAdmin=false}

2025-12-10 15:47:13,504 DEBUG auth start, request: PUT /nacos/v1/ns/instance/beat

2025-12-10 15:47:13,505 DEBUG auth permission: Permission{resource='Resource{namespaceId='seata', group='SEATA_GROUP', name='seata-server', type='naming', properties={action=w}}', action='w'}, nacosUser: NacosUser{token='eyJhbGciOiJIUzI1NiJ9.eyJzdWIiOiJuYWNvcyIsImV4cCI6MTc2NTM3MDI3N30.ek5qJvaOYBflPiT8RzzI5JcVi9aBexAoXFlJ3Y0Y-bo', globalAdmin=false}

2025-12-10 15:47:18,514 DEBUG auth start, request: PUT /nacos/v1/ns/instance/beat

2025-12-10 15:47:18,515 DEBUG auth permission: Permission{resource='Resource{namespaceId='seata', group='SEATA_GROUP', name='seata-server', type='naming', properties={action=w}}', action='w'}, nacosUser: NacosUser{token='eyJhbGciOiJIUzI1NiJ9.eyJzdWIiOiJuYWNvcyIsImV4cCI6MTc2NTM3MDI3N30.ek5qJvaOYBflPiT8RzzI5JcVi9aBexAoXFlJ3Y0Y-bo', globalAdmin=false}

2025-12-10 15:47:23,525 DEBUG auth start, request: PUT /nacos/v1/ns/instance/beat

2025-12-10 15:47:23,525 DEBUG auth permission: Permission{resource='Resource{namespaceId='seata', group='SEATA_GROUP', name='seata-server', type='naming', properties={action=w}}', action='w'}, nacosUser: NacosUser{token='eyJhbGciOiJIUzI1NiJ9.eyJzdWIiOiJuYWNvcyIsImV4cCI6MTc2NTM3MDI3N30.ek5qJvaOYBflPiT8RzzI5JcVi9aBexAoXFlJ3Y0Y-bo', globalAdmin=false}

2025-12-10 15:47:28,533 DEBUG auth start, request: PUT /nacos/v1/ns/instance/beat

2025-12-10 15:47:28,534 DEBUG auth permission: Permission{resource='Resource{namespaceId='seata', group='SEATA_GROUP', name='seata-server', type='naming', properties={action=w}}', action='w'}, nacosUser: NacosUser{token='eyJhbGciOiJIUzI1NiJ9.eyJzdWIiOiJuYWNvcyIsImV4cCI6MTc2NTM3MDI3N30.ek5qJvaOYBflPiT8RzzI5JcVi9aBexAoXFlJ3Y0Y-bo', globalAdmin=false}

2025-12-10 15:47:33,540 DEBUG auth start, request: PUT /nacos/v1/ns/instance/beat

2025-12-10 15:47:33,541 DEBUG auth permission: Permission{resource='Resource{namespaceId='seata', group='SEATA_GROUP', name='seata-server', type='naming', properties={action=w}}', action='w'}, nacosUser: NacosUser{token='eyJhbGciOiJIUzI1NiJ9.eyJzdWIiOiJuYWNvcyIsImV4cCI6MTc2NTM3MDI3N30.ek5qJvaOYBflPiT8RzzI5JcVi9aBexAoXFlJ3Y0Y-bo', globalAdmin=false}

2025-12-10 15:47:38,551 DEBUG auth start, request: PUT /nacos/v1/ns/instance/beat

2025-12-10 15:47:38,552 DEBUG auth permission: Permission{resource='Resource{namespaceId='seata', group='SEATA_GROUP', name='seata-server', type='naming', properties={action=w}}', action='w'}, nacosUser: NacosUser{token='eyJhbGciOiJIUzI1NiJ9.eyJzdWIiOiJuYWNvcyIsImV4cCI6MTc2NTM3MDI3N30.ek5qJvaOYBflPiT8RzzI5JcVi9aBexAoXFlJ3Y0Y-bo', globalAdmin=false}

2025-12-10 15:47:43,560 DEBUG auth start, request: PUT /nacos/v1/ns/instance/beat

2025-12-10 15:47:43,561 DEBUG auth permission: Permission{resource='Resource{namespaceId='seata', group='SEATA_GROUP', name='seata-server', type='naming', properties={action=w}}', action='w'}, nacosUser: NacosUser{token='eyJhbGciOiJIUzI1NiJ9.eyJzdWIiOiJuYWNvcyIsImV4cCI6MTc2NTM3MDI3N30.ek5qJvaOYBflPiT8RzzI5JcVi9aBexAoXFlJ3Y0Y-bo', globalAdmin=false}

2025-12-10 15:47:48,570 DEBUG auth start, request: PUT /nacos/v1/ns/instance/beat

2025-12-10 15:47:48,572 DEBUG auth permission: Permission{resource='Resource{namespaceId='seata', group='SEATA_GROUP', name='seata-server', type='naming', properties={action=w}}', action='w'}, nacosUser: NacosUser{token='eyJhbGciOiJIUzI1NiJ9.eyJzdWIiOiJuYWNvcyIsImV4cCI6MTc2NTM3MDI3N30.ek5qJvaOYBflPiT8RzzI5JcVi9aBexAoXFlJ3Y0Y-bo', globalAdmin=false}

2025-12-10 15:47:53,582 DEBUG auth start, request: PUT /nacos/v1/ns/instance/beat

2025-12-10 15:47:53,583 DEBUG auth permission: Permission{resource='Resource{namespaceId='seata', group='SEATA_GROUP', name='seata-server', type='naming', properties={action=w}}', action='w'}, nacosUser: NacosUser{token='eyJhbGciOiJIUzI1NiJ9.eyJzdWIiOiJuYWNvcyIsImV4cCI6MTc2NTM3MDI3N30.ek5qJvaOYBflPiT8RzzI5JcVi9aBexAoXFlJ3Y0Y-bo', globalAdmin=false}

2025-12-10 15:47:58,594 DEBUG auth start, request: PUT /nacos/v1/ns/instance/beat

2025-12-10 15:47:58,595 DEBUG auth permission: Permission{resource='Resource{namespaceId='seata', group='SEATA_GROUP', name='seata-server', type='naming', properties={action=w}}', action='w'}, nacosUser: NacosUser{token='eyJhbGciOiJIUzI1NiJ9.eyJzdWIiOiJuYWNvcyIsImV4cCI6MTc2NTM3MDI3N30.ek5qJvaOYBflPiT8RzzI5JcVi9aBexAoXFlJ3Y0Y-bo', globalAdmin=false}

2025-12-10 15:48:03,602 DEBUG auth start, request: PUT /nacos/v1/ns/instance/beat

2025-12-10 15:48:03,603 DEBUG auth permission: Permission{resource='Resource{namespaceId='seata', group='SEATA_GROUP', name='seata-server', type='naming', properties={action=w}}', action='w'}, nacosUser: NacosUser{token='eyJhbGciOiJIUzI1NiJ9.eyJzdWIiOiJuYWNvcyIsImV4cCI6MTc2NTM3MDI3N30.ek5qJvaOYBflPiT8RzzI5JcVi9aBexAoXFlJ3Y0Y-bo', globalAdmin=false}

2025-12-10 15:48:08,613 DEBUG auth start, request: PUT /nacos/v1/ns/instance/beat

2025-12-10 15:48:08,614 DEBUG auth permission: Permission{resource='Resource{namespaceId='seata', group='SEATA_GROUP', name='seata-server', type='naming', properties={action=w}}', action='w'}, nacosUser: NacosUser{token='eyJhbGciOiJIUzI1NiJ9.eyJzdWIiOiJuYWNvcyIsImV4cCI6MTc2NTM3MDI3N30.ek5qJvaOYBflPiT8RzzI5JcVi9aBexAoXFlJ3Y0Y-bo', globalAdmin=false}

2025-12-10 15:48:13,624 DEBUG auth start, request: PUT /nacos/v1/ns/instance/beat

2025-12-10 15:48:13,625 DEBUG auth permission: Permission{resource='Resource{namespaceId='seata', group='SEATA_GROUP', name='seata-server', type='naming', properties={action=w}}', action='w'}, nacosUser: NacosUser{token='eyJhbGciOiJIUzI1NiJ9.eyJzdWIiOiJuYWNvcyIsImV4cCI6MTc2NTM3MDI3N30.ek5qJvaOYBflPiT8RzzI5JcVi9aBexAoXFlJ3Y0Y-bo', globalAdmin=false}

2025-12-10 15:48:18,635 DEBUG auth start, request: PUT /nacos/v1/ns/instance/beat

2025-12-10 15:48:18,636 DEBUG auth permission: Permission{resource='Resource{namespaceId='seata', group='SEATA_GROUP', name='seata-server', type='naming', properties={action=w}}', action='w'}, nacosUser: NacosUser{token='eyJhbGciOiJIUzI1NiJ9.eyJzdWIiOiJuYWNvcyIsImV4cCI6MTc2NTM3MDI3N30.ek5qJvaOYBflPiT8RzzI5JcVi9aBexAoXFlJ3Y0Y-bo', globalAdmin=false}

2025-12-10 15:48:23,648 DEBUG auth start, request: PUT /nacos/v1/ns/instance/beat

2025-12-10 15:48:23,649 DEBUG auth permission: Permission{resource='Resource{namespaceId='seata', group='SEATA_GROUP', name='seata-server', type='naming', properties={action=w}}', action='w'}, nacosUser: NacosUser{token='eyJhbGciOiJIUzI1NiJ9.eyJzdWIiOiJuYWNvcyIsImV4cCI6MTc2NTM3MDI3N30.ek5qJvaOYBflPiT8RzzI5JcVi9aBexAoXFlJ3Y0Y-bo', globalAdmin=false}

2025-12-10 15:48:28,660 DEBUG auth start, request: PUT /nacos/v1/ns/instance/beat

2025-12-10 15:48:28,661 DEBUG auth permission: Permission{resource='Resource{namespaceId='seata', group='SEATA_GROUP', name='seata-server', type='naming', properties={action=w}}', action='w'}, nacosUser: NacosUser{token='eyJhbGciOiJIUzI1NiJ9.eyJzdWIiOiJuYWNvcyIsImV4cCI6MTc2NTM3MDI3N30.ek5qJvaOYBflPiT8RzzI5JcVi9aBexAoXFlJ3Y0Y-bo', globalAdmin=false}

2025-12-10 15:48:33,671 DEBUG auth start, request: PUT /nacos/v1/ns/instance/beat

2025-12-10 15:48:33,673 DEBUG auth permission: Permission{resource='Resource{namespaceId='seata', group='SEATA_GROUP', name='seata-server', type='naming', properties={action=w}}', action='w'}, nacosUser: NacosUser{token='eyJhbGciOiJIUzI1NiJ9.eyJzdWIiOiJuYWNvcyIsImV4cCI6MTc2NTM3MDI3N30.ek5qJvaOYBflPiT8RzzI5JcVi9aBexAoXFlJ3Y0Y-bo', globalAdmin=false}

2025-12-10 15:48:38,680 DEBUG auth start, request: PUT /nacos/v1/ns/instance/beat

2025-12-10 15:48:38,681 DEBUG auth permission: Permission{resource='Resource{namespaceId='seata', group='SEATA_GROUP', name='seata-server', type='naming', properties={action=w}}', action='w'}, nacosUser: NacosUser{token='eyJhbGciOiJIUzI1NiJ9.eyJzdWIiOiJuYWNvcyIsImV4cCI6MTc2NTM3MDI3N30.ek5qJvaOYBflPiT8RzzI5JcVi9aBexAoXFlJ3Y0Y-bo', globalAdmin=false}

2025-12-10 15:48:43,689 DEBUG auth start, request: PUT /nacos/v1/ns/instance/beat

2025-12-10 15:48:43,691 DEBUG auth permission: Permission{resource='Resource{namespaceId='seata', group='SEATA_GROUP', name='seata-server', type='naming', properties={action=w}}', action='w'}, nacosUser: NacosUser{token='eyJhbGciOiJIUzI1NiJ9.eyJzdWIiOiJuYWNvcyIsImV4cCI6MTc2NTM3MDI3N30.ek5qJvaOYBflPiT8RzzI5JcVi9aBexAoXFlJ3Y0Y-bo', globalAdmin=false}

2025-12-10 15:48:48,707 DEBUG auth start, request: PUT /nacos/v1/ns/instance/beat

2025-12-10 15:48:48,708 DEBUG auth permission: Permission{resource='Resource{namespaceId='seata', group='SEATA_GROUP', name='seata-server', type='naming', properties={action=w}}', action='w'}, nacosUser: NacosUser{token='eyJhbGciOiJIUzI1NiJ9.eyJzdWIiOiJuYWNvcyIsImV4cCI6MTc2NTM3MDI3N30.ek5qJvaOYBflPiT8RzzI5JcVi9aBexAoXFlJ3Y0Y-bo', globalAdmin=false}

2025-12-10 15:48:53,716 DEBUG auth start, request: PUT /nacos/v1/ns/instance/beat

2025-12-10 15:48:53,717 DEBUG auth permission: Permission{resource='Resource{namespaceId='seata', group='SEATA_GROUP', name='seata-server', type='naming', properties={action=w}}', action='w'}, nacosUser: NacosUser{token='eyJhbGciOiJIUzI1NiJ9.eyJzdWIiOiJuYWNvcyIsImV4cCI6MTc2NTM3MDI3N30.ek5qJvaOYBflPiT8RzzI5JcVi9aBexAoXFlJ3Y0Y-bo', globalAdmin=false}

2025-12-10 15:48:58,725 DEBUG auth start, request: PUT /nacos/v1/ns/instance/beat

2025-12-10 15:48:58,727 DEBUG auth permission: Permission{resource='Resource{namespaceId='seata', group='SEATA_GROUP', name='seata-server', type='naming', properties={action=w}}', action='w'}, nacosUser: NacosUser{token='eyJhbGciOiJIUzI1NiJ9.eyJzdWIiOiJuYWNvcyIsImV4cCI6MTc2NTM3MDI3N30.ek5qJvaOYBflPiT8RzzI5JcVi9aBexAoXFlJ3Y0Y-bo', globalAdmin=false}

2025-12-10 15:49:03,738 DEBUG auth start, request: PUT /nacos/v1/ns/instance/beat

2025-12-10 15:49:03,739 DEBUG auth permission: Permission{resource='Resource{namespaceId='seata', group='SEATA_GROUP', name='seata-server', type='naming', properties={action=w}}', action='w'}, nacosUser: NacosUser{token='eyJhbGciOiJIUzI1NiJ9.eyJzdWIiOiJuYWNvcyIsImV4cCI6MTc2NTM3MDI3N30.ek5qJvaOYBflPiT8RzzI5JcVi9aBexAoXFlJ3Y0Y-bo', globalAdmin=false}

2025-12-10 15:49:08,750 DEBUG auth start, request: PUT /nacos/v1/ns/instance/beat

2025-12-10 15:49:08,752 DEBUG auth permission: Permission{resource='Resource{namespaceId='seata', group='SEATA_GROUP', name='seata-server', type='naming', properties={action=w}}', action='w'}, nacosUser: NacosUser{token='eyJhbGciOiJIUzI1NiJ9.eyJzdWIiOiJuYWNvcyIsImV4cCI6MTc2NTM3MDI3N30.ek5qJvaOYBflPiT8RzzI5JcVi9aBexAoXFlJ3Y0Y-bo', globalAdmin=false}

2025-12-10 15:49:13,760 DEBUG auth start, request: PUT /nacos/v1/ns/instance/beat

2025-12-10 15:49:13,762 DEBUG auth permission: Permission{resource='Resource{namespaceId='seata', group='SEATA_GROUP', name='seata-server', type='naming', properties={action=w}}', action='w'}, nacosUser: NacosUser{token='eyJhbGciOiJIUzI1NiJ9.eyJzdWIiOiJuYWNvcyIsImV4cCI6MTc2NTM3MDI3N30.ek5qJvaOYBflPiT8RzzI5JcVi9aBexAoXFlJ3Y0Y-bo', globalAdmin=false}

2025-12-10 15:49:18,779 DEBUG auth start, request: PUT /nacos/v1/ns/instance/beat

2025-12-10 15:49:18,780 DEBUG auth permission: Permission{resource='Resource{namespaceId='seata', group='SEATA_GROUP', name='seata-server', type='naming', properties={action=w}}', action='w'}, nacosUser: NacosUser{token='eyJhbGciOiJIUzI1NiJ9.eyJzdWIiOiJuYWNvcyIsImV4cCI6MTc2NTM3MDI3N30.ek5qJvaOYBflPiT8RzzI5JcVi9aBexAoXFlJ3Y0Y-bo', globalAdmin=false}

2025-12-10 15:49:23,793 DEBUG auth start, request: PUT /nacos/v1/ns/instance/beat

2025-12-10 15:49:23,794 DEBUG auth permission: Permission{resource='Resource{namespaceId='seata', group='SEATA_GROUP', name='seata-server', type='naming', properties={action=w}}', action='w'}, nacosUser: NacosUser{token='eyJhbGciOiJIUzI1NiJ9.eyJzdWIiOiJuYWNvcyIsImV4cCI6MTc2NTM3MDI3N30.ek5qJvaOYBflPiT8RzzI5JcVi9aBexAoXFlJ3Y0Y-bo', globalAdmin=false}

2025-12-10 15:49:28,803 DEBUG auth start, request: PUT /nacos/v1/ns/instance/beat

2025-12-10 15:49:28,805 DEBUG auth permission: Permission{resource='Resource{namespaceId='seata', group='SEATA_GROUP', name='seata-server', type='naming', properties={action=w}}', action='w'}, nacosUser: NacosUser{token='eyJhbGciOiJIUzI1NiJ9.eyJzdWIiOiJuYWNvcyIsImV4cCI6MTc2NTM3MDI3N30.ek5qJvaOYBflPiT8RzzI5JcVi9aBexAoXFlJ3Y0Y-bo', globalAdmin=false}

2025-12-10 15:49:33,815 DEBUG auth start, request: PUT /nacos/v1/ns/instance/beat

2025-12-10 15:49:33,816 DEBUG auth permission: Permission{resource='Resource{namespaceId='seata', group='SEATA_GROUP', name='seata-server', type='naming', properties={action=w}}', action='w'}, nacosUser: NacosUser{token='eyJhbGciOiJIUzI1NiJ9.eyJzdWIiOiJuYWNvcyIsImV4cCI6MTc2NTM3MDI3N30.ek5qJvaOYBflPiT8RzzI5JcVi9aBexAoXFlJ3Y0Y-bo', globalAdmin=false}

2025-12-10 15:49:38,825 DEBUG auth start, request: PUT /nacos/v1/ns/instance/beat

2025-12-10 15:49:38,826 DEBUG auth permission: Permission{resource='Resource{namespaceId='seata', group='SEATA_GROUP', name='seata-server', type='naming', properties={action=w}}', action='w'}, nacosUser: NacosUser{token='eyJhbGciOiJIUzI1NiJ9.eyJzdWIiOiJuYWNvcyIsImV4cCI6MTc2NTM3MDI3N30.ek5qJvaOYBflPiT8RzzI5JcVi9aBexAoXFlJ3Y0Y-bo', globalAdmin=false}

2025-12-10 15:49:43,832 DEBUG auth start, request: PUT /nacos/v1/ns/instance/beat

2025-12-10 15:49:43,834 DEBUG auth permission: Permission{resource='Resource{namespaceId='seata', group='SEATA_GROUP', name='seata-server', type='naming', properties={action=w}}', action='w'}, nacosUser: NacosUser{token='eyJhbGciOiJIUzI1NiJ9.eyJzdWIiOiJuYWNvcyIsImV4cCI6MTc2NTM3MDI3N30.ek5qJvaOYBflPiT8RzzI5JcVi9aBexAoXFlJ3Y0Y-bo', globalAdmin=false}

2025-12-10 15:49:48,846 DEBUG auth start, request: PUT /nacos/v1/ns/instance/beat

2025-12-10 15:49:48,847 DEBUG auth permission: Permission{resource='Resource{namespaceId='seata', group='SEATA_GROUP', name='seata-server', type='naming', properties={action=w}}', action='w'}, nacosUser: NacosUser{token='eyJhbGciOiJIUzI1NiJ9.eyJzdWIiOiJuYWNvcyIsImV4cCI6MTc2NTM3MDI3N30.ek5qJvaOYBflPiT8RzzI5JcVi9aBexAoXFlJ3Y0Y-bo', globalAdmin=false}

2025-12-10 15:49:53,853 DEBUG auth start, request: PUT /nacos/v1/ns/instance/beat

2025-12-10 15:49:53,854 DEBUG auth permission: Permission{resource='Resource{namespaceId='seata', group='SEATA_GROUP', name='seata-server', type='naming', properties={action=w}}', action='w'}, nacosUser: NacosUser{token='eyJhbGciOiJIUzI1NiJ9.eyJzdWIiOiJuYWNvcyIsImV4cCI6MTc2NTM3MDI3N30.ek5qJvaOYBflPiT8RzzI5JcVi9aBexAoXFlJ3Y0Y-bo', globalAdmin=false}

2025-12-10 15:49:58,863 DEBUG auth start, request: PUT /nacos/v1/ns/instance/beat

2025-12-10 15:49:58,864 DEBUG auth permission: Permission{resource='Resource{namespaceId='seata', group='SEATA_GROUP', name='seata-server', type='naming', properties={action=w}}', action='w'}, nacosUser: NacosUser{token='eyJhbGciOiJIUzI1NiJ9.eyJzdWIiOiJuYWNvcyIsImV4cCI6MTc2NTM3MDI3N30.ek5qJvaOYBflPiT8RzzI5JcVi9aBexAoXFlJ3Y0Y-bo', globalAdmin=false}

2025-12-10 15:50:03,870 DEBUG auth start, request: PUT /nacos/v1/ns/instance/beat

2025-12-10 15:50:03,871 DEBUG auth permission: Permission{resource='Resource{namespaceId='seata', group='SEATA_GROUP', name='seata-server', type='naming', properties={action=w}}', action='w'}, nacosUser: NacosUser{token='eyJhbGciOiJIUzI1NiJ9.eyJzdWIiOiJuYWNvcyIsImV4cCI6MTc2NTM3MDI3N30.ek5qJvaOYBflPiT8RzzI5JcVi9aBexAoXFlJ3Y0Y-bo', globalAdmin=false}

2025-12-10 15:50:08,879 DEBUG auth start, request: PUT /nacos/v1/ns/instance/beat

2025-12-10 15:50:08,881 DEBUG auth permission: Permission{resource='Resource{namespaceId='seata', group='SEATA_GROUP', name='seata-server', type='naming', properties={action=w}}', action='w'}, nacosUser: NacosUser{token='eyJhbGciOiJIUzI1NiJ9.eyJzdWIiOiJuYWNvcyIsImV4cCI6MTc2NTM3MDI3N30.ek5qJvaOYBflPiT8RzzI5JcVi9aBexAoXFlJ3Y0Y-bo', globalAdmin=false}

2025-12-10 15:50:13,890 DEBUG auth start, request: PUT /nacos/v1/ns/instance/beat

2025-12-10 15:50:13,891 DEBUG auth permission: Permission{resource='Resource{namespaceId='seata', group='SEATA_GROUP', name='seata-server', type='naming', properties={action=w}}', action='w'}, nacosUser: NacosUser{token='eyJhbGciOiJIUzI1NiJ9.eyJzdWIiOiJuYWNvcyIsImV4cCI6MTc2NTM3MDI3N30.ek5qJvaOYBflPiT8RzzI5JcVi9aBexAoXFlJ3Y0Y-bo', globalAdmin=false}

2025-12-10 15:50:18,901 DEBUG auth start, request: PUT /nacos/v1/ns/instance/beat

2025-12-10 15:50:18,902 DEBUG auth permission: Permission{resource='Resource{namespaceId='seata', group='SEATA_GROUP', name='seata-server', type='naming', properties={action=w}}', action='w'}, nacosUser: NacosUser{token='eyJhbGciOiJIUzI1NiJ9.eyJzdWIiOiJuYWNvcyIsImV4cCI6MTc2NTM3MDI3N30.ek5qJvaOYBflPiT8RzzI5JcVi9aBexAoXFlJ3Y0Y-bo', globalAdmin=false}

2025-12-10 15:50:23,918 DEBUG auth start, request: PUT /nacos/v1/ns/instance/beat

2025-12-10 15:50:23,920 DEBUG auth permission: Permission{resource='Resource{namespaceId='seata', group='SEATA_GROUP', name='seata-server', type='naming', properties={action=w}}', action='w'}, nacosUser: NacosUser{token='eyJhbGciOiJIUzI1NiJ9.eyJzdWIiOiJuYWNvcyIsImV4cCI6MTc2NTM3MDI3N30.ek5qJvaOYBflPiT8RzzI5JcVi9aBexAoXFlJ3Y0Y-bo', globalAdmin=false}

2025-12-10 15:50:28,936 DEBUG auth start, request: PUT /nacos/v1/ns/instance/beat

2025-12-10 15:50:28,937 DEBUG auth permission: Permission{resource='Resource{namespaceId='seata', group='SEATA_GROUP', name='seata-server', type='naming', properties={action=w}}', action='w'}, nacosUser: NacosUser{token='eyJhbGciOiJIUzI1NiJ9.eyJzdWIiOiJuYWNvcyIsImV4cCI6MTc2NTM3MDI3N30.ek5qJvaOYBflPiT8RzzI5JcVi9aBexAoXFlJ3Y0Y-bo', globalAdmin=false}

2025-12-10 15:50:33,950 DEBUG auth start, request: PUT /nacos/v1/ns/instance/beat

2025-12-10 15:50:33,950 DEBUG auth permission: Permission{resource='Resource{namespaceId='seata', group='SEATA_GROUP', name='seata-server', type='naming', properties={action=w}}', action='w'}, nacosUser: NacosUser{token='eyJhbGciOiJIUzI1NiJ9.eyJzdWIiOiJuYWNvcyIsImV4cCI6MTc2NTM3MDI3N30.ek5qJvaOYBflPiT8RzzI5JcVi9aBexAoXFlJ3Y0Y-bo', globalAdmin=false}

2025-12-10 15:50:38,958 DEBUG auth start, request: PUT /nacos/v1/ns/instance/beat

2025-12-10 15:50:38,959 DEBUG auth permission: Permission{resource='Resource{namespaceId='seata', group='SEATA_GROUP', name='seata-server', type='naming', properties={action=w}}', action='w'}, nacosUser: NacosUser{token='eyJhbGciOiJIUzI1NiJ9.eyJzdWIiOiJuYWNvcyIsImV4cCI6MTc2NTM3MDI3N30.ek5qJvaOYBflPiT8RzzI5JcVi9aBexAoXFlJ3Y0Y-bo', globalAdmin=false}

2025-12-10 15:50:43,967 DEBUG auth start, request: PUT /nacos/v1/ns/instance/beat

2025-12-10 15:50:43,969 DEBUG auth permission: Permission{resource='Resource{namespaceId='seata', group='SEATA_GROUP', name='seata-server', type='naming', properties={action=w}}', action='w'}, nacosUser: NacosUser{token='eyJhbGciOiJIUzI1NiJ9.eyJzdWIiOiJuYWNvcyIsImV4cCI6MTc2NTM3MDI3N30.ek5qJvaOYBflPiT8RzzI5JcVi9aBexAoXFlJ3Y0Y-bo', globalAdmin=false}

2025-12-10 15:50:48,979 DEBUG auth start, request: PUT /nacos/v1/ns/instance/beat

2025-12-10 15:50:48,980 DEBUG auth permission: Permission{resource='Resource{namespaceId='seata', group='SEATA_GROUP', name='seata-server', type='naming', properties={action=w}}', action='w'}, nacosUser: NacosUser{token='eyJhbGciOiJIUzI1NiJ9.eyJzdWIiOiJuYWNvcyIsImV4cCI6MTc2NTM3MDI3N30.ek5qJvaOYBflPiT8RzzI5JcVi9aBexAoXFlJ3Y0Y-bo', globalAdmin=false}

2025-12-10 15:50:53,989 DEBUG auth start, request: PUT /nacos/v1/ns/instance/beat

2025-12-10 15:50:53,991 DEBUG auth permission: Permission{resource='Resource{namespaceId='seata', group='SEATA_GROUP', name='seata-server', type='naming', properties={action=w}}', action='w'}, nacosUser: NacosUser{token='eyJhbGciOiJIUzI1NiJ9.eyJzdWIiOiJuYWNvcyIsImV4cCI6MTc2NTM3MDI3N30.ek5qJvaOYBflPiT8RzzI5JcVi9aBexAoXFlJ3Y0Y-bo', globalAdmin=false}

2025-12-10 15:50:59,004 DEBUG auth start, request: PUT /nacos/v1/ns/instance/beat

2025-12-10 15:50:59,005 DEBUG auth permission: Permission{resource='Resource{namespaceId='seata', group='SEATA_GROUP', name='seata-server', type='naming', properties={action=w}}', action='w'}, nacosUser: NacosUser{token='eyJhbGciOiJIUzI1NiJ9.eyJzdWIiOiJuYWNvcyIsImV4cCI6MTc2NTM3MDI3N30.ek5qJvaOYBflPiT8RzzI5JcVi9aBexAoXFlJ3Y0Y-bo', globalAdmin=false}

2025-12-10 15:51:04,013 DEBUG auth start, request: PUT /nacos/v1/ns/instance/beat

2025-12-10 15:51:04,014 DEBUG auth permission: Permission{resource='Resource{namespaceId='seata', group='SEATA_GROUP', name='seata-server', type='naming', properties={action=w}}', action='w'}, nacosUser: NacosUser{token='eyJhbGciOiJIUzI1NiJ9.eyJzdWIiOiJuYWNvcyIsImV4cCI6MTc2NTM3MDI3N30.ek5qJvaOYBflPiT8RzzI5JcVi9aBexAoXFlJ3Y0Y-bo', globalAdmin=false}

2025-12-10 15:51:09,022 DEBUG auth start, request: PUT /nacos/v1/ns/instance/beat

2025-12-10 15:51:09,023 DEBUG auth permission: Permission{resource='Resource{namespaceId='seata', group='SEATA_GROUP', name='seata-server', type='naming', properties={action=w}}', action='w'}, nacosUser: NacosUser{token='eyJhbGciOiJIUzI1NiJ9.eyJzdWIiOiJuYWNvcyIsImV4cCI6MTc2NTM3MDI3N30.ek5qJvaOYBflPiT8RzzI5JcVi9aBexAoXFlJ3Y0Y-bo', globalAdmin=false}

2025-12-10 15:51:14,030 DEBUG auth start, request: PUT /nacos/v1/ns/instance/beat

2025-12-10 15:51:14,031 DEBUG auth permission: Permission{resource='Resource{namespaceId='seata', group='SEATA_GROUP', name='seata-server', type='naming', properties={action=w}}', action='w'}, nacosUser: NacosUser{token='eyJhbGciOiJIUzI1NiJ9.eyJzdWIiOiJuYWNvcyIsImV4cCI6MTc2NTM3MDI3N30.ek5qJvaOYBflPiT8RzzI5JcVi9aBexAoXFlJ3Y0Y-bo', globalAdmin=false}

2025-12-10 15:51:19,038 DEBUG auth start, request: PUT /nacos/v1/ns/instance/beat

2025-12-10 15:51:19,039 DEBUG auth permission: Permission{resource='Resource{namespaceId='seata', group='SEATA_GROUP', name='seata-server', type='naming', properties={action=w}}', action='w'}, nacosUser: NacosUser{token='eyJhbGciOiJIUzI1NiJ9.eyJzdWIiOiJuYWNvcyIsImV4cCI6MTc2NTM3MDI3N30.ek5qJvaOYBflPiT8RzzI5JcVi9aBexAoXFlJ3Y0Y-bo', globalAdmin=false}

2025-12-10 15:51:24,048 DEBUG auth start, request: PUT /nacos/v1/ns/instance/beat

2025-12-10 15:51:24,051 DEBUG auth permission: Permission{resource='Resource{namespaceId='seata', group='SEATA_GROUP', name='seata-server', type='naming', properties={action=w}}', action='w'}, nacosUser: NacosUser{token='eyJhbGciOiJIUzI1NiJ9.eyJzdWIiOiJuYWNvcyIsImV4cCI6MTc2NTM3MDI3N30.ek5qJvaOYBflPiT8RzzI5JcVi9aBexAoXFlJ3Y0Y-bo', globalAdmin=false}

2025-12-10 15:51:29,062 DEBUG auth start, request: PUT /nacos/v1/ns/instance/beat

2025-12-10 15:51:29,063 DEBUG auth permission: Permission{resource='Resource{namespaceId='seata', group='SEATA_GROUP', name='seata-server', type='naming', properties={action=w}}', action='w'}, nacosUser: NacosUser{token='eyJhbGciOiJIUzI1NiJ9.eyJzdWIiOiJuYWNvcyIsImV4cCI6MTc2NTM3MDI3N30.ek5qJvaOYBflPiT8RzzI5JcVi9aBexAoXFlJ3Y0Y-bo', globalAdmin=false}

2025-12-10 15:51:34,070 DEBUG auth start, request: PUT /nacos/v1/ns/instance/beat

2025-12-10 15:51:34,071 DEBUG auth permission: Permission{resource='Resource{namespaceId='seata', group='SEATA_GROUP', name='seata-server', type='naming', properties={action=w}}', action='w'}, nacosUser: NacosUser{token='eyJhbGciOiJIUzI1NiJ9.eyJzdWIiOiJuYWNvcyIsImV4cCI6MTc2NTM3MDI3N30.ek5qJvaOYBflPiT8RzzI5JcVi9aBexAoXFlJ3Y0Y-bo', globalAdmin=false}

2025-12-10 15:51:39,078 DEBUG auth start, request: PUT /nacos/v1/ns/instance/beat

2025-12-10 15:51:39,079 DEBUG auth permission: Permission{resource='Resource{namespaceId='seata', group='SEATA_GROUP', name='seata-server', type='naming', properties={action=w}}', action='w'}, nacosUser: NacosUser{token='eyJhbGciOiJIUzI1NiJ9.eyJzdWIiOiJuYWNvcyIsImV4cCI6MTc2NTM3MDI3N30.ek5qJvaOYBflPiT8RzzI5JcVi9aBexAoXFlJ3Y0Y-bo', globalAdmin=false}

2025-12-10 15:51:44,088 DEBUG auth start, request: PUT /nacos/v1/ns/instance/beat

2025-12-10 15:51:44,089 DEBUG auth permission: Permission{resource='Resource{namespaceId='seata', group='SEATA_GROUP', name='seata-server', type='naming', properties={action=w}}', action='w'}, nacosUser: NacosUser{token='eyJhbGciOiJIUzI1NiJ9.eyJzdWIiOiJuYWNvcyIsImV4cCI6MTc2NTM3MDI3N30.ek5qJvaOYBflPiT8RzzI5JcVi9aBexAoXFlJ3Y0Y-bo', globalAdmin=false}

2025-12-10 15:51:49,095 DEBUG auth start, request: PUT /nacos/v1/ns/instance/beat

2025-12-10 15:51:49,096 DEBUG auth permission: Permission{resource='Resource{namespaceId='seata', group='SEATA_GROUP', name='seata-server', type='naming', properties={action=w}}', action='w'}, nacosUser: NacosUser{token='eyJhbGciOiJIUzI1NiJ9.eyJzdWIiOiJuYWNvcyIsImV4cCI6MTc2NTM3MDI3N30.ek5qJvaOYBflPiT8RzzI5JcVi9aBexAoXFlJ3Y0Y-bo', globalAdmin=false}

2025-12-10 15:51:54,103 DEBUG auth start, request: PUT /nacos/v1/ns/instance/beat

2025-12-10 15:51:54,108 DEBUG auth permission: Permission{resource='Resource{namespaceId='seata', group='SEATA_GROUP', name='seata-server', type='naming', properties={action=w}}', action='w'}, nacosUser: NacosUser{token='eyJhbGciOiJIUzI1NiJ9.eyJzdWIiOiJuYWNvcyIsImV4cCI6MTc2NTM3MDI3N30.ek5qJvaOYBflPiT8RzzI5JcVi9aBexAoXFlJ3Y0Y-bo', globalAdmin=false}

2025-12-10 15:51:59,120 DEBUG auth start, request: PUT /nacos/v1/ns/instance/beat

2025-12-10 15:51:59,121 DEBUG auth permission: Permission{resource='Resource{namespaceId='seata', group='SEATA_GROUP', name='seata-server', type='naming', properties={action=w}}', action='w'}, nacosUser: NacosUser{token='eyJhbGciOiJIUzI1NiJ9.eyJzdWIiOiJuYWNvcyIsImV4cCI6MTc2NTM3MDI3N30.ek5qJvaOYBflPiT8RzzI5JcVi9aBexAoXFlJ3Y0Y-bo', globalAdmin=false}

2025-12-10 15:52:04,138 DEBUG auth start, request: PUT /nacos/v1/ns/instance/beat

2025-12-10 15:52:04,139 DEBUG auth permission: Permission{resource='Resource{namespaceId='seata', group='SEATA_GROUP', name='seata-server', type='naming', properties={action=w}}', action='w'}, nacosUser: NacosUser{token='eyJhbGciOiJIUzI1NiJ9.eyJzdWIiOiJuYWNvcyIsImV4cCI6MTc2NTM3MDI3N30.ek5qJvaOYBflPiT8RzzI5JcVi9aBexAoXFlJ3Y0Y-bo', globalAdmin=false}

2025-12-10 15:52:09,147 DEBUG auth start, request: PUT /nacos/v1/ns/instance/beat

2025-12-10 15:52:09,149 DEBUG auth permission: Permission{resource='Resource{namespaceId='seata', group='SEATA_GROUP', name='seata-server', type='naming', properties={action=w}}', action='w'}, nacosUser: NacosUser{token='eyJhbGciOiJIUzI1NiJ9.eyJzdWIiOiJuYWNvcyIsImV4cCI6MTc2NTM3MDI3N30.ek5qJvaOYBflPiT8RzzI5JcVi9aBexAoXFlJ3Y0Y-bo', globalAdmin=false}

2025-12-10 15:52:14,159 DEBUG auth start, request: PUT /nacos/v1/ns/instance/beat

2025-12-10 15:52:14,160 DEBUG auth permission: Permission{resource='Resource{namespaceId='seata', group='SEATA_GROUP', name='seata-server', type='naming', properties={action=w}}', action='w'}, nacosUser: NacosUser{token='eyJhbGciOiJIUzI1NiJ9.eyJzdWIiOiJuYWNvcyIsImV4cCI6MTc2NTM3MDI3N30.ek5qJvaOYBflPiT8RzzI5JcVi9aBexAoXFlJ3Y0Y-bo', globalAdmin=false}

2025-12-10 15:52:19,167 DEBUG auth start, request: PUT /nacos/v1/ns/instance/beat

2025-12-10 15:52:19,168 DEBUG auth permission: Permission{resource='Resource{namespaceId='seata', group='SEATA_GROUP', name='seata-server', type='naming', properties={action=w}}', action='w'}, nacosUser: NacosUser{token='eyJhbGciOiJIUzI1NiJ9.eyJzdWIiOiJuYWNvcyIsImV4cCI6MTc2NTM3MDI3N30.ek5qJvaOYBflPiT8RzzI5JcVi9aBexAoXFlJ3Y0Y-bo', globalAdmin=false}

2025-12-10 15:52:24,178 DEBUG auth start, request: PUT /nacos/v1/ns/instance/beat

2025-12-10 15:52:24,179 DEBUG auth permission: Permission{resource='Resource{namespaceId='seata', group='SEATA_GROUP', name='seata-server', type='naming', properties={action=w}}', action='w'}, nacosUser: NacosUser{token='eyJhbGciOiJIUzI1NiJ9.eyJzdWIiOiJuYWNvcyIsImV4cCI6MTc2NTM3MDI3N30.ek5qJvaOYBflPiT8RzzI5JcVi9aBexAoXFlJ3Y0Y-bo', globalAdmin=false}

2025-12-10 15:52:29,190 DEBUG auth start, request: PUT /nacos/v1/ns/instance/beat

2025-12-10 15:52:29,192 DEBUG auth permission: Permission{resource='Resource{namespaceId='seata', group='SEATA_GROUP', name='seata-server', type='naming', properties={action=w}}', action='w'}, nacosUser: NacosUser{token='eyJhbGciOiJIUzI1NiJ9.eyJzdWIiOiJuYWNvcyIsImV4cCI6MTc2NTM3MDI3N30.ek5qJvaOYBflPiT8RzzI5JcVi9aBexAoXFlJ3Y0Y-bo', globalAdmin=false}

2025-12-10 15:52:34,202 DEBUG auth start, request: PUT /nacos/v1/ns/instance/beat

2025-12-10 15:52:34,203 DEBUG auth permission: Permission{resource='Resource{namespaceId='seata', group='SEATA_GROUP', name='seata-server', type='naming', properties={action=w}}', action='w'}, nacosUser: NacosUser{token='eyJhbGciOiJIUzI1NiJ9.eyJzdWIiOiJuYWNvcyIsImV4cCI6MTc2NTM3MDI3N30.ek5qJvaOYBflPiT8RzzI5JcVi9aBexAoXFlJ3Y0Y-bo', globalAdmin=false}

2025-12-10 15:52:39,210 DEBUG auth start, request: PUT /nacos/v1/ns/instance/beat

2025-12-10 15:52:39,212 DEBUG auth permission: Permission{resource='Resource{namespaceId='seata', group='SEATA_GROUP', name='seata-server', type='naming', properties={action=w}}', action='w'}, nacosUser: NacosUser{token='eyJhbGciOiJIUzI1NiJ9.eyJzdWIiOiJuYWNvcyIsImV4cCI6MTc2NTM3MDI3N30.ek5qJvaOYBflPiT8RzzI5JcVi9aBexAoXFlJ3Y0Y-bo', globalAdmin=false}

2025-12-10 15:52:44,224 DEBUG auth start, request: PUT /nacos/v1/ns/instance/beat

2025-12-10 15:52:44,227 DEBUG auth permission: Permission{resource='Resource{namespaceId='seata', group='SEATA_GROUP', name='seata-server', type='naming', properties={action=w}}', action='w'}, nacosUser: NacosUser{token='eyJhbGciOiJIUzI1NiJ9.eyJzdWIiOiJuYWNvcyIsImV4cCI6MTc2NTM3MDI3N30.ek5qJvaOYBflPiT8RzzI5JcVi9aBexAoXFlJ3Y0Y-bo', globalAdmin=false}

2025-12-10 15:52:49,235 DEBUG auth start, request: PUT /nacos/v1/ns/instance/beat

2025-12-10 15:52:49,236 DEBUG auth permission: Permission{resource='Resource{namespaceId='seata', group='SEATA_GROUP', name='seata-server', type='naming', properties={action=w}}', action='w'}, nacosUser: NacosUser{token='eyJhbGciOiJIUzI1NiJ9.eyJzdWIiOiJuYWNvcyIsImV4cCI6MTc2NTM3MDI3N30.ek5qJvaOYBflPiT8RzzI5JcVi9aBexAoXFlJ3Y0Y-bo', globalAdmin=false}

2025-12-10 15:52:54,245 DEBUG auth start, request: PUT /nacos/v1/ns/instance/beat

2025-12-10 15:52:54,246 DEBUG auth permission: Permission{resource='Resource{namespaceId='seata', group='SEATA_GROUP', name='seata-server', type='naming', properties={action=w}}', action='w'}, nacosUser: NacosUser{token='eyJhbGciOiJIUzI1NiJ9.eyJzdWIiOiJuYWNvcyIsImV4cCI6MTc2NTM3MDI3N30.ek5qJvaOYBflPiT8RzzI5JcVi9aBexAoXFlJ3Y0Y-bo', globalAdmin=false}

2025-12-10 15:52:59,256 DEBUG auth start, request: PUT /nacos/v1/ns/instance/beat

2025-12-10 15:52:59,258 DEBUG auth permission: Permission{resource='Resource{namespaceId='seata', group='SEATA_GROUP', name='seata-server', type='naming', properties={action=w}}', action='w'}, nacosUser: NacosUser{token='eyJhbGciOiJIUzI1NiJ9.eyJzdWIiOiJuYWNvcyIsImV4cCI6MTc2NTM3MDI3N30.ek5qJvaOYBflPiT8RzzI5JcVi9aBexAoXFlJ3Y0Y-bo', globalAdmin=false}

2025-12-10 15:53:04,268 DEBUG auth start, request: PUT /nacos/v1/ns/instance/beat

2025-12-10 15:53:04,270 DEBUG auth permission: Permission{resource='Resource{namespaceId='seata', group='SEATA_GROUP', name='seata-server', type='naming', properties={action=w}}', action='w'}, nacosUser: NacosUser{token='eyJhbGciOiJIUzI1NiJ9.eyJzdWIiOiJuYWNvcyIsImV4cCI6MTc2NTM3MDI3N30.ek5qJvaOYBflPiT8RzzI5JcVi9aBexAoXFlJ3Y0Y-bo', globalAdmin=false}

2025-12-10 15:53:09,285 DEBUG auth start, request: PUT /nacos/v1/ns/instance/beat

2025-12-10 15:53:09,288 DEBUG auth permission: Permission{resource='Resource{namespaceId='seata', group='SEATA_GROUP', name='seata-server', type='naming', properties={action=w}}', action='w'}, nacosUser: NacosUser{token='eyJhbGciOiJIUzI1NiJ9.eyJzdWIiOiJuYWNvcyIsImV4cCI6MTc2NTM3MDI3N30.ek5qJvaOYBflPiT8RzzI5JcVi9aBexAoXFlJ3Y0Y-bo', globalAdmin=false}

2025-12-10 15:53:14,297 DEBUG auth start, request: PUT /nacos/v1/ns/instance/beat

2025-12-10 15:53:14,298 DEBUG auth permission: Permission{resource='Resource{namespaceId='seata', group='SEATA_GROUP', name='seata-server', type='naming', properties={action=w}}', action='w'}, nacosUser: NacosUser{token='eyJhbGciOiJIUzI1NiJ9.eyJzdWIiOiJuYWNvcyIsImV4cCI6MTc2NTM3MDI3N30.ek5qJvaOYBflPiT8RzzI5JcVi9aBexAoXFlJ3Y0Y-bo', globalAdmin=false}

2025-12-10 15:53:19,307 DEBUG auth start, request: PUT /nacos/v1/ns/instance/beat

2025-12-10 15:53:19,309 DEBUG auth permission: Permission{resource='Resource{namespaceId='seata', group='SEATA_GROUP', name='seata-server', type='naming', properties={action=w}}', action='w'}, nacosUser: NacosUser{token='eyJhbGciOiJIUzI1NiJ9.eyJzdWIiOiJuYWNvcyIsImV4cCI6MTc2NTM3MDI3N30.ek5qJvaOYBflPiT8RzzI5JcVi9aBexAoXFlJ3Y0Y-bo', globalAdmin=false}

2025-12-10 15:53:24,318 DEBUG auth start, request: PUT /nacos/v1/ns/instance/beat

2025-12-10 15:53:24,319 DEBUG auth permission: Permission{resource='Resource{namespaceId='seata', group='SEATA_GROUP', name='seata-server', type='naming', properties={action=w}}', action='w'}, nacosUser: NacosUser{token='eyJhbGciOiJIUzI1NiJ9.eyJzdWIiOiJuYWNvcyIsImV4cCI6MTc2NTM3MDI3N30.ek5qJvaOYBflPiT8RzzI5JcVi9aBexAoXFlJ3Y0Y-bo', globalAdmin=false}

2025-12-10 15:53:29,331 DEBUG auth start, request: PUT /nacos/v1/ns/instance/beat

2025-12-10 15:53:29,334 DEBUG auth permission: Permission{resource='Resource{namespaceId='seata', group='SEATA_GROUP', name='seata-server', type='naming', properties={action=w}}', action='w'}, nacosUser: NacosUser{token='eyJhbGciOiJIUzI1NiJ9.eyJzdWIiOiJuYWNvcyIsImV4cCI6MTc2NTM3MDI3N30.ek5qJvaOYBflPiT8RzzI5JcVi9aBexAoXFlJ3Y0Y-bo', globalAdmin=false}

2025-12-10 15:53:34,346 DEBUG auth start, request: PUT /nacos/v1/ns/instance/beat

2025-12-10 15:53:34,348 DEBUG auth permission: Permission{resource='Resource{namespaceId='seata', group='SEATA_GROUP', name='seata-server', type='naming', properties={action=w}}', action='w'}, nacosUser: NacosUser{token='eyJhbGciOiJIUzI1NiJ9.eyJzdWIiOiJuYWNvcyIsImV4cCI6MTc2NTM3MDI3N30.ek5qJvaOYBflPiT8RzzI5JcVi9aBexAoXFlJ3Y0Y-bo', globalAdmin=false}

2025-12-10 15:53:39,361 DEBUG auth start, request: PUT /nacos/v1/ns/instance/beat

2025-12-10 15:53:39,363 DEBUG auth permission: Permission{resource='Resource{namespaceId='seata', group='SEATA_GROUP', name='seata-server', type='naming', properties={action=w}}', action='w'}, nacosUser: NacosUser{token='eyJhbGciOiJIUzI1NiJ9.eyJzdWIiOiJuYWNvcyIsImV4cCI6MTc2NTM3MDI3N30.ek5qJvaOYBflPiT8RzzI5JcVi9aBexAoXFlJ3Y0Y-bo', globalAdmin=false}

2025-12-10 15:53:44,373 DEBUG auth start, request: PUT /nacos/v1/ns/instance/beat

2025-12-10 15:53:44,374 DEBUG auth permission: Permission{resource='Resource{namespaceId='seata', group='SEATA_GROUP', name='seata-server', type='naming', properties={action=w}}', action='w'}, nacosUser: NacosUser{token='eyJhbGciOiJIUzI1NiJ9.eyJzdWIiOiJuYWNvcyIsImV4cCI6MTc2NTM3MDI3N30.ek5qJvaOYBflPiT8RzzI5JcVi9aBexAoXFlJ3Y0Y-bo', globalAdmin=false}

2025-12-10 15:53:49,384 DEBUG auth start, request: PUT /nacos/v1/ns/instance/beat

2025-12-10 15:53:49,387 DEBUG auth permission: Permission{resource='Resource{namespaceId='seata', group='SEATA_GROUP', name='seata-server', type='naming', properties={action=w}}', action='w'}, nacosUser: NacosUser{token='eyJhbGciOiJIUzI1NiJ9.eyJzdWIiOiJuYWNvcyIsImV4cCI6MTc2NTM3MDI3N30.ek5qJvaOYBflPiT8RzzI5JcVi9aBexAoXFlJ3Y0Y-bo', globalAdmin=false}

2025-12-10 15:53:54,396 DEBUG auth start, request: PUT /nacos/v1/ns/instance/beat

2025-12-10 15:53:54,397 DEBUG auth permission: Permission{resource='Resource{namespaceId='seata', group='SEATA_GROUP', name='seata-server', type='naming', properties={action=w}}', action='w'}, nacosUser: NacosUser{token='eyJhbGciOiJIUzI1NiJ9.eyJzdWIiOiJuYWNvcyIsImV4cCI6MTc2NTM3MDI3N30.ek5qJvaOYBflPiT8RzzI5JcVi9aBexAoXFlJ3Y0Y-bo', globalAdmin=false}

2025-12-10 15:53:59,408 DEBUG auth start, request: PUT /nacos/v1/ns/instance/beat

2025-12-10 15:53:59,409 DEBUG auth permission: Permission{resource='Resource{namespaceId='seata', group='SEATA_GROUP', name='seata-server', type='naming', properties={action=w}}', action='w'}, nacosUser: NacosUser{token='eyJhbGciOiJIUzI1NiJ9.eyJzdWIiOiJuYWNvcyIsImV4cCI6MTc2NTM3MDI3N30.ek5qJvaOYBflPiT8RzzI5JcVi9aBexAoXFlJ3Y0Y-bo', globalAdmin=false}

2025-12-10 15:54:04,416 DEBUG auth start, request: PUT /nacos/v1/ns/instance/beat

2025-12-10 15:54:04,417 DEBUG auth permission: Permission{resource='Resource{namespaceId='seata', group='SEATA_GROUP', name='seata-server', type='naming', properties={action=w}}', action='w'}, nacosUser: NacosUser{token='eyJhbGciOiJIUzI1NiJ9.eyJzdWIiOiJuYWNvcyIsImV4cCI6MTc2NTM3MDI3N30.ek5qJvaOYBflPiT8RzzI5JcVi9aBexAoXFlJ3Y0Y-bo', globalAdmin=false}

2025-12-10 15:54:09,425 DEBUG auth start, request: PUT /nacos/v1/ns/instance/beat

2025-12-10 15:54:09,428 DEBUG auth permission: Permission{resource='Resource{namespaceId='seata', group='SEATA_GROUP', name='seata-server', type='naming', properties={action=w}}', action='w'}, nacosUser: NacosUser{token='eyJhbGciOiJIUzI1NiJ9.eyJzdWIiOiJuYWNvcyIsImV4cCI6MTc2NTM3MDI3N30.ek5qJvaOYBflPiT8RzzI5JcVi9aBexAoXFlJ3Y0Y-bo', globalAdmin=false}

2025-12-10 15:54:14,435 DEBUG auth start, request: PUT /nacos/v1/ns/instance/beat

2025-12-10 15:54:14,437 DEBUG auth permission: Permission{resource='Resource{namespaceId='seata', group='SEATA_GROUP', name='seata-server', type='naming', properties={action=w}}', action='w'}, nacosUser: NacosUser{token='eyJhbGciOiJIUzI1NiJ9.eyJzdWIiOiJuYWNvcyIsImV4cCI6MTc2NTM3MDI3N30.ek5qJvaOYBflPiT8RzzI5JcVi9aBexAoXFlJ3Y0Y-bo', globalAdmin=false}

2025-12-10 15:54:19,446 DEBUG auth start, request: PUT /nacos/v1/ns/instance/beat

2025-12-10 15:54:19,448 DEBUG auth permission: Permission{resource='Resource{namespaceId='seata', group='SEATA_GROUP', name='seata-server', type='naming', properties={action=w}}', action='w'}, nacosUser: NacosUser{token='eyJhbGciOiJIUzI1NiJ9.eyJzdWIiOiJuYWNvcyIsImV4cCI6MTc2NTM3MDI3N30.ek5qJvaOYBflPiT8RzzI5JcVi9aBexAoXFlJ3Y0Y-bo', globalAdmin=false}

2025-12-10 15:54:24,462 DEBUG auth start, request: PUT /nacos/v1/ns/instance/beat

2025-12-10 15:54:24,463 DEBUG auth permission: Permission{resource='Resource{namespaceId='seata', group='SEATA_GROUP', name='seata-server', type='naming', properties={action=w}}', action='w'}, nacosUser: NacosUser{token='eyJhbGciOiJIUzI1NiJ9.eyJzdWIiOiJuYWNvcyIsImV4cCI6MTc2NTM3MDI3N30.ek5qJvaOYBflPiT8RzzI5JcVi9aBexAoXFlJ3Y0Y-bo', globalAdmin=false}

2025-12-10 15:54:29,472 DEBUG auth start, request: PUT /nacos/v1/ns/instance/beat

2025-12-10 15:54:29,473 DEBUG auth permission: Permission{resource='Resource{namespaceId='seata', group='SEATA_GROUP', name='seata-server', type='naming', properties={action=w}}', action='w'}, nacosUser: NacosUser{token='eyJhbGciOiJIUzI1NiJ9.eyJzdWIiOiJuYWNvcyIsImV4cCI6MTc2NTM3MDI3N30.ek5qJvaOYBflPiT8RzzI5JcVi9aBexAoXFlJ3Y0Y-bo', globalAdmin=false}

2025-12-10 15:54:34,481 DEBUG auth start, request: PUT /nacos/v1/ns/instance/beat

2025-12-10 15:54:34,485 DEBUG auth permission: Permission{resource='Resource{namespaceId='seata', group='SEATA_GROUP', name='seata-server', type='naming', properties={action=w}}', action='w'}, nacosUser: NacosUser{token='eyJhbGciOiJIUzI1NiJ9.eyJzdWIiOiJuYWNvcyIsImV4cCI6MTc2NTM3MDI3N30.ek5qJvaOYBflPiT8RzzI5JcVi9aBexAoXFlJ3Y0Y-bo', globalAdmin=false}

2025-12-10 15:54:39,493 DEBUG auth start, request: PUT /nacos/v1/ns/instance/beat

2025-12-10 15:54:39,494 DEBUG auth permission: Permission{resource='Resource{namespaceId='seata', group='SEATA_GROUP', name='seata-server', type='naming', properties={action=w}}', action='w'}, nacosUser: NacosUser{token='eyJhbGciOiJIUzI1NiJ9.eyJzdWIiOiJuYWNvcyIsImV4cCI6MTc2NTM3MDI3N30.ek5qJvaOYBflPiT8RzzI5JcVi9aBexAoXFlJ3Y0Y-bo', globalAdmin=false}

2025-12-10 15:54:44,501 DEBUG auth start, request: PUT /nacos/v1/ns/instance/beat

2025-12-10 15:54:44,503 DEBUG auth permission: Permission{resource='Resource{namespaceId='seata', group='SEATA_GROUP', name='seata-server', type='naming', properties={action=w}}', action='w'}, nacosUser: NacosUser{token='eyJhbGciOiJIUzI1NiJ9.eyJzdWIiOiJuYWNvcyIsImV4cCI6MTc2NTM3MDI3N30.ek5qJvaOYBflPiT8RzzI5JcVi9aBexAoXFlJ3Y0Y-bo', globalAdmin=false}

2025-12-10 15:54:49,512 DEBUG auth start, request: PUT /nacos/v1/ns/instance/beat

2025-12-10 15:54:49,513 DEBUG auth permission: Permission{resource='Resource{namespaceId='seata', group='SEATA_GROUP', name='seata-server', type='naming', properties={action=w}}', action='w'}, nacosUser: NacosUser{token='eyJhbGciOiJIUzI1NiJ9.eyJzdWIiOiJuYWNvcyIsImV4cCI6MTc2NTM3MDI3N30.ek5qJvaOYBflPiT8RzzI5JcVi9aBexAoXFlJ3Y0Y-bo', globalAdmin=false}

2025-12-10 15:54:54,522 DEBUG auth start, request: PUT /nacos/v1/ns/instance/beat

2025-12-10 15:54:54,523 DEBUG auth permission: Permission{resource='Resource{namespaceId='seata', group='SEATA_GROUP', name='seata-server', type='naming', properties={action=w}}', action='w'}, nacosUser: NacosUser{token='eyJhbGciOiJIUzI1NiJ9.eyJzdWIiOiJuYWNvcyIsImV4cCI6MTc2NTM3MDI3N30.ek5qJvaOYBflPiT8RzzI5JcVi9aBexAoXFlJ3Y0Y-bo', globalAdmin=false}

2025-12-10 15:54:59,531 DEBUG auth start, request: PUT /nacos/v1/ns/instance/beat

2025-12-10 15:54:59,533 DEBUG auth permission: Permission{resource='Resource{namespaceId='seata', group='SEATA_GROUP', name='seata-server', type='naming', properties={action=w}}', action='w'}, nacosUser: NacosUser{token='eyJhbGciOiJIUzI1NiJ9.eyJzdWIiOiJuYWNvcyIsImV4cCI6MTc2NTM3MDI3N30.ek5qJvaOYBflPiT8RzzI5JcVi9aBexAoXFlJ3Y0Y-bo', globalAdmin=false}

2025-12-10 15:55:04,541 DEBUG auth start, request: PUT /nacos/v1/ns/instance/beat

2025-12-10 15:55:04,543 DEBUG auth permission: Permission{resource='Resource{namespaceId='seata', group='SEATA_GROUP', name='seata-server', type='naming', properties={action=w}}', action='w'}, nacosUser: NacosUser{token='eyJhbGciOiJIUzI1NiJ9.eyJzdWIiOiJuYWNvcyIsImV4cCI6MTc2NTM3MDI3N30.ek5qJvaOYBflPiT8RzzI5JcVi9aBexAoXFlJ3Y0Y-bo', globalAdmin=false}

2025-12-10 15:55:09,554 DEBUG auth start, request: PUT /nacos/v1/ns/instance/beat

2025-12-10 15:55:09,555 DEBUG auth permission: Permission{resource='Resource{namespaceId='seata', group='SEATA_GROUP', name='seata-server', type='naming', properties={action=w}}', action='w'}, nacosUser: NacosUser{token='eyJhbGciOiJIUzI1NiJ9.eyJzdWIiOiJuYWNvcyIsImV4cCI6MTc2NTM3MDI3N30.ek5qJvaOYBflPiT8RzzI5JcVi9aBexAoXFlJ3Y0Y-bo', globalAdmin=false}

2025-12-10 15:55:14,565 DEBUG auth start, request: PUT /nacos/v1/ns/instance/beat

2025-12-10 15:55:14,567 DEBUG auth permission: Permission{resource='Resource{namespaceId='seata', group='SEATA_GROUP', name='seata-server', type='naming', properties={action=w}}', action='w'}, nacosUser: NacosUser{token='eyJhbGciOiJIUzI1NiJ9.eyJzdWIiOiJuYWNvcyIsImV4cCI6MTc2NTM3MDI3N30.ek5qJvaOYBflPiT8RzzI5JcVi9aBexAoXFlJ3Y0Y-bo', globalAdmin=false}

2025-12-10 15:55:19,577 DEBUG auth start, request: PUT /nacos/v1/ns/instance/beat

2025-12-10 15:55:19,578 DEBUG auth permission: Permission{resource='Resource{namespaceId='seata', group='SEATA_GROUP', name='seata-server', type='naming', properties={action=w}}', action='w'}, nacosUser: NacosUser{token='eyJhbGciOiJIUzI1NiJ9.eyJzdWIiOiJuYWNvcyIsImV4cCI6MTc2NTM3MDI3N30.ek5qJvaOYBflPiT8RzzI5JcVi9aBexAoXFlJ3Y0Y-bo', globalAdmin=false}

2025-12-10 15:55:24,588 DEBUG auth start, request: PUT /nacos/v1/ns/instance/beat

2025-12-10 15:55:24,589 DEBUG auth permission: Permission{resource='Resource{namespaceId='seata', group='SEATA_GROUP', name='seata-server', type='naming', properties={action=w}}', action='w'}, nacosUser: NacosUser{token='eyJhbGciOiJIUzI1NiJ9.eyJzdWIiOiJuYWNvcyIsImV4cCI6MTc2NTM3MDI3N30.ek5qJvaOYBflPiT8RzzI5JcVi9aBexAoXFlJ3Y0Y-bo', globalAdmin=false}

2025-12-10 15:55:29,597 DEBUG auth start, request: PUT /nacos/v1/ns/instance/beat

2025-12-10 15:55:29,598 DEBUG auth permission: Permission{resource='Resource{namespaceId='seata', group='SEATA_GROUP', name='seata-server', type='naming', properties={action=w}}', action='w'}, nacosUser: NacosUser{token='eyJhbGciOiJIUzI1NiJ9.eyJzdWIiOiJuYWNvcyIsImV4cCI6MTc2NTM3MDI3N30.ek5qJvaOYBflPiT8RzzI5JcVi9aBexAoXFlJ3Y0Y-bo', globalAdmin=false}

2025-12-10 15:55:34,605 DEBUG auth start, request: PUT /nacos/v1/ns/instance/beat

2025-12-10 15:55:34,607 DEBUG auth permission: Permission{resource='Resource{namespaceId='seata', group='SEATA_GROUP', name='seata-server', type='naming', properties={action=w}}', action='w'}, nacosUser: NacosUser{token='eyJhbGciOiJIUzI1NiJ9.eyJzdWIiOiJuYWNvcyIsImV4cCI6MTc2NTM3MDI3N30.ek5qJvaOYBflPiT8RzzI5JcVi9aBexAoXFlJ3Y0Y-bo', globalAdmin=false}

2025-12-10 15:55:39,614 DEBUG auth start, request: PUT /nacos/v1/ns/instance/beat

2025-12-10 15:55:39,615 DEBUG auth permission: Permission{resource='Resource{namespaceId='seata', group='SEATA_GROUP', name='seata-server', type='naming', properties={action=w}}', action='w'}, nacosUser: NacosUser{token='eyJhbGciOiJIUzI1NiJ9.eyJzdWIiOiJuYWNvcyIsImV4cCI6MTc2NTM3MDI3N30.ek5qJvaOYBflPiT8RzzI5JcVi9aBexAoXFlJ3Y0Y-bo', globalAdmin=false}

2025-12-10 15:55:44,624 DEBUG auth start, request: PUT /nacos/v1/ns/instance/beat

2025-12-10 15:55:44,627 DEBUG auth permission: Permission{resource='Resource{namespaceId='seata', group='SEATA_GROUP', name='seata-server', type='naming', properties={action=w}}', action='w'}, nacosUser: NacosUser{token='eyJhbGciOiJIUzI1NiJ9.eyJzdWIiOiJuYWNvcyIsImV4cCI6MTc2NTM3MDI3N30.ek5qJvaOYBflPiT8RzzI5JcVi9aBexAoXFlJ3Y0Y-bo', globalAdmin=false}

2025-12-10 15:55:49,642 DEBUG auth start, request: PUT /nacos/v1/ns/instance/beat

2025-12-10 15:55:49,644 DEBUG auth permission: Permission{resource='Resource{namespaceId='seata', group='SEATA_GROUP', name='seata-server', type='naming', properties={action=w}}', action='w'}, nacosUser: NacosUser{token='eyJhbGciOiJIUzI1NiJ9.eyJzdWIiOiJuYWNvcyIsImV4cCI6MTc2NTM3MDI3N30.ek5qJvaOYBflPiT8RzzI5JcVi9aBexAoXFlJ3Y0Y-bo', globalAdmin=false}

2025-12-10 15:55:54,656 DEBUG auth start, request: PUT /nacos/v1/ns/instance/beat

2025-12-10 15:55:54,657 DEBUG auth permission: Permission{resource='Resource{namespaceId='seata', group='SEATA_GROUP', name='seata-server', type='naming', properties={action=w}}', action='w'}, nacosUser: NacosUser{token='eyJhbGciOiJIUzI1NiJ9.eyJzdWIiOiJuYWNvcyIsImV4cCI6MTc2NTM3MDI3N30.ek5qJvaOYBflPiT8RzzI5JcVi9aBexAoXFlJ3Y0Y-bo', globalAdmin=false}

2025-12-10 15:55:59,664 DEBUG auth start, request: PUT /nacos/v1/ns/instance/beat

2025-12-10 15:55:59,667 DEBUG auth permission: Permission{resource='Resource{namespaceId='seata', group='SEATA_GROUP', name='seata-server', type='naming', properties={action=w}}', action='w'}, nacosUser: NacosUser{token='eyJhbGciOiJIUzI1NiJ9.eyJzdWIiOiJuYWNvcyIsImV4cCI6MTc2NTM3MDI3N30.ek5qJvaOYBflPiT8RzzI5JcVi9aBexAoXFlJ3Y0Y-bo', globalAdmin=false}

2025-12-10 15:56:04,676 DEBUG auth start, request: PUT /nacos/v1/ns/instance/beat

2025-12-10 15:56:04,677 DEBUG auth permission: Permission{resource='Resource{namespaceId='seata', group='SEATA_GROUP', name='seata-server', type='naming', properties={action=w}}', action='w'}, nacosUser: NacosUser{token='eyJhbGciOiJIUzI1NiJ9.eyJzdWIiOiJuYWNvcyIsImV4cCI6MTc2NTM3MDI3N30.ek5qJvaOYBflPiT8RzzI5JcVi9aBexAoXFlJ3Y0Y-bo', globalAdmin=false}

2025-12-10 15:56:09,688 DEBUG auth start, request: PUT /nacos/v1/ns/instance/beat

2025-12-10 15:56:09,690 DEBUG auth permission: Permission{resource='Resource{namespaceId='seata', group='SEATA_GROUP', name='seata-server', type='naming', properties={action=w}}', action='w'}, nacosUser: NacosUser{token='eyJhbGciOiJIUzI1NiJ9.eyJzdWIiOiJuYWNvcyIsImV4cCI6MTc2NTM3MDI3N30.ek5qJvaOYBflPiT8RzzI5JcVi9aBexAoXFlJ3Y0Y-bo', globalAdmin=false}

2025-12-10 15:56:14,707 DEBUG auth start, request: PUT /nacos/v1/ns/instance/beat

2025-12-10 15:56:14,709 DEBUG auth permission: Permission{resource='Resource{namespaceId='seata', group='SEATA_GROUP', name='seata-server', type='naming', properties={action=w}}', action='w'}, nacosUser: NacosUser{token='eyJhbGciOiJIUzI1NiJ9.eyJzdWIiOiJuYWNvcyIsImV4cCI6MTc2NTM3MDI3N30.ek5qJvaOYBflPiT8RzzI5JcVi9aBexAoXFlJ3Y0Y-bo', globalAdmin=false}

2025-12-10 15:56:19,717 DEBUG auth start, request: PUT /nacos/v1/ns/instance/beat

2025-12-10 15:56:19,719 DEBUG auth permission: Permission{resource='Resource{namespaceId='seata', group='SEATA_GROUP', name='seata-server', type='naming', properties={action=w}}', action='w'}, nacosUser: NacosUser{token='eyJhbGciOiJIUzI1NiJ9.eyJzdWIiOiJuYWNvcyIsImV4cCI6MTc2NTM3MDI3N30.ek5qJvaOYBflPiT8RzzI5JcVi9aBexAoXFlJ3Y0Y-bo', globalAdmin=false}

2025-12-10 15:56:24,728 DEBUG auth start, request: PUT /nacos/v1/ns/instance/beat

2025-12-10 15:56:24,730 DEBUG auth permission: Permission{resource='Resource{namespaceId='seata', group='SEATA_GROUP', name='seata-server', type='naming', properties={action=w}}', action='w'}, nacosUser: NacosUser{token='eyJhbGciOiJIUzI1NiJ9.eyJzdWIiOiJuYWNvcyIsImV4cCI6MTc2NTM3MDI3N30.ek5qJvaOYBflPiT8RzzI5JcVi9aBexAoXFlJ3Y0Y-bo', globalAdmin=false}

2025-12-10 15:56:29,741 DEBUG auth start, request: PUT /nacos/v1/ns/instance/beat

2025-12-10 15:56:29,742 DEBUG auth permission: Permission{resource='Resource{namespaceId='seata', group='SEATA_GROUP', name='seata-server', type='naming', properties={action=w}}', action='w'}, nacosUser: NacosUser{token='eyJhbGciOiJIUzI1NiJ9.eyJzdWIiOiJuYWNvcyIsImV4cCI6MTc2NTM3MDI3N30.ek5qJvaOYBflPiT8RzzI5JcVi9aBexAoXFlJ3Y0Y-bo', globalAdmin=false}

2025-12-10 15:56:34,752 DEBUG auth start, request: PUT /nacos/v1/ns/instance/beat

2025-12-10 15:56:34,755 DEBUG auth permission: Permission{resource='Resource{namespaceId='seata', group='SEATA_GROUP', name='seata-server', type='naming', properties={action=w}}', action='w'}, nacosUser: NacosUser{token='eyJhbGciOiJIUzI1NiJ9.eyJzdWIiOiJuYWNvcyIsImV4cCI6MTc2NTM3MDI3N30.ek5qJvaOYBflPiT8RzzI5JcVi9aBexAoXFlJ3Y0Y-bo', globalAdmin=false}

2025-12-10 15:56:39,764 DEBUG auth start, request: PUT /nacos/v1/ns/instance/beat

2025-12-10 15:56:39,764 DEBUG auth permission: Permission{resource='Resource{namespaceId='seata', group='SEATA_GROUP', name='seata-server', type='naming', properties={action=w}}', action='w'}, nacosUser: NacosUser{token='eyJhbGciOiJIUzI1NiJ9.eyJzdWIiOiJuYWNvcyIsImV4cCI6MTc2NTM3MDI3N30.ek5qJvaOYBflPiT8RzzI5JcVi9aBexAoXFlJ3Y0Y-bo', globalAdmin=false}

2025-12-10 15:56:44,770 DEBUG auth start, request: PUT /nacos/v1/ns/instance/beat

2025-12-10 15:56:44,771 DEBUG auth permission: Permission{resource='Resource{namespaceId='seata', group='SEATA_GROUP', name='seata-server', type='naming', properties={action=w}}', action='w'}, nacosUser: NacosUser{token='eyJhbGciOiJIUzI1NiJ9.eyJzdWIiOiJuYWNvcyIsImV4cCI6MTc2NTM3MDI3N30.ek5qJvaOYBflPiT8RzzI5JcVi9aBexAoXFlJ3Y0Y-bo', globalAdmin=false}

2025-12-10 15:56:49,781 DEBUG auth start, request: PUT /nacos/v1/ns/instance/beat

2025-12-10 15:56:49,782 DEBUG auth permission: Permission{resource='Resource{namespaceId='seata', group='SEATA_GROUP', name='seata-server', type='naming', properties={action=w}}', action='w'}, nacosUser: NacosUser{token='eyJhbGciOiJIUzI1NiJ9.eyJzdWIiOiJuYWNvcyIsImV4cCI6MTc2NTM3MDI3N30.ek5qJvaOYBflPiT8RzzI5JcVi9aBexAoXFlJ3Y0Y-bo', globalAdmin=false}

2025-12-10 15:56:54,790 DEBUG auth start, request: PUT /nacos/v1/ns/instance/beat

2025-12-10 15:56:54,791 DEBUG auth permission: Permission{resource='Resource{namespaceId='seata', group='SEATA_GROUP', name='seata-server', type='naming', properties={action=w}}', action='w'}, nacosUser: NacosUser{token='eyJhbGciOiJIUzI1NiJ9.eyJzdWIiOiJuYWNvcyIsImV4cCI6MTc2NTM3MDI3N30.ek5qJvaOYBflPiT8RzzI5JcVi9aBexAoXFlJ3Y0Y-bo', globalAdmin=false}

2025-12-10 15:56:59,797 DEBUG auth start, request: PUT /nacos/v1/ns/instance/beat

2025-12-10 15:56:59,798 DEBUG auth permission: Permission{resource='Resource{namespaceId='seata', group='SEATA_GROUP', name='seata-server', type='naming', properties={action=w}}', action='w'}, nacosUser: NacosUser{token='eyJhbGciOiJIUzI1NiJ9.eyJzdWIiOiJuYWNvcyIsImV4cCI6MTc2NTM3MDI3N30.ek5qJvaOYBflPiT8RzzI5JcVi9aBexAoXFlJ3Y0Y-bo', globalAdmin=false}

2025-12-10 15:57:04,807 DEBUG auth start, request: PUT /nacos/v1/ns/instance/beat

2025-12-10 15:57:04,809 DEBUG auth permission: Permission{resource='Resource{namespaceId='seata', group='SEATA_GROUP', name='seata-server', type='naming', properties={action=w}}', action='w'}, nacosUser: NacosUser{token='eyJhbGciOiJIUzI1NiJ9.eyJzdWIiOiJuYWNvcyIsImV4cCI6MTc2NTM3MDI3N30.ek5qJvaOYBflPiT8RzzI5JcVi9aBexAoXFlJ3Y0Y-bo', globalAdmin=false}

2025-12-10 15:57:09,818 DEBUG auth start, request: PUT /nacos/v1/ns/instance/beat

2025-12-10 15:57:09,820 DEBUG auth permission: Permission{resource='Resource{namespaceId='seata', group='SEATA_GROUP', name='seata-server', type='naming', properties={action=w}}', action='w'}, nacosUser: NacosUser{token='eyJhbGciOiJIUzI1NiJ9.eyJzdWIiOiJuYWNvcyIsImV4cCI6MTc2NTM3MDI3N30.ek5qJvaOYBflPiT8RzzI5JcVi9aBexAoXFlJ3Y0Y-bo', globalAdmin=false}

2025-12-10 15:57:14,828 DEBUG auth start, request: PUT /nacos/v1/ns/instance/beat

2025-12-10 15:57:14,829 DEBUG auth permission: Permission{resource='Resource{namespaceId='seata', group='SEATA_GROUP', name='seata-server', type='naming', properties={action=w}}', action='w'}, nacosUser: NacosUser{token='eyJhbGciOiJIUzI1NiJ9.eyJzdWIiOiJuYWNvcyIsImV4cCI6MTc2NTM3MDI3N30.ek5qJvaOYBflPiT8RzzI5JcVi9aBexAoXFlJ3Y0Y-bo', globalAdmin=false}

2025-12-10 15:57:19,837 DEBUG auth start, request: PUT /nacos/v1/ns/instance/beat

2025-12-10 15:57:19,840 DEBUG auth permission: Permission{resource='Resource{namespaceId='seata', group='SEATA_GROUP', name='seata-server', type='naming', properties={action=w}}', action='w'}, nacosUser: NacosUser{token='eyJhbGciOiJIUzI1NiJ9.eyJzdWIiOiJuYWNvcyIsImV4cCI6MTc2NTM3MDI3N30.ek5qJvaOYBflPiT8RzzI5JcVi9aBexAoXFlJ3Y0Y-bo', globalAdmin=false}

2025-12-10 15:57:24,851 DEBUG auth start, request: PUT /nacos/v1/ns/instance/beat

2025-12-10 15:57:24,851 DEBUG auth permission: Permission{resource='Resource{namespaceId='seata', group='SEATA_GROUP', name='seata-server', type='naming', properties={action=w}}', action='w'}, nacosUser: NacosUser{token='eyJhbGciOiJIUzI1NiJ9.eyJzdWIiOiJuYWNvcyIsImV4cCI6MTc2NTM3MDI3N30.ek5qJvaOYBflPiT8RzzI5JcVi9aBexAoXFlJ3Y0Y-bo', globalAdmin=false}

2025-12-10 15:57:29,859 DEBUG auth start, request: PUT /nacos/v1/ns/instance/beat

2025-12-10 15:57:29,860 DEBUG auth permission: Permission{resource='Resource{namespaceId='seata', group='SEATA_GROUP', name='seata-server', type='naming', properties={action=w}}', action='w'}, nacosUser: NacosUser{token='eyJhbGciOiJIUzI1NiJ9.eyJzdWIiOiJuYWNvcyIsImV4cCI6MTc2NTM3MDI3N30.ek5qJvaOYBflPiT8RzzI5JcVi9aBexAoXFlJ3Y0Y-bo', globalAdmin=false}

2025-12-10 15:57:34,869 DEBUG auth start, request: PUT /nacos/v1/ns/instance/beat

2025-12-10 15:57:34,870 DEBUG auth permission: Permission{resource='Resource{namespaceId='seata', group='SEATA_GROUP', name='seata-server', type='naming', properties={action=w}}', action='w'}, nacosUser: NacosUser{token='eyJhbGciOiJIUzI1NiJ9.eyJzdWIiOiJuYWNvcyIsImV4cCI6MTc2NTM3MDI3N30.ek5qJvaOYBflPiT8RzzI5JcVi9aBexAoXFlJ3Y0Y-bo', globalAdmin=false}

2025-12-10 15:57:39,880 DEBUG auth start, request: PUT /nacos/v1/ns/instance/beat

2025-12-10 15:57:39,881 DEBUG auth permission: Permission{resource='Resource{namespaceId='seata', group='SEATA_GROUP', name='seata-server', type='naming', properties={action=w}}', action='w'}, nacosUser: NacosUser{token='eyJhbGciOiJIUzI1NiJ9.eyJzdWIiOiJuYWNvcyIsImV4cCI6MTc2NTM3MDI3N30.ek5qJvaOYBflPiT8RzzI5JcVi9aBexAoXFlJ3Y0Y-bo', globalAdmin=false}

2025-12-10 15:57:44,893 DEBUG auth start, request: PUT /nacos/v1/ns/instance/beat

2025-12-10 15:57:44,894 DEBUG auth permission: Permission{resource='Resource{namespaceId='seata', group='SEATA_GROUP', name='seata-server', type='naming', properties={action=w}}', action='w'}, nacosUser: NacosUser{token='eyJhbGciOiJIUzI1NiJ9.eyJzdWIiOiJuYWNvcyIsImV4cCI6MTc2NTM3MDI3N30.ek5qJvaOYBflPiT8RzzI5JcVi9aBexAoXFlJ3Y0Y-bo', globalAdmin=false}

2025-12-10 15:57:49,905 DEBUG auth start, request: PUT /nacos/v1/ns/instance/beat

2025-12-10 15:57:49,907 DEBUG auth permission: Permission{resource='Resource{namespaceId='seata', group='SEATA_GROUP', name='seata-server', type='naming', properties={action=w}}', action='w'}, nacosUser: NacosUser{token='eyJhbGciOiJIUzI1NiJ9.eyJzdWIiOiJuYWNvcyIsImV4cCI6MTc2NTM3MDI3N30.ek5qJvaOYBflPiT8RzzI5JcVi9aBexAoXFlJ3Y0Y-bo', globalAdmin=false}

2025-12-10 15:57:54,920 DEBUG auth start, request: PUT /nacos/v1/ns/instance/beat

2025-12-10 15:57:54,921 DEBUG auth permission: Permission{resource='Resource{namespaceId='seata', group='SEATA_GROUP', name='seata-server', type='naming', properties={action=w}}', action='w'}, nacosUser: NacosUser{token='eyJhbGciOiJIUzI1NiJ9.eyJzdWIiOiJuYWNvcyIsImV4cCI6MTc2NTM3MDI3N30.ek5qJvaOYBflPiT8RzzI5JcVi9aBexAoXFlJ3Y0Y-bo', globalAdmin=false}

2025-12-10 15:57:59,930 DEBUG auth start, request: PUT /nacos/v1/ns/instance/beat

2025-12-10 15:57:59,932 DEBUG auth permission: Permission{resource='Resource{namespaceId='seata', group='SEATA_GROUP', name='seata-server', type='naming', properties={action=w}}', action='w'}, nacosUser: NacosUser{token='eyJhbGciOiJIUzI1NiJ9.eyJzdWIiOiJuYWNvcyIsImV4cCI6MTc2NTM3MDI3N30.ek5qJvaOYBflPiT8RzzI5JcVi9aBexAoXFlJ3Y0Y-bo', globalAdmin=false}

2025-12-10 15:58:04,941 DEBUG auth start, request: PUT /nacos/v1/ns/instance/beat

2025-12-10 15:58:04,941 DEBUG auth permission: Permission{resource='Resource{namespaceId='seata', group='SEATA_GROUP', name='seata-server', type='naming', properties={action=w}}', action='w'}, nacosUser: NacosUser{token='eyJhbGciOiJIUzI1NiJ9.eyJzdWIiOiJuYWNvcyIsImV4cCI6MTc2NTM3MDI3N30.ek5qJvaOYBflPiT8RzzI5JcVi9aBexAoXFlJ3Y0Y-bo', globalAdmin=false}

2025-12-10 15:58:09,949 DEBUG auth start, request: PUT /nacos/v1/ns/instance/beat

2025-12-10 15:58:09,951 DEBUG auth permission: Permission{resource='Resource{namespaceId='seata', group='SEATA_GROUP', name='seata-server', type='naming', properties={action=w}}', action='w'}, nacosUser: NacosUser{token='eyJhbGciOiJIUzI1NiJ9.eyJzdWIiOiJuYWNvcyIsImV4cCI6MTc2NTM3MDI3N30.ek5qJvaOYBflPiT8RzzI5JcVi9aBexAoXFlJ3Y0Y-bo', globalAdmin=false}

2025-12-10 15:58:14,959 DEBUG auth start, request: PUT /nacos/v1/ns/instance/beat

2025-12-10 15:58:14,960 DEBUG auth permission: Permission{resource='Resource{namespaceId='seata', group='SEATA_GROUP', name='seata-server', type='naming', properties={action=w}}', action='w'}, nacosUser: NacosUser{token='eyJhbGciOiJIUzI1NiJ9.eyJzdWIiOiJuYWNvcyIsImV4cCI6MTc2NTM3MDI3N30.ek5qJvaOYBflPiT8RzzI5JcVi9aBexAoXFlJ3Y0Y-bo', globalAdmin=false}

2025-12-10 15:58:19,968 DEBUG auth start, request: PUT /nacos/v1/ns/instance/beat

2025-12-10 15:58:19,969 DEBUG auth permission: Permission{resource='Resource{namespaceId='seata', group='SEATA_GROUP', name='seata-server', type='naming', properties={action=w}}', action='w'}, nacosUser: NacosUser{token='eyJhbGciOiJIUzI1NiJ9.eyJzdWIiOiJuYWNvcyIsImV4cCI6MTc2NTM3MDI3N30.ek5qJvaOYBflPiT8RzzI5JcVi9aBexAoXFlJ3Y0Y-bo', globalAdmin=false}

2025-12-10 15:58:24,977 DEBUG auth start, request: PUT /nacos/v1/ns/instance/beat

2025-12-10 15:58:24,979 DEBUG auth permission: Permission{resource='Resource{namespaceId='seata', group='SEATA_GROUP', name='seata-server', type='naming', properties={action=w}}', action='w'}, nacosUser: NacosUser{token='eyJhbGciOiJIUzI1NiJ9.eyJzdWIiOiJuYWNvcyIsImV4cCI6MTc2NTM3MDI3N30.ek5qJvaOYBflPiT8RzzI5JcVi9aBexAoXFlJ3Y0Y-bo', globalAdmin=false}

2025-12-10 15:58:29,989 DEBUG auth start, request: PUT /nacos/v1/ns/instance/beat

2025-12-10 15:58:29,990 DEBUG auth permission: Permission{resource='Resource{namespaceId='seata', group='SEATA_GROUP', name='seata-server', type='naming', properties={action=w}}', action='w'}, nacosUser: NacosUser{token='eyJhbGciOiJIUzI1NiJ9.eyJzdWIiOiJuYWNvcyIsImV4cCI6MTc2NTM3MDI3N30.ek5qJvaOYBflPiT8RzzI5JcVi9aBexAoXFlJ3Y0Y-bo', globalAdmin=false}

2025-12-10 15:58:34,999 DEBUG auth start, request: PUT /nacos/v1/ns/instance/beat

2025-12-10 15:58:35,000 DEBUG auth permission: Permission{resource='Resource{namespaceId='seata', group='SEATA_GROUP', name='seata-server', type='naming', properties={action=w}}', action='w'}, nacosUser: NacosUser{token='eyJhbGciOiJIUzI1NiJ9.eyJzdWIiOiJuYWNvcyIsImV4cCI6MTc2NTM3MDI3N30.ek5qJvaOYBflPiT8RzzI5JcVi9aBexAoXFlJ3Y0Y-bo', globalAdmin=false}

2025-12-10 15:58:40,010 DEBUG auth start, request: PUT /nacos/v1/ns/instance/beat

2025-12-10 15:58:40,013 DEBUG auth permission: Permission{resource='Resource{namespaceId='seata', group='SEATA_GROUP', name='seata-server', type='naming', properties={action=w}}', action='w'}, nacosUser: NacosUser{token='eyJhbGciOiJIUzI1NiJ9.eyJzdWIiOiJuYWNvcyIsImV4cCI6MTc2NTM3MDI3N30.ek5qJvaOYBflPiT8RzzI5JcVi9aBexAoXFlJ3Y0Y-bo', globalAdmin=false}

2025-12-10 15:58:45,026 DEBUG auth start, request: PUT /nacos/v1/ns/instance/beat

2025-12-10 15:58:45,027 DEBUG auth permission: Permission{resource='Resource{namespaceId='seata', group='SEATA_GROUP', name='seata-server', type='naming', properties={action=w}}', action='w'}, nacosUser: NacosUser{token='eyJhbGciOiJIUzI1NiJ9.eyJzdWIiOiJuYWNvcyIsImV4cCI6MTc2NTM3MDI3N30.ek5qJvaOYBflPiT8RzzI5JcVi9aBexAoXFlJ3Y0Y-bo', globalAdmin=false}

2025-12-10 15:58:50,037 DEBUG auth start, request: PUT /nacos/v1/ns/instance/beat

2025-12-10 15:58:50,038 DEBUG auth permission: Permission{resource='Resource{namespaceId='seata', group='SEATA_GROUP', name='seata-server', type='naming', properties={action=w}}', action='w'}, nacosUser: NacosUser{token='eyJhbGciOiJIUzI1NiJ9.eyJzdWIiOiJuYWNvcyIsImV4cCI6MTc2NTM3MDI3N30.ek5qJvaOYBflPiT8RzzI5JcVi9aBexAoXFlJ3Y0Y-bo', globalAdmin=false}

2025-12-10 15:58:55,049 DEBUG auth start, request: PUT /nacos/v1/ns/instance/beat

2025-12-10 15:58:55,051 DEBUG auth permission: Permission{resource='Resource{namespaceId='seata', group='SEATA_GROUP', name='seata-server', type='naming', properties={action=w}}', action='w'}, nacosUser: NacosUser{token='eyJhbGciOiJIUzI1NiJ9.eyJzdWIiOiJuYWNvcyIsImV4cCI6MTc2NTM3MDI3N30.ek5qJvaOYBflPiT8RzzI5JcVi9aBexAoXFlJ3Y0Y-bo', globalAdmin=false}

2025-12-10 15:59:00,061 DEBUG auth start, request: PUT /nacos/v1/ns/instance/beat

2025-12-10 15:59:00,062 DEBUG auth permission: Permission{resource='Resource{namespaceId='seata', group='SEATA_GROUP', name='seata-server', type='naming', properties={action=w}}', action='w'}, nacosUser: NacosUser{token='eyJhbGciOiJIUzI1NiJ9.eyJzdWIiOiJuYWNvcyIsImV4cCI6MTc2NTM3MDI3N30.ek5qJvaOYBflPiT8RzzI5JcVi9aBexAoXFlJ3Y0Y-bo', globalAdmin=false}

2025-12-10 15:59:05,070 DEBUG auth start, request: PUT /nacos/v1/ns/instance/beat

2025-12-10 15:59:05,071 DEBUG auth permission: Permission{resource='Resource{namespaceId='seata', group='SEATA_GROUP', name='seata-server', type='naming', properties={action=w}}', action='w'}, nacosUser: NacosUser{token='eyJhbGciOiJIUzI1NiJ9.eyJzdWIiOiJuYWNvcyIsImV4cCI6MTc2NTM3MDI3N30.ek5qJvaOYBflPiT8RzzI5JcVi9aBexAoXFlJ3Y0Y-bo', globalAdmin=false}

2025-12-10 15:59:10,082 DEBUG auth start, request: PUT /nacos/v1/ns/instance/beat

2025-12-10 15:59:10,083 DEBUG auth permission: Permission{resource='Resource{namespaceId='seata', group='SEATA_GROUP', name='seata-server', type='naming', properties={action=w}}', action='w'}, nacosUser: NacosUser{token='eyJhbGciOiJIUzI1NiJ9.eyJzdWIiOiJuYWNvcyIsImV4cCI6MTc2NTM3MDI3N30.ek5qJvaOYBflPiT8RzzI5JcVi9aBexAoXFlJ3Y0Y-bo', globalAdmin=false}

2025-12-10 15:59:15,094 DEBUG auth start, request: PUT /nacos/v1/ns/instance/beat

2025-12-10 15:59:15,095 DEBUG auth permission: Permission{resource='Resource{namespaceId='seata', group='SEATA_GROUP', name='seata-server', type='naming', properties={action=w}}', action='w'}, nacosUser: NacosUser{token='eyJhbGciOiJIUzI1NiJ9.eyJzdWIiOiJuYWNvcyIsImV4cCI6MTc2NTM3MDI3N30.ek5qJvaOYBflPiT8RzzI5JcVi9aBexAoXFlJ3Y0Y-bo', globalAdmin=false}

2025-12-10 15:59:20,105 DEBUG auth start, request: PUT /nacos/v1/ns/instance/beat

2025-12-10 15:59:20,106 DEBUG auth permission: Permission{resource='Resource{namespaceId='seata', group='SEATA_GROUP', name='seata-server', type='naming', properties={action=w}}', action='w'}, nacosUser: NacosUser{token='eyJhbGciOiJIUzI1NiJ9.eyJzdWIiOiJuYWNvcyIsImV4cCI6MTc2NTM3MDI3N30.ek5qJvaOYBflPiT8RzzI5JcVi9aBexAoXFlJ3Y0Y-bo', globalAdmin=false}

2025-12-10 15:59:25,117 DEBUG auth start, request: PUT /nacos/v1/ns/instance/beat

2025-12-10 15:59:25,119 DEBUG auth permission: Permission{resource='Resource{namespaceId='seata', group='SEATA_GROUP', name='seata-server', type='naming', properties={action=w}}', action='w'}, nacosUser: NacosUser{token='eyJhbGciOiJIUzI1NiJ9.eyJzdWIiOiJuYWNvcyIsImV4cCI6MTc2NTM3MDI3N30.ek5qJvaOYBflPiT8RzzI5JcVi9aBexAoXFlJ3Y0Y-bo', globalAdmin=false}

2025-12-10 15:59:30,132 DEBUG auth start, request: PUT /nacos/v1/ns/instance/beat

2025-12-10 15:59:30,132 DEBUG auth permission: Permission{resource='Resource{namespaceId='seata', group='SEATA_GROUP', name='seata-server', type='naming', properties={action=w}}', action='w'}, nacosUser: NacosUser{token='eyJhbGciOiJIUzI1NiJ9.eyJzdWIiOiJuYWNvcyIsImV4cCI6MTc2NTM3MDI3N30.ek5qJvaOYBflPiT8RzzI5JcVi9aBexAoXFlJ3Y0Y-bo', globalAdmin=false}

2025-12-10 15:59:35,140 DEBUG auth start, request: PUT /nacos/v1/ns/instance/beat

2025-12-10 15:59:35,141 DEBUG auth permission: Permission{resource='Resource{namespaceId='seata', group='SEATA_GROUP', name='seata-server', type='naming', properties={action=w}}', action='w'}, nacosUser: NacosUser{token='eyJhbGciOiJIUzI1NiJ9.eyJzdWIiOiJuYWNvcyIsImV4cCI6MTc2NTM3MDI3N30.ek5qJvaOYBflPiT8RzzI5JcVi9aBexAoXFlJ3Y0Y-bo', globalAdmin=false}

2025-12-10 15:59:40,151 DEBUG auth start, request: PUT /nacos/v1/ns/instance/beat

2025-12-10 15:59:40,153 DEBUG auth permission: Permission{resource='Resource{namespaceId='seata', group='SEATA_GROUP', name='seata-server', type='naming', properties={action=w}}', action='w'}, nacosUser: NacosUser{token='eyJhbGciOiJIUzI1NiJ9.eyJzdWIiOiJuYWNvcyIsImV4cCI6MTc2NTM3MDI3N30.ek5qJvaOYBflPiT8RzzI5JcVi9aBexAoXFlJ3Y0Y-bo', globalAdmin=false}

2025-12-10 15:59:45,161 DEBUG auth start, request: PUT /nacos/v1/ns/instance/beat

2025-12-10 15:59:45,163 DEBUG auth permission: Permission{resource='Resource{namespaceId='seata', group='SEATA_GROUP', name='seata-server', type='naming', properties={action=w}}', action='w'}, nacosUser: NacosUser{token='eyJhbGciOiJIUzI1NiJ9.eyJzdWIiOiJuYWNvcyIsImV4cCI6MTc2NTM3MDI3N30.ek5qJvaOYBflPiT8RzzI5JcVi9aBexAoXFlJ3Y0Y-bo', globalAdmin=false}

2025-12-10 15:59:50,173 DEBUG auth start, request: PUT /nacos/v1/ns/instance/beat

2025-12-10 15:59:50,174 DEBUG auth permission: Permission{resource='Resource{namespaceId='seata', group='SEATA_GROUP', name='seata-server', type='naming', properties={action=w}}', action='w'}, nacosUser: NacosUser{token='eyJhbGciOiJIUzI1NiJ9.eyJzdWIiOiJuYWNvcyIsImV4cCI6MTc2NTM3MDI3N30.ek5qJvaOYBflPiT8RzzI5JcVi9aBexAoXFlJ3Y0Y-bo', globalAdmin=false}

2025-12-10 15:59:55,182 DEBUG auth start, request: PUT /nacos/v1/ns/instance/beat

2025-12-10 15:59:55,183 DEBUG auth permission: Permission{resource='Resource{namespaceId='seata', group='SEATA_GROUP', name='seata-server', type='naming', properties={action=w}}', action='w'}, nacosUser: NacosUser{token='eyJhbGciOiJIUzI1NiJ9.eyJzdWIiOiJuYWNvcyIsImV4cCI6MTc2NTM3MDI3N30.ek5qJvaOYBflPiT8RzzI5JcVi9aBexAoXFlJ3Y0Y-bo', globalAdmin=false}

2025-12-10 16:00:00,190 DEBUG auth start, request: PUT /nacos/v1/ns/instance/beat

2025-12-10 16:00:00,191 DEBUG auth permission: Permission{resource='Resource{namespaceId='seata', group='SEATA_GROUP', name='seata-server', type='naming', properties={action=w}}', action='w'}, nacosUser: NacosUser{token='eyJhbGciOiJIUzI1NiJ9.eyJzdWIiOiJuYWNvcyIsImV4cCI6MTc2NTM3MDI3N30.ek5qJvaOYBflPiT8RzzI5JcVi9aBexAoXFlJ3Y0Y-bo', globalAdmin=false}

2025-12-10 16:00:05,204 DEBUG auth start, request: PUT /nacos/v1/ns/instance/beat

2025-12-10 16:00:05,205 DEBUG auth permission: Permission{resource='Resource{namespaceId='seata', group='SEATA_GROUP', name='seata-server', type='naming', properties={action=w}}', action='w'}, nacosUser: NacosUser{token='eyJhbGciOiJIUzI1NiJ9.eyJzdWIiOiJuYWNvcyIsImV4cCI6MTc2NTM3MDI3N30.ek5qJvaOYBflPiT8RzzI5JcVi9aBexAoXFlJ3Y0Y-bo', globalAdmin=false}

2025-12-10 16:00:10,220 DEBUG auth start, request: PUT /nacos/v1/ns/instance/beat

2025-12-10 16:00:10,222 DEBUG auth permission: Permission{resource='Resource{namespaceId='seata', group='SEATA_GROUP', name='seata-server', type='naming', properties={action=w}}', action='w'}, nacosUser: NacosUser{token='eyJhbGciOiJIUzI1NiJ9.eyJzdWIiOiJuYWNvcyIsImV4cCI6MTc2NTM3MDI3N30.ek5qJvaOYBflPiT8RzzI5JcVi9aBexAoXFlJ3Y0Y-bo', globalAdmin=false}

2025-12-10 16:00:15,236 DEBUG auth start, request: PUT /nacos/v1/ns/instance/beat

2025-12-10 16:00:15,237 DEBUG auth permission: Permission{resource='Resource{namespaceId='seata', group='SEATA_GROUP', name='seata-server', type='naming', properties={action=w}}', action='w'}, nacosUser: NacosUser{token='eyJhbGciOiJIUzI1NiJ9.eyJzdWIiOiJuYWNvcyIsImV4cCI6MTc2NTM3MDI3N30.ek5qJvaOYBflPiT8RzzI5JcVi9aBexAoXFlJ3Y0Y-bo', globalAdmin=false}

2025-12-10 16:00:20,249 DEBUG auth start, request: PUT /nacos/v1/ns/instance/beat

2025-12-10 16:00:20,255 DEBUG auth permission: Permission{resource='Resource{namespaceId='seata', group='SEATA_GROUP', name='seata-server', type='naming', properties={action=w}}', action='w'}, nacosUser: NacosUser{token='eyJhbGciOiJIUzI1NiJ9.eyJzdWIiOiJuYWNvcyIsImV4cCI6MTc2NTM3MDI3N30.ek5qJvaOYBflPiT8RzzI5JcVi9aBexAoXFlJ3Y0Y-bo', globalAdmin=false}

2025-12-10 16:00:25,271 DEBUG auth start, request: PUT /nacos/v1/ns/instance/beat

2025-12-10 16:00:25,272 DEBUG auth permission: Permission{resource='Resource{namespaceId='seata', group='SEATA_GROUP', name='seata-server', type='naming', properties={action=w}}', action='w'}, nacosUser: NacosUser{token='eyJhbGciOiJIUzI1NiJ9.eyJzdWIiOiJuYWNvcyIsImV4cCI6MTc2NTM3MDI3N30.ek5qJvaOYBflPiT8RzzI5JcVi9aBexAoXFlJ3Y0Y-bo', globalAdmin=false}

2025-12-10 16:00:30,279 DEBUG auth start, request: PUT /nacos/v1/ns/instance/beat

2025-12-10 16:00:30,280 DEBUG auth permission: Permission{resource='Resource{namespaceId='seata', group='SEATA_GROUP', name='seata-server', type='naming', properties={action=w}}', action='w'}, nacosUser: NacosUser{token='eyJhbGciOiJIUzI1NiJ9.eyJzdWIiOiJuYWNvcyIsImV4cCI6MTc2NTM3MDI3N30.ek5qJvaOYBflPiT8RzzI5JcVi9aBexAoXFlJ3Y0Y-bo', globalAdmin=false}

2025-12-10 16:00:35,288 DEBUG auth start, request: PUT /nacos/v1/ns/instance/beat

2025-12-10 16:00:35,289 DEBUG auth permission: Permission{resource='Resource{namespaceId='seata', group='SEATA_GROUP', name='seata-server', type='naming', properties={action=w}}', action='w'}, nacosUser: NacosUser{token='eyJhbGciOiJIUzI1NiJ9.eyJzdWIiOiJuYWNvcyIsImV4cCI6MTc2NTM3MDI3N30.ek5qJvaOYBflPiT8RzzI5JcVi9aBexAoXFlJ3Y0Y-bo', globalAdmin=false}

2025-12-10 16:00:40,298 DEBUG auth start, request: PUT /nacos/v1/ns/instance/beat

2025-12-10 16:00:40,299 DEBUG auth permission: Permission{resource='Resource{namespaceId='seata', group='SEATA_GROUP', name='seata-server', type='naming', properties={action=w}}', action='w'}, nacosUser: NacosUser{token='eyJhbGciOiJIUzI1NiJ9.eyJzdWIiOiJuYWNvcyIsImV4cCI6MTc2NTM3MDI3N30.ek5qJvaOYBflPiT8RzzI5JcVi9aBexAoXFlJ3Y0Y-bo', globalAdmin=false}

2025-12-10 16:00:45,306 DEBUG auth start, request: PUT /nacos/v1/ns/instance/beat

2025-12-10 16:00:45,307 DEBUG auth permission: Permission{resource='Resource{namespaceId='seata', group='SEATA_GROUP', name='seata-server', type='naming', properties={action=w}}', action='w'}, nacosUser: NacosUser{token='eyJhbGciOiJIUzI1NiJ9.eyJzdWIiOiJuYWNvcyIsImV4cCI6MTc2NTM3MDI3N30.ek5qJvaOYBflPiT8RzzI5JcVi9aBexAoXFlJ3Y0Y-bo', globalAdmin=false}

2025-12-10 16:00:50,317 DEBUG auth start, request: PUT /nacos/v1/ns/instance/beat

2025-12-10 16:00:50,319 DEBUG auth permission: Permission{resource='Resource{namespaceId='seata', group='SEATA_GROUP', name='seata-server', type='naming', properties={action=w}}', action='w'}, nacosUser: NacosUser{token='eyJhbGciOiJIUzI1NiJ9.eyJzdWIiOiJuYWNvcyIsImV4cCI6MTc2NTM3MDI3N30.ek5qJvaOYBflPiT8RzzI5JcVi9aBexAoXFlJ3Y0Y-bo', globalAdmin=false}

2025-12-10 16:00:55,329 DEBUG auth start, request: PUT /nacos/v1/ns/instance/beat

2025-12-10 16:00:55,331 DEBUG auth permission: Permission{resource='Resource{namespaceId='seata', group='SEATA_GROUP', name='seata-server', type='naming', properties={action=w}}', action='w'}, nacosUser: NacosUser{token='eyJhbGciOiJIUzI1NiJ9.eyJzdWIiOiJuYWNvcyIsImV4cCI6MTc2NTM3MDI3N30.ek5qJvaOYBflPiT8RzzI5JcVi9aBexAoXFlJ3Y0Y-bo', globalAdmin=false}

2025-12-10 16:01:00,340 DEBUG auth start, request: PUT /nacos/v1/ns/instance/beat

2025-12-10 16:01:00,341 DEBUG auth permission: Permission{resource='Resource{namespaceId='seata', group='SEATA_GROUP', name='seata-server', type='naming', properties={action=w}}', action='w'}, nacosUser: NacosUser{token='eyJhbGciOiJIUzI1NiJ9.eyJzdWIiOiJuYWNvcyIsImV4cCI6MTc2NTM3MDI3N30.ek5qJvaOYBflPiT8RzzI5JcVi9aBexAoXFlJ3Y0Y-bo', globalAdmin=false}

2025-12-10 16:01:05,354 DEBUG auth start, request: PUT /nacos/v1/ns/instance/beat

2025-12-10 16:01:05,355 DEBUG auth permission: Permission{resource='Resource{namespaceId='seata', group='SEATA_GROUP', name='seata-server', type='naming', properties={action=w}}', action='w'}, nacosUser: NacosUser{token='eyJhbGciOiJIUzI1NiJ9.eyJzdWIiOiJuYWNvcyIsImV4cCI6MTc2NTM3MDI3N30.ek5qJvaOYBflPiT8RzzI5JcVi9aBexAoXFlJ3Y0Y-bo', globalAdmin=false}

2025-12-10 16:01:07,353 DEBUG auth start, request: GET /nacos/v1/ns/catalog/services

2025-12-10 16:01:07,354 DEBUG auth permission: Permission{resource='Resource{namespaceId='', group='', name='', type='naming', properties={action=r}}', action='r'}, nacosUser: NacosUser{token='eyJhbGciOiJIUzI1NiJ9.eyJzdWIiOiJuYWNvcyIsImV4cCI6MTc2NTM2OTg2MH0.BKRSHdYRPA5brs-wZchqIO2Gl9u1OsNq7HLnzuB2z_A', globalAdmin=false}

2025-12-10 16:01:10,367 DEBUG auth start, request: PUT /nacos/v1/ns/instance/beat

2025-12-10 16:01:10,368 DEBUG auth permission: Permission{resource='Resource{namespaceId='seata', group='SEATA_GROUP', name='seata-server', type='naming', properties={action=w}}', action='w'}, nacosUser: NacosUser{token='eyJhbGciOiJIUzI1NiJ9.eyJzdWIiOiJuYWNvcyIsImV4cCI6MTc2NTM3MDI3N30.ek5qJvaOYBflPiT8RzzI5JcVi9aBexAoXFlJ3Y0Y-bo', globalAdmin=false}

2025-12-10 16:01:15,375 DEBUG auth start, request: PUT /nacos/v1/ns/instance/beat

2025-12-10 16:01:15,376 DEBUG auth permission: Permission{resource='Resource{namespaceId='seata', group='SEATA_GROUP', name='seata-server', type='naming', properties={action=w}}', action='w'}, nacosUser: NacosUser{token='eyJhbGciOiJIUzI1NiJ9.eyJzdWIiOiJuYWNvcyIsImV4cCI6MTc2NTM3MDI3N30.ek5qJvaOYBflPiT8RzzI5JcVi9aBexAoXFlJ3Y0Y-bo', globalAdmin=false}

2025-12-10 16:01:17,749 DEBUG auth start, request: GET /nacos/v1/cs/configs

2025-12-10 16:01:17,750 DEBUG auth permission: Permission{resource='Resource{namespaceId='', group='', name='', type='config', properties={action=r}}', action='r'}, nacosUser: NacosUser{token='eyJhbGciOiJIUzI1NiJ9.eyJzdWIiOiJuYWNvcyIsImV4cCI6MTc2NTM2OTg2MH0.BKRSHdYRPA5brs-wZchqIO2Gl9u1OsNq7HLnzuB2z_A', globalAdmin=false}

2025-12-10 16:01:20,386 DEBUG auth start, request: PUT /nacos/v1/ns/instance/beat

2025-12-10 16:01:20,387 DEBUG auth permission: Permission{resource='Resource{namespaceId='seata', group='SEATA_GROUP', name='seata-server', type='naming', properties={action=w}}', action='w'}, nacosUser: NacosUser{token='eyJhbGciOiJIUzI1NiJ9.eyJzdWIiOiJuYWNvcyIsImV4cCI6MTc2NTM3MDI3N30.ek5qJvaOYBflPiT8RzzI5JcVi9aBexAoXFlJ3Y0Y-bo', globalAdmin=false}

2025-12-10 16:01:25,397 DEBUG auth start, request: PUT /nacos/v1/ns/instance/beat

2025-12-10 16:01:25,400 DEBUG auth permission: Permission{resource='Resource{namespaceId='seata', group='SEATA_GROUP', name='seata-server', type='naming', properties={action=w}}', action='w'}, nacosUser: NacosUser{token='eyJhbGciOiJIUzI1NiJ9.eyJzdWIiOiJuYWNvcyIsImV4cCI6MTc2NTM3MDI3N30.ek5qJvaOYBflPiT8RzzI5JcVi9aBexAoXFlJ3Y0Y-bo', globalAdmin=false}

2025-12-10 16:01:30,179 DEBUG auth start, request: GET /nacos/v1/cs/configs

2025-12-10 16:01:30,181 DEBUG auth permission: Permission{resource='Resource{namespaceId='', group='DEFAULT_GROUP', name='base.properties', type='config', properties={action=r}}', action='r'}, nacosUser: NacosUser{token='eyJhbGciOiJIUzI1NiJ9.eyJzdWIiOiJuYWNvcyIsImV4cCI6MTc2NTM2OTg2MH0.BKRSHdYRPA5brs-wZchqIO2Gl9u1OsNq7HLnzuB2z_A', globalAdmin=false}

2025-12-10 16:01:30,201 DEBUG auth start, request: POST /nacos/v1/cs/configs

2025-12-10 16:01:30,201 DEBUG auth permission: Permission{resource='Resource{namespaceId='', group='DEFAULT_GROUP', name='base.properties', type='config', properties={action=w}}', action='w'}, nacosUser: NacosUser{token='eyJhbGciOiJIUzI1NiJ9.eyJzdWIiOiJuYWNvcyIsImV4cCI6MTc2NTM2OTg2MH0.BKRSHdYRPA5brs-wZchqIO2Gl9u1OsNq7HLnzuB2z_A', globalAdmin=false}

2025-12-10 16:01:30,288 DEBUG auth start, request: GET /nacos/v1/cs/configs

2025-12-10 16:01:30,288 DEBUG auth permission: Permission{resource='Resource{namespaceId='', group='', name='', type='config', properties={action=r}}', action='r'}, nacosUser: NacosUser{token='eyJhbGciOiJIUzI1NiJ9.eyJzdWIiOiJuYWNvcyIsImV4cCI6MTc2NTM2OTg2MH0.BKRSHdYRPA5brs-wZchqIO2Gl9u1OsNq7HLnzuB2z_A', globalAdmin=false}

2025-12-10 16:01:30,412 DEBUG auth start, request: PUT /nacos/v1/ns/instance/beat

2025-12-10 16:01:30,412 DEBUG auth permission: Permission{resource='Resource{namespaceId='seata', group='SEATA_GROUP', name='seata-server', type='naming', properties={action=w}}', action='w'}, nacosUser: NacosUser{token='eyJhbGciOiJIUzI1NiJ9.eyJzdWIiOiJuYWNvcyIsImV4cCI6MTc2NTM3MDI3N30.ek5qJvaOYBflPiT8RzzI5JcVi9aBexAoXFlJ3Y0Y-bo', globalAdmin=false}

2025-12-10 16:01:35,418 DEBUG auth start, request: PUT /nacos/v1/ns/instance/beat

2025-12-10 16:01:35,419 DEBUG auth permission: Permission{resource='Resource{namespaceId='seata', group='SEATA_GROUP', name='seata-server', type='naming', properties={action=w}}', action='w'}, nacosUser: NacosUser{token='eyJhbGciOiJIUzI1NiJ9.eyJzdWIiOiJuYWNvcyIsImV4cCI6MTc2NTM3MDI3N30.ek5qJvaOYBflPiT8RzzI5JcVi9aBexAoXFlJ3Y0Y-bo', globalAdmin=false}

2025-12-10 16:01:40,427 DEBUG auth start, request: PUT /nacos/v1/ns/instance/beat

2025-12-10 16:01:40,427 DEBUG auth permission: Permission{resource='Resource{namespaceId='seata', group='SEATA_GROUP', name='seata-server', type='naming', properties={action=w}}', action='w'}, nacosUser: NacosUser{token='eyJhbGciOiJIUzI1NiJ9.eyJzdWIiOiJuYWNvcyIsImV4cCI6MTc2NTM3MDI3N30.ek5qJvaOYBflPiT8RzzI5JcVi9aBexAoXFlJ3Y0Y-bo', globalAdmin=false}

2025-12-10 16:01:45,438 DEBUG auth start, request: PUT /nacos/v1/ns/instance/beat

2025-12-10 16:01:45,439 DEBUG auth permission: Permission{resource='Resource{namespaceId='seata', group='SEATA_GROUP', name='seata-server', type='naming', properties={action=w}}', action='w'}, nacosUser: NacosUser{token='eyJhbGciOiJIUzI1NiJ9.eyJzdWIiOiJuYWNvcyIsImV4cCI6MTc2NTM3MDI3N30.ek5qJvaOYBflPiT8RzzI5JcVi9aBexAoXFlJ3Y0Y-bo', globalAdmin=false}

2025-12-10 16:01:50,447 DEBUG auth start, request: PUT /nacos/v1/ns/instance/beat

2025-12-10 16:01:50,448 DEBUG auth permission: Permission{resource='Resource{namespaceId='seata', group='SEATA_GROUP', name='seata-server', type='naming', properties={action=w}}', action='w'}, nacosUser: NacosUser{token='eyJhbGciOiJIUzI1NiJ9.eyJzdWIiOiJuYWNvcyIsImV4cCI6MTc2NTM3MDI3N30.ek5qJvaOYBflPiT8RzzI5JcVi9aBexAoXFlJ3Y0Y-bo', globalAdmin=false}

2025-12-10 16:01:55,457 DEBUG auth start, request: PUT /nacos/v1/ns/instance/beat

2025-12-10 16:01:55,459 DEBUG auth permission: Permission{resource='Resource{namespaceId='seata', group='SEATA_GROUP', name='seata-server', type='naming', properties={action=w}}', action='w'}, nacosUser: NacosUser{token='eyJhbGciOiJIUzI1NiJ9.eyJzdWIiOiJuYWNvcyIsImV4cCI6MTc2NTM3MDI3N30.ek5qJvaOYBflPiT8RzzI5JcVi9aBexAoXFlJ3Y0Y-bo', globalAdmin=false}

2025-12-10 16:02:00,468 DEBUG auth start, request: PUT /nacos/v1/ns/instance/beat

2025-12-10 16:02:00,470 DEBUG auth permission: Permission{resource='Resource{namespaceId='seata', group='SEATA_GROUP', name='seata-server', type='naming', properties={action=w}}', action='w'}, nacosUser: NacosUser{token='eyJhbGciOiJIUzI1NiJ9.eyJzdWIiOiJuYWNvcyIsImV4cCI6MTc2NTM3MDI3N30.ek5qJvaOYBflPiT8RzzI5JcVi9aBexAoXFlJ3Y0Y-bo', globalAdmin=false}

2025-12-10 16:02:05,482 DEBUG auth start, request: PUT /nacos/v1/ns/instance/beat

2025-12-10 16:02:05,483 DEBUG auth permission: Permission{resource='Resource{namespaceId='seata', group='SEATA_GROUP', name='seata-server', type='naming', properties={action=w}}', action='w'}, nacosUser: NacosUser{token='eyJhbGciOiJIUzI1NiJ9.eyJzdWIiOiJuYWNvcyIsImV4cCI6MTc2NTM3MDI3N30.ek5qJvaOYBflPiT8RzzI5JcVi9aBexAoXFlJ3Y0Y-bo', globalAdmin=false}

2025-12-10 16:02:10,497 DEBUG auth start, request: PUT /nacos/v1/ns/instance/beat

2025-12-10 16:02:10,499 DEBUG auth permission: Permission{resource='Resource{namespaceId='seata', group='SEATA_GROUP', name='seata-server', type='naming', properties={action=w}}', action='w'}, nacosUser: NacosUser{token='eyJhbGciOiJIUzI1NiJ9.eyJzdWIiOiJuYWNvcyIsImV4cCI6MTc2NTM3MDI3N30.ek5qJvaOYBflPiT8RzzI5JcVi9aBexAoXFlJ3Y0Y-bo', globalAdmin=false}

2025-12-10 16:02:15,517 DEBUG auth start, request: PUT /nacos/v1/ns/instance/beat

2025-12-10 16:02:15,519 DEBUG auth permission: Permission{resource='Resource{namespaceId='seata', group='SEATA_GROUP', name='seata-server', type='naming', properties={action=w}}', action='w'}, nacosUser: NacosUser{token='eyJhbGciOiJIUzI1NiJ9.eyJzdWIiOiJuYWNvcyIsImV4cCI6MTc2NTM3MDI3N30.ek5qJvaOYBflPiT8RzzI5JcVi9aBexAoXFlJ3Y0Y-bo', globalAdmin=false}

2025-12-10 16:02:20,534 DEBUG auth start, request: PUT /nacos/v1/ns/instance/beat

2025-12-10 16:02:20,536 DEBUG auth permission: Permission{resource='Resource{namespaceId='seata', group='SEATA_GROUP', name='seata-server', type='naming', properties={action=w}}', action='w'}, nacosUser: NacosUser{token='eyJhbGciOiJIUzI1NiJ9.eyJzdWIiOiJuYWNvcyIsImV4cCI6MTc2NTM3MDI3N30.ek5qJvaOYBflPiT8RzzI5JcVi9aBexAoXFlJ3Y0Y-bo', globalAdmin=false}

2025-12-10 16:02:25,549 DEBUG auth start, request: PUT /nacos/v1/ns/instance/beat

2025-12-10 16:02:25,550 DEBUG auth permission: Permission{resource='Resource{namespaceId='seata', group='SEATA_GROUP', name='seata-server', type='naming', properties={action=w}}', action='w'}, nacosUser: NacosUser{token='eyJhbGciOiJIUzI1NiJ9.eyJzdWIiOiJuYWNvcyIsImV4cCI6MTc2NTM3MDI3N30.ek5qJvaOYBflPiT8RzzI5JcVi9aBexAoXFlJ3Y0Y-bo', globalAdmin=false}

2025-12-10 16:02:30,560 DEBUG auth start, request: PUT /nacos/v1/ns/instance/beat

2025-12-10 16:02:30,560 DEBUG auth permission: Permission{resource='Resource{namespaceId='seata', group='SEATA_GROUP', name='seata-server', type='naming', properties={action=w}}', action='w'}, nacosUser: NacosUser{token='eyJhbGciOiJIUzI1NiJ9.eyJzdWIiOiJuYWNvcyIsImV4cCI6MTc2NTM3MDI3N30.ek5qJvaOYBflPiT8RzzI5JcVi9aBexAoXFlJ3Y0Y-bo', globalAdmin=false}

2025-12-10 16:02:35,567 DEBUG auth start, request: PUT /nacos/v1/ns/instance/beat

2025-12-10 16:02:35,570 DEBUG auth permission: Permission{resource='Resource{namespaceId='seata', group='SEATA_GROUP', name='seata-server', type='naming', properties={action=w}}', action='w'}, nacosUser: NacosUser{token='eyJhbGciOiJIUzI1NiJ9.eyJzdWIiOiJuYWNvcyIsImV4cCI6MTc2NTM3MDI3N30.ek5qJvaOYBflPiT8RzzI5JcVi9aBexAoXFlJ3Y0Y-bo', globalAdmin=false}

2025-12-10 16:02:40,579 DEBUG auth start, request: PUT /nacos/v1/ns/instance/beat

2025-12-10 16:02:40,580 DEBUG auth permission: Permission{resource='Resource{namespaceId='seata', group='SEATA_GROUP', name='seata-server', type='naming', properties={action=w}}', action='w'}, nacosUser: NacosUser{token='eyJhbGciOiJIUzI1NiJ9.eyJzdWIiOiJuYWNvcyIsImV4cCI6MTc2NTM3MDI3N30.ek5qJvaOYBflPiT8RzzI5JcVi9aBexAoXFlJ3Y0Y-bo', globalAdmin=false}

2025-12-10 16:02:45,590 DEBUG auth start, request: PUT /nacos/v1/ns/instance/beat

2025-12-10 16:02:45,591 DEBUG auth permission: Permission{resource='Resource{namespaceId='seata', group='SEATA_GROUP', name='seata-server', type='naming', properties={action=w}}', action='w'}, nacosUser: NacosUser{token='eyJhbGciOiJIUzI1NiJ9.eyJzdWIiOiJuYWNvcyIsImV4cCI6MTc2NTM3MDI3N30.ek5qJvaOYBflPiT8RzzI5JcVi9aBexAoXFlJ3Y0Y-bo', globalAdmin=false}

2025-12-10 16:02:50,601 DEBUG auth start, request: PUT /nacos/v1/ns/instance/beat

2025-12-10 16:02:50,602 DEBUG auth permission: Permission{resource='Resource{namespaceId='seata', group='SEATA_GROUP', name='seata-server', type='naming', properties={action=w}}', action='w'}, nacosUser: NacosUser{token='eyJhbGciOiJIUzI1NiJ9.eyJzdWIiOiJuYWNvcyIsImV4cCI6MTc2NTM3MDI3N30.ek5qJvaOYBflPiT8RzzI5JcVi9aBexAoXFlJ3Y0Y-bo', globalAdmin=false}

2025-12-10 16:02:55,613 DEBUG auth start, request: PUT /nacos/v1/ns/instance/beat

2025-12-10 16:02:55,613 DEBUG auth permission: Permission{resource='Resource{namespaceId='seata', group='SEATA_GROUP', name='seata-server', type='naming', properties={action=w}}', action='w'}, nacosUser: NacosUser{token='eyJhbGciOiJIUzI1NiJ9.eyJzdWIiOiJuYWNvcyIsImV4cCI6MTc2NTM3MDI3N30.ek5qJvaOYBflPiT8RzzI5JcVi9aBexAoXFlJ3Y0Y-bo', globalAdmin=false}

2025-12-10 16:03:00,622 DEBUG auth start, request: PUT /nacos/v1/ns/instance/beat

2025-12-10 16:03:00,624 DEBUG auth permission: Permission{resource='Resource{namespaceId='seata', group='SEATA_GROUP', name='seata-server', type='naming', properties={action=w}}', action='w'}, nacosUser: NacosUser{token='eyJhbGciOiJIUzI1NiJ9.eyJzdWIiOiJuYWNvcyIsImV4cCI6MTc2NTM3MDI3N30.ek5qJvaOYBflPiT8RzzI5JcVi9aBexAoXFlJ3Y0Y-bo', globalAdmin=false}

2025-12-10 16:03:05,632 DEBUG auth start, request: PUT /nacos/v1/ns/instance/beat

2025-12-10 16:03:05,633 DEBUG auth permission: Permission{resource='Resource{namespaceId='seata', group='SEATA_GROUP', name='seata-server', type='naming', properties={action=w}}', action='w'}, nacosUser: NacosUser{token='eyJhbGciOiJIUzI1NiJ9.eyJzdWIiOiJuYWNvcyIsImV4cCI6MTc2NTM3MDI3N30.ek5qJvaOYBflPiT8RzzI5JcVi9aBexAoXFlJ3Y0Y-bo', globalAdmin=false}

2025-12-10 16:03:10,643 DEBUG auth start, request: PUT /nacos/v1/ns/instance/beat

2025-12-10 16:03:10,645 DEBUG auth permission: Permission{resource='Resource{namespaceId='seata', group='SEATA_GROUP', name='seata-server', type='naming', properties={action=w}}', action='w'}, nacosUser: NacosUser{token='eyJhbGciOiJIUzI1NiJ9.eyJzdWIiOiJuYWNvcyIsImV4cCI6MTc2NTM3MDI3N30.ek5qJvaOYBflPiT8RzzI5JcVi9aBexAoXFlJ3Y0Y-bo', globalAdmin=false}

2025-12-10 16:03:15,658 DEBUG auth start, request: PUT /nacos/v1/ns/instance/beat

2025-12-10 16:03:15,659 DEBUG auth permission: Permission{resource='Resource{namespaceId='seata', group='SEATA_GROUP', name='seata-server', type='naming', properties={action=w}}', action='w'}, nacosUser: NacosUser{token='eyJhbGciOiJIUzI1NiJ9.eyJzdWIiOiJuYWNvcyIsImV4cCI6MTc2NTM3MDI3N30.ek5qJvaOYBflPiT8RzzI5JcVi9aBexAoXFlJ3Y0Y-bo', globalAdmin=false}

2025-12-10 16:03:20,669 DEBUG auth start, request: PUT /nacos/v1/ns/instance/beat

2025-12-10 16:03:20,672 DEBUG auth permission: Permission{resource='Resource{namespaceId='seata', group='SEATA_GROUP', name='seata-server', type='naming', properties={action=w}}', action='w'}, nacosUser: NacosUser{token='eyJhbGciOiJIUzI1NiJ9.eyJzdWIiOiJuYWNvcyIsImV4cCI6MTc2NTM3MDI3N30.ek5qJvaOYBflPiT8RzzI5JcVi9aBexAoXFlJ3Y0Y-bo', globalAdmin=false}

2025-12-10 16:03:25,680 DEBUG auth start, request: PUT /nacos/v1/ns/instance/beat

2025-12-10 16:03:25,680 DEBUG auth permission: Permission{resource='Resource{namespaceId='seata', group='SEATA_GROUP', name='seata-server', type='naming', properties={action=w}}', action='w'}, nacosUser: NacosUser{token='eyJhbGciOiJIUzI1NiJ9.eyJzdWIiOiJuYWNvcyIsImV4cCI6MTc2NTM3MDI3N30.ek5qJvaOYBflPiT8RzzI5JcVi9aBexAoXFlJ3Y0Y-bo', globalAdmin=false}

2025-12-10 16:03:30,689 DEBUG auth start, request: PUT /nacos/v1/ns/instance/beat

2025-12-10 16:03:30,691 DEBUG auth permission: Permission{resource='Resource{namespaceId='seata', group='SEATA_GROUP', name='seata-server', type='naming', properties={action=w}}', action='w'}, nacosUser: NacosUser{token='eyJhbGciOiJIUzI1NiJ9.eyJzdWIiOiJuYWNvcyIsImV4cCI6MTc2NTM3MDI3N30.ek5qJvaOYBflPiT8RzzI5JcVi9aBexAoXFlJ3Y0Y-bo', globalAdmin=false}

2025-12-10 16:03:35,702 DEBUG auth start, request: PUT /nacos/v1/ns/instance/beat

2025-12-10 16:03:35,704 DEBUG auth permission: Permission{resource='Resource{namespaceId='seata', group='SEATA_GROUP', name='seata-server', type='naming', properties={action=w}}', action='w'}, nacosUser: NacosUser{token='eyJhbGciOiJIUzI1NiJ9.eyJzdWIiOiJuYWNvcyIsImV4cCI6MTc2NTM3MDI3N30.ek5qJvaOYBflPiT8RzzI5JcVi9aBexAoXFlJ3Y0Y-bo', globalAdmin=false}

2025-12-10 16:03:40,713 DEBUG auth start, request: PUT /nacos/v1/ns/instance/beat

2025-12-10 16:03:40,715 DEBUG auth permission: Permission{resource='Resource{namespaceId='seata', group='SEATA_GROUP', name='seata-server', type='naming', properties={action=w}}', action='w'}, nacosUser: NacosUser{token='eyJhbGciOiJIUzI1NiJ9.eyJzdWIiOiJuYWNvcyIsImV4cCI6MTc2NTM3MDI3N30.ek5qJvaOYBflPiT8RzzI5JcVi9aBexAoXFlJ3Y0Y-bo', globalAdmin=false}

2025-12-10 16:03:45,722 DEBUG auth start, request: PUT /nacos/v1/ns/instance/beat

2025-12-10 16:03:45,723 DEBUG auth permission: Permission{resource='Resource{namespaceId='seata', group='SEATA_GROUP', name='seata-server', type='naming', properties={action=w}}', action='w'}, nacosUser: NacosUser{token='eyJhbGciOiJIUzI1NiJ9.eyJzdWIiOiJuYWNvcyIsImV4cCI6MTc2NTM3MDI3N30.ek5qJvaOYBflPiT8RzzI5JcVi9aBexAoXFlJ3Y0Y-bo', globalAdmin=false}

2025-12-10 16:03:50,729 DEBUG auth start, request: PUT /nacos/v1/ns/instance/beat

2025-12-10 16:03:50,730 DEBUG auth permission: Permission{resource='Resource{namespaceId='seata', group='SEATA_GROUP', name='seata-server', type='naming', properties={action=w}}', action='w'}, nacosUser: NacosUser{token='eyJhbGciOiJIUzI1NiJ9.eyJzdWIiOiJuYWNvcyIsImV4cCI6MTc2NTM3MDI3N30.ek5qJvaOYBflPiT8RzzI5JcVi9aBexAoXFlJ3Y0Y-bo', globalAdmin=false}

2025-12-10 16:03:55,738 DEBUG auth start, request: PUT /nacos/v1/ns/instance/beat

2025-12-10 16:03:55,739 DEBUG auth permission: Permission{resource='Resource{namespaceId='seata', group='SEATA_GROUP', name='seata-server', type='naming', properties={action=w}}', action='w'}, nacosUser: NacosUser{token='eyJhbGciOiJIUzI1NiJ9.eyJzdWIiOiJuYWNvcyIsImV4cCI6MTc2NTM3MDI3N30.ek5qJvaOYBflPiT8RzzI5JcVi9aBexAoXFlJ3Y0Y-bo', globalAdmin=false}

2025-12-10 16:04:00,747 DEBUG auth start, request: PUT /nacos/v1/ns/instance/beat

2025-12-10 16:04:00,749 DEBUG auth permission: Permission{resource='Resource{namespaceId='seata', group='SEATA_GROUP', name='seata-server', type='naming', properties={action=w}}', action='w'}, nacosUser: NacosUser{token='eyJhbGciOiJIUzI1NiJ9.eyJzdWIiOiJuYWNvcyIsImV4cCI6MTc2NTM3MDI3N30.ek5qJvaOYBflPiT8RzzI5JcVi9aBexAoXFlJ3Y0Y-bo', globalAdmin=false}

2025-12-10 16:04:05,757 DEBUG auth start, request: PUT /nacos/v1/ns/instance/beat

2025-12-10 16:04:05,758 DEBUG auth permission: Permission{resource='Resource{namespaceId='seata', group='SEATA_GROUP', name='seata-server', type='naming', properties={action=w}}', action='w'}, nacosUser: NacosUser{token='eyJhbGciOiJIUzI1NiJ9.eyJzdWIiOiJuYWNvcyIsImV4cCI6MTc2NTM3MDI3N30.ek5qJvaOYBflPiT8RzzI5JcVi9aBexAoXFlJ3Y0Y-bo', globalAdmin=false}

2025-12-10 16:04:10,771 DEBUG auth start, request: PUT /nacos/v1/ns/instance/beat

2025-12-10 16:04:10,772 DEBUG auth permission: Permission{resource='Resource{namespaceId='seata', group='SEATA_GROUP', name='seata-server', type='naming', properties={action=w}}', action='w'}, nacosUser: NacosUser{token='eyJhbGciOiJIUzI1NiJ9.eyJzdWIiOiJuYWNvcyIsImV4cCI6MTc2NTM3MDI3N30.ek5qJvaOYBflPiT8RzzI5JcVi9aBexAoXFlJ3Y0Y-bo', globalAdmin=false}

2025-12-10 16:04:15,783 DEBUG auth start, request: PUT /nacos/v1/ns/instance/beat

2025-12-10 16:04:15,784 DEBUG auth permission: Permission{resource='Resource{namespaceId='seata', group='SEATA_GROUP', name='seata-server', type='naming', properties={action=w}}', action='w'}, nacosUser: NacosUser{token='eyJhbGciOiJIUzI1NiJ9.eyJzdWIiOiJuYWNvcyIsImV4cCI6MTc2NTM3MDI3N30.ek5qJvaOYBflPiT8RzzI5JcVi9aBexAoXFlJ3Y0Y-bo', globalAdmin=false}

2025-12-10 16:04:20,794 DEBUG auth start, request: PUT /nacos/v1/ns/instance/beat

2025-12-10 16:04:20,795 DEBUG auth permission: Permission{resource='Resource{namespaceId='seata', group='SEATA_GROUP', name='seata-server', type='naming', properties={action=w}}', action='w'}, nacosUser: NacosUser{token='eyJhbGciOiJIUzI1NiJ9.eyJzdWIiOiJuYWNvcyIsImV4cCI6MTc2NTM3MDI3N30.ek5qJvaOYBflPiT8RzzI5JcVi9aBexAoXFlJ3Y0Y-bo', globalAdmin=false}

2025-12-10 16:04:25,585 DEBUG auth start, request: ConfigQueryRequest

2025-12-10 16:04:25,587 DEBUG auth permission: Permission{resource='Resource{namespaceId='', group='DEFAULT_GROUP', name='base.properties', type='config', properties={requestClass=ConfigQueryRequest, action=r}}', action='r'}, nacosUser: NacosUser{token='eyJhbGciOiJIUzI1NiJ9.eyJzdWIiOiJuYWNvcyIsImV4cCI6MTc2NTM3MTg2NH0.044fmO0usJzbq4KP00JDwtk6fJet37dEnRUsiOQFG7g', globalAdmin=false}

2025-12-10 16:04:25,803 DEBUG auth start, request: PUT /nacos/v1/ns/instance/beat

2025-12-10 16:04:25,804 DEBUG auth permission: Permission{resource='Resource{namespaceId='seata', group='SEATA_GROUP', name='seata-server', type='naming', properties={action=w}}', action='w'}, nacosUser: NacosUser{token='eyJhbGciOiJIUzI1NiJ9.eyJzdWIiOiJuYWNvcyIsImV4cCI6MTc2NTM3MDI3N30.ek5qJvaOYBflPiT8RzzI5JcVi9aBexAoXFlJ3Y0Y-bo', globalAdmin=false}

2025-12-10 16:04:30,810 DEBUG auth start, request: PUT /nacos/v1/ns/instance/beat

2025-12-10 16:04:30,811 DEBUG auth permission: Permission{resource='Resource{namespaceId='seata', group='SEATA_GROUP', name='seata-server', type='naming', properties={action=w}}', action='w'}, nacosUser: NacosUser{token='eyJhbGciOiJIUzI1NiJ9.eyJzdWIiOiJuYWNvcyIsImV4cCI6MTc2NTM3MDI3N30.ek5qJvaOYBflPiT8RzzI5JcVi9aBexAoXFlJ3Y0Y-bo', globalAdmin=false}

2025-12-10 16:04:35,819 DEBUG auth start, request: PUT /nacos/v1/ns/instance/beat

2025-12-10 16:04:35,822 DEBUG auth permission: Permission{resource='Resource{namespaceId='seata', group='SEATA_GROUP', name='seata-server', type='naming', properties={action=w}}', action='w'}, nacosUser: NacosUser{token='eyJhbGciOiJIUzI1NiJ9.eyJzdWIiOiJuYWNvcyIsImV4cCI6MTc2NTM3MDI3N30.ek5qJvaOYBflPiT8RzzI5JcVi9aBexAoXFlJ3Y0Y-bo', globalAdmin=false}

2025-12-10 16:04:40,832 DEBUG auth start, request: PUT /nacos/v1/ns/instance/beat

2025-12-10 16:04:40,833 DEBUG auth permission: Permission{resource='Resource{namespaceId='seata', group='SEATA_GROUP', name='seata-server', type='naming', properties={action=w}}', action='w'}, nacosUser: NacosUser{token='eyJhbGciOiJIUzI1NiJ9.eyJzdWIiOiJuYWNvcyIsImV4cCI6MTc2NTM3MDI3N30.ek5qJvaOYBflPiT8RzzI5JcVi9aBexAoXFlJ3Y0Y-bo', globalAdmin=false}

2025-12-10 16:04:45,842 DEBUG auth start, request: PUT /nacos/v1/ns/instance/beat

2025-12-10 16:04:45,845 DEBUG auth permission: Permission{resource='Resource{namespaceId='seata', group='SEATA_GROUP', name='seata-server', type='naming', properties={action=w}}', action='w'}, nacosUser: NacosUser{token='eyJhbGciOiJIUzI1NiJ9.eyJzdWIiOiJuYWNvcyIsImV4cCI6MTc2NTM3MDI3N30.ek5qJvaOYBflPiT8RzzI5JcVi9aBexAoXFlJ3Y0Y-bo', globalAdmin=false}

2025-12-10 16:04:50,854 DEBUG auth start, request: PUT /nacos/v1/ns/instance/beat

2025-12-10 16:04:50,855 DEBUG auth permission: Permission{resource='Resource{namespaceId='seata', group='SEATA_GROUP', name='seata-server', type='naming', properties={action=w}}', action='w'}, nacosUser: NacosUser{token='eyJhbGciOiJIUzI1NiJ9.eyJzdWIiOiJuYWNvcyIsImV4cCI6MTc2NTM3MDI3N30.ek5qJvaOYBflPiT8RzzI5JcVi9aBexAoXFlJ3Y0Y-bo', globalAdmin=false}

2025-12-10 16:04:55,862 DEBUG auth start, request: PUT /nacos/v1/ns/instance/beat

2025-12-10 16:04:55,864 DEBUG auth permission: Permission{resource='Resource{namespaceId='seata', group='SEATA_GROUP', name='seata-server', type='naming', properties={action=w}}', action='w'}, nacosUser: NacosUser{token='eyJhbGciOiJIUzI1NiJ9.eyJzdWIiOiJuYWNvcyIsImV4cCI6MTc2NTM3MDI3N30.ek5qJvaOYBflPiT8RzzI5JcVi9aBexAoXFlJ3Y0Y-bo', globalAdmin=false}

2025-12-10 16:05:00,872 DEBUG auth start, request: PUT /nacos/v1/ns/instance/beat

2025-12-10 16:05:00,873 DEBUG auth permission: Permission{resource='Resource{namespaceId='seata', group='SEATA_GROUP', name='seata-server', type='naming', properties={action=w}}', action='w'}, nacosUser: NacosUser{token='eyJhbGciOiJIUzI1NiJ9.eyJzdWIiOiJuYWNvcyIsImV4cCI6MTc2NTM3MDI3N30.ek5qJvaOYBflPiT8RzzI5JcVi9aBexAoXFlJ3Y0Y-bo', globalAdmin=false}

2025-12-10 16:05:05,878 DEBUG auth start, request: PUT /nacos/v1/ns/instance/beat

2025-12-10 16:05:05,879 DEBUG auth permission: Permission{resource='Resource{namespaceId='seata', group='SEATA_GROUP', name='seata-server', type='naming', properties={action=w}}', action='w'}, nacosUser: NacosUser{token='eyJhbGciOiJIUzI1NiJ9.eyJzdWIiOiJuYWNvcyIsImV4cCI6MTc2NTM3MDI3N30.ek5qJvaOYBflPiT8RzzI5JcVi9aBexAoXFlJ3Y0Y-bo', globalAdmin=false}

2025-12-10 16:05:10,887 DEBUG auth start, request: PUT /nacos/v1/ns/instance/beat

2025-12-10 16:05:10,888 DEBUG auth permission: Permission{resource='Resource{namespaceId='seata', group='SEATA_GROUP', name='seata-server', type='naming', properties={action=w}}', action='w'}, nacosUser: NacosUser{token='eyJhbGciOiJIUzI1NiJ9.eyJzdWIiOiJuYWNvcyIsImV4cCI6MTc2NTM3MDI3N30.ek5qJvaOYBflPiT8RzzI5JcVi9aBexAoXFlJ3Y0Y-bo', globalAdmin=false}

2025-12-10 16:05:15,895 DEBUG auth start, request: PUT /nacos/v1/ns/instance/beat

2025-12-10 16:05:15,897 DEBUG auth permission: Permission{resource='Resource{namespaceId='seata', group='SEATA_GROUP', name='seata-server', type='naming', properties={action=w}}', action='w'}, nacosUser: NacosUser{token='eyJhbGciOiJIUzI1NiJ9.eyJzdWIiOiJuYWNvcyIsImV4cCI6MTc2NTM3MDI3N30.ek5qJvaOYBflPiT8RzzI5JcVi9aBexAoXFlJ3Y0Y-bo', globalAdmin=false}

2025-12-10 16:05:20,905 DEBUG auth start, request: PUT /nacos/v1/ns/instance/beat

2025-12-10 16:05:20,907 DEBUG auth permission: Permission{resource='Resource{namespaceId='seata', group='SEATA_GROUP', name='seata-server', type='naming', properties={action=w}}', action='w'}, nacosUser: NacosUser{token='eyJhbGciOiJIUzI1NiJ9.eyJzdWIiOiJuYWNvcyIsImV4cCI6MTc2NTM3MDI3N30.ek5qJvaOYBflPiT8RzzI5JcVi9aBexAoXFlJ3Y0Y-bo', globalAdmin=false}

2025-12-10 16:05:25,923 DEBUG auth start, request: PUT /nacos/v1/ns/instance/beat

2025-12-10 16:05:25,924 DEBUG auth permission: Permission{resource='Resource{namespaceId='seata', group='SEATA_GROUP', name='seata-server', type='naming', properties={action=w}}', action='w'}, nacosUser: NacosUser{token='eyJhbGciOiJIUzI1NiJ9.eyJzdWIiOiJuYWNvcyIsImV4cCI6MTc2NTM3MDI3N30.ek5qJvaOYBflPiT8RzzI5JcVi9aBexAoXFlJ3Y0Y-bo', globalAdmin=false}

2025-12-10 16:05:30,937 DEBUG auth start, request: PUT /nacos/v1/ns/instance/beat

2025-12-10 16:05:30,939 DEBUG auth permission: Permission{resource='Resource{namespaceId='seata', group='SEATA_GROUP', name='seata-server', type='naming', properties={action=w}}', action='w'}, nacosUser: NacosUser{token='eyJhbGciOiJIUzI1NiJ9.eyJzdWIiOiJuYWNvcyIsImV4cCI6MTc2NTM3MDI3N30.ek5qJvaOYBflPiT8RzzI5JcVi9aBexAoXFlJ3Y0Y-bo', globalAdmin=false}

2025-12-10 16:05:36,005 DEBUG auth start, request: PUT /nacos/v1/ns/instance/beat

2025-12-10 16:05:36,008 DEBUG auth permission: Permission{resource='Resource{namespaceId='seata', group='SEATA_GROUP', name='seata-server', type='naming', properties={action=w}}', action='w'}, nacosUser: NacosUser{token='eyJhbGciOiJIUzI1NiJ9.eyJzdWIiOiJuYWNvcyIsImV4cCI6MTc2NTM3MDI3N30.ek5qJvaOYBflPiT8RzzI5JcVi9aBexAoXFlJ3Y0Y-bo', globalAdmin=false}

2025-12-10 16:05:41,017 DEBUG auth start, request: PUT /nacos/v1/ns/instance/beat

2025-12-10 16:05:41,018 DEBUG auth permission: Permission{resource='Resource{namespaceId='seata', group='SEATA_GROUP', name='seata-server', type='naming', properties={action=w}}', action='w'}, nacosUser: NacosUser{token='eyJhbGciOiJIUzI1NiJ9.eyJzdWIiOiJuYWNvcyIsImV4cCI6MTc2NTM3MDI3N30.ek5qJvaOYBflPiT8RzzI5JcVi9aBexAoXFlJ3Y0Y-bo', globalAdmin=false}

2025-12-10 16:05:46,025 DEBUG auth start, request: PUT /nacos/v1/ns/instance/beat

2025-12-10 16:05:46,027 DEBUG auth permission: Permission{resource='Resource{namespaceId='seata', group='SEATA_GROUP', name='seata-server', type='naming', properties={action=w}}', action='w'}, nacosUser: NacosUser{token='eyJhbGciOiJIUzI1NiJ9.eyJzdWIiOiJuYWNvcyIsImV4cCI6MTc2NTM3MDI3N30.ek5qJvaOYBflPiT8RzzI5JcVi9aBexAoXFlJ3Y0Y-bo', globalAdmin=false}

2025-12-10 16:05:51,035 DEBUG auth start, request: PUT /nacos/v1/ns/instance/beat

2025-12-10 16:05:51,037 DEBUG auth permission: Permission{resource='Resource{namespaceId='seata', group='SEATA_GROUP', name='seata-server', type='naming', properties={action=w}}', action='w'}, nacosUser: NacosUser{token='eyJhbGciOiJIUzI1NiJ9.eyJzdWIiOiJuYWNvcyIsImV4cCI6MTc2NTM3MDI3N30.ek5qJvaOYBflPiT8RzzI5JcVi9aBexAoXFlJ3Y0Y-bo', globalAdmin=false}

2025-12-10 16:05:56,051 DEBUG auth start, request: PUT /nacos/v1/ns/instance/beat

2025-12-10 16:05:56,054 DEBUG auth permission: Permission{resource='Resource{namespaceId='seata', group='SEATA_GROUP', name='seata-server', type='naming', properties={action=w}}', action='w'}, nacosUser: NacosUser{token='eyJhbGciOiJIUzI1NiJ9.eyJzdWIiOiJuYWNvcyIsImV4cCI6MTc2NTM3MDI3N30.ek5qJvaOYBflPiT8RzzI5JcVi9aBexAoXFlJ3Y0Y-bo', globalAdmin=false}

2025-12-10 16:06:01,063 DEBUG auth start, request: PUT /nacos/v1/ns/instance/beat

2025-12-10 16:06:01,064 DEBUG auth permission: Permission{resource='Resource{namespaceId='seata', group='SEATA_GROUP', name='seata-server', type='naming', properties={action=w}}', action='w'}, nacosUser: NacosUser{token='eyJhbGciOiJIUzI1NiJ9.eyJzdWIiOiJuYWNvcyIsImV4cCI6MTc2NTM3MDI3N30.ek5qJvaOYBflPiT8RzzI5JcVi9aBexAoXFlJ3Y0Y-bo', globalAdmin=false}

2025-12-10 16:06:06,072 DEBUG auth start, request: PUT /nacos/v1/ns/instance/beat

2025-12-10 16:06:06,073 DEBUG auth permission: Permission{resource='Resource{namespaceId='seata', group='SEATA_GROUP', name='seata-server', type='naming', properties={action=w}}', action='w'}, nacosUser: NacosUser{token='eyJhbGciOiJIUzI1NiJ9.eyJzdWIiOiJuYWNvcyIsImV4cCI6MTc2NTM3MDI3N30.ek5qJvaOYBflPiT8RzzI5JcVi9aBexAoXFlJ3Y0Y-bo', globalAdmin=false}

2025-12-10 16:06:11,079 DEBUG auth start, request: PUT /nacos/v1/ns/instance/beat

2025-12-10 16:06:11,081 DEBUG auth permission: Permission{resource='Resource{namespaceId='seata', group='SEATA_GROUP', name='seata-server', type='naming', properties={action=w}}', action='w'}, nacosUser: NacosUser{token='eyJhbGciOiJIUzI1NiJ9.eyJzdWIiOiJuYWNvcyIsImV4cCI6MTc2NTM3MDI3N30.ek5qJvaOYBflPiT8RzzI5JcVi9aBexAoXFlJ3Y0Y-bo', globalAdmin=false}

2025-12-10 16:06:16,090 DEBUG auth start, request: PUT /nacos/v1/ns/instance/beat

2025-12-10 16:06:16,091 DEBUG auth permission: Permission{resource='Resource{namespaceId='seata', group='SEATA_GROUP', name='seata-server', type='naming', properties={action=w}}', action='w'}, nacosUser: NacosUser{token='eyJhbGciOiJIUzI1NiJ9.eyJzdWIiOiJuYWNvcyIsImV4cCI6MTc2NTM3MDI3N30.ek5qJvaOYBflPiT8RzzI5JcVi9aBexAoXFlJ3Y0Y-bo', globalAdmin=false}

2025-12-10 16:06:21,099 DEBUG auth start, request: PUT /nacos/v1/ns/instance/beat

2025-12-10 16:06:21,100 DEBUG auth permission: Permission{resource='Resource{namespaceId='seata', group='SEATA_GROUP', name='seata-server', type='naming', properties={action=w}}', action='w'}, nacosUser: NacosUser{token='eyJhbGciOiJIUzI1NiJ9.eyJzdWIiOiJuYWNvcyIsImV4cCI6MTc2NTM3MDI3N30.ek5qJvaOYBflPiT8RzzI5JcVi9aBexAoXFlJ3Y0Y-bo', globalAdmin=false}

2025-12-10 16:06:24,216 DEBUG auth start, request: ConfigQueryRequest

2025-12-10 16:06:24,217 DEBUG auth permission: Permission{resource='Resource{namespaceId='', group='DEFAULT_GROUP', name='base.properties', type='config', properties={requestClass=ConfigQueryRequest, action=r}}', action='r'}, nacosUser: NacosUser{token='eyJhbGciOiJIUzI1NiJ9.eyJzdWIiOiJuYWNvcyIsImV4cCI6MTc2NTM3MTk4M30.72f73EAizs8F4B-fa0mVnr4cLpfd-5FVrpyR_BmyE1Y', globalAdmin=false}

2025-12-10 16:06:26,107 DEBUG auth start, request: PUT /nacos/v1/ns/instance/beat

2025-12-10 16:06:26,107 DEBUG auth permission: Permission{resource='Resource{namespaceId='seata', group='SEATA_GROUP', name='seata-server', type='naming', properties={action=w}}', action='w'}, nacosUser: NacosUser{token='eyJhbGciOiJIUzI1NiJ9.eyJzdWIiOiJuYWNvcyIsImV4cCI6MTc2NTM3MDI3N30.ek5qJvaOYBflPiT8RzzI5JcVi9aBexAoXFlJ3Y0Y-bo', globalAdmin=false}

2025-12-10 16:06:26,358 DEBUG auth start, request: ConfigQueryRequest

2025-12-10 16:06:26,358 DEBUG auth permission: Permission{resource='Resource{namespaceId='seata', group='SEATA_GROUP', name='seata.properties', type='config', properties={requestClass=ConfigQueryRequest, action=r}}', action='r'}, nacosUser: NacosUser{token='eyJhbGciOiJIUzI1NiJ9.eyJzdWIiOiJuYWNvcyIsImV4cCI6MTc2NTM3MTk4Nn0.kQ4TUhTKH8CKczrrTtO_nl9yC03aKzmBjy4Xz6ScjvI', globalAdmin=false}

2025-12-10 16:06:26,382 DEBUG auth start, request: ConfigQueryRequest

2025-12-10 16:06:26,383 DEBUG auth permission: Permission{resource='Resource{namespaceId='seata', group='SEATA_GROUP', name='service.disableGlobalTransaction', type='config', properties={requestClass=ConfigQueryRequest, action=r}}', action='r'}, nacosUser: NacosUser{token='eyJhbGciOiJIUzI1NiJ9.eyJzdWIiOiJuYWNvcyIsImV4cCI6MTc2NTM3MTk4Nn0.kQ4TUhTKH8CKczrrTtO_nl9yC03aKzmBjy4Xz6ScjvI', globalAdmin=false}

2025-12-10 16:06:26,401 DEBUG auth start, request: ConfigBatchListenRequest

2025-12-10 16:06:26,402 DEBUG auth permission: Permission{resource='Resource{namespaceId='seata', group='', name='', type='config', properties={requestClass=ConfigBatchListenRequest, action=r}}', action='r'}, nacosUser: NacosUser{token='eyJhbGciOiJIUzI1NiJ9.eyJzdWIiOiJuYWNvcyIsImV4cCI6MTc2NTM3MTk4Nn0.kQ4TUhTKH8CKczrrTtO_nl9yC03aKzmBjy4Xz6ScjvI', globalAdmin=false}

2025-12-10 16:06:26,409 DEBUG auth start, request: ConfigQueryRequest

2025-12-10 16:06:26,410 DEBUG auth permission: Permission{resource='Resource{namespaceId='seata', group='SEATA_GROUP', name='transport.threadFactory.bossThreadPrefix', type='config', properties={requestClass=ConfigQueryRequest, action=r}}', action='r'}, nacosUser: NacosUser{token='eyJhbGciOiJIUzI1NiJ9.eyJzdWIiOiJuYWNvcyIsImV4cCI6MTc2NTM3MTk4Nn0.kQ4TUhTKH8CKczrrTtO_nl9yC03aKzmBjy4Xz6ScjvI', globalAdmin=false}

2025-12-10 16:06:26,420 DEBUG auth start, request: ConfigBatchListenRequest

2025-12-10 16:06:26,420 DEBUG auth start, request: ConfigQueryRequest

2025-12-10 16:06:26,420 DEBUG auth permission: Permission{resource='Resource{namespaceId='seata', group='', name='', type='config', properties={requestClass=ConfigBatchListenRequest, action=r}}', action='r'}, nacosUser: NacosUser{token='eyJhbGciOiJIUzI1NiJ9.eyJzdWIiOiJuYWNvcyIsImV4cCI6MTc2NTM3MTk4Nn0.kQ4TUhTKH8CKczrrTtO_nl9yC03aKzmBjy4Xz6ScjvI', globalAdmin=false}

2025-12-10 16:06:26,421 DEBUG auth permission: Permission{resource='Resource{namespaceId='seata', group='SEATA_GROUP', name='transport.threadFactory.workerThreadPrefix', type='config', properties={requestClass=ConfigQueryRequest, action=r}}', action='r'}, nacosUser: NacosUser{token='eyJhbGciOiJIUzI1NiJ9.eyJzdWIiOiJuYWNvcyIsImV4cCI6MTc2NTM3MTk4Nn0.kQ4TUhTKH8CKczrrTtO_nl9yC03aKzmBjy4Xz6ScjvI', globalAdmin=false}

2025-12-10 16:06:26,434 DEBUG auth start, request: ConfigBatchListenRequest

2025-12-10 16:06:26,434 DEBUG auth permission: Permission{resource='Resource{namespaceId='seata', group='', name='', type='config', properties={requestClass=ConfigBatchListenRequest, action=r}}', action='r'}, nacosUser: NacosUser{token='eyJhbGciOiJIUzI1NiJ9.eyJzdWIiOiJuYWNvcyIsImV4cCI6MTc2NTM3MTk4Nn0.kQ4TUhTKH8CKczrrTtO_nl9yC03aKzmBjy4Xz6ScjvI', globalAdmin=false}

2025-12-10 16:06:26,439 DEBUG auth start, request: ConfigQueryRequest

2025-12-10 16:06:26,441 DEBUG auth permission: Permission{resource='Resource{namespaceId='seata', group='SEATA_GROUP', name='transport.threadFactory.shareBossWorker', type='config', properties={requestClass=ConfigQueryRequest, action=r}}', action='r'}, nacosUser: NacosUser{token='eyJhbGciOiJIUzI1NiJ9.eyJzdWIiOiJuYWNvcyIsImV4cCI6MTc2NTM3MTk4Nn0.kQ4TUhTKH8CKczrrTtO_nl9yC03aKzmBjy4Xz6ScjvI', globalAdmin=false}

2025-12-10 16:06:26,449 DEBUG auth start, request: ConfigBatchListenRequest

2025-12-10 16:06:26,449 DEBUG auth permission: Permission{resource='Resource{namespaceId='seata', group='', name='', type='config', properties={requestClass=ConfigBatchListenRequest, action=r}}', action='r'}, nacosUser: NacosUser{token='eyJhbGciOiJIUzI1NiJ9.eyJzdWIiOiJuYWNvcyIsImV4cCI6MTc2NTM3MTk4Nn0.kQ4TUhTKH8CKczrrTtO_nl9yC03aKzmBjy4Xz6ScjvI', globalAdmin=false}

2025-12-10 16:06:26,458 DEBUG auth start, request: ConfigQueryRequest

2025-12-10 16:06:26,459 DEBUG auth permission: Permission{resource='Resource{namespaceId='seata', group='SEATA_GROUP', name='transport.type', type='config', properties={requestClass=ConfigQueryRequest, action=r}}', action='r'}, nacosUser: NacosUser{token='eyJhbGciOiJIUzI1NiJ9.eyJzdWIiOiJuYWNvcyIsImV4cCI6MTc2NTM3MTk4Nn0.kQ4TUhTKH8CKczrrTtO_nl9yC03aKzmBjy4Xz6ScjvI', globalAdmin=false}

2025-12-10 16:06:26,461 DEBUG auth start, request: ConfigBatchListenRequest

2025-12-10 16:06:26,461 DEBUG auth permission: Permission{resource='Resource{namespaceId='seata', group='', name='', type='config', properties={requestClass=ConfigBatchListenRequest, action=r}}', action='r'}, nacosUser: NacosUser{token='eyJhbGciOiJIUzI1NiJ9.eyJzdWIiOiJuYWNvcyIsImV4cCI6MTc2NTM3MTk4Nn0.kQ4TUhTKH8CKczrrTtO_nl9yC03aKzmBjy4Xz6ScjvI', globalAdmin=false}

2025-12-10 16:06:26,472 DEBUG auth start, request: ConfigQueryRequest

2025-12-10 16:06:26,473 DEBUG auth permission: Permission{resource='Resource{namespaceId='seata', group='SEATA_GROUP', name='transport.threadFactory.workerThreadSize', type='config', properties={requestClass=ConfigQueryRequest, action=r}}', action='r'}, nacosUser: NacosUser{token='eyJhbGciOiJIUzI1NiJ9.eyJzdWIiOiJuYWNvcyIsImV4cCI6MTc2NTM3MTk4Nn0.kQ4TUhTKH8CKczrrTtO_nl9yC03aKzmBjy4Xz6ScjvI', globalAdmin=false}

2025-12-10 16:06:26,473 DEBUG auth start, request: ConfigBatchListenRequest

2025-12-10 16:06:26,474 DEBUG auth permission: Permission{resource='Resource{namespaceId='seata', group='', name='', type='config', properties={requestClass=ConfigBatchListenRequest, action=r}}', action='r'}, nacosUser: NacosUser{token='eyJhbGciOiJIUzI1NiJ9.eyJzdWIiOiJuYWNvcyIsImV4cCI6MTc2NTM3MTk4Nn0.kQ4TUhTKH8CKczrrTtO_nl9yC03aKzmBjy4Xz6ScjvI', globalAdmin=false}

2025-12-10 16:06:26,491 DEBUG auth start, request: ConfigQueryRequest

2025-12-10 16:06:26,492 DEBUG auth permission: Permission{resource='Resource{namespaceId='seata', group='SEATA_GROUP', name='transport.server', type='config', properties={requestClass=ConfigQueryRequest, action=r}}', action='r'}, nacosUser: NacosUser{token='eyJhbGciOiJIUzI1NiJ9.eyJzdWIiOiJuYWNvcyIsImV4cCI6MTc2NTM3MTk4Nn0.kQ4TUhTKH8CKczrrTtO_nl9yC03aKzmBjy4Xz6ScjvI', globalAdmin=false}

2025-12-10 16:06:26,492 DEBUG auth start, request: ConfigBatchListenRequest

2025-12-10 16:06:26,492 DEBUG auth permission: Permission{resource='Resource{namespaceId='seata', group='', name='', type='config', properties={requestClass=ConfigBatchListenRequest, action=r}}', action='r'}, nacosUser: NacosUser{token='eyJhbGciOiJIUzI1NiJ9.eyJzdWIiOiJuYWNvcyIsImV4cCI6MTc2NTM3MTk4Nn0.kQ4TUhTKH8CKczrrTtO_nl9yC03aKzmBjy4Xz6ScjvI', globalAdmin=false}

2025-12-10 16:06:26,514 DEBUG auth start, request: ConfigQueryRequest

2025-12-10 16:06:26,514 DEBUG auth permission: Permission{resource='Resource{namespaceId='seata', group='SEATA_GROUP', name='transport.heartbeat', type='config', properties={requestClass=ConfigQueryRequest, action=r}}', action='r'}, nacosUser: NacosUser{token='eyJhbGciOiJIUzI1NiJ9.eyJzdWIiOiJuYWNvcyIsImV4cCI6MTc2NTM3MTk4Nn0.kQ4TUhTKH8CKczrrTtO_nl9yC03aKzmBjy4Xz6ScjvI', globalAdmin=false}

2025-12-10 16:06:26,515 DEBUG auth start, request: ConfigBatchListenRequest

2025-12-10 16:06:26,515 DEBUG auth permission: Permission{resource='Resource{namespaceId='seata', group='', name='', type='config', properties={requestClass=ConfigBatchListenRequest, action=r}}', action='r'}, nacosUser: NacosUser{token='eyJhbGciOiJIUzI1NiJ9.eyJzdWIiOiJuYWNvcyIsImV4cCI6MTc2NTM3MTk4Nn0.kQ4TUhTKH8CKczrrTtO_nl9yC03aKzmBjy4Xz6ScjvI', globalAdmin=false}

2025-12-10 16:06:26,527 DEBUG auth start, request: ConfigBatchListenRequest

2025-12-10 16:06:26,527 DEBUG auth start, request: ConfigQueryRequest

2025-12-10 16:06:26,528 DEBUG auth permission: Permission{resource='Resource{namespaceId='seata', group='', name='', type='config', properties={requestClass=ConfigBatchListenRequest, action=r}}', action='r'}, nacosUser: NacosUser{token='eyJhbGciOiJIUzI1NiJ9.eyJzdWIiOiJuYWNvcyIsImV4cCI6MTc2NTM3MTk4Nn0.kQ4TUhTKH8CKczrrTtO_nl9yC03aKzmBjy4Xz6ScjvI', globalAdmin=false}

2025-12-10 16:06:26,528 DEBUG auth permission: Permission{resource='Resource{namespaceId='seata', group='SEATA_GROUP', name='transport.rpcRmRequestTimeout', type='config', properties={requestClass=ConfigQueryRequest, action=r}}', action='r'}, nacosUser: NacosUser{token='eyJhbGciOiJIUzI1NiJ9.eyJzdWIiOiJuYWNvcyIsImV4cCI6MTc2NTM3MTk4Nn0.kQ4TUhTKH8CKczrrTtO_nl9yC03aKzmBjy4Xz6ScjvI', globalAdmin=false}

2025-12-10 16:06:26,539 DEBUG auth start, request: ConfigQueryRequest

2025-12-10 16:06:26,539 DEBUG auth start, request: ConfigBatchListenRequest

2025-12-10 16:06:26,540 DEBUG auth permission: Permission{resource='Resource{namespaceId='seata', group='SEATA_GROUP', name='transport.rpcTmRequestTimeout', type='config', properties={requestClass=ConfigQueryRequest, action=r}}', action='r'}, nacosUser: NacosUser{token='eyJhbGciOiJIUzI1NiJ9.eyJzdWIiOiJuYWNvcyIsImV4cCI6MTc2NTM3MTk4Nn0.kQ4TUhTKH8CKczrrTtO_nl9yC03aKzmBjy4Xz6ScjvI', globalAdmin=false}

2025-12-10 16:06:26,540 DEBUG auth permission: Permission{resource='Resource{namespaceId='seata', group='', name='', type='config', properties={requestClass=ConfigBatchListenRequest, action=r}}', action='r'}, nacosUser: NacosUser{token='eyJhbGciOiJIUzI1NiJ9.eyJzdWIiOiJuYWNvcyIsImV4cCI6MTc2NTM3MTk4Nn0.kQ4TUhTKH8CKczrrTtO_nl9yC03aKzmBjy4Xz6ScjvI', globalAdmin=false}

2025-12-10 16:06:26,556 DEBUG auth start, request: ConfigQueryRequest

2025-12-10 16:06:26,557 DEBUG auth permission: Permission{resource='Resource{namespaceId='seata', group='SEATA_GROUP', name='transport.enableClientBatchSendRequest', type='config', properties={requestClass=ConfigQueryRequest, action=r}}', action='r'}, nacosUser: NacosUser{token='eyJhbGciOiJIUzI1NiJ9.eyJzdWIiOiJuYWNvcyIsImV4cCI6MTc2NTM3MTk4Nn0.kQ4TUhTKH8CKczrrTtO_nl9yC03aKzmBjy4Xz6ScjvI', globalAdmin=false}

2025-12-10 16:06:26,557 DEBUG auth start, request: ConfigBatchListenRequest

2025-12-10 16:06:26,558 DEBUG auth permission: Permission{resource='Resource{namespaceId='seata', group='', name='', type='config', properties={requestClass=ConfigBatchListenRequest, action=r}}', action='r'}, nacosUser: NacosUser{token='eyJhbGciOiJIUzI1NiJ9.eyJzdWIiOiJuYWNvcyIsImV4cCI6MTc2NTM3MTk4Nn0.kQ4TUhTKH8CKczrrTtO_nl9yC03aKzmBjy4Xz6ScjvI', globalAdmin=false}

2025-12-10 16:06:26,581 DEBUG auth start, request: ConfigQueryRequest

2025-12-10 16:06:26,582 DEBUG auth permission: Permission{resource='Resource{namespaceId='seata', group='SEATA_GROUP', name='transport.threadFactory.clientSelectorThreadSize', type='config', properties={requestClass=ConfigQueryRequest, action=r}}', action='r'}, nacosUser: NacosUser{token='eyJhbGciOiJIUzI1NiJ9.eyJzdWIiOiJuYWNvcyIsImV4cCI6MTc2NTM3MTk4Nn0.kQ4TUhTKH8CKczrrTtO_nl9yC03aKzmBjy4Xz6ScjvI', globalAdmin=false}

2025-12-10 16:06:26,583 DEBUG auth start, request: ConfigBatchListenRequest

2025-12-10 16:06:26,584 DEBUG auth permission: Permission{resource='Resource{namespaceId='seata', group='', name='', type='config', properties={requestClass=ConfigBatchListenRequest, action=r}}', action='r'}, nacosUser: NacosUser{token='eyJhbGciOiJIUzI1NiJ9.eyJzdWIiOiJuYWNvcyIsImV4cCI6MTc2NTM3MTk4Nn0.kQ4TUhTKH8CKczrrTtO_nl9yC03aKzmBjy4Xz6ScjvI', globalAdmin=false}

2025-12-10 16:06:26,603 DEBUG auth start, request: ConfigBatchListenRequest

2025-12-10 16:06:26,604 DEBUG auth permission: Permission{resource='Resource{namespaceId='seata', group='', name='', type='config', properties={requestClass=ConfigBatchListenRequest, action=r}}', action='r'}, nacosUser: NacosUser{token='eyJhbGciOiJIUzI1NiJ9.eyJzdWIiOiJuYWNvcyIsImV4cCI6MTc2NTM3MTk4Nn0.kQ4TUhTKH8CKczrrTtO_nl9yC03aKzmBjy4Xz6ScjvI', globalAdmin=false}

2025-12-10 16:06:26,607 DEBUG auth start, request: ConfigQueryRequest

2025-12-10 16:06:26,609 DEBUG auth permission: Permission{resource='Resource{namespaceId='seata', group='SEATA_GROUP', name='transport.threadFactory.clientSelectorThreadPrefix', type='config', properties={requestClass=ConfigQueryRequest, action=r}}', action='r'}, nacosUser: NacosUser{token='eyJhbGciOiJIUzI1NiJ9.eyJzdWIiOiJuYWNvcyIsImV4cCI6MTc2NTM3MTk4Nn0.kQ4TUhTKH8CKczrrTtO_nl9yC03aKzmBjy4Xz6ScjvI', globalAdmin=false}

2025-12-10 16:06:26,685 DEBUG auth start, request: ConfigBatchListenRequest

2025-12-10 16:06:26,685 DEBUG auth start, request: ConfigQueryRequest

2025-12-10 16:06:26,685 DEBUG auth permission: Permission{resource='Resource{namespaceId='seata', group='', name='', type='config', properties={requestClass=ConfigBatchListenRequest, action=r}}', action='r'}, nacosUser: NacosUser{token='eyJhbGciOiJIUzI1NiJ9.eyJzdWIiOiJuYWNvcyIsImV4cCI6MTc2NTM3MTk4Nn0.kQ4TUhTKH8CKczrrTtO_nl9yC03aKzmBjy4Xz6ScjvI', globalAdmin=false}

2025-12-10 16:06:26,686 DEBUG auth permission: Permission{resource='Resource{namespaceId='seata', group='SEATA_GROUP', name='transport.enableTmClientBatchSendRequest', type='config', properties={requestClass=ConfigQueryRequest, action=r}}', action='r'}, nacosUser: NacosUser{token='eyJhbGciOiJIUzI1NiJ9.eyJzdWIiOiJuYWNvcyIsImV4cCI6MTc2NTM3MTk4Nn0.kQ4TUhTKH8CKczrrTtO_nl9yC03aKzmBjy4Xz6ScjvI', globalAdmin=false}

2025-12-10 16:06:26,710 DEBUG auth start, request: ConfigQueryRequest

2025-12-10 16:06:26,711 DEBUG auth permission: Permission{resource='Resource{namespaceId='seata', group='SEATA_GROUP', name='transport.threadFactory.clientWorkerThreadPrefix', type='config', properties={requestClass=ConfigQueryRequest, action=r}}', action='r'}, nacosUser: NacosUser{token='eyJhbGciOiJIUzI1NiJ9.eyJzdWIiOiJuYWNvcyIsImV4cCI6MTc2NTM3MTk4Nn0.kQ4TUhTKH8CKczrrTtO_nl9yC03aKzmBjy4Xz6ScjvI', globalAdmin=false}

2025-12-10 16:06:26,744 DEBUG auth start, request: ConfigQueryRequest

2025-12-10 16:06:26,745 DEBUG auth permission: Permission{resource='Resource{namespaceId='seata', group='SEATA_GROUP', name='transport.enableTmClientChannelCheckFailFast', type='config', properties={requestClass=ConfigQueryRequest, action=r}}', action='r'}, nacosUser: NacosUser{token='eyJhbGciOiJIUzI1NiJ9.eyJzdWIiOiJuYWNvcyIsImV4cCI6MTc2NTM3MTk4Nn0.kQ4TUhTKH8CKczrrTtO_nl9yC03aKzmBjy4Xz6ScjvI', globalAdmin=false}

2025-12-10 16:06:26,775 DEBUG auth start, request: ConfigQueryRequest

2025-12-10 16:06:26,776 DEBUG auth permission: Permission{resource='Resource{namespaceId='seata', group='SEATA_GROUP', name='service.vgroupMapping.default_tx_group', type='config', properties={requestClass=ConfigQueryRequest, action=r}}', action='r'}, nacosUser: NacosUser{token='eyJhbGciOiJIUzI1NiJ9.eyJzdWIiOiJuYWNvcyIsImV4cCI6MTc2NTM3MTk4Nn0.kQ4TUhTKH8CKczrrTtO_nl9yC03aKzmBjy4Xz6ScjvI', globalAdmin=false}

2025-12-10 16:06:31,114 DEBUG auth start, request: PUT /nacos/v1/ns/instance/beat

2025-12-10 16:06:31,115 DEBUG auth permission: Permission{resource='Resource{namespaceId='seata', group='SEATA_GROUP', name='seata-server', type='naming', properties={action=w}}', action='w'}, nacosUser: NacosUser{token='eyJhbGciOiJIUzI1NiJ9.eyJzdWIiOiJuYWNvcyIsImV4cCI6MTc2NTM3MDI3N30.ek5qJvaOYBflPiT8RzzI5JcVi9aBexAoXFlJ3Y0Y-bo', globalAdmin=false}

2025-12-10 16:06:36,125 DEBUG auth start, request: PUT /nacos/v1/ns/instance/beat

2025-12-10 16:06:36,126 DEBUG auth permission: Permission{resource='Resource{namespaceId='seata', group='SEATA_GROUP', name='seata-server', type='naming', properties={action=w}}', action='w'}, nacosUser: NacosUser{token='eyJhbGciOiJIUzI1NiJ9.eyJzdWIiOiJuYWNvcyIsImV4cCI6MTc2NTM3MDI3N30.ek5qJvaOYBflPiT8RzzI5JcVi9aBexAoXFlJ3Y0Y-bo', globalAdmin=false}

2025-12-10 16:06:41,133 DEBUG auth start, request: PUT /nacos/v1/ns/instance/beat

2025-12-10 16:06:41,135 DEBUG auth permission: Permission{resource='Resource{namespaceId='seata', group='SEATA_GROUP', name='seata-server', type='naming', properties={action=w}}', action='w'}, nacosUser: NacosUser{token='eyJhbGciOiJIUzI1NiJ9.eyJzdWIiOiJuYWNvcyIsImV4cCI6MTc2NTM3MDI3N30.ek5qJvaOYBflPiT8RzzI5JcVi9aBexAoXFlJ3Y0Y-bo', globalAdmin=false}

2025-12-10 16:06:46,144 DEBUG auth start, request: PUT /nacos/v1/ns/instance/beat

2025-12-10 16:06:46,145 DEBUG auth permission: Permission{resource='Resource{namespaceId='seata', group='SEATA_GROUP', name='seata-server', type='naming', properties={action=w}}', action='w'}, nacosUser: NacosUser{token='eyJhbGciOiJIUzI1NiJ9.eyJzdWIiOiJuYWNvcyIsImV4cCI6MTc2NTM3MDI3N30.ek5qJvaOYBflPiT8RzzI5JcVi9aBexAoXFlJ3Y0Y-bo', globalAdmin=false}

2025-12-10 16:06:51,150 DEBUG auth start, request: PUT /nacos/v1/ns/instance/beat

2025-12-10 16:06:51,152 DEBUG auth permission: Permission{resource='Resource{namespaceId='seata', group='SEATA_GROUP', name='seata-server', type='naming', properties={action=w}}', action='w'}, nacosUser: NacosUser{token='eyJhbGciOiJIUzI1NiJ9.eyJzdWIiOiJuYWNvcyIsImV4cCI6MTc2NTM3MDI3N30.ek5qJvaOYBflPiT8RzzI5JcVi9aBexAoXFlJ3Y0Y-bo', globalAdmin=false}

2025-12-10 16:06:56,161 DEBUG auth start, request: PUT /nacos/v1/ns/instance/beat

2025-12-10 16:06:56,162 DEBUG auth permission: Permission{resource='Resource{namespaceId='seata', group='SEATA_GROUP', name='seata-server', type='naming', properties={action=w}}', action='w'}, nacosUser: NacosUser{token='eyJhbGciOiJIUzI1NiJ9.eyJzdWIiOiJuYWNvcyIsImV4cCI6MTc2NTM3MDI3N30.ek5qJvaOYBflPiT8RzzI5JcVi9aBexAoXFlJ3Y0Y-bo', globalAdmin=false}

2025-12-10 16:07:01,181 DEBUG auth start, request: PUT /nacos/v1/ns/instance/beat

2025-12-10 16:07:01,183 DEBUG auth permission: Permission{resource='Resource{namespaceId='seata', group='SEATA_GROUP', name='seata-server', type='naming', properties={action=w}}', action='w'}, nacosUser: NacosUser{token='eyJhbGciOiJIUzI1NiJ9.eyJzdWIiOiJuYWNvcyIsImV4cCI6MTc2NTM3MDI3N30.ek5qJvaOYBflPiT8RzzI5JcVi9aBexAoXFlJ3Y0Y-bo', globalAdmin=false}

2025-12-10 16:07:06,193 DEBUG auth start, request: PUT /nacos/v1/ns/instance/beat

2025-12-10 16:07:06,195 DEBUG auth permission: Permission{resource='Resource{namespaceId='seata', group='SEATA_GROUP', name='seata-server', type='naming', properties={action=w}}', action='w'}, nacosUser: NacosUser{token='eyJhbGciOiJIUzI1NiJ9.eyJzdWIiOiJuYWNvcyIsImV4cCI6MTc2NTM3MDI3N30.ek5qJvaOYBflPiT8RzzI5JcVi9aBexAoXFlJ3Y0Y-bo', globalAdmin=false}

2025-12-10 16:07:11,205 DEBUG auth start, request: PUT /nacos/v1/ns/instance/beat

2025-12-10 16:07:11,207 DEBUG auth permission: Permission{resource='Resource{namespaceId='seata', group='SEATA_GROUP', name='seata-server', type='naming', properties={action=w}}', action='w'}, nacosUser: NacosUser{token='eyJhbGciOiJIUzI1NiJ9.eyJzdWIiOiJuYWNvcyIsImV4cCI6MTc2NTM3MDI3N30.ek5qJvaOYBflPiT8RzzI5JcVi9aBexAoXFlJ3Y0Y-bo', globalAdmin=false}

2025-12-10 16:07:16,213 DEBUG auth start, request: PUT /nacos/v1/ns/instance/beat

2025-12-10 16:07:16,213 DEBUG auth permission: Permission{resource='Resource{namespaceId='seata', group='SEATA_GROUP', name='seata-server', type='naming', properties={action=w}}', action='w'}, nacosUser: NacosUser{token='eyJhbGciOiJIUzI1NiJ9.eyJzdWIiOiJuYWNvcyIsImV4cCI6MTc2NTM3MDI3N30.ek5qJvaOYBflPiT8RzzI5JcVi9aBexAoXFlJ3Y0Y-bo', globalAdmin=false}

2025-12-10 16:07:21,220 DEBUG auth start, request: PUT /nacos/v1/ns/instance/beat

2025-12-10 16:07:21,221 DEBUG auth permission: Permission{resource='Resource{namespaceId='seata', group='SEATA_GROUP', name='seata-server', type='naming', properties={action=w}}', action='w'}, nacosUser: NacosUser{token='eyJhbGciOiJIUzI1NiJ9.eyJzdWIiOiJuYWNvcyIsImV4cCI6MTc2NTM3MDI3N30.ek5qJvaOYBflPiT8RzzI5JcVi9aBexAoXFlJ3Y0Y-bo', globalAdmin=false}

2025-12-10 16:07:26,229 DEBUG auth start, request: PUT /nacos/v1/ns/instance/beat

2025-12-10 16:07:26,230 DEBUG auth permission: Permission{resource='Resource{namespaceId='seata', group='SEATA_GROUP', name='seata-server', type='naming', properties={action=w}}', action='w'}, nacosUser: NacosUser{token='eyJhbGciOiJIUzI1NiJ9.eyJzdWIiOiJuYWNvcyIsImV4cCI6MTc2NTM3MDI3N30.ek5qJvaOYBflPiT8RzzI5JcVi9aBexAoXFlJ3Y0Y-bo', globalAdmin=false}

2025-12-10 16:07:31,241 DEBUG auth start, request: PUT /nacos/v1/ns/instance/beat

2025-12-10 16:07:31,242 DEBUG auth permission: Permission{resource='Resource{namespaceId='seata', group='SEATA_GROUP', name='seata-server', type='naming', properties={action=w}}', action='w'}, nacosUser: NacosUser{token='eyJhbGciOiJIUzI1NiJ9.eyJzdWIiOiJuYWNvcyIsImV4cCI6MTc2NTM3MDI3N30.ek5qJvaOYBflPiT8RzzI5JcVi9aBexAoXFlJ3Y0Y-bo', globalAdmin=false}

2025-12-10 16:08:04,197 DEBUG auth start, request: GET /nacos/v1/cs/configs

2025-12-10 16:08:04,220 DEBUG access denied, request: GET /nacos/v1/cs/configs, reason: user not found!

2025-12-10 16:08:04,385 DEBUG auth start, request: GET /nacos/v1/cs/configs

2025-12-10 16:08:04,388 DEBUG access denied, request: GET /nacos/v1/cs/configs, reason: user not found!

2025-12-10 16:08:04,411 DEBUG auth start, request: GET /nacos/v1/cs/configs

2025-12-10 16:08:04,413 DEBUG access denied, request: GET /nacos/v1/cs/configs, reason: user not found!

2025-12-10 16:08:04,432 DEBUG auth start, request: GET /nacos/v1/cs/configs

2025-12-10 16:08:04,435 DEBUG access denied, request: GET /nacos/v1/cs/configs, reason: user not found!

2025-12-10 16:08:04,461 DEBUG auth start, request: GET /nacos/v1/cs/configs

2025-12-10 16:08:04,462 DEBUG access denied, request: GET /nacos/v1/cs/configs, reason: user not found!

2025-12-10 16:08:04,481 DEBUG auth start, request: GET /nacos/v1/cs/configs

2025-12-10 16:08:04,482 DEBUG access denied, request: GET /nacos/v1/cs/configs, reason: user not found!

2025-12-10 16:08:04,502 DEBUG auth start, request: GET /nacos/v1/cs/configs

2025-12-10 16:08:04,503 DEBUG access denied, request: GET /nacos/v1/cs/configs, reason: user not found!

2025-12-10 16:08:04,526 DEBUG auth start, request: GET /nacos/v1/cs/configs

2025-12-10 16:08:04,526 DEBUG access denied, request: GET /nacos/v1/cs/configs, reason: user not found!

2025-12-10 16:08:04,542 DEBUG auth start, request: GET /nacos/v1/cs/configs

2025-12-10 16:08:04,547 DEBUG access denied, request: GET /nacos/v1/cs/configs, reason: user not found!

2025-12-10 16:08:04,573 DEBUG auth start, request: GET /nacos/v1/cs/configs

2025-12-10 16:08:04,574 DEBUG access denied, request: GET /nacos/v1/cs/configs, reason: user not found!

2025-12-10 16:08:04,596 DEBUG auth start, request: GET /nacos/v1/cs/configs

2025-12-10 16:08:04,597 DEBUG access denied, request: GET /nacos/v1/cs/configs, reason: user not found!

2025-12-10 16:08:04,620 DEBUG auth start, request: GET /nacos/v1/cs/configs

2025-12-10 16:08:04,621 DEBUG access denied, request: GET /nacos/v1/cs/configs, reason: user not found!

2025-12-10 16:08:04,640 DEBUG auth start, request: GET /nacos/v1/cs/configs

2025-12-10 16:08:04,642 DEBUG access denied, request: GET /nacos/v1/cs/configs, reason: user not found!

2025-12-10 16:08:04,659 DEBUG auth start, request: GET /nacos/v1/cs/configs

2025-12-10 16:08:04,660 DEBUG access denied, request: GET /nacos/v1/cs/configs, reason: user not found!

2025-12-10 16:08:04,674 DEBUG auth start, request: GET /nacos/v1/cs/configs

2025-12-10 16:08:04,675 DEBUG access denied, request: GET /nacos/v1/cs/configs, reason: user not found!

2025-12-10 16:08:05,328 DEBUG auth start, request: GET /nacos/v1/cs/configs

2025-12-10 16:08:05,331 DEBUG auth permission: Permission{resource='Resource{namespaceId='seata', group='SEATA_GROUP', name='server.raft.serverAddr', type='config', properties={action=r}}', action='r'}, nacosUser: NacosUser{token='eyJhbGciOiJIUzI1NiJ9.eyJzdWIiOiJuYWNvcyIsImV4cCI6MTc2NTM3MjA4NH0.jolpr_a_gwdzAvLDiSJp4PPG_iRoR-QbBI-M3zma650', globalAdmin=false}

2025-12-10 16:08:05,387 DEBUG auth start, request: GET /nacos/v1/cs/configs

2025-12-10 16:08:05,390 DEBUG auth permission: Permission{resource='Resource{namespaceId='seata', group='SEATA_GROUP', name='store.session.mode', type='config', properties={action=r}}', action='r'}, nacosUser: NacosUser{token='eyJhbGciOiJIUzI1NiJ9.eyJzdWIiOiJuYWNvcyIsImV4cCI6MTc2NTM3MjA4NH0.jolpr_a_gwdzAvLDiSJp4PPG_iRoR-QbBI-M3zma650', globalAdmin=false}

2025-12-10 16:08:05,412 DEBUG auth start, request: GET /nacos/v1/cs/configs

2025-12-10 16:08:05,413 DEBUG auth permission: Permission{resource='Resource{namespaceId='seata', group='SEATA_GROUP', name='store.file.dir', type='config', properties={action=r}}', action='r'}, nacosUser: NacosUser{token='eyJhbGciOiJIUzI1NiJ9.eyJzdWIiOiJuYWNvcyIsImV4cCI6MTc2NTM3MjA4NH0.jolpr_a_gwdzAvLDiSJp4PPG_iRoR-QbBI-M3zma650', globalAdmin=false}

2025-12-10 16:08:05,438 DEBUG auth start, request: GET /nacos/v1/cs/configs

2025-12-10 16:08:05,439 DEBUG auth permission: Permission{resource='Resource{namespaceId='seata', group='SEATA_GROUP', name='store.file.sessionReloadReadSize', type='config', properties={action=r}}', action='r'}, nacosUser: NacosUser{token='eyJhbGciOiJIUzI1NiJ9.eyJzdWIiOiJuYWNvcyIsImV4cCI6MTc2NTM3MjA4NH0.jolpr_a_gwdzAvLDiSJp4PPG_iRoR-QbBI-M3zma650', globalAdmin=false}

2025-12-10 16:08:05,465 DEBUG auth start, request: GET /nacos/v1/cs/configs

2025-12-10 16:08:05,467 DEBUG auth permission: Permission{resource='Resource{namespaceId='seata', group='SEATA_GROUP', name='store.file.fileWriteBufferCacheSize', type='config', properties={action=r}}', action='r'}, nacosUser: NacosUser{token='eyJhbGciOiJIUzI1NiJ9.eyJzdWIiOiJuYWNvcyIsImV4cCI6MTc2NTM3MjA4NH0.jolpr_a_gwdzAvLDiSJp4PPG_iRoR-QbBI-M3zma650', globalAdmin=false}

2025-12-10 16:08:05,479 DEBUG auth start, request: GET /nacos/v1/cs/configs

2025-12-10 16:08:05,479 DEBUG auth permission: Permission{resource='Resource{namespaceId='seata', group='SEATA_GROUP', name='store.file.flushDiskMode', type='config', properties={action=r}}', action='r'}, nacosUser: NacosUser{token='eyJhbGciOiJIUzI1NiJ9.eyJzdWIiOiJuYWNvcyIsImV4cCI6MTc2NTM3MjA4NH0.jolpr_a_gwdzAvLDiSJp4PPG_iRoR-QbBI-M3zma650', globalAdmin=false}

2025-12-10 16:08:05,521 DEBUG auth start, request: GET /nacos/v1/cs/configs

2025-12-10 16:08:05,525 DEBUG auth start, request: GET /nacos/v1/cs/configs

2025-12-10 16:08:05,526 DEBUG auth permission: Permission{resource='Resource{namespaceId='seata', group='SEATA_GROUP', name='server.enableParallelRequestHandle', type='config', properties={action=r}}', action='r'}, nacosUser: NacosUser{token='eyJhbGciOiJIUzI1NiJ9.eyJzdWIiOiJuYWNvcyIsImV4cCI6MTc2NTM3MjA4NH0.jolpr_a_gwdzAvLDiSJp4PPG_iRoR-QbBI-M3zma650', globalAdmin=false}

2025-12-10 16:08:05,530 DEBUG auth permission: Permission{resource='Resource{namespaceId='seata', group='SEATA_GROUP', name='server.raft.group', type='config', properties={action=r}}', action='r'}, nacosUser: NacosUser{token='eyJhbGciOiJIUzI1NiJ9.eyJzdWIiOiJuYWNvcyIsImV4cCI6MTc2NTM3MjA4NH0.jolpr_a_gwdzAvLDiSJp4PPG_iRoR-QbBI-M3zma650', globalAdmin=false}

2025-12-10 16:08:05,560 DEBUG auth start, request: GET /nacos/v1/cs/configs

2025-12-10 16:08:05,561 DEBUG auth permission: Permission{resource='Resource{namespaceId='seata', group='SEATA_GROUP', name='server.enableCheckAuth', type='config', properties={action=r}}', action='r'}, nacosUser: NacosUser{token='eyJhbGciOiJIUzI1NiJ9.eyJzdWIiOiJuYWNvcyIsImV4cCI6MTc2NTM3MjA4NH0.jolpr_a_gwdzAvLDiSJp4PPG_iRoR-QbBI-M3zma650', globalAdmin=false}

2025-12-10 16:08:05,861 DEBUG auth start, request: POST /nacos/v1/ns/instance

2025-12-10 16:08:05,862 DEBUG auth permission: Permission{resource='Resource{namespaceId='seata', group='SEATA_GROUP', name='seata-server', type='naming', properties={action=w}}', action='w'}, nacosUser: NacosUser{token='eyJhbGciOiJIUzI1NiJ9.eyJzdWIiOiJuYWNvcyIsImV4cCI6MTc2NTM3MjA4NX0.9y38Mjr5asOVy-ccJ0OHGa68nRSTnNdNQ8rzwjrFcoI', globalAdmin=false}

2025-12-10 16:08:10,897 DEBUG auth start, request: PUT /nacos/v1/ns/instance/beat

2025-12-10 16:08:10,898 DEBUG auth permission: Permission{resource='Resource{namespaceId='seata', group='SEATA_GROUP', name='seata-server', type='naming', properties={action=w}}', action='w'}, nacosUser: NacosUser{token='eyJhbGciOiJIUzI1NiJ9.eyJzdWIiOiJuYWNvcyIsImV4cCI6MTc2NTM3MjA4NX0.9y38Mjr5asOVy-ccJ0OHGa68nRSTnNdNQ8rzwjrFcoI', globalAdmin=false}

2025-12-10 16:08:15,916 DEBUG auth start, request: PUT /nacos/v1/ns/instance/beat

2025-12-10 16:08:15,919 DEBUG auth permission: Permission{resource='Resource{namespaceId='seata', group='SEATA_GROUP', name='seata-server', type='naming', properties={action=w}}', action='w'}, nacosUser: NacosUser{token='eyJhbGciOiJIUzI1NiJ9.eyJzdWIiOiJuYWNvcyIsImV4cCI6MTc2NTM3MjA4NX0.9y38Mjr5asOVy-ccJ0OHGa68nRSTnNdNQ8rzwjrFcoI', globalAdmin=false}

2025-12-10 16:08:20,931 DEBUG auth start, request: PUT /nacos/v1/ns/instance/beat

2025-12-10 16:08:20,932 DEBUG auth permission: Permission{resource='Resource{namespaceId='seata', group='SEATA_GROUP', name='seata-server', type='naming', properties={action=w}}', action='w'}, nacosUser: NacosUser{token='eyJhbGciOiJIUzI1NiJ9.eyJzdWIiOiJuYWNvcyIsImV4cCI6MTc2NTM3MjA4NX0.9y38Mjr5asOVy-ccJ0OHGa68nRSTnNdNQ8rzwjrFcoI', globalAdmin=false}

2025-12-10 16:08:25,946 DEBUG auth start, request: PUT /nacos/v1/ns/instance/beat

2025-12-10 16:08:25,949 DEBUG auth permission: Permission{resource='Resource{namespaceId='seata', group='SEATA_GROUP', name='seata-server', type='naming', properties={action=w}}', action='w'}, nacosUser: NacosUser{token='eyJhbGciOiJIUzI1NiJ9.eyJzdWIiOiJuYWNvcyIsImV4cCI6MTc2NTM3MjA4NX0.9y38Mjr5asOVy-ccJ0OHGa68nRSTnNdNQ8rzwjrFcoI', globalAdmin=false}

2025-12-10 16:08:30,961 DEBUG auth start, request: PUT /nacos/v1/ns/instance/beat

2025-12-10 16:08:30,962 DEBUG auth permission: Permission{resource='Resource{namespaceId='seata', group='SEATA_GROUP', name='seata-server', type='naming', properties={action=w}}', action='w'}, nacosUser: NacosUser{token='eyJhbGciOiJIUzI1NiJ9.eyJzdWIiOiJuYWNvcyIsImV4cCI6MTc2NTM3MjA4NX0.9y38Mjr5asOVy-ccJ0OHGa68nRSTnNdNQ8rzwjrFcoI', globalAdmin=false}

2025-12-10 16:08:35,976 DEBUG auth start, request: PUT /nacos/v1/ns/instance/beat

2025-12-10 16:08:35,978 DEBUG auth permission: Permission{resource='Resource{namespaceId='seata', group='SEATA_GROUP', name='seata-server', type='naming', properties={action=w}}', action='w'}, nacosUser: NacosUser{token='eyJhbGciOiJIUzI1NiJ9.eyJzdWIiOiJuYWNvcyIsImV4cCI6MTc2NTM3MjA4NX0.9y38Mjr5asOVy-ccJ0OHGa68nRSTnNdNQ8rzwjrFcoI', globalAdmin=false}

2025-12-10 16:08:38,865 DEBUG auth start, request: GET /nacos/v1/cs/configs

2025-12-10 16:08:38,875 DEBUG auth permission: Permission{resource='Resource{namespaceId='', group='', name='', type='config', properties={action=r}}', action='r'}, nacosUser: NacosUser{token='eyJhbGciOiJIUzI1NiJ9.eyJzdWIiOiJuYWNvcyIsImV4cCI6MTc2NTM3MjExOH0.HBv1U9qCTjJ10YRxhE5WL5K60HeERAI0_tHlo15T_b4', globalAdmin=false}

2025-12-10 16:08:40,992 DEBUG auth start, request: PUT /nacos/v1/ns/instance/beat

2025-12-10 16:08:40,994 DEBUG auth permission: Permission{resource='Resource{namespaceId='seata', group='SEATA_GROUP', name='seata-server', type='naming', properties={action=w}}', action='w'}, nacosUser: NacosUser{token='eyJhbGciOiJIUzI1NiJ9.eyJzdWIiOiJuYWNvcyIsImV4cCI6MTc2NTM3MjA4NX0.9y38Mjr5asOVy-ccJ0OHGa68nRSTnNdNQ8rzwjrFcoI', globalAdmin=false}

2025-12-10 16:08:46,006 DEBUG auth start, request: PUT /nacos/v1/ns/instance/beat

2025-12-10 16:08:46,008 DEBUG auth permission: Permission{resource='Resource{namespaceId='seata', group='SEATA_GROUP', name='seata-server', type='naming', properties={action=w}}', action='w'}, nacosUser: NacosUser{token='eyJhbGciOiJIUzI1NiJ9.eyJzdWIiOiJuYWNvcyIsImV4cCI6MTc2NTM3MjA4NX0.9y38Mjr5asOVy-ccJ0OHGa68nRSTnNdNQ8rzwjrFcoI', globalAdmin=false}

2025-12-10 16:08:51,022 DEBUG auth start, request: PUT /nacos/v1/ns/instance/beat

2025-12-10 16:08:51,023 DEBUG auth permission: Permission{resource='Resource{namespaceId='seata', group='SEATA_GROUP', name='seata-server', type='naming', properties={action=w}}', action='w'}, nacosUser: NacosUser{token='eyJhbGciOiJIUzI1NiJ9.eyJzdWIiOiJuYWNvcyIsImV4cCI6MTc2NTM3MjA4NX0.9y38Mjr5asOVy-ccJ0OHGa68nRSTnNdNQ8rzwjrFcoI', globalAdmin=false}

2025-12-10 16:08:56,034 DEBUG auth start, request: PUT /nacos/v1/ns/instance/beat

2025-12-10 16:08:56,036 DEBUG auth permission: Permission{resource='Resource{namespaceId='seata', group='SEATA_GROUP', name='seata-server', type='naming', properties={action=w}}', action='w'}, nacosUser: NacosUser{token='eyJhbGciOiJIUzI1NiJ9.eyJzdWIiOiJuYWNvcyIsImV4cCI6MTc2NTM3MjA4NX0.9y38Mjr5asOVy-ccJ0OHGa68nRSTnNdNQ8rzwjrFcoI', globalAdmin=false}

2025-12-10 16:09:01,047 DEBUG auth start, request: PUT /nacos/v1/ns/instance/beat

2025-12-10 16:09:01,048 DEBUG auth permission: Permission{resource='Resource{namespaceId='seata', group='SEATA_GROUP', name='seata-server', type='naming', properties={action=w}}', action='w'}, nacosUser: NacosUser{token='eyJhbGciOiJIUzI1NiJ9.eyJzdWIiOiJuYWNvcyIsImV4cCI6MTc2NTM3MjA4NX0.9y38Mjr5asOVy-ccJ0OHGa68nRSTnNdNQ8rzwjrFcoI', globalAdmin=false}

2025-12-10 16:09:02,545 DEBUG auth start, request: ConfigQueryRequest

2025-12-10 16:09:02,546 DEBUG auth permission: Permission{resource='Resource{namespaceId='', group='DEFAULT_GROUP', name='base.properties', type='config', properties={requestClass=ConfigQueryRequest, action=r}}', action='r'}, nacosUser: NacosUser{token='eyJhbGciOiJIUzI1NiJ9.eyJzdWIiOiJuYWNvcyIsImV4cCI6MTc2NTM3MjE0MX0.bbgn2fMSKRW_LWWEfqnldAw3twYI5NPR8xLMbXem0EU', globalAdmin=false}

2025-12-10 16:09:04,489 DEBUG auth start, request: ConfigQueryRequest

2025-12-10 16:09:04,490 DEBUG auth permission: Permission{resource='Resource{namespaceId='seata', group='SEATA_GROUP', name='seata.properties', type='config', properties={requestClass=ConfigQueryRequest, action=r}}', action='r'}, nacosUser: NacosUser{token='eyJhbGciOiJIUzI1NiJ9.eyJzdWIiOiJuYWNvcyIsImV4cCI6MTc2NTM3MjE0NH0.sxpXJglFbqeywYEPK3dy-yRo2UPBojXAMg-iFhqBEd0', globalAdmin=false}

2025-12-10 16:09:04,518 DEBUG auth start, request: ConfigQueryRequest

2025-12-10 16:09:04,518 DEBUG auth permission: Permission{resource='Resource{namespaceId='seata', group='SEATA_GROUP', name='service.disableGlobalTransaction', type='config', properties={requestClass=ConfigQueryRequest, action=r}}', action='r'}, nacosUser: NacosUser{token='eyJhbGciOiJIUzI1NiJ9.eyJzdWIiOiJuYWNvcyIsImV4cCI6MTc2NTM3MjE0NH0.sxpXJglFbqeywYEPK3dy-yRo2UPBojXAMg-iFhqBEd0', globalAdmin=false}

2025-12-10 16:09:04,531 DEBUG auth start, request: ConfigBatchListenRequest

2025-12-10 16:09:04,531 DEBUG auth permission: Permission{resource='Resource{namespaceId='seata', group='', name='', type='config', properties={requestClass=ConfigBatchListenRequest, action=r}}', action='r'}, nacosUser: NacosUser{token='eyJhbGciOiJIUzI1NiJ9.eyJzdWIiOiJuYWNvcyIsImV4cCI6MTc2NTM3MjE0NH0.sxpXJglFbqeywYEPK3dy-yRo2UPBojXAMg-iFhqBEd0', globalAdmin=false}

2025-12-10 16:09:04,551 DEBUG auth start, request: ConfigQueryRequest

2025-12-10 16:09:04,551 DEBUG auth start, request: ConfigBatchListenRequest

2025-12-10 16:09:04,552 DEBUG auth permission: Permission{resource='Resource{namespaceId='seata', group='SEATA_GROUP', name='transport.threadFactory.bossThreadPrefix', type='config', properties={requestClass=ConfigQueryRequest, action=r}}', action='r'}, nacosUser: NacosUser{token='eyJhbGciOiJIUzI1NiJ9.eyJzdWIiOiJuYWNvcyIsImV4cCI6MTc2NTM3MjE0NH0.sxpXJglFbqeywYEPK3dy-yRo2UPBojXAMg-iFhqBEd0', globalAdmin=false}

2025-12-10 16:09:04,552 DEBUG auth permission: Permission{resource='Resource{namespaceId='seata', group='', name='', type='config', properties={requestClass=ConfigBatchListenRequest, action=r}}', action='r'}, nacosUser: NacosUser{token='eyJhbGciOiJIUzI1NiJ9.eyJzdWIiOiJuYWNvcyIsImV4cCI6MTc2NTM3MjE0NH0.sxpXJglFbqeywYEPK3dy-yRo2UPBojXAMg-iFhqBEd0', globalAdmin=false}

2025-12-10 16:09:04,565 DEBUG auth start, request: ConfigQueryRequest

2025-12-10 16:09:04,566 DEBUG auth permission: Permission{resource='Resource{namespaceId='seata', group='SEATA_GROUP', name='transport.threadFactory.workerThreadPrefix', type='config', properties={requestClass=ConfigQueryRequest, action=r}}', action='r'}, nacosUser: NacosUser{token='eyJhbGciOiJIUzI1NiJ9.eyJzdWIiOiJuYWNvcyIsImV4cCI6MTc2NTM3MjE0NH0.sxpXJglFbqeywYEPK3dy-yRo2UPBojXAMg-iFhqBEd0', globalAdmin=false}

2025-12-10 16:09:04,567 DEBUG auth start, request: ConfigBatchListenRequest

2025-12-10 16:09:04,568 DEBUG auth permission: Permission{resource='Resource{namespaceId='seata', group='', name='', type='config', properties={requestClass=ConfigBatchListenRequest, action=r}}', action='r'}, nacosUser: NacosUser{token='eyJhbGciOiJIUzI1NiJ9.eyJzdWIiOiJuYWNvcyIsImV4cCI6MTc2NTM3MjE0NH0.sxpXJglFbqeywYEPK3dy-yRo2UPBojXAMg-iFhqBEd0', globalAdmin=false}

2025-12-10 16:09:04,581 DEBUG auth start, request: ConfigQueryRequest

2025-12-10 16:09:04,582 DEBUG auth start, request: ConfigBatchListenRequest

2025-12-10 16:09:04,582 DEBUG auth permission: Permission{resource='Resource{namespaceId='seata', group='SEATA_GROUP', name='transport.threadFactory.shareBossWorker', type='config', properties={requestClass=ConfigQueryRequest, action=r}}', action='r'}, nacosUser: NacosUser{token='eyJhbGciOiJIUzI1NiJ9.eyJzdWIiOiJuYWNvcyIsImV4cCI6MTc2NTM3MjE0NH0.sxpXJglFbqeywYEPK3dy-yRo2UPBojXAMg-iFhqBEd0', globalAdmin=false}

2025-12-10 16:09:04,582 DEBUG auth permission: Permission{resource='Resource{namespaceId='seata', group='', name='', type='config', properties={requestClass=ConfigBatchListenRequest, action=r}}', action='r'}, nacosUser: NacosUser{token='eyJhbGciOiJIUzI1NiJ9.eyJzdWIiOiJuYWNvcyIsImV4cCI6MTc2NTM3MjE0NH0.sxpXJglFbqeywYEPK3dy-yRo2UPBojXAMg-iFhqBEd0', globalAdmin=false}

2025-12-10 16:09:04,598 DEBUG auth start, request: ConfigQueryRequest

2025-12-10 16:09:04,598 DEBUG auth start, request: ConfigBatchListenRequest

2025-12-10 16:09:04,599 DEBUG auth permission: Permission{resource='Resource{namespaceId='seata', group='SEATA_GROUP', name='transport.type', type='config', properties={requestClass=ConfigQueryRequest, action=r}}', action='r'}, nacosUser: NacosUser{token='eyJhbGciOiJIUzI1NiJ9.eyJzdWIiOiJuYWNvcyIsImV4cCI6MTc2NTM3MjE0NH0.sxpXJglFbqeywYEPK3dy-yRo2UPBojXAMg-iFhqBEd0', globalAdmin=false}

2025-12-10 16:09:04,599 DEBUG auth permission: Permission{resource='Resource{namespaceId='seata', group='', name='', type='config', properties={requestClass=ConfigBatchListenRequest, action=r}}', action='r'}, nacosUser: NacosUser{token='eyJhbGciOiJIUzI1NiJ9.eyJzdWIiOiJuYWNvcyIsImV4cCI6MTc2NTM3MjE0NH0.sxpXJglFbqeywYEPK3dy-yRo2UPBojXAMg-iFhqBEd0', globalAdmin=false}

2025-12-10 16:09:04,615 DEBUG auth start, request: ConfigQueryRequest

2025-12-10 16:09:04,616 DEBUG auth permission: Permission{resource='Resource{namespaceId='seata', group='SEATA_GROUP', name='transport.threadFactory.workerThreadSize', type='config', properties={requestClass=ConfigQueryRequest, action=r}}', action='r'}, nacosUser: NacosUser{token='eyJhbGciOiJIUzI1NiJ9.eyJzdWIiOiJuYWNvcyIsImV4cCI6MTc2NTM3MjE0NH0.sxpXJglFbqeywYEPK3dy-yRo2UPBojXAMg-iFhqBEd0', globalAdmin=false}

2025-12-10 16:09:04,616 DEBUG auth start, request: ConfigBatchListenRequest

2025-12-10 16:09:04,617 DEBUG auth permission: Permission{resource='Resource{namespaceId='seata', group='', name='', type='config', properties={requestClass=ConfigBatchListenRequest, action=r}}', action='r'}, nacosUser: NacosUser{token='eyJhbGciOiJIUzI1NiJ9.eyJzdWIiOiJuYWNvcyIsImV4cCI6MTc2NTM3MjE0NH0.sxpXJglFbqeywYEPK3dy-yRo2UPBojXAMg-iFhqBEd0', globalAdmin=false}

2025-12-10 16:09:04,645 DEBUG auth start, request: ConfigQueryRequest

2025-12-10 16:09:04,646 DEBUG auth permission: Permission{resource='Resource{namespaceId='seata', group='SEATA_GROUP', name='transport.server', type='config', properties={requestClass=ConfigQueryRequest, action=r}}', action='r'}, nacosUser: NacosUser{token='eyJhbGciOiJIUzI1NiJ9.eyJzdWIiOiJuYWNvcyIsImV4cCI6MTc2NTM3MjE0NH0.sxpXJglFbqeywYEPK3dy-yRo2UPBojXAMg-iFhqBEd0', globalAdmin=false}

2025-12-10 16:09:04,648 DEBUG auth start, request: ConfigBatchListenRequest

2025-12-10 16:09:04,649 DEBUG auth permission: Permission{resource='Resource{namespaceId='seata', group='', name='', type='config', properties={requestClass=ConfigBatchListenRequest, action=r}}', action='r'}, nacosUser: NacosUser{token='eyJhbGciOiJIUzI1NiJ9.eyJzdWIiOiJuYWNvcyIsImV4cCI6MTc2NTM3MjE0NH0.sxpXJglFbqeywYEPK3dy-yRo2UPBojXAMg-iFhqBEd0', globalAdmin=false}

2025-12-10 16:09:04,690 DEBUG auth start, request: ConfigBatchListenRequest

2025-12-10 16:09:04,691 DEBUG auth start, request: ConfigQueryRequest

2025-12-10 16:09:04,692 DEBUG auth permission: Permission{resource='Resource{namespaceId='seata', group='', name='', type='config', properties={requestClass=ConfigBatchListenRequest, action=r}}', action='r'}, nacosUser: NacosUser{token='eyJhbGciOiJIUzI1NiJ9.eyJzdWIiOiJuYWNvcyIsImV4cCI6MTc2NTM3MjE0NH0.sxpXJglFbqeywYEPK3dy-yRo2UPBojXAMg-iFhqBEd0', globalAdmin=false}

2025-12-10 16:09:04,692 DEBUG auth permission: Permission{resource='Resource{namespaceId='seata', group='SEATA_GROUP', name='transport.heartbeat', type='config', properties={requestClass=ConfigQueryRequest, action=r}}', action='r'}, nacosUser: NacosUser{token='eyJhbGciOiJIUzI1NiJ9.eyJzdWIiOiJuYWNvcyIsImV4cCI6MTc2NTM3MjE0NH0.sxpXJglFbqeywYEPK3dy-yRo2UPBojXAMg-iFhqBEd0', globalAdmin=false}

2025-12-10 16:09:04,707 DEBUG auth start, request: ConfigBatchListenRequest

2025-12-10 16:09:04,707 DEBUG auth start, request: ConfigQueryRequest

2025-12-10 16:09:04,707 DEBUG auth permission: Permission{resource='Resource{namespaceId='seata', group='', name='', type='config', properties={requestClass=ConfigBatchListenRequest, action=r}}', action='r'}, nacosUser: NacosUser{token='eyJhbGciOiJIUzI1NiJ9.eyJzdWIiOiJuYWNvcyIsImV4cCI6MTc2NTM3MjE0NH0.sxpXJglFbqeywYEPK3dy-yRo2UPBojXAMg-iFhqBEd0', globalAdmin=false}

2025-12-10 16:09:04,708 DEBUG auth permission: Permission{resource='Resource{namespaceId='seata', group='SEATA_GROUP', name='transport.rpcRmRequestTimeout', type='config', properties={requestClass=ConfigQueryRequest, action=r}}', action='r'}, nacosUser: NacosUser{token='eyJhbGciOiJIUzI1NiJ9.eyJzdWIiOiJuYWNvcyIsImV4cCI6MTc2NTM3MjE0NH0.sxpXJglFbqeywYEPK3dy-yRo2UPBojXAMg-iFhqBEd0', globalAdmin=false}

2025-12-10 16:09:04,725 DEBUG auth start, request: ConfigQueryRequest

2025-12-10 16:09:04,726 DEBUG auth permission: Permission{resource='Resource{namespaceId='seata', group='SEATA_GROUP', name='transport.rpcTmRequestTimeout', type='config', properties={requestClass=ConfigQueryRequest, action=r}}', action='r'}, nacosUser: NacosUser{token='eyJhbGciOiJIUzI1NiJ9.eyJzdWIiOiJuYWNvcyIsImV4cCI6MTc2NTM3MjE0NH0.sxpXJglFbqeywYEPK3dy-yRo2UPBojXAMg-iFhqBEd0', globalAdmin=false}

2025-12-10 16:09:04,727 DEBUG auth start, request: ConfigBatchListenRequest

2025-12-10 16:09:04,728 DEBUG auth permission: Permission{resource='Resource{namespaceId='seata', group='', name='', type='config', properties={requestClass=ConfigBatchListenRequest, action=r}}', action='r'}, nacosUser: NacosUser{token='eyJhbGciOiJIUzI1NiJ9.eyJzdWIiOiJuYWNvcyIsImV4cCI6MTc2NTM3MjE0NH0.sxpXJglFbqeywYEPK3dy-yRo2UPBojXAMg-iFhqBEd0', globalAdmin=false}

2025-12-10 16:09:04,748 DEBUG auth start, request: ConfigQueryRequest

2025-12-10 16:09:04,748 DEBUG auth permission: Permission{resource='Resource{namespaceId='seata', group='SEATA_GROUP', name='transport.enableClientBatchSendRequest', type='config', properties={requestClass=ConfigQueryRequest, action=r}}', action='r'}, nacosUser: NacosUser{token='eyJhbGciOiJIUzI1NiJ9.eyJzdWIiOiJuYWNvcyIsImV4cCI6MTc2NTM3MjE0NH0.sxpXJglFbqeywYEPK3dy-yRo2UPBojXAMg-iFhqBEd0', globalAdmin=false}

2025-12-10 16:09:04,749 DEBUG auth start, request: ConfigBatchListenRequest

2025-12-10 16:09:04,750 DEBUG auth permission: Permission{resource='Resource{namespaceId='seata', group='', name='', type='config', properties={requestClass=ConfigBatchListenRequest, action=r}}', action='r'}, nacosUser: NacosUser{token='eyJhbGciOiJIUzI1NiJ9.eyJzdWIiOiJuYWNvcyIsImV4cCI6MTc2NTM3MjE0NH0.sxpXJglFbqeywYEPK3dy-yRo2UPBojXAMg-iFhqBEd0', globalAdmin=false}

2025-12-10 16:09:04,790 DEBUG auth start, request: ConfigQueryRequest

2025-12-10 16:09:04,791 DEBUG auth permission: Permission{resource='Resource{namespaceId='seata', group='SEATA_GROUP', name='transport.threadFactory.clientSelectorThreadSize', type='config', properties={requestClass=ConfigQueryRequest, action=r}}', action='r'}, nacosUser: NacosUser{token='eyJhbGciOiJIUzI1NiJ9.eyJzdWIiOiJuYWNvcyIsImV4cCI6MTc2NTM3MjE0NH0.sxpXJglFbqeywYEPK3dy-yRo2UPBojXAMg-iFhqBEd0', globalAdmin=false}

2025-12-10 16:09:04,791 DEBUG auth start, request: ConfigBatchListenRequest

2025-12-10 16:09:04,792 DEBUG auth permission: Permission{resource='Resource{namespaceId='seata', group='', name='', type='config', properties={requestClass=ConfigBatchListenRequest, action=r}}', action='r'}, nacosUser: NacosUser{token='eyJhbGciOiJIUzI1NiJ9.eyJzdWIiOiJuYWNvcyIsImV4cCI6MTc2NTM3MjE0NH0.sxpXJglFbqeywYEPK3dy-yRo2UPBojXAMg-iFhqBEd0', globalAdmin=false}

2025-12-10 16:09:04,820 DEBUG auth start, request: ConfigBatchListenRequest

2025-12-10 16:09:04,821 DEBUG auth permission: Permission{resource='Resource{namespaceId='seata', group='', name='', type='config', properties={requestClass=ConfigBatchListenRequest, action=r}}', action='r'}, nacosUser: NacosUser{token='eyJhbGciOiJIUzI1NiJ9.eyJzdWIiOiJuYWNvcyIsImV4cCI6MTc2NTM3MjE0NH0.sxpXJglFbqeywYEPK3dy-yRo2UPBojXAMg-iFhqBEd0', globalAdmin=false}

2025-12-10 16:09:04,820 DEBUG auth start, request: ConfigQueryRequest

2025-12-10 16:09:04,824 DEBUG auth permission: Permission{resource='Resource{namespaceId='seata', group='SEATA_GROUP', name='transport.threadFactory.clientSelectorThreadPrefix', type='config', properties={requestClass=ConfigQueryRequest, action=r}}', action='r'}, nacosUser: NacosUser{token='eyJhbGciOiJIUzI1NiJ9.eyJzdWIiOiJuYWNvcyIsImV4cCI6MTc2NTM3MjE0NH0.sxpXJglFbqeywYEPK3dy-yRo2UPBojXAMg-iFhqBEd0', globalAdmin=false}

2025-12-10 16:09:04,926 DEBUG auth start, request: ConfigBatchListenRequest

2025-12-10 16:09:04,927 DEBUG auth permission: Permission{resource='Resource{namespaceId='seata', group='', name='', type='config', properties={requestClass=ConfigBatchListenRequest, action=r}}', action='r'}, nacosUser: NacosUser{token='eyJhbGciOiJIUzI1NiJ9.eyJzdWIiOiJuYWNvcyIsImV4cCI6MTc2NTM3MjE0NH0.sxpXJglFbqeywYEPK3dy-yRo2UPBojXAMg-iFhqBEd0', globalAdmin=false}

2025-12-10 16:09:04,929 DEBUG auth start, request: ConfigQueryRequest

2025-12-10 16:09:04,930 DEBUG auth permission: Permission{resource='Resource{namespaceId='seata', group='SEATA_GROUP', name='transport.enableTmClientBatchSendRequest', type='config', properties={requestClass=ConfigQueryRequest, action=r}}', action='r'}, nacosUser: NacosUser{token='eyJhbGciOiJIUzI1NiJ9.eyJzdWIiOiJuYWNvcyIsImV4cCI6MTc2NTM3MjE0NH0.sxpXJglFbqeywYEPK3dy-yRo2UPBojXAMg-iFhqBEd0', globalAdmin=false}

2025-12-10 16:09:04,950 DEBUG auth start, request: ConfigQueryRequest

2025-12-10 16:09:04,951 DEBUG auth permission: Permission{resource='Resource{namespaceId='seata', group='SEATA_GROUP', name='transport.threadFactory.clientWorkerThreadPrefix', type='config', properties={requestClass=ConfigQueryRequest, action=r}}', action='r'}, nacosUser: NacosUser{token='eyJhbGciOiJIUzI1NiJ9.eyJzdWIiOiJuYWNvcyIsImV4cCI6MTc2NTM3MjE0NH0.sxpXJglFbqeywYEPK3dy-yRo2UPBojXAMg-iFhqBEd0', globalAdmin=false}

2025-12-10 16:09:04,983 DEBUG auth start, request: ConfigQueryRequest

2025-12-10 16:09:04,983 DEBUG auth permission: Permission{resource='Resource{namespaceId='seata', group='SEATA_GROUP', name='transport.enableTmClientChannelCheckFailFast', type='config', properties={requestClass=ConfigQueryRequest, action=r}}', action='r'}, nacosUser: NacosUser{token='eyJhbGciOiJIUzI1NiJ9.eyJzdWIiOiJuYWNvcyIsImV4cCI6MTc2NTM3MjE0NH0.sxpXJglFbqeywYEPK3dy-yRo2UPBojXAMg-iFhqBEd0', globalAdmin=false}

2025-12-10 16:09:05,009 DEBUG auth start, request: ConfigQueryRequest

2025-12-10 16:09:05,010 DEBUG auth permission: Permission{resource='Resource{namespaceId='seata', group='SEATA_GROUP', name='service.vgroupMapping.default_tx_group', type='config', properties={requestClass=ConfigQueryRequest, action=r}}', action='r'}, nacosUser: NacosUser{token='eyJhbGciOiJIUzI1NiJ9.eyJzdWIiOiJuYWNvcyIsImV4cCI6MTc2NTM3MjE0NH0.sxpXJglFbqeywYEPK3dy-yRo2UPBojXAMg-iFhqBEd0', globalAdmin=false}

2025-12-10 16:09:06,059 DEBUG auth start, request: PUT /nacos/v1/ns/instance/beat

2025-12-10 16:09:06,060 DEBUG auth permission: Permission{resource='Resource{namespaceId='seata', group='SEATA_GROUP', name='seata-server', type='naming', properties={action=w}}', action='w'}, nacosUser: NacosUser{token='eyJhbGciOiJIUzI1NiJ9.eyJzdWIiOiJuYWNvcyIsImV4cCI6MTc2NTM3MjA4NX0.9y38Mjr5asOVy-ccJ0OHGa68nRSTnNdNQ8rzwjrFcoI', globalAdmin=false}

2025-12-10 16:09:11,070 DEBUG auth start, request: PUT /nacos/v1/ns/instance/beat

2025-12-10 16:09:11,071 DEBUG auth permission: Permission{resource='Resource{namespaceId='seata', group='SEATA_GROUP', name='seata-server', type='naming', properties={action=w}}', action='w'}, nacosUser: NacosUser{token='eyJhbGciOiJIUzI1NiJ9.eyJzdWIiOiJuYWNvcyIsImV4cCI6MTc2NTM3MjA4NX0.9y38Mjr5asOVy-ccJ0OHGa68nRSTnNdNQ8rzwjrFcoI', globalAdmin=false}

2025-12-10 16:09:16,081 DEBUG auth start, request: PUT /nacos/v1/ns/instance/beat

2025-12-10 16:09:16,083 DEBUG auth permission: Permission{resource='Resource{namespaceId='seata', group='SEATA_GROUP', name='seata-server', type='naming', properties={action=w}}', action='w'}, nacosUser: NacosUser{token='eyJhbGciOiJIUzI1NiJ9.eyJzdWIiOiJuYWNvcyIsImV4cCI6MTc2NTM3MjA4NX0.9y38Mjr5asOVy-ccJ0OHGa68nRSTnNdNQ8rzwjrFcoI', globalAdmin=false}

2025-12-10 16:09:21,096 DEBUG auth start, request: PUT /nacos/v1/ns/instance/beat

2025-12-10 16:09:21,096 DEBUG auth permission: Permission{resource='Resource{namespaceId='seata', group='SEATA_GROUP', name='seata-server', type='naming', properties={action=w}}', action='w'}, nacosUser: NacosUser{token='eyJhbGciOiJIUzI1NiJ9.eyJzdWIiOiJuYWNvcyIsImV4cCI6MTc2NTM3MjA4NX0.9y38Mjr5asOVy-ccJ0OHGa68nRSTnNdNQ8rzwjrFcoI', globalAdmin=false}

2025-12-10 16:09:26,108 DEBUG auth start, request: PUT /nacos/v1/ns/instance/beat

2025-12-10 16:09:26,110 DEBUG auth permission: Permission{resource='Resource{namespaceId='seata', group='SEATA_GROUP', name='seata-server', type='naming', properties={action=w}}', action='w'}, nacosUser: NacosUser{token='eyJhbGciOiJIUzI1NiJ9.eyJzdWIiOiJuYWNvcyIsImV4cCI6MTc2NTM3MjA4NX0.9y38Mjr5asOVy-ccJ0OHGa68nRSTnNdNQ8rzwjrFcoI', globalAdmin=false}

2025-12-10 16:09:31,122 DEBUG auth start, request: PUT /nacos/v1/ns/instance/beat

2025-12-10 16:09:31,123 DEBUG auth permission: Permission{resource='Resource{namespaceId='seata', group='SEATA_GROUP', name='seata-server', type='naming', properties={action=w}}', action='w'}, nacosUser: NacosUser{token='eyJhbGciOiJIUzI1NiJ9.eyJzdWIiOiJuYWNvcyIsImV4cCI6MTc2NTM3MjA4NX0.9y38Mjr5asOVy-ccJ0OHGa68nRSTnNdNQ8rzwjrFcoI', globalAdmin=false}

2025-12-10 16:09:36,139 DEBUG auth start, request: PUT /nacos/v1/ns/instance/beat

2025-12-10 16:09:36,140 DEBUG auth permission: Permission{resource='Resource{namespaceId='seata', group='SEATA_GROUP', name='seata-server', type='naming', properties={action=w}}', action='w'}, nacosUser: NacosUser{token='eyJhbGciOiJIUzI1NiJ9.eyJzdWIiOiJuYWNvcyIsImV4cCI6MTc2NTM3MjA4NX0.9y38Mjr5asOVy-ccJ0OHGa68nRSTnNdNQ8rzwjrFcoI', globalAdmin=false}

2025-12-10 16:09:41,154 DEBUG auth start, request: PUT /nacos/v1/ns/instance/beat

2025-12-10 16:09:41,155 DEBUG auth permission: Permission{resource='Resource{namespaceId='seata', group='SEATA_GROUP', name='seata-server', type='naming', properties={action=w}}', action='w'}, nacosUser: NacosUser{token='eyJhbGciOiJIUzI1NiJ9.eyJzdWIiOiJuYWNvcyIsImV4cCI6MTc2NTM3MjA4NX0.9y38Mjr5asOVy-ccJ0OHGa68nRSTnNdNQ8rzwjrFcoI', globalAdmin=false}

2025-12-10 16:09:46,167 DEBUG auth start, request: PUT /nacos/v1/ns/instance/beat

2025-12-10 16:09:46,169 DEBUG auth permission: Permission{resource='Resource{namespaceId='seata', group='SEATA_GROUP', name='seata-server', type='naming', properties={action=w}}', action='w'}, nacosUser: NacosUser{token='eyJhbGciOiJIUzI1NiJ9.eyJzdWIiOiJuYWNvcyIsImV4cCI6MTc2NTM3MjA4NX0.9y38Mjr5asOVy-ccJ0OHGa68nRSTnNdNQ8rzwjrFcoI', globalAdmin=false}

2025-12-10 16:09:51,183 DEBUG auth start, request: PUT /nacos/v1/ns/instance/beat

2025-12-10 16:09:51,185 DEBUG auth permission: Permission{resource='Resource{namespaceId='seata', group='SEATA_GROUP', name='seata-server', type='naming', properties={action=w}}', action='w'}, nacosUser: NacosUser{token='eyJhbGciOiJIUzI1NiJ9.eyJzdWIiOiJuYWNvcyIsImV4cCI6MTc2NTM3MjA4NX0.9y38Mjr5asOVy-ccJ0OHGa68nRSTnNdNQ8rzwjrFcoI', globalAdmin=false}

2025-12-10 16:09:56,206 DEBUG auth start, request: PUT /nacos/v1/ns/instance/beat

2025-12-10 16:09:56,206 DEBUG auth permission: Permission{resource='Resource{namespaceId='seata', group='SEATA_GROUP', name='seata-server', type='naming', properties={action=w}}', action='w'}, nacosUser: NacosUser{token='eyJhbGciOiJIUzI1NiJ9.eyJzdWIiOiJuYWNvcyIsImV4cCI6MTc2NTM3MjA4NX0.9y38Mjr5asOVy-ccJ0OHGa68nRSTnNdNQ8rzwjrFcoI', globalAdmin=false}

2025-12-10 16:10:01,217 DEBUG auth start, request: PUT /nacos/v1/ns/instance/beat

2025-12-10 16:10:01,218 DEBUG auth permission: Permission{resource='Resource{namespaceId='seata', group='SEATA_GROUP', name='seata-server', type='naming', properties={action=w}}', action='w'}, nacosUser: NacosUser{token='eyJhbGciOiJIUzI1NiJ9.eyJzdWIiOiJuYWNvcyIsImV4cCI6MTc2NTM3MjA4NX0.9y38Mjr5asOVy-ccJ0OHGa68nRSTnNdNQ8rzwjrFcoI', globalAdmin=false}

2025-12-10 16:10:06,229 DEBUG auth start, request: PUT /nacos/v1/ns/instance/beat

2025-12-10 16:10:06,230 DEBUG auth permission: Permission{resource='Resource{namespaceId='seata', group='SEATA_GROUP', name='seata-server', type='naming', properties={action=w}}', action='w'}, nacosUser: NacosUser{token='eyJhbGciOiJIUzI1NiJ9.eyJzdWIiOiJuYWNvcyIsImV4cCI6MTc2NTM3MjA4NX0.9y38Mjr5asOVy-ccJ0OHGa68nRSTnNdNQ8rzwjrFcoI', globalAdmin=false}

2025-12-10 16:10:11,240 DEBUG auth start, request: PUT /nacos/v1/ns/instance/beat

2025-12-10 16:10:11,241 DEBUG auth permission: Permission{resource='Resource{namespaceId='seata', group='SEATA_GROUP', name='seata-server', type='naming', properties={action=w}}', action='w'}, nacosUser: NacosUser{token='eyJhbGciOiJIUzI1NiJ9.eyJzdWIiOiJuYWNvcyIsImV4cCI6MTc2NTM3MjA4NX0.9y38Mjr5asOVy-ccJ0OHGa68nRSTnNdNQ8rzwjrFcoI', globalAdmin=false}

2025-12-10 16:10:16,253 DEBUG auth start, request: PUT /nacos/v1/ns/instance/beat

2025-12-10 16:10:16,254 DEBUG auth permission: Permission{resource='Resource{namespaceId='seata', group='SEATA_GROUP', name='seata-server', type='naming', properties={action=w}}', action='w'}, nacosUser: NacosUser{token='eyJhbGciOiJIUzI1NiJ9.eyJzdWIiOiJuYWNvcyIsImV4cCI6MTc2NTM3MjA4NX0.9y38Mjr5asOVy-ccJ0OHGa68nRSTnNdNQ8rzwjrFcoI', globalAdmin=false}

2025-12-10 16:10:21,266 DEBUG auth start, request: PUT /nacos/v1/ns/instance/beat

2025-12-10 16:10:21,267 DEBUG auth permission: Permission{resource='Resource{namespaceId='seata', group='SEATA_GROUP', name='seata-server', type='naming', properties={action=w}}', action='w'}, nacosUser: NacosUser{token='eyJhbGciOiJIUzI1NiJ9.eyJzdWIiOiJuYWNvcyIsImV4cCI6MTc2NTM3MjA4NX0.9y38Mjr5asOVy-ccJ0OHGa68nRSTnNdNQ8rzwjrFcoI', globalAdmin=false}

2025-12-10 16:10:26,277 DEBUG auth start, request: PUT /nacos/v1/ns/instance/beat

2025-12-10 16:10:26,279 DEBUG auth permission: Permission{resource='Resource{namespaceId='seata', group='SEATA_GROUP', name='seata-server', type='naming', properties={action=w}}', action='w'}, nacosUser: NacosUser{token='eyJhbGciOiJIUzI1NiJ9.eyJzdWIiOiJuYWNvcyIsImV4cCI6MTc2NTM3MjA4NX0.9y38Mjr5asOVy-ccJ0OHGa68nRSTnNdNQ8rzwjrFcoI', globalAdmin=false}

2025-12-10 16:10:31,288 DEBUG auth start, request: PUT /nacos/v1/ns/instance/beat

2025-12-10 16:10:31,289 DEBUG auth permission: Permission{resource='Resource{namespaceId='seata', group='SEATA_GROUP', name='seata-server', type='naming', properties={action=w}}', action='w'}, nacosUser: NacosUser{token='eyJhbGciOiJIUzI1NiJ9.eyJzdWIiOiJuYWNvcyIsImV4cCI6MTc2NTM3MjA4NX0.9y38Mjr5asOVy-ccJ0OHGa68nRSTnNdNQ8rzwjrFcoI', globalAdmin=false}

2025-12-10 16:10:32,497 DEBUG auth start, request: GET /nacos/v1/cs/configs

2025-12-10 16:10:32,498 DEBUG auth permission: Permission{resource='Resource{namespaceId='seata', group='', name='', type='config', properties={action=r}}', action='r'}, nacosUser: NacosUser{token='eyJhbGciOiJIUzI1NiJ9.eyJzdWIiOiJuYWNvcyIsImV4cCI6MTc2NTM3MjExOH0.HBv1U9qCTjJ10YRxhE5WL5K60HeERAI0_tHlo15T_b4', globalAdmin=false}

2025-12-10 16:10:34,304 DEBUG auth start, request: GET /nacos/v1/cs/configs

2025-12-10 16:10:34,305 DEBUG auth start, request: GET /nacos/v1/cs/configs/listener

2025-12-10 16:10:34,305 DEBUG auth permission: Permission{resource='Resource{namespaceId='seata', group='DEFAULT_GROUP', name='seata.properties', type='config', properties={action=r}}', action='r'}, nacosUser: NacosUser{token='eyJhbGciOiJIUzI1NiJ9.eyJzdWIiOiJuYWNvcyIsImV4cCI6MTc2NTM3MjExOH0.HBv1U9qCTjJ10YRxhE5WL5K60HeERAI0_tHlo15T_b4', globalAdmin=false}

2025-12-10 16:10:34,306 DEBUG auth permission: Permission{resource='Resource{namespaceId='seata', group='DEFAULT_GROUP', name='seata.properties', type='config', properties={action=r}}', action='r'}, nacosUser: NacosUser{token='eyJhbGciOiJIUzI1NiJ9.eyJzdWIiOiJuYWNvcyIsImV4cCI6MTc2NTM3MjExOH0.HBv1U9qCTjJ10YRxhE5WL5K60HeERAI0_tHlo15T_b4', globalAdmin=false}

2025-12-10 16:10:34,328 DEBUG auth start, request: GET /nacos/v1/cs/configs

2025-12-10 16:10:34,333 DEBUG auth permission: Permission{resource='Resource{namespaceId='seata', group='DEFAULT_GROUP', name='seata.properties', type='config', properties={action=r}}', action='r'}, nacosUser: NacosUser{token='eyJhbGciOiJIUzI1NiJ9.eyJzdWIiOiJuYWNvcyIsImV4cCI6MTc2NTM3MjExOH0.HBv1U9qCTjJ10YRxhE5WL5K60HeERAI0_tHlo15T_b4', globalAdmin=false}

2025-12-10 16:10:36,304 DEBUG auth start, request: PUT /nacos/v1/ns/instance/beat

2025-12-10 16:10:36,306 DEBUG auth permission: Permission{resource='Resource{namespaceId='seata', group='SEATA_GROUP', name='seata-server', type='naming', properties={action=w}}', action='w'}, nacosUser: NacosUser{token='eyJhbGciOiJIUzI1NiJ9.eyJzdWIiOiJuYWNvcyIsImV4cCI6MTc2NTM3MjA4NX0.9y38Mjr5asOVy-ccJ0OHGa68nRSTnNdNQ8rzwjrFcoI', globalAdmin=false}

2025-12-10 16:10:41,026 DEBUG auth start, request: POST /nacos/v1/cs/configs

2025-12-10 16:10:41,027 DEBUG auth permission: Permission{resource='Resource{namespaceId='seata', group='DEFAULT_GROUP', name='seata.properties', type='config', properties={action=w}}', action='w'}, nacosUser: NacosUser{token='eyJhbGciOiJIUzI1NiJ9.eyJzdWIiOiJuYWNvcyIsImV4cCI6MTc2NTM3MjExOH0.HBv1U9qCTjJ10YRxhE5WL5K60HeERAI0_tHlo15T_b4', globalAdmin=false}

2025-12-10 16:10:41,175 DEBUG auth start, request: GET /nacos/v1/cs/configs

2025-12-10 16:10:41,176 DEBUG auth permission: Permission{resource='Resource{namespaceId='seata', group='DEFAULT_GROUP', name='seata.properties', type='config', properties={action=r}}', action='r'}, nacosUser: NacosUser{token='eyJhbGciOiJIUzI1NiJ9.eyJzdWIiOiJuYWNvcyIsImV4cCI6MTc2NTM3MjExOH0.HBv1U9qCTjJ10YRxhE5WL5K60HeERAI0_tHlo15T_b4', globalAdmin=false}

2025-12-10 16:10:41,332 DEBUG auth start, request: PUT /nacos/v1/ns/instance/beat

2025-12-10 16:10:41,333 DEBUG auth permission: Permission{resource='Resource{namespaceId='seata', group='SEATA_GROUP', name='seata-server', type='naming', properties={action=w}}', action='w'}, nacosUser: NacosUser{token='eyJhbGciOiJIUzI1NiJ9.eyJzdWIiOiJuYWNvcyIsImV4cCI6MTc2NTM3MjA4NX0.9y38Mjr5asOVy-ccJ0OHGa68nRSTnNdNQ8rzwjrFcoI', globalAdmin=false}

2025-12-10 16:10:46,346 DEBUG auth start, request: PUT /nacos/v1/ns/instance/beat

2025-12-10 16:10:46,348 DEBUG auth permission: Permission{resource='Resource{namespaceId='seata', group='SEATA_GROUP', name='seata-server', type='naming', properties={action=w}}', action='w'}, nacosUser: NacosUser{token='eyJhbGciOiJIUzI1NiJ9.eyJzdWIiOiJuYWNvcyIsImV4cCI6MTc2NTM3MjA4NX0.9y38Mjr5asOVy-ccJ0OHGa68nRSTnNdNQ8rzwjrFcoI', globalAdmin=false}

2025-12-10 16:10:51,362 DEBUG auth start, request: PUT /nacos/v1/ns/instance/beat

2025-12-10 16:10:51,363 DEBUG auth permission: Permission{resource='Resource{namespaceId='seata', group='SEATA_GROUP', name='seata-server', type='naming', properties={action=w}}', action='w'}, nacosUser: NacosUser{token='eyJhbGciOiJIUzI1NiJ9.eyJzdWIiOiJuYWNvcyIsImV4cCI6MTc2NTM3MjA4NX0.9y38Mjr5asOVy-ccJ0OHGa68nRSTnNdNQ8rzwjrFcoI', globalAdmin=false}

2025-12-10 16:10:56,374 DEBUG auth start, request: PUT /nacos/v1/ns/instance/beat

2025-12-10 16:10:56,376 DEBUG auth permission: Permission{resource='Resource{namespaceId='seata', group='SEATA_GROUP', name='seata-server', type='naming', properties={action=w}}', action='w'}, nacosUser: NacosUser{token='eyJhbGciOiJIUzI1NiJ9.eyJzdWIiOiJuYWNvcyIsImV4cCI6MTc2NTM3MjA4NX0.9y38Mjr5asOVy-ccJ0OHGa68nRSTnNdNQ8rzwjrFcoI', globalAdmin=false}

2025-12-10 16:11:00,207 DEBUG auth start, request: ConfigQueryRequest

2025-12-10 16:11:00,209 DEBUG auth permission: Permission{resource='Resource{namespaceId='', group='DEFAULT_GROUP', name='base.properties', type='config', properties={requestClass=ConfigQueryRequest, action=r}}', action='r'}, nacosUser: NacosUser{token='eyJhbGciOiJIUzI1NiJ9.eyJzdWIiOiJuYWNvcyIsImV4cCI6MTc2NTM3MjI1OX0.kv7OJEG7gE3B7iknnjiXLHEDpF_3CT8_27Sr0k0wY0A', globalAdmin=false}

2025-12-10 16:11:01,385 DEBUG auth start, request: PUT /nacos/v1/ns/instance/beat

2025-12-10 16:11:01,386 DEBUG auth permission: Permission{resource='Resource{namespaceId='seata', group='SEATA_GROUP', name='seata-server', type='naming', properties={action=w}}', action='w'}, nacosUser: NacosUser{token='eyJhbGciOiJIUzI1NiJ9.eyJzdWIiOiJuYWNvcyIsImV4cCI6MTc2NTM3MjA4NX0.9y38Mjr5asOVy-ccJ0OHGa68nRSTnNdNQ8rzwjrFcoI', globalAdmin=false}

2025-12-10 16:11:02,578 DEBUG auth start, request: ConfigQueryRequest

2025-12-10 16:11:02,580 DEBUG auth permission: Permission{resource='Resource{namespaceId='seata', group='SEATA_GROUP', name='seata.properties', type='config', properties={requestClass=ConfigQueryRequest, action=r}}', action='r'}, nacosUser: NacosUser{token='eyJhbGciOiJIUzI1NiJ9.eyJzdWIiOiJuYWNvcyIsImV4cCI6MTc2NTM3MjI2Mn0.-0txAWXS9FrmCL-lt1yv9Md30LL5RHxTjIHuN3isGQM', globalAdmin=false}

2025-12-10 16:11:02,654 DEBUG auth start, request: ConfigQueryRequest

2025-12-10 16:11:02,655 DEBUG auth permission: Permission{resource='Resource{namespaceId='seata', group='SEATA_GROUP', name='service.disableGlobalTransaction', type='config', properties={requestClass=ConfigQueryRequest, action=r}}', action='r'}, nacosUser: NacosUser{token='eyJhbGciOiJIUzI1NiJ9.eyJzdWIiOiJuYWNvcyIsImV4cCI6MTc2NTM3MjI2Mn0.-0txAWXS9FrmCL-lt1yv9Md30LL5RHxTjIHuN3isGQM', globalAdmin=false}

2025-12-10 16:11:02,672 DEBUG auth start, request: ConfigBatchListenRequest

2025-12-10 16:11:02,673 DEBUG auth permission: Permission{resource='Resource{namespaceId='seata', group='', name='', type='config', properties={requestClass=ConfigBatchListenRequest, action=r}}', action='r'}, nacosUser: NacosUser{token='eyJhbGciOiJIUzI1NiJ9.eyJzdWIiOiJuYWNvcyIsImV4cCI6MTc2NTM3MjI2Mn0.-0txAWXS9FrmCL-lt1yv9Md30LL5RHxTjIHuN3isGQM', globalAdmin=false}

2025-12-10 16:11:02,701 DEBUG auth start, request: ConfigQueryRequest

2025-12-10 16:11:02,703 DEBUG auth permission: Permission{resource='Resource{namespaceId='seata', group='SEATA_GROUP', name='transport.threadFactory.bossThreadPrefix', type='config', properties={requestClass=ConfigQueryRequest, action=r}}', action='r'}, nacosUser: NacosUser{token='eyJhbGciOiJIUzI1NiJ9.eyJzdWIiOiJuYWNvcyIsImV4cCI6MTc2NTM3MjI2Mn0.-0txAWXS9FrmCL-lt1yv9Md30LL5RHxTjIHuN3isGQM', globalAdmin=false}

2025-12-10 16:11:02,706 DEBUG auth start, request: ConfigBatchListenRequest

2025-12-10 16:11:02,707 DEBUG auth permission: Permission{resource='Resource{namespaceId='seata', group='', name='', type='config', properties={requestClass=ConfigBatchListenRequest, action=r}}', action='r'}, nacosUser: NacosUser{token='eyJhbGciOiJIUzI1NiJ9.eyJzdWIiOiJuYWNvcyIsImV4cCI6MTc2NTM3MjI2Mn0.-0txAWXS9FrmCL-lt1yv9Md30LL5RHxTjIHuN3isGQM', globalAdmin=false}

2025-12-10 16:11:02,725 DEBUG auth start, request: ConfigQueryRequest

2025-12-10 16:11:02,725 DEBUG auth permission: Permission{resource='Resource{namespaceId='seata', group='SEATA_GROUP', name='transport.threadFactory.workerThreadPrefix', type='config', properties={requestClass=ConfigQueryRequest, action=r}}', action='r'}, nacosUser: NacosUser{token='eyJhbGciOiJIUzI1NiJ9.eyJzdWIiOiJuYWNvcyIsImV4cCI6MTc2NTM3MjI2Mn0.-0txAWXS9FrmCL-lt1yv9Md30LL5RHxTjIHuN3isGQM', globalAdmin=false}

2025-12-10 16:11:02,727 DEBUG auth start, request: ConfigBatchListenRequest

2025-12-10 16:11:02,728 DEBUG auth permission: Permission{resource='Resource{namespaceId='seata', group='', name='', type='config', properties={requestClass=ConfigBatchListenRequest, action=r}}', action='r'}, nacosUser: NacosUser{token='eyJhbGciOiJIUzI1NiJ9.eyJzdWIiOiJuYWNvcyIsImV4cCI6MTc2NTM3MjI2Mn0.-0txAWXS9FrmCL-lt1yv9Md30LL5RHxTjIHuN3isGQM', globalAdmin=false}

2025-12-10 16:11:02,740 DEBUG auth start, request: ConfigQueryRequest

2025-12-10 16:11:02,741 DEBUG auth permission: Permission{resource='Resource{namespaceId='seata', group='SEATA_GROUP', name='transport.threadFactory.shareBossWorker', type='config', properties={requestClass=ConfigQueryRequest, action=r}}', action='r'}, nacosUser: NacosUser{token='eyJhbGciOiJIUzI1NiJ9.eyJzdWIiOiJuYWNvcyIsImV4cCI6MTc2NTM3MjI2Mn0.-0txAWXS9FrmCL-lt1yv9Md30LL5RHxTjIHuN3isGQM', globalAdmin=false}

2025-12-10 16:11:02,741 DEBUG auth start, request: ConfigBatchListenRequest

2025-12-10 16:11:02,742 DEBUG auth permission: Permission{resource='Resource{namespaceId='seata', group='', name='', type='config', properties={requestClass=ConfigBatchListenRequest, action=r}}', action='r'}, nacosUser: NacosUser{token='eyJhbGciOiJIUzI1NiJ9.eyJzdWIiOiJuYWNvcyIsImV4cCI6MTc2NTM3MjI2Mn0.-0txAWXS9FrmCL-lt1yv9Md30LL5RHxTjIHuN3isGQM', globalAdmin=false}

2025-12-10 16:11:02,755 DEBUG auth start, request: ConfigBatchListenRequest

2025-12-10 16:11:02,756 DEBUG auth permission: Permission{resource='Resource{namespaceId='seata', group='', name='', type='config', properties={requestClass=ConfigBatchListenRequest, action=r}}', action='r'}, nacosUser: NacosUser{token='eyJhbGciOiJIUzI1NiJ9.eyJzdWIiOiJuYWNvcyIsImV4cCI6MTc2NTM3MjI2Mn0.-0txAWXS9FrmCL-lt1yv9Md30LL5RHxTjIHuN3isGQM', globalAdmin=false}

2025-12-10 16:11:02,760 DEBUG auth start, request: ConfigQueryRequest

2025-12-10 16:11:02,761 DEBUG auth permission: Permission{resource='Resource{namespaceId='seata', group='SEATA_GROUP', name='transport.type', type='config', properties={requestClass=ConfigQueryRequest, action=r}}', action='r'}, nacosUser: NacosUser{token='eyJhbGciOiJIUzI1NiJ9.eyJzdWIiOiJuYWNvcyIsImV4cCI6MTc2NTM3MjI2Mn0.-0txAWXS9FrmCL-lt1yv9Md30LL5RHxTjIHuN3isGQM', globalAdmin=false}

2025-12-10 16:11:02,777 DEBUG auth start, request: ConfigBatchListenRequest

2025-12-10 16:11:02,778 DEBUG auth permission: Permission{resource='Resource{namespaceId='seata', group='', name='', type='config', properties={requestClass=ConfigBatchListenRequest, action=r}}', action='r'}, nacosUser: NacosUser{token='eyJhbGciOiJIUzI1NiJ9.eyJzdWIiOiJuYWNvcyIsImV4cCI6MTc2NTM3MjI2Mn0.-0txAWXS9FrmCL-lt1yv9Md30LL5RHxTjIHuN3isGQM', globalAdmin=false}

2025-12-10 16:11:02,779 DEBUG auth start, request: ConfigQueryRequest

2025-12-10 16:11:02,780 DEBUG auth permission: Permission{resource='Resource{namespaceId='seata', group='SEATA_GROUP', name='transport.threadFactory.workerThreadSize', type='config', properties={requestClass=ConfigQueryRequest, action=r}}', action='r'}, nacosUser: NacosUser{token='eyJhbGciOiJIUzI1NiJ9.eyJzdWIiOiJuYWNvcyIsImV4cCI6MTc2NTM3MjI2Mn0.-0txAWXS9FrmCL-lt1yv9Md30LL5RHxTjIHuN3isGQM', globalAdmin=false}

2025-12-10 16:11:02,801 DEBUG auth start, request: ConfigQueryRequest

2025-12-10 16:11:02,801 DEBUG auth start, request: ConfigBatchListenRequest

2025-12-10 16:11:02,802 DEBUG auth permission: Permission{resource='Resource{namespaceId='seata', group='', name='', type='config', properties={requestClass=ConfigBatchListenRequest, action=r}}', action='r'}, nacosUser: NacosUser{token='eyJhbGciOiJIUzI1NiJ9.eyJzdWIiOiJuYWNvcyIsImV4cCI6MTc2NTM3MjI2Mn0.-0txAWXS9FrmCL-lt1yv9Md30LL5RHxTjIHuN3isGQM', globalAdmin=false}

2025-12-10 16:11:02,802 DEBUG auth permission: Permission{resource='Resource{namespaceId='seata', group='SEATA_GROUP', name='transport.server', type='config', properties={requestClass=ConfigQueryRequest, action=r}}', action='r'}, nacosUser: NacosUser{token='eyJhbGciOiJIUzI1NiJ9.eyJzdWIiOiJuYWNvcyIsImV4cCI6MTc2NTM3MjI2Mn0.-0txAWXS9FrmCL-lt1yv9Md30LL5RHxTjIHuN3isGQM', globalAdmin=false}

2025-12-10 16:11:02,824 DEBUG auth start, request: ConfigBatchListenRequest

2025-12-10 16:11:02,824 DEBUG auth start, request: ConfigQueryRequest

2025-12-10 16:11:02,824 DEBUG auth permission: Permission{resource='Resource{namespaceId='seata', group='', name='', type='config', properties={requestClass=ConfigBatchListenRequest, action=r}}', action='r'}, nacosUser: NacosUser{token='eyJhbGciOiJIUzI1NiJ9.eyJzdWIiOiJuYWNvcyIsImV4cCI6MTc2NTM3MjI2Mn0.-0txAWXS9FrmCL-lt1yv9Md30LL5RHxTjIHuN3isGQM', globalAdmin=false}

2025-12-10 16:11:02,824 DEBUG auth permission: Permission{resource='Resource{namespaceId='seata', group='SEATA_GROUP', name='transport.heartbeat', type='config', properties={requestClass=ConfigQueryRequest, action=r}}', action='r'}, nacosUser: NacosUser{token='eyJhbGciOiJIUzI1NiJ9.eyJzdWIiOiJuYWNvcyIsImV4cCI6MTc2NTM3MjI2Mn0.-0txAWXS9FrmCL-lt1yv9Md30LL5RHxTjIHuN3isGQM', globalAdmin=false}

2025-12-10 16:11:02,841 DEBUG auth start, request: ConfigBatchListenRequest

2025-12-10 16:11:02,841 DEBUG auth start, request: ConfigQueryRequest

2025-12-10 16:11:02,842 DEBUG auth permission: Permission{resource='Resource{namespaceId='seata', group='', name='', type='config', properties={requestClass=ConfigBatchListenRequest, action=r}}', action='r'}, nacosUser: NacosUser{token='eyJhbGciOiJIUzI1NiJ9.eyJzdWIiOiJuYWNvcyIsImV4cCI6MTc2NTM3MjI2Mn0.-0txAWXS9FrmCL-lt1yv9Md30LL5RHxTjIHuN3isGQM', globalAdmin=false}

2025-12-10 16:11:02,842 DEBUG auth permission: Permission{resource='Resource{namespaceId='seata', group='SEATA_GROUP', name='transport.rpcRmRequestTimeout', type='config', properties={requestClass=ConfigQueryRequest, action=r}}', action='r'}, nacosUser: NacosUser{token='eyJhbGciOiJIUzI1NiJ9.eyJzdWIiOiJuYWNvcyIsImV4cCI6MTc2NTM3MjI2Mn0.-0txAWXS9FrmCL-lt1yv9Md30LL5RHxTjIHuN3isGQM', globalAdmin=false}

2025-12-10 16:11:02,853 DEBUG auth start, request: ConfigQueryRequest

2025-12-10 16:11:02,854 DEBUG auth start, request: ConfigBatchListenRequest

2025-12-10 16:11:02,854 DEBUG auth permission: Permission{resource='Resource{namespaceId='seata', group='SEATA_GROUP', name='transport.rpcTmRequestTimeout', type='config', properties={requestClass=ConfigQueryRequest, action=r}}', action='r'}, nacosUser: NacosUser{token='eyJhbGciOiJIUzI1NiJ9.eyJzdWIiOiJuYWNvcyIsImV4cCI6MTc2NTM3MjI2Mn0.-0txAWXS9FrmCL-lt1yv9Md30LL5RHxTjIHuN3isGQM', globalAdmin=false}

2025-12-10 16:11:02,854 DEBUG auth permission: Permission{resource='Resource{namespaceId='seata', group='', name='', type='config', properties={requestClass=ConfigBatchListenRequest, action=r}}', action='r'}, nacosUser: NacosUser{token='eyJhbGciOiJIUzI1NiJ9.eyJzdWIiOiJuYWNvcyIsImV4cCI6MTc2NTM3MjI2Mn0.-0txAWXS9FrmCL-lt1yv9Md30LL5RHxTjIHuN3isGQM', globalAdmin=false}

2025-12-10 16:11:02,863 DEBUG auth start, request: ConfigQueryRequest

2025-12-10 16:11:02,864 DEBUG auth start, request: ConfigBatchListenRequest

2025-12-10 16:11:02,864 DEBUG auth permission: Permission{resource='Resource{namespaceId='seata', group='SEATA_GROUP', name='transport.enableClientBatchSendRequest', type='config', properties={requestClass=ConfigQueryRequest, action=r}}', action='r'}, nacosUser: NacosUser{token='eyJhbGciOiJIUzI1NiJ9.eyJzdWIiOiJuYWNvcyIsImV4cCI6MTc2NTM3MjI2Mn0.-0txAWXS9FrmCL-lt1yv9Md30LL5RHxTjIHuN3isGQM', globalAdmin=false}

2025-12-10 16:11:02,865 DEBUG auth permission: Permission{resource='Resource{namespaceId='seata', group='', name='', type='config', properties={requestClass=ConfigBatchListenRequest, action=r}}', action='r'}, nacosUser: NacosUser{token='eyJhbGciOiJIUzI1NiJ9.eyJzdWIiOiJuYWNvcyIsImV4cCI6MTc2NTM3MjI2Mn0.-0txAWXS9FrmCL-lt1yv9Md30LL5RHxTjIHuN3isGQM', globalAdmin=false}

2025-12-10 16:11:02,885 DEBUG auth start, request: ConfigQueryRequest

2025-12-10 16:11:02,885 DEBUG auth start, request: ConfigBatchListenRequest

2025-12-10 16:11:02,887 DEBUG auth permission: Permission{resource='Resource{namespaceId='seata', group='SEATA_GROUP', name='transport.threadFactory.clientSelectorThreadSize', type='config', properties={requestClass=ConfigQueryRequest, action=r}}', action='r'}, nacosUser: NacosUser{token='eyJhbGciOiJIUzI1NiJ9.eyJzdWIiOiJuYWNvcyIsImV4cCI6MTc2NTM3MjI2Mn0.-0txAWXS9FrmCL-lt1yv9Md30LL5RHxTjIHuN3isGQM', globalAdmin=false}

2025-12-10 16:11:02,887 DEBUG auth permission: Permission{resource='Resource{namespaceId='seata', group='', name='', type='config', properties={requestClass=ConfigBatchListenRequest, action=r}}', action='r'}, nacosUser: NacosUser{token='eyJhbGciOiJIUzI1NiJ9.eyJzdWIiOiJuYWNvcyIsImV4cCI6MTc2NTM3MjI2Mn0.-0txAWXS9FrmCL-lt1yv9Md30LL5RHxTjIHuN3isGQM', globalAdmin=false}

2025-12-10 16:11:02,903 DEBUG auth start, request: ConfigBatchListenRequest

2025-12-10 16:11:02,903 DEBUG auth start, request: ConfigQueryRequest

2025-12-10 16:11:02,903 DEBUG auth permission: Permission{resource='Resource{namespaceId='seata', group='', name='', type='config', properties={requestClass=ConfigBatchListenRequest, action=r}}', action='r'}, nacosUser: NacosUser{token='eyJhbGciOiJIUzI1NiJ9.eyJzdWIiOiJuYWNvcyIsImV4cCI6MTc2NTM3MjI2Mn0.-0txAWXS9FrmCL-lt1yv9Md30LL5RHxTjIHuN3isGQM', globalAdmin=false}

2025-12-10 16:11:02,904 DEBUG auth permission: Permission{resource='Resource{namespaceId='seata', group='SEATA_GROUP', name='transport.threadFactory.clientSelectorThreadPrefix', type='config', properties={requestClass=ConfigQueryRequest, action=r}}', action='r'}, nacosUser: NacosUser{token='eyJhbGciOiJIUzI1NiJ9.eyJzdWIiOiJuYWNvcyIsImV4cCI6MTc2NTM3MjI2Mn0.-0txAWXS9FrmCL-lt1yv9Md30LL5RHxTjIHuN3isGQM', globalAdmin=false}

2025-12-10 16:11:02,959 DEBUG auth start, request: ConfigBatchListenRequest

2025-12-10 16:11:02,959 DEBUG auth start, request: ConfigQueryRequest

2025-12-10 16:11:02,959 DEBUG auth permission: Permission{resource='Resource{namespaceId='seata', group='', name='', type='config', properties={requestClass=ConfigBatchListenRequest, action=r}}', action='r'}, nacosUser: NacosUser{token='eyJhbGciOiJIUzI1NiJ9.eyJzdWIiOiJuYWNvcyIsImV4cCI6MTc2NTM3MjI2Mn0.-0txAWXS9FrmCL-lt1yv9Md30LL5RHxTjIHuN3isGQM', globalAdmin=false}

2025-12-10 16:11:02,960 DEBUG auth permission: Permission{resource='Resource{namespaceId='seata', group='SEATA_GROUP', name='transport.enableTmClientBatchSendRequest', type='config', properties={requestClass=ConfigQueryRequest, action=r}}', action='r'}, nacosUser: NacosUser{token='eyJhbGciOiJIUzI1NiJ9.eyJzdWIiOiJuYWNvcyIsImV4cCI6MTc2NTM3MjI2Mn0.-0txAWXS9FrmCL-lt1yv9Md30LL5RHxTjIHuN3isGQM', globalAdmin=false}

2025-12-10 16:11:02,983 DEBUG auth start, request: ConfigQueryRequest

2025-12-10 16:11:02,984 DEBUG auth permission: Permission{resource='Resource{namespaceId='seata', group='SEATA_GROUP', name='transport.threadFactory.clientWorkerThreadPrefix', type='config', properties={requestClass=ConfigQueryRequest, action=r}}', action='r'}, nacosUser: NacosUser{token='eyJhbGciOiJIUzI1NiJ9.eyJzdWIiOiJuYWNvcyIsImV4cCI6MTc2NTM3MjI2Mn0.-0txAWXS9FrmCL-lt1yv9Md30LL5RHxTjIHuN3isGQM', globalAdmin=false}

2025-12-10 16:11:03,009 DEBUG auth start, request: ConfigQueryRequest

2025-12-10 16:11:03,010 DEBUG auth permission: Permission{resource='Resource{namespaceId='seata', group='SEATA_GROUP', name='transport.enableTmClientChannelCheckFailFast', type='config', properties={requestClass=ConfigQueryRequest, action=r}}', action='r'}, nacosUser: NacosUser{token='eyJhbGciOiJIUzI1NiJ9.eyJzdWIiOiJuYWNvcyIsImV4cCI6MTc2NTM3MjI2Mn0.-0txAWXS9FrmCL-lt1yv9Md30LL5RHxTjIHuN3isGQM', globalAdmin=false}

2025-12-10 16:11:03,037 DEBUG auth start, request: ConfigQueryRequest

2025-12-10 16:11:03,038 DEBUG auth permission: Permission{resource='Resource{namespaceId='seata', group='SEATA_GROUP', name='service.vgroupMapping.default_tx_group', type='config', properties={requestClass=ConfigQueryRequest, action=r}}', action='r'}, nacosUser: NacosUser{token='eyJhbGciOiJIUzI1NiJ9.eyJzdWIiOiJuYWNvcyIsImV4cCI6MTc2NTM3MjI2Mn0.-0txAWXS9FrmCL-lt1yv9Md30LL5RHxTjIHuN3isGQM', globalAdmin=false}

2025-12-10 16:11:06,399 DEBUG auth start, request: PUT /nacos/v1/ns/instance/beat

2025-12-10 16:11:06,400 DEBUG auth permission: Permission{resource='Resource{namespaceId='seata', group='SEATA_GROUP', name='seata-server', type='naming', properties={action=w}}', action='w'}, nacosUser: NacosUser{token='eyJhbGciOiJIUzI1NiJ9.eyJzdWIiOiJuYWNvcyIsImV4cCI6MTc2NTM3MjA4NX0.9y38Mjr5asOVy-ccJ0OHGa68nRSTnNdNQ8rzwjrFcoI', globalAdmin=false}

2025-12-10 16:11:11,414 DEBUG auth start, request: PUT /nacos/v1/ns/instance/beat

2025-12-10 16:11:11,415 DEBUG auth permission: Permission{resource='Resource{namespaceId='seata', group='SEATA_GROUP', name='seata-server', type='naming', properties={action=w}}', action='w'}, nacosUser: NacosUser{token='eyJhbGciOiJIUzI1NiJ9.eyJzdWIiOiJuYWNvcyIsImV4cCI6MTc2NTM3MjA4NX0.9y38Mjr5asOVy-ccJ0OHGa68nRSTnNdNQ8rzwjrFcoI', globalAdmin=false}

2025-12-10 16:11:16,434 DEBUG auth start, request: PUT /nacos/v1/ns/instance/beat

2025-12-10 16:11:16,436 DEBUG auth permission: Permission{resource='Resource{namespaceId='seata', group='SEATA_GROUP', name='seata-server', type='naming', properties={action=w}}', action='w'}, nacosUser: NacosUser{token='eyJhbGciOiJIUzI1NiJ9.eyJzdWIiOiJuYWNvcyIsImV4cCI6MTc2NTM3MjA4NX0.9y38Mjr5asOVy-ccJ0OHGa68nRSTnNdNQ8rzwjrFcoI', globalAdmin=false}

2025-12-10 16:11:19,212 DEBUG auth start, request: GET /nacos/v1/cs/configs

2025-12-10 16:11:19,219 DEBUG auth permission: Permission{resource='Resource{namespaceId='seata', group='', name='', type='config', properties={action=r}}', action='r'}, nacosUser: NacosUser{token='eyJhbGciOiJIUzI1NiJ9.eyJzdWIiOiJuYWNvcyIsImV4cCI6MTc2NTM3MjExOH0.HBv1U9qCTjJ10YRxhE5WL5K60HeERAI0_tHlo15T_b4', globalAdmin=false}

2025-12-10 16:11:21,452 DEBUG auth start, request: PUT /nacos/v1/ns/instance/beat

2025-12-10 16:11:21,454 DEBUG auth permission: Permission{resource='Resource{namespaceId='seata', group='SEATA_GROUP', name='seata-server', type='naming', properties={action=w}}', action='w'}, nacosUser: NacosUser{token='eyJhbGciOiJIUzI1NiJ9.eyJzdWIiOiJuYWNvcyIsImV4cCI6MTc2NTM3MjA4NX0.9y38Mjr5asOVy-ccJ0OHGa68nRSTnNdNQ8rzwjrFcoI', globalAdmin=false}

2025-12-10 16:11:21,696 DEBUG auth start, request: GET /nacos/v1/cs/configs

2025-12-10 16:11:21,697 DEBUG auth permission: Permission{resource='Resource{namespaceId='seata', group='DEFAULT_GROUP', name='seata.properties', type='config', properties={action=r}}', action='r'}, nacosUser: NacosUser{token='eyJhbGciOiJIUzI1NiJ9.eyJzdWIiOiJuYWNvcyIsImV4cCI6MTc2NTM3MjExOH0.HBv1U9qCTjJ10YRxhE5WL5K60HeERAI0_tHlo15T_b4', globalAdmin=false}

2025-12-10 16:11:26,467 DEBUG auth start, request: PUT /nacos/v1/ns/instance/beat

2025-12-10 16:11:26,471 DEBUG auth permission: Permission{resource='Resource{namespaceId='seata', group='SEATA_GROUP', name='seata-server', type='naming', properties={action=w}}', action='w'}, nacosUser: NacosUser{token='eyJhbGciOiJIUzI1NiJ9.eyJzdWIiOiJuYWNvcyIsImV4cCI6MTc2NTM3MjA4NX0.9y38Mjr5asOVy-ccJ0OHGa68nRSTnNdNQ8rzwjrFcoI', globalAdmin=false}

2025-12-10 16:11:31,480 DEBUG auth start, request: PUT /nacos/v1/ns/instance/beat

2025-12-10 16:11:31,481 DEBUG auth permission: Permission{resource='Resource{namespaceId='seata', group='SEATA_GROUP', name='seata-server', type='naming', properties={action=w}}', action='w'}, nacosUser: NacosUser{token='eyJhbGciOiJIUzI1NiJ9.eyJzdWIiOiJuYWNvcyIsImV4cCI6MTc2NTM3MjA4NX0.9y38Mjr5asOVy-ccJ0OHGa68nRSTnNdNQ8rzwjrFcoI', globalAdmin=false}

2025-12-10 16:11:35,909 DEBUG auth start, request: GET /nacos/v1/cs/configs

2025-12-10 16:11:35,914 DEBUG auth permission: Permission{resource='Resource{namespaceId='seata', group='', name='', type='config', properties={action=r}}', action='r'}, nacosUser: NacosUser{token='eyJhbGciOiJIUzI1NiJ9.eyJzdWIiOiJuYWNvcyIsImV4cCI6MTc2NTM3MjExOH0.HBv1U9qCTjJ10YRxhE5WL5K60HeERAI0_tHlo15T_b4', globalAdmin=false}

2025-12-10 16:11:36,495 DEBUG auth start, request: PUT /nacos/v1/ns/instance/beat

2025-12-10 16:11:36,497 DEBUG auth permission: Permission{resource='Resource{namespaceId='seata', group='SEATA_GROUP', name='seata-server', type='naming', properties={action=w}}', action='w'}, nacosUser: NacosUser{token='eyJhbGciOiJIUzI1NiJ9.eyJzdWIiOiJuYWNvcyIsImV4cCI6MTc2NTM3MjA4NX0.9y38Mjr5asOVy-ccJ0OHGa68nRSTnNdNQ8rzwjrFcoI', globalAdmin=false}

2025-12-10 16:11:37,317 DEBUG auth start, request: GET /nacos/v1/cs/configs/listener

2025-12-10 16:11:37,317 DEBUG auth start, request: GET /nacos/v1/cs/configs

2025-12-10 16:11:37,319 DEBUG auth permission: Permission{resource='Resource{namespaceId='seata', group='DEFAULT_GROUP', name='seata.properties', type='config', properties={action=r}}', action='r'}, nacosUser: NacosUser{token='eyJhbGciOiJIUzI1NiJ9.eyJzdWIiOiJuYWNvcyIsImV4cCI6MTc2NTM3MjExOH0.HBv1U9qCTjJ10YRxhE5WL5K60HeERAI0_tHlo15T_b4', globalAdmin=false}

2025-12-10 16:11:37,319 DEBUG auth permission: Permission{resource='Resource{namespaceId='seata', group='DEFAULT_GROUP', name='seata.properties', type='config', properties={action=r}}', action='r'}, nacosUser: NacosUser{token='eyJhbGciOiJIUzI1NiJ9.eyJzdWIiOiJuYWNvcyIsImV4cCI6MTc2NTM3MjExOH0.HBv1U9qCTjJ10YRxhE5WL5K60HeERAI0_tHlo15T_b4', globalAdmin=false}

2025-12-10 16:11:37,330 DEBUG auth start, request: GET /nacos/v1/cs/configs

2025-12-10 16:11:37,331 DEBUG auth permission: Permission{resource='Resource{namespaceId='seata', group='DEFAULT_GROUP', name='seata.properties', type='config', properties={action=r}}', action='r'}, nacosUser: NacosUser{token='eyJhbGciOiJIUzI1NiJ9.eyJzdWIiOiJuYWNvcyIsImV4cCI6MTc2NTM3MjExOH0.HBv1U9qCTjJ10YRxhE5WL5K60HeERAI0_tHlo15T_b4', globalAdmin=false}

2025-12-10 16:11:41,509 DEBUG auth start, request: PUT /nacos/v1/ns/instance/beat

2025-12-10 16:11:41,510 DEBUG auth permission: Permission{resource='Resource{namespaceId='seata', group='SEATA_GROUP', name='seata-server', type='naming', properties={action=w}}', action='w'}, nacosUser: NacosUser{token='eyJhbGciOiJIUzI1NiJ9.eyJzdWIiOiJuYWNvcyIsImV4cCI6MTc2NTM3MjA4NX0.9y38Mjr5asOVy-ccJ0OHGa68nRSTnNdNQ8rzwjrFcoI', globalAdmin=false}

2025-12-10 16:11:46,524 DEBUG auth start, request: PUT /nacos/v1/ns/instance/beat

2025-12-10 16:11:46,525 DEBUG auth permission: Permission{resource='Resource{namespaceId='seata', group='SEATA_GROUP', name='seata-server', type='naming', properties={action=w}}', action='w'}, nacosUser: NacosUser{token='eyJhbGciOiJIUzI1NiJ9.eyJzdWIiOiJuYWNvcyIsImV4cCI6MTc2NTM3MjA4NX0.9y38Mjr5asOVy-ccJ0OHGa68nRSTnNdNQ8rzwjrFcoI', globalAdmin=false}

2025-12-10 16:11:51,533 DEBUG auth start, request: PUT /nacos/v1/ns/instance/beat

2025-12-10 16:11:51,534 DEBUG auth permission: Permission{resource='Resource{namespaceId='seata', group='SEATA_GROUP', name='seata-server', type='naming', properties={action=w}}', action='w'}, nacosUser: NacosUser{token='eyJhbGciOiJIUzI1NiJ9.eyJzdWIiOiJuYWNvcyIsImV4cCI6MTc2NTM3MjA4NX0.9y38Mjr5asOVy-ccJ0OHGa68nRSTnNdNQ8rzwjrFcoI', globalAdmin=false}

2025-12-10 16:11:56,548 DEBUG auth start, request: PUT /nacos/v1/ns/instance/beat

2025-12-10 16:11:56,549 DEBUG auth permission: Permission{resource='Resource{namespaceId='seata', group='SEATA_GROUP', name='seata-server', type='naming', properties={action=w}}', action='w'}, nacosUser: NacosUser{token='eyJhbGciOiJIUzI1NiJ9.eyJzdWIiOiJuYWNvcyIsImV4cCI6MTc2NTM3MjA4NX0.9y38Mjr5asOVy-ccJ0OHGa68nRSTnNdNQ8rzwjrFcoI', globalAdmin=false}

2025-12-10 16:12:01,561 DEBUG auth start, request: PUT /nacos/v1/ns/instance/beat

2025-12-10 16:12:01,562 DEBUG auth permission: Permission{resource='Resource{namespaceId='seata', group='SEATA_GROUP', name='seata-server', type='naming', properties={action=w}}', action='w'}, nacosUser: NacosUser{token='eyJhbGciOiJIUzI1NiJ9.eyJzdWIiOiJuYWNvcyIsImV4cCI6MTc2NTM3MjA4NX0.9y38Mjr5asOVy-ccJ0OHGa68nRSTnNdNQ8rzwjrFcoI', globalAdmin=false}

2025-12-10 16:12:06,572 DEBUG auth start, request: PUT /nacos/v1/ns/instance/beat

2025-12-10 16:12:06,572 DEBUG auth permission: Permission{resource='Resource{namespaceId='seata', group='SEATA_GROUP', name='seata-server', type='naming', properties={action=w}}', action='w'}, nacosUser: NacosUser{token='eyJhbGciOiJIUzI1NiJ9.eyJzdWIiOiJuYWNvcyIsImV4cCI6MTc2NTM3MjA4NX0.9y38Mjr5asOVy-ccJ0OHGa68nRSTnNdNQ8rzwjrFcoI', globalAdmin=false}

2025-12-10 16:12:11,579 DEBUG auth start, request: PUT /nacos/v1/ns/instance/beat

2025-12-10 16:12:11,581 DEBUG auth permission: Permission{resource='Resource{namespaceId='seata', group='SEATA_GROUP', name='seata-server', type='naming', properties={action=w}}', action='w'}, nacosUser: NacosUser{token='eyJhbGciOiJIUzI1NiJ9.eyJzdWIiOiJuYWNvcyIsImV4cCI6MTc2NTM3MjA4NX0.9y38Mjr5asOVy-ccJ0OHGa68nRSTnNdNQ8rzwjrFcoI', globalAdmin=false}

2025-12-10 16:12:16,591 DEBUG auth start, request: PUT /nacos/v1/ns/instance/beat

2025-12-10 16:12:16,592 DEBUG auth permission: Permission{resource='Resource{namespaceId='seata', group='SEATA_GROUP', name='seata-server', type='naming', properties={action=w}}', action='w'}, nacosUser: NacosUser{token='eyJhbGciOiJIUzI1NiJ9.eyJzdWIiOiJuYWNvcyIsImV4cCI6MTc2NTM3MjA4NX0.9y38Mjr5asOVy-ccJ0OHGa68nRSTnNdNQ8rzwjrFcoI', globalAdmin=false}

2025-12-10 16:12:21,603 DEBUG auth start, request: PUT /nacos/v1/ns/instance/beat

2025-12-10 16:12:21,605 DEBUG auth permission: Permission{resource='Resource{namespaceId='seata', group='SEATA_GROUP', name='seata-server', type='naming', properties={action=w}}', action='w'}, nacosUser: NacosUser{token='eyJhbGciOiJIUzI1NiJ9.eyJzdWIiOiJuYWNvcyIsImV4cCI6MTc2NTM3MjA4NX0.9y38Mjr5asOVy-ccJ0OHGa68nRSTnNdNQ8rzwjrFcoI', globalAdmin=false}

2025-12-10 16:12:26,616 DEBUG auth start, request: PUT /nacos/v1/ns/instance/beat

2025-12-10 16:12:26,616 DEBUG auth permission: Permission{resource='Resource{namespaceId='seata', group='SEATA_GROUP', name='seata-server', type='naming', properties={action=w}}', action='w'}, nacosUser: NacosUser{token='eyJhbGciOiJIUzI1NiJ9.eyJzdWIiOiJuYWNvcyIsImV4cCI6MTc2NTM3MjA4NX0.9y38Mjr5asOVy-ccJ0OHGa68nRSTnNdNQ8rzwjrFcoI', globalAdmin=false}

2025-12-10 16:12:31,627 DEBUG auth start, request: PUT /nacos/v1/ns/instance/beat

2025-12-10 16:12:31,629 DEBUG auth permission: Permission{resource='Resource{namespaceId='seata', group='SEATA_GROUP', name='seata-server', type='naming', properties={action=w}}', action='w'}, nacosUser: NacosUser{token='eyJhbGciOiJIUzI1NiJ9.eyJzdWIiOiJuYWNvcyIsImV4cCI6MTc2NTM3MjA4NX0.9y38Mjr5asOVy-ccJ0OHGa68nRSTnNdNQ8rzwjrFcoI', globalAdmin=false}

2025-12-10 16:12:35,981 DEBUG auth start, request: POST /nacos/v1/cs/configs

2025-12-10 16:12:35,982 DEBUG auth permission: Permission{resource='Resource{namespaceId='seata', group='DEFAULT_GROUP', name='seata.properties', type='config', properties={action=w}}', action='w'}, nacosUser: NacosUser{token='eyJhbGciOiJIUzI1NiJ9.eyJzdWIiOiJuYWNvcyIsImV4cCI6MTc2NTM3MjExOH0.HBv1U9qCTjJ10YRxhE5WL5K60HeERAI0_tHlo15T_b4', globalAdmin=false}

2025-12-10 16:12:36,036 DEBUG auth start, request: GET /nacos/v1/cs/configs

2025-12-10 16:12:36,037 DEBUG auth permission: Permission{resource='Resource{namespaceId='seata', group='DEFAULT_GROUP', name='seata.properties', type='config', properties={action=r}}', action='r'}, nacosUser: NacosUser{token='eyJhbGciOiJIUzI1NiJ9.eyJzdWIiOiJuYWNvcyIsImV4cCI6MTc2NTM3MjExOH0.HBv1U9qCTjJ10YRxhE5WL5K60HeERAI0_tHlo15T_b4', globalAdmin=false}

2025-12-10 16:12:36,639 DEBUG auth start, request: PUT /nacos/v1/ns/instance/beat

2025-12-10 16:12:36,639 DEBUG auth permission: Permission{resource='Resource{namespaceId='seata', group='SEATA_GROUP', name='seata-server', type='naming', properties={action=w}}', action='w'}, nacosUser: NacosUser{token='eyJhbGciOiJIUzI1NiJ9.eyJzdWIiOiJuYWNvcyIsImV4cCI6MTc2NTM3MjA4NX0.9y38Mjr5asOVy-ccJ0OHGa68nRSTnNdNQ8rzwjrFcoI', globalAdmin=false}

2025-12-10 16:12:41,649 DEBUG auth start, request: PUT /nacos/v1/ns/instance/beat

2025-12-10 16:12:41,650 DEBUG auth permission: Permission{resource='Resource{namespaceId='seata', group='SEATA_GROUP', name='seata-server', type='naming', properties={action=w}}', action='w'}, nacosUser: NacosUser{token='eyJhbGciOiJIUzI1NiJ9.eyJzdWIiOiJuYWNvcyIsImV4cCI6MTc2NTM3MjA4NX0.9y38Mjr5asOVy-ccJ0OHGa68nRSTnNdNQ8rzwjrFcoI', globalAdmin=false}

2025-12-10 16:12:45,229 DEBUG auth start, request: ConfigQueryRequest

2025-12-10 16:12:45,230 DEBUG auth permission: Permission{resource='Resource{namespaceId='', group='DEFAULT_GROUP', name='base.properties', type='config', properties={requestClass=ConfigQueryRequest, action=r}}', action='r'}, nacosUser: NacosUser{token='eyJhbGciOiJIUzI1NiJ9.eyJzdWIiOiJuYWNvcyIsImV4cCI6MTc2NTM3MjM2NH0._5jbYFUTheGrpDpL3Z9PHdICF2XRKqFXB8uVPv8nGrU', globalAdmin=false}

2025-12-10 16:12:46,660 DEBUG auth start, request: PUT /nacos/v1/ns/instance/beat

2025-12-10 16:12:46,662 DEBUG auth permission: Permission{resource='Resource{namespaceId='seata', group='SEATA_GROUP', name='seata-server', type='naming', properties={action=w}}', action='w'}, nacosUser: NacosUser{token='eyJhbGciOiJIUzI1NiJ9.eyJzdWIiOiJuYWNvcyIsImV4cCI6MTc2NTM3MjA4NX0.9y38Mjr5asOVy-ccJ0OHGa68nRSTnNdNQ8rzwjrFcoI', globalAdmin=false}

2025-12-10 16:12:47,639 DEBUG auth start, request: ConfigQueryRequest

2025-12-10 16:12:47,640 DEBUG auth permission: Permission{resource='Resource{namespaceId='seata', group='SEATA_GROUP', name='seata.properties', type='config', properties={requestClass=ConfigQueryRequest, action=r}}', action='r'}, nacosUser: NacosUser{token='eyJhbGciOiJIUzI1NiJ9.eyJzdWIiOiJuYWNvcyIsImV4cCI6MTc2NTM3MjM2N30.ORf7dAox_yxR-jeIOwYNoIR8NMI-UGrMaT1fh2fiykE', globalAdmin=false}

2025-12-10 16:12:47,671 DEBUG auth start, request: ConfigQueryRequest

2025-12-10 16:12:47,672 DEBUG auth permission: Permission{resource='Resource{namespaceId='seata', group='SEATA_GROUP', name='service.disableGlobalTransaction', type='config', properties={requestClass=ConfigQueryRequest, action=r}}', action='r'}, nacosUser: NacosUser{token='eyJhbGciOiJIUzI1NiJ9.eyJzdWIiOiJuYWNvcyIsImV4cCI6MTc2NTM3MjM2N30.ORf7dAox_yxR-jeIOwYNoIR8NMI-UGrMaT1fh2fiykE', globalAdmin=false}

2025-12-10 16:12:47,678 DEBUG auth start, request: ConfigBatchListenRequest

2025-12-10 16:12:47,678 DEBUG auth permission: Permission{resource='Resource{namespaceId='seata', group='', name='', type='config', properties={requestClass=ConfigBatchListenRequest, action=r}}', action='r'}, nacosUser: NacosUser{token='eyJhbGciOiJIUzI1NiJ9.eyJzdWIiOiJuYWNvcyIsImV4cCI6MTc2NTM3MjM2N30.ORf7dAox_yxR-jeIOwYNoIR8NMI-UGrMaT1fh2fiykE', globalAdmin=false}

2025-12-10 16:12:47,704 DEBUG auth start, request: ConfigQueryRequest

2025-12-10 16:12:47,704 DEBUG auth start, request: ConfigBatchListenRequest

2025-12-10 16:12:47,705 DEBUG auth permission: Permission{resource='Resource{namespaceId='seata', group='SEATA_GROUP', name='transport.threadFactory.bossThreadPrefix', type='config', properties={requestClass=ConfigQueryRequest, action=r}}', action='r'}, nacosUser: NacosUser{token='eyJhbGciOiJIUzI1NiJ9.eyJzdWIiOiJuYWNvcyIsImV4cCI6MTc2NTM3MjM2N30.ORf7dAox_yxR-jeIOwYNoIR8NMI-UGrMaT1fh2fiykE', globalAdmin=false}

2025-12-10 16:12:47,705 DEBUG auth permission: Permission{resource='Resource{namespaceId='seata', group='', name='', type='config', properties={requestClass=ConfigBatchListenRequest, action=r}}', action='r'}, nacosUser: NacosUser{token='eyJhbGciOiJIUzI1NiJ9.eyJzdWIiOiJuYWNvcyIsImV4cCI6MTc2NTM3MjM2N30.ORf7dAox_yxR-jeIOwYNoIR8NMI-UGrMaT1fh2fiykE', globalAdmin=false}

2025-12-10 16:12:47,716 DEBUG auth start, request: ConfigQueryRequest

2025-12-10 16:12:47,716 DEBUG auth start, request: ConfigBatchListenRequest

2025-12-10 16:12:47,716 DEBUG auth permission: Permission{resource='Resource{namespaceId='seata', group='SEATA_GROUP', name='transport.threadFactory.workerThreadPrefix', type='config', properties={requestClass=ConfigQueryRequest, action=r}}', action='r'}, nacosUser: NacosUser{token='eyJhbGciOiJIUzI1NiJ9.eyJzdWIiOiJuYWNvcyIsImV4cCI6MTc2NTM3MjM2N30.ORf7dAox_yxR-jeIOwYNoIR8NMI-UGrMaT1fh2fiykE', globalAdmin=false}

2025-12-10 16:12:47,717 DEBUG auth permission: Permission{resource='Resource{namespaceId='seata', group='', name='', type='config', properties={requestClass=ConfigBatchListenRequest, action=r}}', action='r'}, nacosUser: NacosUser{token='eyJhbGciOiJIUzI1NiJ9.eyJzdWIiOiJuYWNvcyIsImV4cCI6MTc2NTM3MjM2N30.ORf7dAox_yxR-jeIOwYNoIR8NMI-UGrMaT1fh2fiykE', globalAdmin=false}

2025-12-10 16:12:47,731 DEBUG auth start, request: ConfigBatchListenRequest

2025-12-10 16:12:47,731 DEBUG auth permission: Permission{resource='Resource{namespaceId='seata', group='', name='', type='config', properties={requestClass=ConfigBatchListenRequest, action=r}}', action='r'}, nacosUser: NacosUser{token='eyJhbGciOiJIUzI1NiJ9.eyJzdWIiOiJuYWNvcyIsImV4cCI6MTc2NTM3MjM2N30.ORf7dAox_yxR-jeIOwYNoIR8NMI-UGrMaT1fh2fiykE', globalAdmin=false}

2025-12-10 16:12:47,732 DEBUG auth start, request: ConfigQueryRequest

2025-12-10 16:12:47,732 DEBUG auth permission: Permission{resource='Resource{namespaceId='seata', group='SEATA_GROUP', name='transport.threadFactory.shareBossWorker', type='config', properties={requestClass=ConfigQueryRequest, action=r}}', action='r'}, nacosUser: NacosUser{token='eyJhbGciOiJIUzI1NiJ9.eyJzdWIiOiJuYWNvcyIsImV4cCI6MTc2NTM3MjM2N30.ORf7dAox_yxR-jeIOwYNoIR8NMI-UGrMaT1fh2fiykE', globalAdmin=false}

2025-12-10 16:12:47,746 DEBUG auth start, request: ConfigQueryRequest

2025-12-10 16:12:47,746 DEBUG auth start, request: ConfigBatchListenRequest

2025-12-10 16:12:47,747 DEBUG auth permission: Permission{resource='Resource{namespaceId='seata', group='SEATA_GROUP', name='transport.type', type='config', properties={requestClass=ConfigQueryRequest, action=r}}', action='r'}, nacosUser: NacosUser{token='eyJhbGciOiJIUzI1NiJ9.eyJzdWIiOiJuYWNvcyIsImV4cCI6MTc2NTM3MjM2N30.ORf7dAox_yxR-jeIOwYNoIR8NMI-UGrMaT1fh2fiykE', globalAdmin=false}

2025-12-10 16:12:47,747 DEBUG auth permission: Permission{resource='Resource{namespaceId='seata', group='', name='', type='config', properties={requestClass=ConfigBatchListenRequest, action=r}}', action='r'}, nacosUser: NacosUser{token='eyJhbGciOiJIUzI1NiJ9.eyJzdWIiOiJuYWNvcyIsImV4cCI6MTc2NTM3MjM2N30.ORf7dAox_yxR-jeIOwYNoIR8NMI-UGrMaT1fh2fiykE', globalAdmin=false}

2025-12-10 16:12:47,759 DEBUG auth start, request: ConfigQueryRequest

2025-12-10 16:12:47,759 DEBUG auth start, request: ConfigBatchListenRequest

2025-12-10 16:12:47,760 DEBUG auth permission: Permission{resource='Resource{namespaceId='seata', group='SEATA_GROUP', name='transport.threadFactory.workerThreadSize', type='config', properties={requestClass=ConfigQueryRequest, action=r}}', action='r'}, nacosUser: NacosUser{token='eyJhbGciOiJIUzI1NiJ9.eyJzdWIiOiJuYWNvcyIsImV4cCI6MTc2NTM3MjM2N30.ORf7dAox_yxR-jeIOwYNoIR8NMI-UGrMaT1fh2fiykE', globalAdmin=false}

2025-12-10 16:12:47,760 DEBUG auth permission: Permission{resource='Resource{namespaceId='seata', group='', name='', type='config', properties={requestClass=ConfigBatchListenRequest, action=r}}', action='r'}, nacosUser: NacosUser{token='eyJhbGciOiJIUzI1NiJ9.eyJzdWIiOiJuYWNvcyIsImV4cCI6MTc2NTM3MjM2N30.ORf7dAox_yxR-jeIOwYNoIR8NMI-UGrMaT1fh2fiykE', globalAdmin=false}

2025-12-10 16:12:47,772 DEBUG auth start, request: ConfigQueryRequest

2025-12-10 16:12:47,772 DEBUG auth start, request: ConfigBatchListenRequest

2025-12-10 16:12:47,772 DEBUG auth permission: Permission{resource='Resource{namespaceId='seata', group='SEATA_GROUP', name='transport.server', type='config', properties={requestClass=ConfigQueryRequest, action=r}}', action='r'}, nacosUser: NacosUser{token='eyJhbGciOiJIUzI1NiJ9.eyJzdWIiOiJuYWNvcyIsImV4cCI6MTc2NTM3MjM2N30.ORf7dAox_yxR-jeIOwYNoIR8NMI-UGrMaT1fh2fiykE', globalAdmin=false}

2025-12-10 16:12:47,772 DEBUG auth permission: Permission{resource='Resource{namespaceId='seata', group='', name='', type='config', properties={requestClass=ConfigBatchListenRequest, action=r}}', action='r'}, nacosUser: NacosUser{token='eyJhbGciOiJIUzI1NiJ9.eyJzdWIiOiJuYWNvcyIsImV4cCI6MTc2NTM3MjM2N30.ORf7dAox_yxR-jeIOwYNoIR8NMI-UGrMaT1fh2fiykE', globalAdmin=false}

2025-12-10 16:12:47,792 DEBUG auth start, request: ConfigQueryRequest

2025-12-10 16:12:47,792 DEBUG auth start, request: ConfigBatchListenRequest

2025-12-10 16:12:47,792 DEBUG auth permission: Permission{resource='Resource{namespaceId='seata', group='SEATA_GROUP', name='transport.heartbeat', type='config', properties={requestClass=ConfigQueryRequest, action=r}}', action='r'}, nacosUser: NacosUser{token='eyJhbGciOiJIUzI1NiJ9.eyJzdWIiOiJuYWNvcyIsImV4cCI6MTc2NTM3MjM2N30.ORf7dAox_yxR-jeIOwYNoIR8NMI-UGrMaT1fh2fiykE', globalAdmin=false}

2025-12-10 16:12:47,792 DEBUG auth permission: Permission{resource='Resource{namespaceId='seata', group='', name='', type='config', properties={requestClass=ConfigBatchListenRequest, action=r}}', action='r'}, nacosUser: NacosUser{token='eyJhbGciOiJIUzI1NiJ9.eyJzdWIiOiJuYWNvcyIsImV4cCI6MTc2NTM3MjM2N30.ORf7dAox_yxR-jeIOwYNoIR8NMI-UGrMaT1fh2fiykE', globalAdmin=false}

2025-12-10 16:12:47,802 DEBUG auth start, request: ConfigQueryRequest

2025-12-10 16:12:47,802 DEBUG auth start, request: ConfigBatchListenRequest

2025-12-10 16:12:47,803 DEBUG auth permission: Permission{resource='Resource{namespaceId='seata', group='SEATA_GROUP', name='transport.rpcRmRequestTimeout', type='config', properties={requestClass=ConfigQueryRequest, action=r}}', action='r'}, nacosUser: NacosUser{token='eyJhbGciOiJIUzI1NiJ9.eyJzdWIiOiJuYWNvcyIsImV4cCI6MTc2NTM3MjM2N30.ORf7dAox_yxR-jeIOwYNoIR8NMI-UGrMaT1fh2fiykE', globalAdmin=false}

2025-12-10 16:12:47,803 DEBUG auth permission: Permission{resource='Resource{namespaceId='seata', group='', name='', type='config', properties={requestClass=ConfigBatchListenRequest, action=r}}', action='r'}, nacosUser: NacosUser{token='eyJhbGciOiJIUzI1NiJ9.eyJzdWIiOiJuYWNvcyIsImV4cCI6MTc2NTM3MjM2N30.ORf7dAox_yxR-jeIOwYNoIR8NMI-UGrMaT1fh2fiykE', globalAdmin=false}

2025-12-10 16:12:47,812 DEBUG auth start, request: ConfigQueryRequest

2025-12-10 16:12:47,813 DEBUG auth start, request: ConfigBatchListenRequest

2025-12-10 16:12:47,813 DEBUG auth permission: Permission{resource='Resource{namespaceId='seata', group='SEATA_GROUP', name='transport.rpcTmRequestTimeout', type='config', properties={requestClass=ConfigQueryRequest, action=r}}', action='r'}, nacosUser: NacosUser{token='eyJhbGciOiJIUzI1NiJ9.eyJzdWIiOiJuYWNvcyIsImV4cCI6MTc2NTM3MjM2N30.ORf7dAox_yxR-jeIOwYNoIR8NMI-UGrMaT1fh2fiykE', globalAdmin=false}

2025-12-10 16:12:47,814 DEBUG auth permission: Permission{resource='Resource{namespaceId='seata', group='', name='', type='config', properties={requestClass=ConfigBatchListenRequest, action=r}}', action='r'}, nacosUser: NacosUser{token='eyJhbGciOiJIUzI1NiJ9.eyJzdWIiOiJuYWNvcyIsImV4cCI6MTc2NTM3MjM2N30.ORf7dAox_yxR-jeIOwYNoIR8NMI-UGrMaT1fh2fiykE', globalAdmin=false}

2025-12-10 16:12:47,822 DEBUG auth start, request: ConfigQueryRequest

2025-12-10 16:12:47,822 DEBUG auth start, request: ConfigBatchListenRequest

2025-12-10 16:12:47,823 DEBUG auth permission: Permission{resource='Resource{namespaceId='seata', group='SEATA_GROUP', name='transport.enableClientBatchSendRequest', type='config', properties={requestClass=ConfigQueryRequest, action=r}}', action='r'}, nacosUser: NacosUser{token='eyJhbGciOiJIUzI1NiJ9.eyJzdWIiOiJuYWNvcyIsImV4cCI6MTc2NTM3MjM2N30.ORf7dAox_yxR-jeIOwYNoIR8NMI-UGrMaT1fh2fiykE', globalAdmin=false}

2025-12-10 16:12:47,823 DEBUG auth permission: Permission{resource='Resource{namespaceId='seata', group='', name='', type='config', properties={requestClass=ConfigBatchListenRequest, action=r}}', action='r'}, nacosUser: NacosUser{token='eyJhbGciOiJIUzI1NiJ9.eyJzdWIiOiJuYWNvcyIsImV4cCI6MTc2NTM3MjM2N30.ORf7dAox_yxR-jeIOwYNoIR8NMI-UGrMaT1fh2fiykE', globalAdmin=false}

2025-12-10 16:12:47,841 DEBUG auth start, request: ConfigBatchListenRequest

2025-12-10 16:12:47,841 DEBUG auth start, request: ConfigQueryRequest

2025-12-10 16:12:47,842 DEBUG auth permission: Permission{resource='Resource{namespaceId='seata', group='', name='', type='config', properties={requestClass=ConfigBatchListenRequest, action=r}}', action='r'}, nacosUser: NacosUser{token='eyJhbGciOiJIUzI1NiJ9.eyJzdWIiOiJuYWNvcyIsImV4cCI6MTc2NTM3MjM2N30.ORf7dAox_yxR-jeIOwYNoIR8NMI-UGrMaT1fh2fiykE', globalAdmin=false}

2025-12-10 16:12:47,842 DEBUG auth permission: Permission{resource='Resource{namespaceId='seata', group='SEATA_GROUP', name='transport.threadFactory.clientSelectorThreadSize', type='config', properties={requestClass=ConfigQueryRequest, action=r}}', action='r'}, nacosUser: NacosUser{token='eyJhbGciOiJIUzI1NiJ9.eyJzdWIiOiJuYWNvcyIsImV4cCI6MTc2NTM3MjM2N30.ORf7dAox_yxR-jeIOwYNoIR8NMI-UGrMaT1fh2fiykE', globalAdmin=false}

2025-12-10 16:12:47,855 DEBUG auth start, request: ConfigQueryRequest

2025-12-10 16:12:47,855 DEBUG auth start, request: ConfigBatchListenRequest

2025-12-10 16:12:47,856 DEBUG auth permission: Permission{resource='Resource{namespaceId='seata', group='SEATA_GROUP', name='transport.threadFactory.clientSelectorThreadPrefix', type='config', properties={requestClass=ConfigQueryRequest, action=r}}', action='r'}, nacosUser: NacosUser{token='eyJhbGciOiJIUzI1NiJ9.eyJzdWIiOiJuYWNvcyIsImV4cCI6MTc2NTM3MjM2N30.ORf7dAox_yxR-jeIOwYNoIR8NMI-UGrMaT1fh2fiykE', globalAdmin=false}

2025-12-10 16:12:47,856 DEBUG auth permission: Permission{resource='Resource{namespaceId='seata', group='', name='', type='config', properties={requestClass=ConfigBatchListenRequest, action=r}}', action='r'}, nacosUser: NacosUser{token='eyJhbGciOiJIUzI1NiJ9.eyJzdWIiOiJuYWNvcyIsImV4cCI6MTc2NTM3MjM2N30.ORf7dAox_yxR-jeIOwYNoIR8NMI-UGrMaT1fh2fiykE', globalAdmin=false}

2025-12-10 16:12:47,913 DEBUG auth start, request: ConfigQueryRequest

2025-12-10 16:12:47,913 DEBUG auth start, request: ConfigBatchListenRequest

2025-12-10 16:12:47,913 DEBUG auth permission: Permission{resource='Resource{namespaceId='seata', group='SEATA_GROUP', name='transport.enableTmClientBatchSendRequest', type='config', properties={requestClass=ConfigQueryRequest, action=r}}', action='r'}, nacosUser: NacosUser{token='eyJhbGciOiJIUzI1NiJ9.eyJzdWIiOiJuYWNvcyIsImV4cCI6MTc2NTM3MjM2N30.ORf7dAox_yxR-jeIOwYNoIR8NMI-UGrMaT1fh2fiykE', globalAdmin=false}

2025-12-10 16:12:47,914 DEBUG auth permission: Permission{resource='Resource{namespaceId='seata', group='', name='', type='config', properties={requestClass=ConfigBatchListenRequest, action=r}}', action='r'}, nacosUser: NacosUser{token='eyJhbGciOiJIUzI1NiJ9.eyJzdWIiOiJuYWNvcyIsImV4cCI6MTc2NTM3MjM2N30.ORf7dAox_yxR-jeIOwYNoIR8NMI-UGrMaT1fh2fiykE', globalAdmin=false}

2025-12-10 16:12:47,931 DEBUG auth start, request: ConfigQueryRequest

2025-12-10 16:12:47,931 DEBUG auth permission: Permission{resource='Resource{namespaceId='seata', group='SEATA_GROUP', name='transport.threadFactory.clientWorkerThreadPrefix', type='config', properties={requestClass=ConfigQueryRequest, action=r}}', action='r'}, nacosUser: NacosUser{token='eyJhbGciOiJIUzI1NiJ9.eyJzdWIiOiJuYWNvcyIsImV4cCI6MTc2NTM3MjM2N30.ORf7dAox_yxR-jeIOwYNoIR8NMI-UGrMaT1fh2fiykE', globalAdmin=false}

2025-12-10 16:12:47,952 DEBUG auth start, request: ConfigQueryRequest

2025-12-10 16:12:47,953 DEBUG auth permission: Permission{resource='Resource{namespaceId='seata', group='SEATA_GROUP', name='transport.enableTmClientChannelCheckFailFast', type='config', properties={requestClass=ConfigQueryRequest, action=r}}', action='r'}, nacosUser: NacosUser{token='eyJhbGciOiJIUzI1NiJ9.eyJzdWIiOiJuYWNvcyIsImV4cCI6MTc2NTM3MjM2N30.ORf7dAox_yxR-jeIOwYNoIR8NMI-UGrMaT1fh2fiykE', globalAdmin=false}

2025-12-10 16:12:47,974 DEBUG auth start, request: ConfigQueryRequest

2025-12-10 16:12:47,975 DEBUG auth permission: Permission{resource='Resource{namespaceId='seata', group='SEATA_GROUP', name='service.vgroupMapping.default_tx_group', type='config', properties={requestClass=ConfigQueryRequest, action=r}}', action='r'}, nacosUser: NacosUser{token='eyJhbGciOiJIUzI1NiJ9.eyJzdWIiOiJuYWNvcyIsImV4cCI6MTc2NTM3MjM2N30.ORf7dAox_yxR-jeIOwYNoIR8NMI-UGrMaT1fh2fiykE', globalAdmin=false}

2025-12-10 16:12:51,671 DEBUG auth start, request: PUT /nacos/v1/ns/instance/beat

2025-12-10 16:12:51,673 DEBUG auth permission: Permission{resource='Resource{namespaceId='seata', group='SEATA_GROUP', name='seata-server', type='naming', properties={action=w}}', action='w'}, nacosUser: NacosUser{token='eyJhbGciOiJIUzI1NiJ9.eyJzdWIiOiJuYWNvcyIsImV4cCI6MTc2NTM3MjA4NX0.9y38Mjr5asOVy-ccJ0OHGa68nRSTnNdNQ8rzwjrFcoI', globalAdmin=false}

2025-12-10 16:12:56,686 DEBUG auth start, request: PUT /nacos/v1/ns/instance/beat

2025-12-10 16:12:56,689 DEBUG auth permission: Permission{resource='Resource{namespaceId='seata', group='SEATA_GROUP', name='seata-server', type='naming', properties={action=w}}', action='w'}, nacosUser: NacosUser{token='eyJhbGciOiJIUzI1NiJ9.eyJzdWIiOiJuYWNvcyIsImV4cCI6MTc2NTM3MjA4NX0.9y38Mjr5asOVy-ccJ0OHGa68nRSTnNdNQ8rzwjrFcoI', globalAdmin=false}

2025-12-10 16:13:01,698 DEBUG auth start, request: PUT /nacos/v1/ns/instance/beat

2025-12-10 16:13:01,699 DEBUG auth permission: Permission{resource='Resource{namespaceId='seata', group='SEATA_GROUP', name='seata-server', type='naming', properties={action=w}}', action='w'}, nacosUser: NacosUser{token='eyJhbGciOiJIUzI1NiJ9.eyJzdWIiOiJuYWNvcyIsImV4cCI6MTc2NTM3MjA4NX0.9y38Mjr5asOVy-ccJ0OHGa68nRSTnNdNQ8rzwjrFcoI', globalAdmin=false}

2025-12-10 16:13:06,707 DEBUG auth start, request: PUT /nacos/v1/ns/instance/beat

2025-12-10 16:13:06,709 DEBUG auth permission: Permission{resource='Resource{namespaceId='seata', group='SEATA_GROUP', name='seata-server', type='naming', properties={action=w}}', action='w'}, nacosUser: NacosUser{token='eyJhbGciOiJIUzI1NiJ9.eyJzdWIiOiJuYWNvcyIsImV4cCI6MTc2NTM3MjA4NX0.9y38Mjr5asOVy-ccJ0OHGa68nRSTnNdNQ8rzwjrFcoI', globalAdmin=false}

2025-12-10 16:13:11,719 DEBUG auth start, request: PUT /nacos/v1/ns/instance/beat

2025-12-10 16:13:11,720 DEBUG auth permission: Permission{resource='Resource{namespaceId='seata', group='SEATA_GROUP', name='seata-server', type='naming', properties={action=w}}', action='w'}, nacosUser: NacosUser{token='eyJhbGciOiJIUzI1NiJ9.eyJzdWIiOiJuYWNvcyIsImV4cCI6MTc2NTM3MjA4NX0.9y38Mjr5asOVy-ccJ0OHGa68nRSTnNdNQ8rzwjrFcoI', globalAdmin=false}

2025-12-10 16:13:16,737 DEBUG auth start, request: PUT /nacos/v1/ns/instance/beat

2025-12-10 16:13:16,738 DEBUG auth permission: Permission{resource='Resource{namespaceId='seata', group='SEATA_GROUP', name='seata-server', type='naming', properties={action=w}}', action='w'}, nacosUser: NacosUser{token='eyJhbGciOiJIUzI1NiJ9.eyJzdWIiOiJuYWNvcyIsImV4cCI6MTc2NTM3MjA4NX0.9y38Mjr5asOVy-ccJ0OHGa68nRSTnNdNQ8rzwjrFcoI', globalAdmin=false}

2025-12-10 16:13:21,747 DEBUG auth start, request: PUT /nacos/v1/ns/instance/beat

2025-12-10 16:13:21,748 DEBUG auth permission: Permission{resource='Resource{namespaceId='seata', group='SEATA_GROUP', name='seata-server', type='naming', properties={action=w}}', action='w'}, nacosUser: NacosUser{token='eyJhbGciOiJIUzI1NiJ9.eyJzdWIiOiJuYWNvcyIsImV4cCI6MTc2NTM3MjA4NX0.9y38Mjr5asOVy-ccJ0OHGa68nRSTnNdNQ8rzwjrFcoI', globalAdmin=false}

2025-12-10 16:13:26,758 DEBUG auth start, request: PUT /nacos/v1/ns/instance/beat

2025-12-10 16:13:26,759 DEBUG auth permission: Permission{resource='Resource{namespaceId='seata', group='SEATA_GROUP', name='seata-server', type='naming', properties={action=w}}', action='w'}, nacosUser: NacosUser{token='eyJhbGciOiJIUzI1NiJ9.eyJzdWIiOiJuYWNvcyIsImV4cCI6MTc2NTM3MjA4NX0.9y38Mjr5asOVy-ccJ0OHGa68nRSTnNdNQ8rzwjrFcoI', globalAdmin=false}

2025-12-10 16:13:31,767 DEBUG auth start, request: PUT /nacos/v1/ns/instance/beat

2025-12-10 16:13:31,770 DEBUG auth permission: Permission{resource='Resource{namespaceId='seata', group='SEATA_GROUP', name='seata-server', type='naming', properties={action=w}}', action='w'}, nacosUser: NacosUser{token='eyJhbGciOiJIUzI1NiJ9.eyJzdWIiOiJuYWNvcyIsImV4cCI6MTc2NTM3MjA4NX0.9y38Mjr5asOVy-ccJ0OHGa68nRSTnNdNQ8rzwjrFcoI', globalAdmin=false}

2025-12-10 16:13:36,788 DEBUG auth start, request: PUT /nacos/v1/ns/instance/beat

2025-12-10 16:13:36,789 DEBUG auth permission: Permission{resource='Resource{namespaceId='seata', group='SEATA_GROUP', name='seata-server', type='naming', properties={action=w}}', action='w'}, nacosUser: NacosUser{token='eyJhbGciOiJIUzI1NiJ9.eyJzdWIiOiJuYWNvcyIsImV4cCI6MTc2NTM3MjA4NX0.9y38Mjr5asOVy-ccJ0OHGa68nRSTnNdNQ8rzwjrFcoI', globalAdmin=false}

2025-12-10 16:13:41,799 DEBUG auth start, request: PUT /nacos/v1/ns/instance/beat

2025-12-10 16:13:41,800 DEBUG auth permission: Permission{resource='Resource{namespaceId='seata', group='SEATA_GROUP', name='seata-server', type='naming', properties={action=w}}', action='w'}, nacosUser: NacosUser{token='eyJhbGciOiJIUzI1NiJ9.eyJzdWIiOiJuYWNvcyIsImV4cCI6MTc2NTM3MjA4NX0.9y38Mjr5asOVy-ccJ0OHGa68nRSTnNdNQ8rzwjrFcoI', globalAdmin=false}

2025-12-10 16:13:46,808 DEBUG auth start, request: PUT /nacos/v1/ns/instance/beat

2025-12-10 16:13:46,809 DEBUG auth permission: Permission{resource='Resource{namespaceId='seata', group='SEATA_GROUP', name='seata-server', type='naming', properties={action=w}}', action='w'}, nacosUser: NacosUser{token='eyJhbGciOiJIUzI1NiJ9.eyJzdWIiOiJuYWNvcyIsImV4cCI6MTc2NTM3MjA4NX0.9y38Mjr5asOVy-ccJ0OHGa68nRSTnNdNQ8rzwjrFcoI', globalAdmin=false}

2025-12-10 16:13:51,817 DEBUG auth start, request: PUT /nacos/v1/ns/instance/beat

2025-12-10 16:13:51,818 DEBUG auth permission: Permission{resource='Resource{namespaceId='seata', group='SEATA_GROUP', name='seata-server', type='naming', properties={action=w}}', action='w'}, nacosUser: NacosUser{token='eyJhbGciOiJIUzI1NiJ9.eyJzdWIiOiJuYWNvcyIsImV4cCI6MTc2NTM3MjA4NX0.9y38Mjr5asOVy-ccJ0OHGa68nRSTnNdNQ8rzwjrFcoI', globalAdmin=false}

2025-12-10 16:13:56,826 DEBUG auth start, request: PUT /nacos/v1/ns/instance/beat

2025-12-10 16:13:56,828 DEBUG auth permission: Permission{resource='Resource{namespaceId='seata', group='SEATA_GROUP', name='seata-server', type='naming', properties={action=w}}', action='w'}, nacosUser: NacosUser{token='eyJhbGciOiJIUzI1NiJ9.eyJzdWIiOiJuYWNvcyIsImV4cCI6MTc2NTM3MjA4NX0.9y38Mjr5asOVy-ccJ0OHGa68nRSTnNdNQ8rzwjrFcoI', globalAdmin=false}

2025-12-10 16:14:01,836 DEBUG auth start, request: PUT /nacos/v1/ns/instance/beat

2025-12-10 16:14:01,837 DEBUG auth permission: Permission{resource='Resource{namespaceId='seata', group='SEATA_GROUP', name='seata-server', type='naming', properties={action=w}}', action='w'}, nacosUser: NacosUser{token='eyJhbGciOiJIUzI1NiJ9.eyJzdWIiOiJuYWNvcyIsImV4cCI6MTc2NTM3MjA4NX0.9y38Mjr5asOVy-ccJ0OHGa68nRSTnNdNQ8rzwjrFcoI', globalAdmin=false}

2025-12-10 16:14:06,846 DEBUG auth start, request: PUT /nacos/v1/ns/instance/beat

2025-12-10 16:14:06,849 DEBUG auth permission: Permission{resource='Resource{namespaceId='seata', group='SEATA_GROUP', name='seata-server', type='naming', properties={action=w}}', action='w'}, nacosUser: NacosUser{token='eyJhbGciOiJIUzI1NiJ9.eyJzdWIiOiJuYWNvcyIsImV4cCI6MTc2NTM3MjA4NX0.9y38Mjr5asOVy-ccJ0OHGa68nRSTnNdNQ8rzwjrFcoI', globalAdmin=false}

2025-12-10 16:14:11,857 DEBUG auth start, request: PUT /nacos/v1/ns/instance/beat

2025-12-10 16:14:11,858 DEBUG auth permission: Permission{resource='Resource{namespaceId='seata', group='SEATA_GROUP', name='seata-server', type='naming', properties={action=w}}', action='w'}, nacosUser: NacosUser{token='eyJhbGciOiJIUzI1NiJ9.eyJzdWIiOiJuYWNvcyIsImV4cCI6MTc2NTM3MjA4NX0.9y38Mjr5asOVy-ccJ0OHGa68nRSTnNdNQ8rzwjrFcoI', globalAdmin=false}

2025-12-10 16:14:15,373 DEBUG auth start, request: GET /nacos/v1/cs/configs

2025-12-10 16:14:15,375 DEBUG auth permission: Permission{resource='Resource{namespaceId='seata', group='', name='', type='config', properties={action=r}}', action='r'}, nacosUser: NacosUser{token='eyJhbGciOiJIUzI1NiJ9.eyJzdWIiOiJuYWNvcyIsImV4cCI6MTc2NTM3MjExOH0.HBv1U9qCTjJ10YRxhE5WL5K60HeERAI0_tHlo15T_b4', globalAdmin=false}

2025-12-10 16:14:16,868 DEBUG auth start, request: PUT /nacos/v1/ns/instance/beat

2025-12-10 16:14:16,868 DEBUG auth permission: Permission{resource='Resource{namespaceId='seata', group='SEATA_GROUP', name='seata-server', type='naming', properties={action=w}}', action='w'}, nacosUser: NacosUser{token='eyJhbGciOiJIUzI1NiJ9.eyJzdWIiOiJuYWNvcyIsImV4cCI6MTc2NTM3MjA4NX0.9y38Mjr5asOVy-ccJ0OHGa68nRSTnNdNQ8rzwjrFcoI', globalAdmin=false}

2025-12-10 16:14:21,881 DEBUG auth start, request: PUT /nacos/v1/ns/instance/beat

2025-12-10 16:14:21,882 DEBUG auth permission: Permission{resource='Resource{namespaceId='seata', group='SEATA_GROUP', name='seata-server', type='naming', properties={action=w}}', action='w'}, nacosUser: NacosUser{token='eyJhbGciOiJIUzI1NiJ9.eyJzdWIiOiJuYWNvcyIsImV4cCI6MTc2NTM3MjA4NX0.9y38Mjr5asOVy-ccJ0OHGa68nRSTnNdNQ8rzwjrFcoI', globalAdmin=false}

2025-12-10 16:14:26,893 DEBUG auth start, request: PUT /nacos/v1/ns/instance/beat

2025-12-10 16:14:26,894 DEBUG auth permission: Permission{resource='Resource{namespaceId='seata', group='SEATA_GROUP', name='seata-server', type='naming', properties={action=w}}', action='w'}, nacosUser: NacosUser{token='eyJhbGciOiJIUzI1NiJ9.eyJzdWIiOiJuYWNvcyIsImV4cCI6MTc2NTM3MjA4NX0.9y38Mjr5asOVy-ccJ0OHGa68nRSTnNdNQ8rzwjrFcoI', globalAdmin=false}

2025-12-10 16:14:31,910 DEBUG auth start, request: PUT /nacos/v1/ns/instance/beat

2025-12-10 16:14:31,911 DEBUG auth permission: Permission{resource='Resource{namespaceId='seata', group='SEATA_GROUP', name='seata-server', type='naming', properties={action=w}}', action='w'}, nacosUser: NacosUser{token='eyJhbGciOiJIUzI1NiJ9.eyJzdWIiOiJuYWNvcyIsImV4cCI6MTc2NTM3MjA4NX0.9y38Mjr5asOVy-ccJ0OHGa68nRSTnNdNQ8rzwjrFcoI', globalAdmin=false}

2025-12-10 16:14:36,923 DEBUG auth start, request: PUT /nacos/v1/ns/instance/beat

2025-12-10 16:14:36,925 DEBUG auth permission: Permission{resource='Resource{namespaceId='seata', group='SEATA_GROUP', name='seata-server', type='naming', properties={action=w}}', action='w'}, nacosUser: NacosUser{token='eyJhbGciOiJIUzI1NiJ9.eyJzdWIiOiJuYWNvcyIsImV4cCI6MTc2NTM3MjA4NX0.9y38Mjr5asOVy-ccJ0OHGa68nRSTnNdNQ8rzwjrFcoI', globalAdmin=false}

2025-12-10 16:14:41,935 DEBUG auth start, request: PUT /nacos/v1/ns/instance/beat

2025-12-10 16:14:41,936 DEBUG auth permission: Permission{resource='Resource{namespaceId='seata', group='SEATA_GROUP', name='seata-server', type='naming', properties={action=w}}', action='w'}, nacosUser: NacosUser{token='eyJhbGciOiJIUzI1NiJ9.eyJzdWIiOiJuYWNvcyIsImV4cCI6MTc2NTM3MjA4NX0.9y38Mjr5asOVy-ccJ0OHGa68nRSTnNdNQ8rzwjrFcoI', globalAdmin=false}

2025-12-10 16:14:46,228 DEBUG auth start, request: POST /nacos/v1/console/namespaces

2025-12-10 16:14:46,230 DEBUG auth permission: Permission{resource='Resource{namespaceId='null', group='null', name='console/namespaces', type='specified', properties={}}', action='w'}, nacosUser: NacosUser{token='eyJhbGciOiJIUzI1NiJ9.eyJzdWIiOiJuYWNvcyIsImV4cCI6MTc2NTM3MjExOH0.HBv1U9qCTjJ10YRxhE5WL5K60HeERAI0_tHlo15T_b4', globalAdmin=false}

2025-12-10 16:14:46,945 DEBUG auth start, request: PUT /nacos/v1/ns/instance/beat

2025-12-10 16:14:46,945 DEBUG auth permission: Permission{resource='Resource{namespaceId='seata', group='SEATA_GROUP', name='seata-server', type='naming', properties={action=w}}', action='w'}, nacosUser: NacosUser{token='eyJhbGciOiJIUzI1NiJ9.eyJzdWIiOiJuYWNvcyIsImV4cCI6MTc2NTM3MjA4NX0.9y38Mjr5asOVy-ccJ0OHGa68nRSTnNdNQ8rzwjrFcoI', globalAdmin=false}

2025-12-10 16:14:49,263 DEBUG auth start, request: GET /nacos/v1/cs/configs

2025-12-10 16:14:49,264 DEBUG auth permission: Permission{resource='Resource{namespaceId='seata', group='', name='', type='config', properties={action=r}}', action='r'}, nacosUser: NacosUser{token='eyJhbGciOiJIUzI1NiJ9.eyJzdWIiOiJuYWNvcyIsImV4cCI6MTc2NTM3MjExOH0.HBv1U9qCTjJ10YRxhE5WL5K60HeERAI0_tHlo15T_b4', globalAdmin=false}

2025-12-10 16:14:50,548 DEBUG auth start, request: GET /nacos/v1/cs/configs

2025-12-10 16:14:50,549 DEBUG auth permission: Permission{resource='Resource{namespaceId='a4c9af81-3dea-4d7e-9286-686e9d07c015', group='', name='', type='config', properties={action=r}}', action='r'}, nacosUser: NacosUser{token='eyJhbGciOiJIUzI1NiJ9.eyJzdWIiOiJuYWNvcyIsImV4cCI6MTc2NTM3MjExOH0.HBv1U9qCTjJ10YRxhE5WL5K60HeERAI0_tHlo15T_b4', globalAdmin=false}

2025-12-10 16:14:51,953 DEBUG auth start, request: PUT /nacos/v1/ns/instance/beat

2025-12-10 16:14:51,954 DEBUG auth permission: Permission{resource='Resource{namespaceId='seata', group='SEATA_GROUP', name='seata-server', type='naming', properties={action=w}}', action='w'}, nacosUser: NacosUser{token='eyJhbGciOiJIUzI1NiJ9.eyJzdWIiOiJuYWNvcyIsImV4cCI6MTc2NTM3MjA4NX0.9y38Mjr5asOVy-ccJ0OHGa68nRSTnNdNQ8rzwjrFcoI', globalAdmin=false}

2025-12-10 16:14:56,962 DEBUG auth start, request: PUT /nacos/v1/ns/instance/beat

2025-12-10 16:14:56,964 DEBUG auth permission: Permission{resource='Resource{namespaceId='seata', group='SEATA_GROUP', name='seata-server', type='naming', properties={action=w}}', action='w'}, nacosUser: NacosUser{token='eyJhbGciOiJIUzI1NiJ9.eyJzdWIiOiJuYWNvcyIsImV4cCI6MTc2NTM3MjA4NX0.9y38Mjr5asOVy-ccJ0OHGa68nRSTnNdNQ8rzwjrFcoI', globalAdmin=false}

2025-12-10 16:15:01,974 DEBUG auth start, request: PUT /nacos/v1/ns/instance/beat

2025-12-10 16:15:01,976 DEBUG auth permission: Permission{resource='Resource{namespaceId='seata', group='SEATA_GROUP', name='seata-server', type='naming', properties={action=w}}', action='w'}, nacosUser: NacosUser{token='eyJhbGciOiJIUzI1NiJ9.eyJzdWIiOiJuYWNvcyIsImV4cCI6MTc2NTM3MjA4NX0.9y38Mjr5asOVy-ccJ0OHGa68nRSTnNdNQ8rzwjrFcoI', globalAdmin=false}

2025-12-10 16:15:06,986 DEBUG auth start, request: PUT /nacos/v1/ns/instance/beat

2025-12-10 16:15:06,988 DEBUG auth permission: Permission{resource='Resource{namespaceId='seata', group='SEATA_GROUP', name='seata-server', type='naming', properties={action=w}}', action='w'}, nacosUser: NacosUser{token='eyJhbGciOiJIUzI1NiJ9.eyJzdWIiOiJuYWNvcyIsImV4cCI6MTc2NTM3MjA4NX0.9y38Mjr5asOVy-ccJ0OHGa68nRSTnNdNQ8rzwjrFcoI', globalAdmin=false}

2025-12-10 16:15:07,161 DEBUG auth start, request: GET /nacos/v1/cs/configs

2025-12-10 16:15:07,162 DEBUG auth permission: Permission{resource='Resource{namespaceId='a4c9af81-3dea-4d7e-9286-686e9d07c015', group='DEFAULT_GROUP', name='seata.properties', type='config', properties={action=r}}', action='r'}, nacosUser: NacosUser{token='eyJhbGciOiJIUzI1NiJ9.eyJzdWIiOiJuYWNvcyIsImV4cCI6MTc2NTM3MjExOH0.HBv1U9qCTjJ10YRxhE5WL5K60HeERAI0_tHlo15T_b4', globalAdmin=false}

2025-12-10 16:15:07,181 DEBUG auth start, request: POST /nacos/v1/cs/configs

2025-12-10 16:15:07,182 DEBUG auth permission: Permission{resource='Resource{namespaceId='a4c9af81-3dea-4d7e-9286-686e9d07c015', group='DEFAULT_GROUP', name='seata.properties', type='config', properties={action=w}}', action='w'}, nacosUser: NacosUser{token='eyJhbGciOiJIUzI1NiJ9.eyJzdWIiOiJuYWNvcyIsImV4cCI6MTc2NTM3MjExOH0.HBv1U9qCTjJ10YRxhE5WL5K60HeERAI0_tHlo15T_b4', globalAdmin=false}

2025-12-10 16:15:07,296 DEBUG auth start, request: GET /nacos/v1/cs/configs

2025-12-10 16:15:07,297 DEBUG auth permission: Permission{resource='Resource{namespaceId='a4c9af81-3dea-4d7e-9286-686e9d07c015', group='', name='', type='config', properties={action=r}}', action='r'}, nacosUser: NacosUser{token='eyJhbGciOiJIUzI1NiJ9.eyJzdWIiOiJuYWNvcyIsImV4cCI6MTc2NTM3MjExOH0.HBv1U9qCTjJ10YRxhE5WL5K60HeERAI0_tHlo15T_b4', globalAdmin=false}

2025-12-10 16:15:08,989 DEBUG auth start, request: GET /nacos/v1/cs/configs

2025-12-10 16:15:08,990 DEBUG auth permission: Permission{resource='Resource{namespaceId='seata', group='', name='', type='config', properties={action=r}}', action='r'}, nacosUser: NacosUser{token='eyJhbGciOiJIUzI1NiJ9.eyJzdWIiOiJuYWNvcyIsImV4cCI6MTc2NTM3MjExOH0.HBv1U9qCTjJ10YRxhE5WL5K60HeERAI0_tHlo15T_b4', globalAdmin=false}

2025-12-10 16:15:11,140 DEBUG auth start, request: GET /nacos/v1/cs/configs

2025-12-10 16:15:11,143 DEBUG auth start, request: GET /nacos/v1/cs/configs/listener

2025-12-10 16:15:11,143 DEBUG auth permission: Permission{resource='Resource{namespaceId='seata', group='DEFAULT_GROUP', name='seata.properties', type='config', properties={action=r}}', action='r'}, nacosUser: NacosUser{token='eyJhbGciOiJIUzI1NiJ9.eyJzdWIiOiJuYWNvcyIsImV4cCI6MTc2NTM3MjExOH0.HBv1U9qCTjJ10YRxhE5WL5K60HeERAI0_tHlo15T_b4', globalAdmin=false}

2025-12-10 16:15:11,143 DEBUG auth permission: Permission{resource='Resource{namespaceId='seata', group='DEFAULT_GROUP', name='seata.properties', type='config', properties={action=r}}', action='r'}, nacosUser: NacosUser{token='eyJhbGciOiJIUzI1NiJ9.eyJzdWIiOiJuYWNvcyIsImV4cCI6MTc2NTM3MjExOH0.HBv1U9qCTjJ10YRxhE5WL5K60HeERAI0_tHlo15T_b4', globalAdmin=false}

2025-12-10 16:15:11,156 DEBUG auth start, request: GET /nacos/v1/cs/configs

2025-12-10 16:15:11,157 DEBUG auth permission: Permission{resource='Resource{namespaceId='seata', group='DEFAULT_GROUP', name='seata.properties', type='config', properties={action=r}}', action='r'}, nacosUser: NacosUser{token='eyJhbGciOiJIUzI1NiJ9.eyJzdWIiOiJuYWNvcyIsImV4cCI6MTc2NTM3MjExOH0.HBv1U9qCTjJ10YRxhE5WL5K60HeERAI0_tHlo15T_b4', globalAdmin=false}

2025-12-10 16:15:11,996 DEBUG auth start, request: PUT /nacos/v1/ns/instance/beat

2025-12-10 16:15:11,998 DEBUG auth permission: Permission{resource='Resource{namespaceId='seata', group='SEATA_GROUP', name='seata-server', type='naming', properties={action=w}}', action='w'}, nacosUser: NacosUser{token='eyJhbGciOiJIUzI1NiJ9.eyJzdWIiOiJuYWNvcyIsImV4cCI6MTc2NTM3MjA4NX0.9y38Mjr5asOVy-ccJ0OHGa68nRSTnNdNQ8rzwjrFcoI', globalAdmin=false}

2025-12-10 16:15:14,238 DEBUG auth start, request: GET /nacos/v1/cs/configs

2025-12-10 16:15:14,253 DEBUG auth permission: Permission{resource='Resource{namespaceId='seata', group='', name='', type='config', properties={action=r}}', action='r'}, nacosUser: NacosUser{token='eyJhbGciOiJIUzI1NiJ9.eyJzdWIiOiJuYWNvcyIsImV4cCI6MTc2NTM3MjExOH0.HBv1U9qCTjJ10YRxhE5WL5K60HeERAI0_tHlo15T_b4', globalAdmin=false}

2025-12-10 16:15:15,691 DEBUG auth start, request: GET /nacos/v1/cs/configs

2025-12-10 16:15:15,691 DEBUG auth permission: Permission{resource='Resource{namespaceId='a4c9af81-3dea-4d7e-9286-686e9d07c015', group='', name='', type='config', properties={action=r}}', action='r'}, nacosUser: NacosUser{token='eyJhbGciOiJIUzI1NiJ9.eyJzdWIiOiJuYWNvcyIsImV4cCI6MTc2NTM3MjExOH0.HBv1U9qCTjJ10YRxhE5WL5K60HeERAI0_tHlo15T_b4', globalAdmin=false}

2025-12-10 16:15:17,007 DEBUG auth start, request: PUT /nacos/v1/ns/instance/beat

2025-12-10 16:15:17,009 DEBUG auth permission: Permission{resource='Resource{namespaceId='seata', group='SEATA_GROUP', name='seata-server', type='naming', properties={action=w}}', action='w'}, nacosUser: NacosUser{token='eyJhbGciOiJIUzI1NiJ9.eyJzdWIiOiJuYWNvcyIsImV4cCI6MTc2NTM3MjA4NX0.9y38Mjr5asOVy-ccJ0OHGa68nRSTnNdNQ8rzwjrFcoI', globalAdmin=false}

2025-12-10 16:15:17,610 DEBUG auth start, request: GET /nacos/v1/cs/configs/listener

2025-12-10 16:15:17,610 DEBUG auth start, request: GET /nacos/v1/cs/configs

2025-12-10 16:15:17,611 DEBUG auth permission: Permission{resource='Resource{namespaceId='a4c9af81-3dea-4d7e-9286-686e9d07c015', group='DEFAULT_GROUP', name='seata.properties', type='config', properties={action=r}}', action='r'}, nacosUser: NacosUser{token='eyJhbGciOiJIUzI1NiJ9.eyJzdWIiOiJuYWNvcyIsImV4cCI6MTc2NTM3MjExOH0.HBv1U9qCTjJ10YRxhE5WL5K60HeERAI0_tHlo15T_b4', globalAdmin=false}

2025-12-10 16:15:17,611 DEBUG auth permission: Permission{resource='Resource{namespaceId='a4c9af81-3dea-4d7e-9286-686e9d07c015', group='DEFAULT_GROUP', name='seata.properties', type='config', properties={action=r}}', action='r'}, nacosUser: NacosUser{token='eyJhbGciOiJIUzI1NiJ9.eyJzdWIiOiJuYWNvcyIsImV4cCI6MTc2NTM3MjExOH0.HBv1U9qCTjJ10YRxhE5WL5K60HeERAI0_tHlo15T_b4', globalAdmin=false}

2025-12-10 16:15:17,627 DEBUG auth start, request: GET /nacos/v1/cs/configs

2025-12-10 16:15:17,628 DEBUG auth permission: Permission{resource='Resource{namespaceId='a4c9af81-3dea-4d7e-9286-686e9d07c015', group='DEFAULT_GROUP', name='seata.properties', type='config', properties={action=r}}', action='r'}, nacosUser: NacosUser{token='eyJhbGciOiJIUzI1NiJ9.eyJzdWIiOiJuYWNvcyIsImV4cCI6MTc2NTM3MjExOH0.HBv1U9qCTjJ10YRxhE5WL5K60HeERAI0_tHlo15T_b4', globalAdmin=false}

2025-12-10 16:15:21,985 DEBUG auth start, request: POST /nacos/v1/cs/configs

2025-12-10 16:15:21,986 DEBUG auth permission: Permission{resource='Resource{namespaceId='a4c9af81-3dea-4d7e-9286-686e9d07c015', group='DEFAULT_GROUP', name='seata.properties', type='config', properties={action=w}}', action='w'}, nacosUser: NacosUser{token='eyJhbGciOiJIUzI1NiJ9.eyJzdWIiOiJuYWNvcyIsImV4cCI6MTc2NTM3MjExOH0.HBv1U9qCTjJ10YRxhE5WL5K60HeERAI0_tHlo15T_b4', globalAdmin=false}

2025-12-10 16:15:22,018 DEBUG auth start, request: PUT /nacos/v1/ns/instance/beat

2025-12-10 16:15:22,019 DEBUG auth permission: Permission{resource='Resource{namespaceId='seata', group='SEATA_GROUP', name='seata-server', type='naming', properties={action=w}}', action='w'}, nacosUser: NacosUser{token='eyJhbGciOiJIUzI1NiJ9.eyJzdWIiOiJuYWNvcyIsImV4cCI6MTc2NTM3MjA4NX0.9y38Mjr5asOVy-ccJ0OHGa68nRSTnNdNQ8rzwjrFcoI', globalAdmin=false}

2025-12-10 16:15:22,027 DEBUG auth start, request: GET /nacos/v1/cs/configs

2025-12-10 16:15:22,028 DEBUG auth permission: Permission{resource='Resource{namespaceId='a4c9af81-3dea-4d7e-9286-686e9d07c015', group='DEFAULT_GROUP', name='seata.properties', type='config', properties={action=r}}', action='r'}, nacosUser: NacosUser{token='eyJhbGciOiJIUzI1NiJ9.eyJzdWIiOiJuYWNvcyIsImV4cCI6MTc2NTM3MjExOH0.HBv1U9qCTjJ10YRxhE5WL5K60HeERAI0_tHlo15T_b4', globalAdmin=false}

2025-12-10 16:15:27,026 DEBUG auth start, request: PUT /nacos/v1/ns/instance/beat

2025-12-10 16:15:27,027 DEBUG auth permission: Permission{resource='Resource{namespaceId='seata', group='SEATA_GROUP', name='seata-server', type='naming', properties={action=w}}', action='w'}, nacosUser: NacosUser{token='eyJhbGciOiJIUzI1NiJ9.eyJzdWIiOiJuYWNvcyIsImV4cCI6MTc2NTM3MjA4NX0.9y38Mjr5asOVy-ccJ0OHGa68nRSTnNdNQ8rzwjrFcoI', globalAdmin=false}

2025-12-10 16:15:31,303 DEBUG auth start, request: ConfigQueryRequest

2025-12-10 16:15:31,304 DEBUG auth permission: Permission{resource='Resource{namespaceId='', group='DEFAULT_GROUP', name='base.properties', type='config', properties={requestClass=ConfigQueryRequest, action=r}}', action='r'}, nacosUser: NacosUser{token='eyJhbGciOiJIUzI1NiJ9.eyJzdWIiOiJuYWNvcyIsImV4cCI6MTc2NTM3MjUzMH0.Y-77d3Ys0D3GmlFbIO9KxfghrqC4z7B-59Rlds_abyo', globalAdmin=false}

2025-12-10 16:15:32,034 DEBUG auth start, request: PUT /nacos/v1/ns/instance/beat

2025-12-10 16:15:32,036 DEBUG auth permission: Permission{resource='Resource{namespaceId='seata', group='SEATA_GROUP', name='seata-server', type='naming', properties={action=w}}', action='w'}, nacosUser: NacosUser{token='eyJhbGciOiJIUzI1NiJ9.eyJzdWIiOiJuYWNvcyIsImV4cCI6MTc2NTM3MjA4NX0.9y38Mjr5asOVy-ccJ0OHGa68nRSTnNdNQ8rzwjrFcoI', globalAdmin=false}

2025-12-10 16:15:33,167 DEBUG auth start, request: ConfigQueryRequest

2025-12-10 16:15:33,167 DEBUG auth permission: Permission{resource='Resource{namespaceId='seata', group='SEATA_GROUP', name='seata.properties', type='config', properties={requestClass=ConfigQueryRequest, action=r}}', action='r'}, nacosUser: NacosUser{token='eyJhbGciOiJIUzI1NiJ9.eyJzdWIiOiJuYWNvcyIsImV4cCI6MTc2NTM3MjUzM30.ZWHvarwUb7MawXTqzAB47d2zw0dthZIxu16g8TL2nJ0', globalAdmin=false}

2025-12-10 16:15:33,188 DEBUG auth start, request: ConfigQueryRequest

2025-12-10 16:15:33,188 DEBUG auth permission: Permission{resource='Resource{namespaceId='seata', group='SEATA_GROUP', name='service.disableGlobalTransaction', type='config', properties={requestClass=ConfigQueryRequest, action=r}}', action='r'}, nacosUser: NacosUser{token='eyJhbGciOiJIUzI1NiJ9.eyJzdWIiOiJuYWNvcyIsImV4cCI6MTc2NTM3MjUzM30.ZWHvarwUb7MawXTqzAB47d2zw0dthZIxu16g8TL2nJ0', globalAdmin=false}

2025-12-10 16:15:33,195 DEBUG auth start, request: ConfigBatchListenRequest

2025-12-10 16:15:33,195 DEBUG auth permission: Permission{resource='Resource{namespaceId='seata', group='', name='', type='config', properties={requestClass=ConfigBatchListenRequest, action=r}}', action='r'}, nacosUser: NacosUser{token='eyJhbGciOiJIUzI1NiJ9.eyJzdWIiOiJuYWNvcyIsImV4cCI6MTc2NTM3MjUzM30.ZWHvarwUb7MawXTqzAB47d2zw0dthZIxu16g8TL2nJ0', globalAdmin=false}

2025-12-10 16:15:33,214 DEBUG auth start, request: ConfigBatchListenRequest

2025-12-10 16:15:33,214 DEBUG auth start, request: ConfigQueryRequest

2025-12-10 16:15:33,214 DEBUG auth permission: Permission{resource='Resource{namespaceId='seata', group='', name='', type='config', properties={requestClass=ConfigBatchListenRequest, action=r}}', action='r'}, nacosUser: NacosUser{token='eyJhbGciOiJIUzI1NiJ9.eyJzdWIiOiJuYWNvcyIsImV4cCI6MTc2NTM3MjUzM30.ZWHvarwUb7MawXTqzAB47d2zw0dthZIxu16g8TL2nJ0', globalAdmin=false}

2025-12-10 16:15:33,214 DEBUG auth permission: Permission{resource='Resource{namespaceId='seata', group='SEATA_GROUP', name='transport.threadFactory.bossThreadPrefix', type='config', properties={requestClass=ConfigQueryRequest, action=r}}', action='r'}, nacosUser: NacosUser{token='eyJhbGciOiJIUzI1NiJ9.eyJzdWIiOiJuYWNvcyIsImV4cCI6MTc2NTM3MjUzM30.ZWHvarwUb7MawXTqzAB47d2zw0dthZIxu16g8TL2nJ0', globalAdmin=false}

2025-12-10 16:15:33,223 DEBUG auth start, request: ConfigBatchListenRequest

2025-12-10 16:15:33,223 DEBUG auth start, request: ConfigQueryRequest

2025-12-10 16:15:33,223 DEBUG auth permission: Permission{resource='Resource{namespaceId='seata', group='', name='', type='config', properties={requestClass=ConfigBatchListenRequest, action=r}}', action='r'}, nacosUser: NacosUser{token='eyJhbGciOiJIUzI1NiJ9.eyJzdWIiOiJuYWNvcyIsImV4cCI6MTc2NTM3MjUzM30.ZWHvarwUb7MawXTqzAB47d2zw0dthZIxu16g8TL2nJ0', globalAdmin=false}

2025-12-10 16:15:33,224 DEBUG auth permission: Permission{resource='Resource{namespaceId='seata', group='SEATA_GROUP', name='transport.threadFactory.workerThreadPrefix', type='config', properties={requestClass=ConfigQueryRequest, action=r}}', action='r'}, nacosUser: NacosUser{token='eyJhbGciOiJIUzI1NiJ9.eyJzdWIiOiJuYWNvcyIsImV4cCI6MTc2NTM3MjUzM30.ZWHvarwUb7MawXTqzAB47d2zw0dthZIxu16g8TL2nJ0', globalAdmin=false}

2025-12-10 16:15:33,234 DEBUG auth start, request: ConfigQueryRequest

2025-12-10 16:15:33,235 DEBUG auth permission: Permission{resource='Resource{namespaceId='seata', group='SEATA_GROUP', name='transport.threadFactory.shareBossWorker', type='config', properties={requestClass=ConfigQueryRequest, action=r}}', action='r'}, nacosUser: NacosUser{token='eyJhbGciOiJIUzI1NiJ9.eyJzdWIiOiJuYWNvcyIsImV4cCI6MTc2NTM3MjUzM30.ZWHvarwUb7MawXTqzAB47d2zw0dthZIxu16g8TL2nJ0', globalAdmin=false}

2025-12-10 16:15:33,236 DEBUG auth start, request: ConfigBatchListenRequest

2025-12-10 16:15:33,236 DEBUG auth permission: Permission{resource='Resource{namespaceId='seata', group='', name='', type='config', properties={requestClass=ConfigBatchListenRequest, action=r}}', action='r'}, nacosUser: NacosUser{token='eyJhbGciOiJIUzI1NiJ9.eyJzdWIiOiJuYWNvcyIsImV4cCI6MTc2NTM3MjUzM30.ZWHvarwUb7MawXTqzAB47d2zw0dthZIxu16g8TL2nJ0', globalAdmin=false}

2025-12-10 16:15:33,247 DEBUG auth start, request: ConfigQueryRequest

2025-12-10 16:15:33,247 DEBUG auth start, request: ConfigBatchListenRequest

2025-12-10 16:15:33,248 DEBUG auth permission: Permission{resource='Resource{namespaceId='seata', group='', name='', type='config', properties={requestClass=ConfigBatchListenRequest, action=r}}', action='r'}, nacosUser: NacosUser{token='eyJhbGciOiJIUzI1NiJ9.eyJzdWIiOiJuYWNvcyIsImV4cCI6MTc2NTM3MjUzM30.ZWHvarwUb7MawXTqzAB47d2zw0dthZIxu16g8TL2nJ0', globalAdmin=false}

2025-12-10 16:15:33,248 DEBUG auth permission: Permission{resource='Resource{namespaceId='seata', group='SEATA_GROUP', name='transport.type', type='config', properties={requestClass=ConfigQueryRequest, action=r}}', action='r'}, nacosUser: NacosUser{token='eyJhbGciOiJIUzI1NiJ9.eyJzdWIiOiJuYWNvcyIsImV4cCI6MTc2NTM3MjUzM30.ZWHvarwUb7MawXTqzAB47d2zw0dthZIxu16g8TL2nJ0', globalAdmin=false}

2025-12-10 16:15:33,259 DEBUG auth start, request: ConfigQueryRequest

2025-12-10 16:15:33,259 DEBUG auth start, request: ConfigBatchListenRequest

2025-12-10 16:15:33,259 DEBUG auth permission: Permission{resource='Resource{namespaceId='seata', group='SEATA_GROUP', name='transport.threadFactory.workerThreadSize', type='config', properties={requestClass=ConfigQueryRequest, action=r}}', action='r'}, nacosUser: NacosUser{token='eyJhbGciOiJIUzI1NiJ9.eyJzdWIiOiJuYWNvcyIsImV4cCI6MTc2NTM3MjUzM30.ZWHvarwUb7MawXTqzAB47d2zw0dthZIxu16g8TL2nJ0', globalAdmin=false}

2025-12-10 16:15:33,259 DEBUG auth permission: Permission{resource='Resource{namespaceId='seata', group='', name='', type='config', properties={requestClass=ConfigBatchListenRequest, action=r}}', action='r'}, nacosUser: NacosUser{token='eyJhbGciOiJIUzI1NiJ9.eyJzdWIiOiJuYWNvcyIsImV4cCI6MTc2NTM3MjUzM30.ZWHvarwUb7MawXTqzAB47d2zw0dthZIxu16g8TL2nJ0', globalAdmin=false}

2025-12-10 16:15:33,269 DEBUG auth start, request: ConfigQueryRequest

2025-12-10 16:15:33,269 DEBUG auth permission: Permission{resource='Resource{namespaceId='seata', group='SEATA_GROUP', name='transport.server', type='config', properties={requestClass=ConfigQueryRequest, action=r}}', action='r'}, nacosUser: NacosUser{token='eyJhbGciOiJIUzI1NiJ9.eyJzdWIiOiJuYWNvcyIsImV4cCI6MTc2NTM3MjUzM30.ZWHvarwUb7MawXTqzAB47d2zw0dthZIxu16g8TL2nJ0', globalAdmin=false}

2025-12-10 16:15:33,271 DEBUG auth start, request: ConfigBatchListenRequest

2025-12-10 16:15:33,272 DEBUG auth permission: Permission{resource='Resource{namespaceId='seata', group='', name='', type='config', properties={requestClass=ConfigBatchListenRequest, action=r}}', action='r'}, nacosUser: NacosUser{token='eyJhbGciOiJIUzI1NiJ9.eyJzdWIiOiJuYWNvcyIsImV4cCI6MTc2NTM3MjUzM30.ZWHvarwUb7MawXTqzAB47d2zw0dthZIxu16g8TL2nJ0', globalAdmin=false}

2025-12-10 16:15:33,288 DEBUG auth start, request: ConfigBatchListenRequest

2025-12-10 16:15:33,288 DEBUG auth start, request: ConfigQueryRequest

2025-12-10 16:15:33,289 DEBUG auth permission: Permission{resource='Resource{namespaceId='seata', group='SEATA_GROUP', name='transport.heartbeat', type='config', properties={requestClass=ConfigQueryRequest, action=r}}', action='r'}, nacosUser: NacosUser{token='eyJhbGciOiJIUzI1NiJ9.eyJzdWIiOiJuYWNvcyIsImV4cCI6MTc2NTM3MjUzM30.ZWHvarwUb7MawXTqzAB47d2zw0dthZIxu16g8TL2nJ0', globalAdmin=false}

2025-12-10 16:15:33,289 DEBUG auth permission: Permission{resource='Resource{namespaceId='seata', group='', name='', type='config', properties={requestClass=ConfigBatchListenRequest, action=r}}', action='r'}, nacosUser: NacosUser{token='eyJhbGciOiJIUzI1NiJ9.eyJzdWIiOiJuYWNvcyIsImV4cCI6MTc2NTM3MjUzM30.ZWHvarwUb7MawXTqzAB47d2zw0dthZIxu16g8TL2nJ0', globalAdmin=false}

2025-12-10 16:15:33,299 DEBUG auth start, request: ConfigQueryRequest

2025-12-10 16:15:33,299 DEBUG auth start, request: ConfigBatchListenRequest

2025-12-10 16:15:33,300 DEBUG auth permission: Permission{resource='Resource{namespaceId='seata', group='SEATA_GROUP', name='transport.rpcRmRequestTimeout', type='config', properties={requestClass=ConfigQueryRequest, action=r}}', action='r'}, nacosUser: NacosUser{token='eyJhbGciOiJIUzI1NiJ9.eyJzdWIiOiJuYWNvcyIsImV4cCI6MTc2NTM3MjUzM30.ZWHvarwUb7MawXTqzAB47d2zw0dthZIxu16g8TL2nJ0', globalAdmin=false}

2025-12-10 16:15:33,300 DEBUG auth permission: Permission{resource='Resource{namespaceId='seata', group='', name='', type='config', properties={requestClass=ConfigBatchListenRequest, action=r}}', action='r'}, nacosUser: NacosUser{token='eyJhbGciOiJIUzI1NiJ9.eyJzdWIiOiJuYWNvcyIsImV4cCI6MTc2NTM3MjUzM30.ZWHvarwUb7MawXTqzAB47d2zw0dthZIxu16g8TL2nJ0', globalAdmin=false}

2025-12-10 16:15:33,310 DEBUG auth start, request: ConfigBatchListenRequest

2025-12-10 16:15:33,311 DEBUG auth start, request: ConfigQueryRequest

2025-12-10 16:15:33,311 DEBUG auth permission: Permission{resource='Resource{namespaceId='seata', group='', name='', type='config', properties={requestClass=ConfigBatchListenRequest, action=r}}', action='r'}, nacosUser: NacosUser{token='eyJhbGciOiJIUzI1NiJ9.eyJzdWIiOiJuYWNvcyIsImV4cCI6MTc2NTM3MjUzM30.ZWHvarwUb7MawXTqzAB47d2zw0dthZIxu16g8TL2nJ0', globalAdmin=false}

2025-12-10 16:15:33,311 DEBUG auth permission: Permission{resource='Resource{namespaceId='seata', group='SEATA_GROUP', name='transport.rpcTmRequestTimeout', type='config', properties={requestClass=ConfigQueryRequest, action=r}}', action='r'}, nacosUser: NacosUser{token='eyJhbGciOiJIUzI1NiJ9.eyJzdWIiOiJuYWNvcyIsImV4cCI6MTc2NTM3MjUzM30.ZWHvarwUb7MawXTqzAB47d2zw0dthZIxu16g8TL2nJ0', globalAdmin=false}

2025-12-10 16:15:33,321 DEBUG auth start, request: ConfigQueryRequest

2025-12-10 16:15:33,321 DEBUG auth permission: Permission{resource='Resource{namespaceId='seata', group='SEATA_GROUP', name='transport.enableClientBatchSendRequest', type='config', properties={requestClass=ConfigQueryRequest, action=r}}', action='r'}, nacosUser: NacosUser{token='eyJhbGciOiJIUzI1NiJ9.eyJzdWIiOiJuYWNvcyIsImV4cCI6MTc2NTM3MjUzM30.ZWHvarwUb7MawXTqzAB47d2zw0dthZIxu16g8TL2nJ0', globalAdmin=false}

2025-12-10 16:15:33,321 DEBUG auth start, request: ConfigBatchListenRequest

2025-12-10 16:15:33,322 DEBUG auth permission: Permission{resource='Resource{namespaceId='seata', group='', name='', type='config', properties={requestClass=ConfigBatchListenRequest, action=r}}', action='r'}, nacosUser: NacosUser{token='eyJhbGciOiJIUzI1NiJ9.eyJzdWIiOiJuYWNvcyIsImV4cCI6MTc2NTM3MjUzM30.ZWHvarwUb7MawXTqzAB47d2zw0dthZIxu16g8TL2nJ0', globalAdmin=false}

2025-12-10 16:15:33,340 DEBUG auth start, request: ConfigQueryRequest

2025-12-10 16:15:33,340 DEBUG auth start, request: ConfigBatchListenRequest

2025-12-10 16:15:33,341 DEBUG auth permission: Permission{resource='Resource{namespaceId='seata', group='SEATA_GROUP', name='transport.threadFactory.clientSelectorThreadSize', type='config', properties={requestClass=ConfigQueryRequest, action=r}}', action='r'}, nacosUser: NacosUser{token='eyJhbGciOiJIUzI1NiJ9.eyJzdWIiOiJuYWNvcyIsImV4cCI6MTc2NTM3MjUzM30.ZWHvarwUb7MawXTqzAB47d2zw0dthZIxu16g8TL2nJ0', globalAdmin=false}

2025-12-10 16:15:33,341 DEBUG auth permission: Permission{resource='Resource{namespaceId='seata', group='', name='', type='config', properties={requestClass=ConfigBatchListenRequest, action=r}}', action='r'}, nacosUser: NacosUser{token='eyJhbGciOiJIUzI1NiJ9.eyJzdWIiOiJuYWNvcyIsImV4cCI6MTc2NTM3MjUzM30.ZWHvarwUb7MawXTqzAB47d2zw0dthZIxu16g8TL2nJ0', globalAdmin=false}

2025-12-10 16:15:33,352 DEBUG auth start, request: ConfigBatchListenRequest

2025-12-10 16:15:33,352 DEBUG auth start, request: ConfigQueryRequest

2025-12-10 16:15:33,352 DEBUG auth permission: Permission{resource='Resource{namespaceId='seata', group='SEATA_GROUP', name='transport.threadFactory.clientSelectorThreadPrefix', type='config', properties={requestClass=ConfigQueryRequest, action=r}}', action='r'}, nacosUser: NacosUser{token='eyJhbGciOiJIUzI1NiJ9.eyJzdWIiOiJuYWNvcyIsImV4cCI6MTc2NTM3MjUzM30.ZWHvarwUb7MawXTqzAB47d2zw0dthZIxu16g8TL2nJ0', globalAdmin=false}

2025-12-10 16:15:33,352 DEBUG auth permission: Permission{resource='Resource{namespaceId='seata', group='', name='', type='config', properties={requestClass=ConfigBatchListenRequest, action=r}}', action='r'}, nacosUser: NacosUser{token='eyJhbGciOiJIUzI1NiJ9.eyJzdWIiOiJuYWNvcyIsImV4cCI6MTc2NTM3MjUzM30.ZWHvarwUb7MawXTqzAB47d2zw0dthZIxu16g8TL2nJ0', globalAdmin=false}

2025-12-10 16:15:33,385 DEBUG auth start, request: ConfigBatchListenRequest

2025-12-10 16:15:33,385 DEBUG auth permission: Permission{resource='Resource{namespaceId='seata', group='', name='', type='config', properties={requestClass=ConfigBatchListenRequest, action=r}}', action='r'}, nacosUser: NacosUser{token='eyJhbGciOiJIUzI1NiJ9.eyJzdWIiOiJuYWNvcyIsImV4cCI6MTc2NTM3MjUzM30.ZWHvarwUb7MawXTqzAB47d2zw0dthZIxu16g8TL2nJ0', globalAdmin=false}

2025-12-10 16:15:33,386 DEBUG auth start, request: ConfigQueryRequest

2025-12-10 16:15:33,387 DEBUG auth permission: Permission{resource='Resource{namespaceId='seata', group='SEATA_GROUP', name='transport.enableTmClientBatchSendRequest', type='config', properties={requestClass=ConfigQueryRequest, action=r}}', action='r'}, nacosUser: NacosUser{token='eyJhbGciOiJIUzI1NiJ9.eyJzdWIiOiJuYWNvcyIsImV4cCI6MTc2NTM3MjUzM30.ZWHvarwUb7MawXTqzAB47d2zw0dthZIxu16g8TL2nJ0', globalAdmin=false}

2025-12-10 16:15:33,396 DEBUG auth start, request: ConfigQueryRequest

2025-12-10 16:15:33,397 DEBUG auth permission: Permission{resource='Resource{namespaceId='seata', group='SEATA_GROUP', name='transport.threadFactory.clientWorkerThreadPrefix', type='config', properties={requestClass=ConfigQueryRequest, action=r}}', action='r'}, nacosUser: NacosUser{token='eyJhbGciOiJIUzI1NiJ9.eyJzdWIiOiJuYWNvcyIsImV4cCI6MTc2NTM3MjUzM30.ZWHvarwUb7MawXTqzAB47d2zw0dthZIxu16g8TL2nJ0', globalAdmin=false}

2025-12-10 16:15:33,410 DEBUG auth start, request: ConfigQueryRequest

2025-12-10 16:15:33,411 DEBUG auth permission: Permission{resource='Resource{namespaceId='seata', group='SEATA_GROUP', name='transport.enableTmClientChannelCheckFailFast', type='config', properties={requestClass=ConfigQueryRequest, action=r}}', action='r'}, nacosUser: NacosUser{token='eyJhbGciOiJIUzI1NiJ9.eyJzdWIiOiJuYWNvcyIsImV4cCI6MTc2NTM3MjUzM30.ZWHvarwUb7MawXTqzAB47d2zw0dthZIxu16g8TL2nJ0', globalAdmin=false}

2025-12-10 16:15:33,424 DEBUG auth start, request: ConfigQueryRequest

2025-12-10 16:15:33,425 DEBUG auth permission: Permission{resource='Resource{namespaceId='seata', group='SEATA_GROUP', name='service.vgroupMapping.default_tx_group', type='config', properties={requestClass=ConfigQueryRequest, action=r}}', action='r'}, nacosUser: NacosUser{token='eyJhbGciOiJIUzI1NiJ9.eyJzdWIiOiJuYWNvcyIsImV4cCI6MTc2NTM3MjUzM30.ZWHvarwUb7MawXTqzAB47d2zw0dthZIxu16g8TL2nJ0', globalAdmin=false}

2025-12-10 16:15:37,048 DEBUG auth start, request: PUT /nacos/v1/ns/instance/beat

2025-12-10 16:15:37,049 DEBUG auth permission: Permission{resource='Resource{namespaceId='seata', group='SEATA_GROUP', name='seata-server', type='naming', properties={action=w}}', action='w'}, nacosUser: NacosUser{token='eyJhbGciOiJIUzI1NiJ9.eyJzdWIiOiJuYWNvcyIsImV4cCI6MTc2NTM3MjA4NX0.9y38Mjr5asOVy-ccJ0OHGa68nRSTnNdNQ8rzwjrFcoI', globalAdmin=false}

2025-12-10 16:15:42,058 DEBUG auth start, request: PUT /nacos/v1/ns/instance/beat

2025-12-10 16:15:42,059 DEBUG auth permission: Permission{resource='Resource{namespaceId='seata', group='SEATA_GROUP', name='seata-server', type='naming', properties={action=w}}', action='w'}, nacosUser: NacosUser{token='eyJhbGciOiJIUzI1NiJ9.eyJzdWIiOiJuYWNvcyIsImV4cCI6MTc2NTM3MjA4NX0.9y38Mjr5asOVy-ccJ0OHGa68nRSTnNdNQ8rzwjrFcoI', globalAdmin=false}

2025-12-10 16:15:47,069 DEBUG auth start, request: PUT /nacos/v1/ns/instance/beat

2025-12-10 16:15:47,070 DEBUG auth permission: Permission{resource='Resource{namespaceId='seata', group='SEATA_GROUP', name='seata-server', type='naming', properties={action=w}}', action='w'}, nacosUser: NacosUser{token='eyJhbGciOiJIUzI1NiJ9.eyJzdWIiOiJuYWNvcyIsImV4cCI6MTc2NTM3MjA4NX0.9y38Mjr5asOVy-ccJ0OHGa68nRSTnNdNQ8rzwjrFcoI', globalAdmin=false}

2025-12-10 16:15:52,079 DEBUG auth start, request: PUT /nacos/v1/ns/instance/beat

2025-12-10 16:15:52,080 DEBUG auth permission: Permission{resource='Resource{namespaceId='seata', group='SEATA_GROUP', name='seata-server', type='naming', properties={action=w}}', action='w'}, nacosUser: NacosUser{token='eyJhbGciOiJIUzI1NiJ9.eyJzdWIiOiJuYWNvcyIsImV4cCI6MTc2NTM3MjA4NX0.9y38Mjr5asOVy-ccJ0OHGa68nRSTnNdNQ8rzwjrFcoI', globalAdmin=false}

2025-12-10 16:15:57,091 DEBUG auth start, request: PUT /nacos/v1/ns/instance/beat

2025-12-10 16:15:57,092 DEBUG auth permission: Permission{resource='Resource{namespaceId='seata', group='SEATA_GROUP', name='seata-server', type='naming', properties={action=w}}', action='w'}, nacosUser: NacosUser{token='eyJhbGciOiJIUzI1NiJ9.eyJzdWIiOiJuYWNvcyIsImV4cCI6MTc2NTM3MjA4NX0.9y38Mjr5asOVy-ccJ0OHGa68nRSTnNdNQ8rzwjrFcoI', globalAdmin=false}

2025-12-10 16:16:02,097 DEBUG auth start, request: PUT /nacos/v1/ns/instance/beat

2025-12-10 16:16:02,099 DEBUG auth permission: Permission{resource='Resource{namespaceId='seata', group='SEATA_GROUP', name='seata-server', type='naming', properties={action=w}}', action='w'}, nacosUser: NacosUser{token='eyJhbGciOiJIUzI1NiJ9.eyJzdWIiOiJuYWNvcyIsImV4cCI6MTc2NTM3MjA4NX0.9y38Mjr5asOVy-ccJ0OHGa68nRSTnNdNQ8rzwjrFcoI', globalAdmin=false}

2025-12-10 16:16:07,108 DEBUG auth start, request: PUT /nacos/v1/ns/instance/beat

2025-12-10 16:16:07,109 DEBUG auth permission: Permission{resource='Resource{namespaceId='seata', group='SEATA_GROUP', name='seata-server', type='naming', properties={action=w}}', action='w'}, nacosUser: NacosUser{token='eyJhbGciOiJIUzI1NiJ9.eyJzdWIiOiJuYWNvcyIsImV4cCI6MTc2NTM3MjA4NX0.9y38Mjr5asOVy-ccJ0OHGa68nRSTnNdNQ8rzwjrFcoI', globalAdmin=false}

2025-12-10 16:16:12,136 DEBUG auth start, request: PUT /nacos/v1/ns/instance/beat

2025-12-10 16:16:12,137 DEBUG auth permission: Permission{resource='Resource{namespaceId='seata', group='SEATA_GROUP', name='seata-server', type='naming', properties={action=w}}', action='w'}, nacosUser: NacosUser{token='eyJhbGciOiJIUzI1NiJ9.eyJzdWIiOiJuYWNvcyIsImV4cCI6MTc2NTM3MjA4NX0.9y38Mjr5asOVy-ccJ0OHGa68nRSTnNdNQ8rzwjrFcoI', globalAdmin=false}

2025-12-10 16:16:17,149 DEBUG auth start, request: PUT /nacos/v1/ns/instance/beat

2025-12-10 16:16:17,151 DEBUG auth permission: Permission{resource='Resource{namespaceId='seata', group='SEATA_GROUP', name='seata-server', type='naming', properties={action=w}}', action='w'}, nacosUser: NacosUser{token='eyJhbGciOiJIUzI1NiJ9.eyJzdWIiOiJuYWNvcyIsImV4cCI6MTc2NTM3MjA4NX0.9y38Mjr5asOVy-ccJ0OHGa68nRSTnNdNQ8rzwjrFcoI', globalAdmin=false}

2025-12-10 16:16:22,166 DEBUG auth start, request: PUT /nacos/v1/ns/instance/beat

2025-12-10 16:16:22,168 DEBUG auth permission: Permission{resource='Resource{namespaceId='seata', group='SEATA_GROUP', name='seata-server', type='naming', properties={action=w}}', action='w'}, nacosUser: NacosUser{token='eyJhbGciOiJIUzI1NiJ9.eyJzdWIiOiJuYWNvcyIsImV4cCI6MTc2NTM3MjA4NX0.9y38Mjr5asOVy-ccJ0OHGa68nRSTnNdNQ8rzwjrFcoI', globalAdmin=false}

2025-12-10 16:16:23,664 DEBUG auth start, request: GET /nacos/v1/cs/configs

2025-12-10 16:16:23,665 DEBUG auth permission: Permission{resource='Resource{namespaceId='a4c9af81-3dea-4d7e-9286-686e9d07c015', group='', name='', type='config', properties={action=r}}', action='r'}, nacosUser: NacosUser{token='eyJhbGciOiJIUzI1NiJ9.eyJzdWIiOiJuYWNvcyIsImV4cCI6MTc2NTM3MjExOH0.HBv1U9qCTjJ10YRxhE5WL5K60HeERAI0_tHlo15T_b4', globalAdmin=false}

2025-12-10 16:16:27,181 DEBUG auth start, request: PUT /nacos/v1/ns/instance/beat

2025-12-10 16:16:27,182 DEBUG auth permission: Permission{resource='Resource{namespaceId='seata', group='SEATA_GROUP', name='seata-server', type='naming', properties={action=w}}', action='w'}, nacosUser: NacosUser{token='eyJhbGciOiJIUzI1NiJ9.eyJzdWIiOiJuYWNvcyIsImV4cCI6MTc2NTM3MjA4NX0.9y38Mjr5asOVy-ccJ0OHGa68nRSTnNdNQ8rzwjrFcoI', globalAdmin=false}

2025-12-10 16:16:31,952 DEBUG auth start, request: DELETE /nacos/v1/cs/configs

2025-12-10 16:16:31,954 DEBUG auth permission: Permission{resource='Resource{namespaceId='a4c9af81-3dea-4d7e-9286-686e9d07c015', group='DEFAULT_GROUP', name='seata.properties', type='config', properties={action=w}}', action='w'}, nacosUser: NacosUser{token='eyJhbGciOiJIUzI1NiJ9.eyJzdWIiOiJuYWNvcyIsImV4cCI6MTc2NTM3MjExOH0.HBv1U9qCTjJ10YRxhE5WL5K60HeERAI0_tHlo15T_b4', globalAdmin=false}

2025-12-10 16:16:32,000 DEBUG auth start, request: GET /nacos/v1/cs/configs

2025-12-10 16:16:32,001 DEBUG auth permission: Permission{resource='Resource{namespaceId='a4c9af81-3dea-4d7e-9286-686e9d07c015', group='', name='', type='config', properties={action=r}}', action='r'}, nacosUser: NacosUser{token='eyJhbGciOiJIUzI1NiJ9.eyJzdWIiOiJuYWNvcyIsImV4cCI6MTc2NTM3MjExOH0.HBv1U9qCTjJ10YRxhE5WL5K60HeERAI0_tHlo15T_b4', globalAdmin=false}

2025-12-10 16:16:32,193 DEBUG auth start, request: PUT /nacos/v1/ns/instance/beat

2025-12-10 16:16:32,194 DEBUG auth permission: Permission{resource='Resource{namespaceId='seata', group='SEATA_GROUP', name='seata-server', type='naming', properties={action=w}}', action='w'}, nacosUser: NacosUser{token='eyJhbGciOiJIUzI1NiJ9.eyJzdWIiOiJuYWNvcyIsImV4cCI6MTc2NTM3MjA4NX0.9y38Mjr5asOVy-ccJ0OHGa68nRSTnNdNQ8rzwjrFcoI', globalAdmin=false}

2025-12-10 16:16:37,205 DEBUG auth start, request: PUT /nacos/v1/ns/instance/beat

2025-12-10 16:16:37,206 DEBUG auth permission: Permission{resource='Resource{namespaceId='seata', group='SEATA_GROUP', name='seata-server', type='naming', properties={action=w}}', action='w'}, nacosUser: NacosUser{token='eyJhbGciOiJIUzI1NiJ9.eyJzdWIiOiJuYWNvcyIsImV4cCI6MTc2NTM3MjA4NX0.9y38Mjr5asOVy-ccJ0OHGa68nRSTnNdNQ8rzwjrFcoI', globalAdmin=false}

2025-12-10 16:16:39,764 DEBUG auth start, request: DELETE /nacos/v1/console/namespaces

2025-12-10 16:16:39,765 DEBUG auth permission: Permission{resource='Resource{namespaceId='null', group='null', name='console/namespaces', type='specified', properties={}}', action='w'}, nacosUser: NacosUser{token='eyJhbGciOiJIUzI1NiJ9.eyJzdWIiOiJuYWNvcyIsImV4cCI6MTc2NTM3MjExOH0.HBv1U9qCTjJ10YRxhE5WL5K60HeERAI0_tHlo15T_b4', globalAdmin=false}

2025-12-10 16:16:42,213 DEBUG auth start, request: PUT /nacos/v1/ns/instance/beat

2025-12-10 16:16:42,214 DEBUG auth permission: Permission{resource='Resource{namespaceId='seata', group='SEATA_GROUP', name='seata-server', type='naming', properties={action=w}}', action='w'}, nacosUser: NacosUser{token='eyJhbGciOiJIUzI1NiJ9.eyJzdWIiOiJuYWNvcyIsImV4cCI6MTc2NTM3MjA4NX0.9y38Mjr5asOVy-ccJ0OHGa68nRSTnNdNQ8rzwjrFcoI', globalAdmin=false}

2025-12-10 16:16:47,223 DEBUG auth start, request: PUT /nacos/v1/ns/instance/beat

2025-12-10 16:16:47,224 DEBUG auth permission: Permission{resource='Resource{namespaceId='seata', group='SEATA_GROUP', name='seata-server', type='naming', properties={action=w}}', action='w'}, nacosUser: NacosUser{token='eyJhbGciOiJIUzI1NiJ9.eyJzdWIiOiJuYWNvcyIsImV4cCI6MTc2NTM3MjA4NX0.9y38Mjr5asOVy-ccJ0OHGa68nRSTnNdNQ8rzwjrFcoI', globalAdmin=false}

2025-12-10 16:16:52,130 DEBUG auth start, request: POST /nacos/v1/console/namespaces

2025-12-10 16:16:52,132 DEBUG auth permission: Permission{resource='Resource{namespaceId='null', group='null', name='console/namespaces', type='specified', properties={}}', action='w'}, nacosUser: NacosUser{token='eyJhbGciOiJIUzI1NiJ9.eyJzdWIiOiJuYWNvcyIsImV4cCI6MTc2NTM3MjExOH0.HBv1U9qCTjJ10YRxhE5WL5K60HeERAI0_tHlo15T_b4', globalAdmin=false}

2025-12-10 16:16:52,234 DEBUG auth start, request: PUT /nacos/v1/ns/instance/beat

2025-12-10 16:16:52,235 DEBUG auth permission: Permission{resource='Resource{namespaceId='seata', group='SEATA_GROUP', name='seata-server', type='naming', properties={action=w}}', action='w'}, nacosUser: NacosUser{token='eyJhbGciOiJIUzI1NiJ9.eyJzdWIiOiJuYWNvcyIsImV4cCI6MTc2NTM3MjA4NX0.9y38Mjr5asOVy-ccJ0OHGa68nRSTnNdNQ8rzwjrFcoI', globalAdmin=false}

2025-12-10 16:16:53,913 DEBUG auth start, request: GET /nacos/v1/cs/configs

2025-12-10 16:16:53,914 DEBUG auth permission: Permission{resource='Resource{namespaceId='', group='', name='', type='config', properties={action=r}}', action='r'}, nacosUser: NacosUser{token='eyJhbGciOiJIUzI1NiJ9.eyJzdWIiOiJuYWNvcyIsImV4cCI6MTc2NTM3MjExOH0.HBv1U9qCTjJ10YRxhE5WL5K60HeERAI0_tHlo15T_b4', globalAdmin=false}

2025-12-10 16:16:55,536 DEBUG auth start, request: GET /nacos/v1/cs/configs

2025-12-10 16:16:55,537 DEBUG auth permission: Permission{resource='Resource{namespaceId='SEATA_GROUP', group='', name='', type='config', properties={action=r}}', action='r'}, nacosUser: NacosUser{token='eyJhbGciOiJIUzI1NiJ9.eyJzdWIiOiJuYWNvcyIsImV4cCI6MTc2NTM3MjExOH0.HBv1U9qCTjJ10YRxhE5WL5K60HeERAI0_tHlo15T_b4', globalAdmin=false}

2025-12-10 16:16:57,246 DEBUG auth start, request: PUT /nacos/v1/ns/instance/beat

2025-12-10 16:16:57,247 DEBUG auth permission: Permission{resource='Resource{namespaceId='seata', group='SEATA_GROUP', name='seata-server', type='naming', properties={action=w}}', action='w'}, nacosUser: NacosUser{token='eyJhbGciOiJIUzI1NiJ9.eyJzdWIiOiJuYWNvcyIsImV4cCI6MTc2NTM3MjA4NX0.9y38Mjr5asOVy-ccJ0OHGa68nRSTnNdNQ8rzwjrFcoI', globalAdmin=false}

2025-12-10 16:17:02,255 DEBUG auth start, request: PUT /nacos/v1/ns/instance/beat

2025-12-10 16:17:02,258 DEBUG auth permission: Permission{resource='Resource{namespaceId='seata', group='SEATA_GROUP', name='seata-server', type='naming', properties={action=w}}', action='w'}, nacosUser: NacosUser{token='eyJhbGciOiJIUzI1NiJ9.eyJzdWIiOiJuYWNvcyIsImV4cCI6MTc2NTM3MjA4NX0.9y38Mjr5asOVy-ccJ0OHGa68nRSTnNdNQ8rzwjrFcoI', globalAdmin=false}

2025-12-10 16:17:07,270 DEBUG auth start, request: PUT /nacos/v1/ns/instance/beat

2025-12-10 16:17:07,271 DEBUG auth permission: Permission{resource='Resource{namespaceId='seata', group='SEATA_GROUP', name='seata-server', type='naming', properties={action=w}}', action='w'}, nacosUser: NacosUser{token='eyJhbGciOiJIUzI1NiJ9.eyJzdWIiOiJuYWNvcyIsImV4cCI6MTc2NTM3MjA4NX0.9y38Mjr5asOVy-ccJ0OHGa68nRSTnNdNQ8rzwjrFcoI', globalAdmin=false}

2025-12-10 16:17:12,282 DEBUG auth start, request: PUT /nacos/v1/ns/instance/beat

2025-12-10 16:17:12,285 DEBUG auth permission: Permission{resource='Resource{namespaceId='seata', group='SEATA_GROUP', name='seata-server', type='naming', properties={action=w}}', action='w'}, nacosUser: NacosUser{token='eyJhbGciOiJIUzI1NiJ9.eyJzdWIiOiJuYWNvcyIsImV4cCI6MTc2NTM3MjA4NX0.9y38Mjr5asOVy-ccJ0OHGa68nRSTnNdNQ8rzwjrFcoI', globalAdmin=false}

2025-12-10 16:17:17,299 DEBUG auth start, request: PUT /nacos/v1/ns/instance/beat

2025-12-10 16:17:17,300 DEBUG auth permission: Permission{resource='Resource{namespaceId='seata', group='SEATA_GROUP', name='seata-server', type='naming', properties={action=w}}', action='w'}, nacosUser: NacosUser{token='eyJhbGciOiJIUzI1NiJ9.eyJzdWIiOiJuYWNvcyIsImV4cCI6MTc2NTM3MjA4NX0.9y38Mjr5asOVy-ccJ0OHGa68nRSTnNdNQ8rzwjrFcoI', globalAdmin=false}

2025-12-10 16:17:20,923 DEBUG auth start, request: GET /nacos/v1/cs/configs

2025-12-10 16:17:20,925 DEBUG auth permission: Permission{resource='Resource{namespaceId='SEATA_GROUP', group='DEFAULT_GROUP', name='seata.properties', type='config', properties={action=r}}', action='r'}, nacosUser: NacosUser{token='eyJhbGciOiJIUzI1NiJ9.eyJzdWIiOiJuYWNvcyIsImV4cCI6MTc2NTM3MjExOH0.HBv1U9qCTjJ10YRxhE5WL5K60HeERAI0_tHlo15T_b4', globalAdmin=false}

2025-12-10 16:17:20,946 DEBUG auth start, request: POST /nacos/v1/cs/configs

2025-12-10 16:17:20,947 DEBUG auth permission: Permission{resource='Resource{namespaceId='SEATA_GROUP', group='DEFAULT_GROUP', name='seata.properties', type='config', properties={action=w}}', action='w'}, nacosUser: NacosUser{token='eyJhbGciOiJIUzI1NiJ9.eyJzdWIiOiJuYWNvcyIsImV4cCI6MTc2NTM3MjExOH0.HBv1U9qCTjJ10YRxhE5WL5K60HeERAI0_tHlo15T_b4', globalAdmin=false}

2025-12-10 16:17:21,016 DEBUG auth start, request: GET /nacos/v1/cs/configs

2025-12-10 16:17:21,016 DEBUG auth permission: Permission{resource='Resource{namespaceId='SEATA_GROUP', group='', name='', type='config', properties={action=r}}', action='r'}, nacosUser: NacosUser{token='eyJhbGciOiJIUzI1NiJ9.eyJzdWIiOiJuYWNvcyIsImV4cCI6MTc2NTM3MjExOH0.HBv1U9qCTjJ10YRxhE5WL5K60HeERAI0_tHlo15T_b4', globalAdmin=false}

2025-12-10 16:17:22,311 DEBUG auth start, request: PUT /nacos/v1/ns/instance/beat

2025-12-10 16:17:22,313 DEBUG auth permission: Permission{resource='Resource{namespaceId='seata', group='SEATA_GROUP', name='seata-server', type='naming', properties={action=w}}', action='w'}, nacosUser: NacosUser{token='eyJhbGciOiJIUzI1NiJ9.eyJzdWIiOiJuYWNvcyIsImV4cCI6MTc2NTM3MjA4NX0.9y38Mjr5asOVy-ccJ0OHGa68nRSTnNdNQ8rzwjrFcoI', globalAdmin=false}

2025-12-10 16:17:22,623 DEBUG auth start, request: GET /nacos/v1/cs/configs

2025-12-10 16:17:22,624 DEBUG auth permission: Permission{resource='Resource{namespaceId='seata', group='', name='', type='config', properties={action=r}}', action='r'}, nacosUser: NacosUser{token='eyJhbGciOiJIUzI1NiJ9.eyJzdWIiOiJuYWNvcyIsImV4cCI6MTc2NTM3MjExOH0.HBv1U9qCTjJ10YRxhE5WL5K60HeERAI0_tHlo15T_b4', globalAdmin=false}

2025-12-10 16:17:23,937 DEBUG auth start, request: GET /nacos/v1/cs/configs

2025-12-10 16:17:23,938 DEBUG auth start, request: GET /nacos/v1/cs/configs/listener

2025-12-10 16:17:23,938 DEBUG auth permission: Permission{resource='Resource{namespaceId='seata', group='DEFAULT_GROUP', name='seata.properties', type='config', properties={action=r}}', action='r'}, nacosUser: NacosUser{token='eyJhbGciOiJIUzI1NiJ9.eyJzdWIiOiJuYWNvcyIsImV4cCI6MTc2NTM3MjExOH0.HBv1U9qCTjJ10YRxhE5WL5K60HeERAI0_tHlo15T_b4', globalAdmin=false}

2025-12-10 16:17:23,938 DEBUG auth permission: Permission{resource='Resource{namespaceId='seata', group='DEFAULT_GROUP', name='seata.properties', type='config', properties={action=r}}', action='r'}, nacosUser: NacosUser{token='eyJhbGciOiJIUzI1NiJ9.eyJzdWIiOiJuYWNvcyIsImV4cCI6MTc2NTM3MjExOH0.HBv1U9qCTjJ10YRxhE5WL5K60HeERAI0_tHlo15T_b4', globalAdmin=false}

2025-12-10 16:17:23,948 DEBUG auth start, request: GET /nacos/v1/cs/configs

2025-12-10 16:17:23,949 DEBUG auth permission: Permission{resource='Resource{namespaceId='seata', group='DEFAULT_GROUP', name='seata.properties', type='config', properties={action=r}}', action='r'}, nacosUser: NacosUser{token='eyJhbGciOiJIUzI1NiJ9.eyJzdWIiOiJuYWNvcyIsImV4cCI6MTc2NTM3MjExOH0.HBv1U9qCTjJ10YRxhE5WL5K60HeERAI0_tHlo15T_b4', globalAdmin=false}

2025-12-10 16:17:26,784 DEBUG auth start, request: GET /nacos/v1/cs/configs

2025-12-10 16:17:26,788 DEBUG auth permission: Permission{resource='Resource{namespaceId='seata', group='', name='', type='config', properties={action=r}}', action='r'}, nacosUser: NacosUser{token='eyJhbGciOiJIUzI1NiJ9.eyJzdWIiOiJuYWNvcyIsImV4cCI6MTc2NTM3MjExOH0.HBv1U9qCTjJ10YRxhE5WL5K60HeERAI0_tHlo15T_b4', globalAdmin=false}

2025-12-10 16:17:27,324 DEBUG auth start, request: PUT /nacos/v1/ns/instance/beat

2025-12-10 16:17:27,325 DEBUG auth permission: Permission{resource='Resource{namespaceId='seata', group='SEATA_GROUP', name='seata-server', type='naming', properties={action=w}}', action='w'}, nacosUser: NacosUser{token='eyJhbGciOiJIUzI1NiJ9.eyJzdWIiOiJuYWNvcyIsImV4cCI6MTc2NTM3MjA4NX0.9y38Mjr5asOVy-ccJ0OHGa68nRSTnNdNQ8rzwjrFcoI', globalAdmin=false}

2025-12-10 16:17:27,904 DEBUG auth start, request: GET /nacos/v1/cs/configs

2025-12-10 16:17:27,905 DEBUG auth permission: Permission{resource='Resource{namespaceId='SEATA_GROUP', group='', name='', type='config', properties={action=r}}', action='r'}, nacosUser: NacosUser{token='eyJhbGciOiJIUzI1NiJ9.eyJzdWIiOiJuYWNvcyIsImV4cCI6MTc2NTM3MjExOH0.HBv1U9qCTjJ10YRxhE5WL5K60HeERAI0_tHlo15T_b4', globalAdmin=false}

2025-12-10 16:17:30,184 DEBUG auth start, request: GET /nacos/v1/cs/configs/listener

2025-12-10 16:17:30,184 DEBUG auth start, request: GET /nacos/v1/cs/configs

2025-12-10 16:17:30,186 DEBUG auth permission: Permission{resource='Resource{namespaceId='SEATA_GROUP', group='DEFAULT_GROUP', name='seata.properties', type='config', properties={action=r}}', action='r'}, nacosUser: NacosUser{token='eyJhbGciOiJIUzI1NiJ9.eyJzdWIiOiJuYWNvcyIsImV4cCI6MTc2NTM3MjExOH0.HBv1U9qCTjJ10YRxhE5WL5K60HeERAI0_tHlo15T_b4', globalAdmin=false}

2025-12-10 16:17:30,187 DEBUG auth permission: Permission{resource='Resource{namespaceId='SEATA_GROUP', group='DEFAULT_GROUP', name='seata.properties', type='config', properties={action=r}}', action='r'}, nacosUser: NacosUser{token='eyJhbGciOiJIUzI1NiJ9.eyJzdWIiOiJuYWNvcyIsImV4cCI6MTc2NTM3MjExOH0.HBv1U9qCTjJ10YRxhE5WL5K60HeERAI0_tHlo15T_b4', globalAdmin=false}

2025-12-10 16:17:30,200 DEBUG auth start, request: GET /nacos/v1/cs/configs

2025-12-10 16:17:30,201 DEBUG auth permission: Permission{resource='Resource{namespaceId='SEATA_GROUP', group='DEFAULT_GROUP', name='seata.properties', type='config', properties={action=r}}', action='r'}, nacosUser: NacosUser{token='eyJhbGciOiJIUzI1NiJ9.eyJzdWIiOiJuYWNvcyIsImV4cCI6MTc2NTM3MjExOH0.HBv1U9qCTjJ10YRxhE5WL5K60HeERAI0_tHlo15T_b4', globalAdmin=false}

2025-12-10 16:17:32,334 DEBUG auth start, request: PUT /nacos/v1/ns/instance/beat

2025-12-10 16:17:32,335 DEBUG auth permission: Permission{resource='Resource{namespaceId='seata', group='SEATA_GROUP', name='seata-server', type='naming', properties={action=w}}', action='w'}, nacosUser: NacosUser{token='eyJhbGciOiJIUzI1NiJ9.eyJzdWIiOiJuYWNvcyIsImV4cCI6MTc2NTM3MjA4NX0.9y38Mjr5asOVy-ccJ0OHGa68nRSTnNdNQ8rzwjrFcoI', globalAdmin=false}

2025-12-10 16:17:34,718 DEBUG auth start, request: POST /nacos/v1/cs/configs

2025-12-10 16:17:34,719 DEBUG auth permission: Permission{resource='Resource{namespaceId='SEATA_GROUP', group='DEFAULT_GROUP', name='seata.properties', type='config', properties={action=w}}', action='w'}, nacosUser: NacosUser{token='eyJhbGciOiJIUzI1NiJ9.eyJzdWIiOiJuYWNvcyIsImV4cCI6MTc2NTM3MjExOH0.HBv1U9qCTjJ10YRxhE5WL5K60HeERAI0_tHlo15T_b4', globalAdmin=false}

2025-12-10 16:17:34,753 DEBUG auth start, request: GET /nacos/v1/cs/configs

2025-12-10 16:17:34,753 DEBUG auth permission: Permission{resource='Resource{namespaceId='SEATA_GROUP', group='DEFAULT_GROUP', name='seata.properties', type='config', properties={action=r}}', action='r'}, nacosUser: NacosUser{token='eyJhbGciOiJIUzI1NiJ9.eyJzdWIiOiJuYWNvcyIsImV4cCI6MTc2NTM3MjExOH0.HBv1U9qCTjJ10YRxhE5WL5K60HeERAI0_tHlo15T_b4', globalAdmin=false}

2025-12-10 16:17:37,342 DEBUG auth start, request: PUT /nacos/v1/ns/instance/beat

2025-12-10 16:17:37,343 DEBUG auth permission: Permission{resource='Resource{namespaceId='seata', group='SEATA_GROUP', name='seata-server', type='naming', properties={action=w}}', action='w'}, nacosUser: NacosUser{token='eyJhbGciOiJIUzI1NiJ9.eyJzdWIiOiJuYWNvcyIsImV4cCI6MTc2NTM3MjA4NX0.9y38Mjr5asOVy-ccJ0OHGa68nRSTnNdNQ8rzwjrFcoI', globalAdmin=false}

2025-12-10 16:17:42,352 DEBUG auth start, request: PUT /nacos/v1/ns/instance/beat

2025-12-10 16:17:42,353 DEBUG auth permission: Permission{resource='Resource{namespaceId='seata', group='SEATA_GROUP', name='seata-server', type='naming', properties={action=w}}', action='w'}, nacosUser: NacosUser{token='eyJhbGciOiJIUzI1NiJ9.eyJzdWIiOiJuYWNvcyIsImV4cCI6MTc2NTM3MjA4NX0.9y38Mjr5asOVy-ccJ0OHGa68nRSTnNdNQ8rzwjrFcoI', globalAdmin=false}

2025-12-10 16:17:43,349 DEBUG auth start, request: ConfigQueryRequest

2025-12-10 16:17:43,351 DEBUG auth permission: Permission{resource='Resource{namespaceId='', group='DEFAULT_GROUP', name='base.properties', type='config', properties={requestClass=ConfigQueryRequest, action=r}}', action='r'}, nacosUser: NacosUser{token='eyJhbGciOiJIUzI1NiJ9.eyJzdWIiOiJuYWNvcyIsImV4cCI6MTc2NTM3MjY2Mn0.m7HI0DNwzHJJBG0Ed74g-tkeGPNyCAcyko8rqEpgKgM', globalAdmin=false}

2025-12-10 16:17:45,245 DEBUG auth start, request: ConfigQueryRequest

2025-12-10 16:17:45,246 DEBUG auth permission: Permission{resource='Resource{namespaceId='seata', group='SEATA_GROUP', name='seata.properties', type='config', properties={requestClass=ConfigQueryRequest, action=r}}', action='r'}, nacosUser: NacosUser{token='eyJhbGciOiJIUzI1NiJ9.eyJzdWIiOiJuYWNvcyIsImV4cCI6MTc2NTM3MjY2NX0.4k6Fabg9mSTFjmdok9y5c7lNJVZ1F8haHMPFyazPMZE', globalAdmin=false}

2025-12-10 16:17:45,268 DEBUG auth start, request: ConfigQueryRequest

2025-12-10 16:17:45,269 DEBUG auth permission: Permission{resource='Resource{namespaceId='seata', group='SEATA_GROUP', name='service.disableGlobalTransaction', type='config', properties={requestClass=ConfigQueryRequest, action=r}}', action='r'}, nacosUser: NacosUser{token='eyJhbGciOiJIUzI1NiJ9.eyJzdWIiOiJuYWNvcyIsImV4cCI6MTc2NTM3MjY2NX0.4k6Fabg9mSTFjmdok9y5c7lNJVZ1F8haHMPFyazPMZE', globalAdmin=false}

2025-12-10 16:17:45,273 DEBUG auth start, request: ConfigBatchListenRequest

2025-12-10 16:17:45,274 DEBUG auth permission: Permission{resource='Resource{namespaceId='seata', group='', name='', type='config', properties={requestClass=ConfigBatchListenRequest, action=r}}', action='r'}, nacosUser: NacosUser{token='eyJhbGciOiJIUzI1NiJ9.eyJzdWIiOiJuYWNvcyIsImV4cCI6MTc2NTM3MjY2NX0.4k6Fabg9mSTFjmdok9y5c7lNJVZ1F8haHMPFyazPMZE', globalAdmin=false}

2025-12-10 16:17:45,293 DEBUG auth start, request: ConfigQueryRequest

2025-12-10 16:17:45,293 DEBUG auth start, request: ConfigBatchListenRequest

2025-12-10 16:17:45,294 DEBUG auth permission: Permission{resource='Resource{namespaceId='seata', group='SEATA_GROUP', name='transport.threadFactory.bossThreadPrefix', type='config', properties={requestClass=ConfigQueryRequest, action=r}}', action='r'}, nacosUser: NacosUser{token='eyJhbGciOiJIUzI1NiJ9.eyJzdWIiOiJuYWNvcyIsImV4cCI6MTc2NTM3MjY2NX0.4k6Fabg9mSTFjmdok9y5c7lNJVZ1F8haHMPFyazPMZE', globalAdmin=false}

2025-12-10 16:17:45,294 DEBUG auth permission: Permission{resource='Resource{namespaceId='seata', group='', name='', type='config', properties={requestClass=ConfigBatchListenRequest, action=r}}', action='r'}, nacosUser: NacosUser{token='eyJhbGciOiJIUzI1NiJ9.eyJzdWIiOiJuYWNvcyIsImV4cCI6MTc2NTM3MjY2NX0.4k6Fabg9mSTFjmdok9y5c7lNJVZ1F8haHMPFyazPMZE', globalAdmin=false}

2025-12-10 16:17:45,302 DEBUG auth start, request: ConfigQueryRequest

2025-12-10 16:17:45,302 DEBUG auth start, request: ConfigBatchListenRequest

2025-12-10 16:17:45,302 DEBUG auth permission: Permission{resource='Resource{namespaceId='seata', group='SEATA_GROUP', name='transport.threadFactory.workerThreadPrefix', type='config', properties={requestClass=ConfigQueryRequest, action=r}}', action='r'}, nacosUser: NacosUser{token='eyJhbGciOiJIUzI1NiJ9.eyJzdWIiOiJuYWNvcyIsImV4cCI6MTc2NTM3MjY2NX0.4k6Fabg9mSTFjmdok9y5c7lNJVZ1F8haHMPFyazPMZE', globalAdmin=false}

2025-12-10 16:17:45,302 DEBUG auth permission: Permission{resource='Resource{namespaceId='seata', group='', name='', type='config', properties={requestClass=ConfigBatchListenRequest, action=r}}', action='r'}, nacosUser: NacosUser{token='eyJhbGciOiJIUzI1NiJ9.eyJzdWIiOiJuYWNvcyIsImV4cCI6MTc2NTM3MjY2NX0.4k6Fabg9mSTFjmdok9y5c7lNJVZ1F8haHMPFyazPMZE', globalAdmin=false}

2025-12-10 16:17:45,310 DEBUG auth start, request: ConfigQueryRequest

2025-12-10 16:17:45,310 DEBUG auth start, request: ConfigBatchListenRequest

2025-12-10 16:17:45,310 DEBUG auth permission: Permission{resource='Resource{namespaceId='seata', group='SEATA_GROUP', name='transport.threadFactory.shareBossWorker', type='config', properties={requestClass=ConfigQueryRequest, action=r}}', action='r'}, nacosUser: NacosUser{token='eyJhbGciOiJIUzI1NiJ9.eyJzdWIiOiJuYWNvcyIsImV4cCI6MTc2NTM3MjY2NX0.4k6Fabg9mSTFjmdok9y5c7lNJVZ1F8haHMPFyazPMZE', globalAdmin=false}

2025-12-10 16:17:45,310 DEBUG auth permission: Permission{resource='Resource{namespaceId='seata', group='', name='', type='config', properties={requestClass=ConfigBatchListenRequest, action=r}}', action='r'}, nacosUser: NacosUser{token='eyJhbGciOiJIUzI1NiJ9.eyJzdWIiOiJuYWNvcyIsImV4cCI6MTc2NTM3MjY2NX0.4k6Fabg9mSTFjmdok9y5c7lNJVZ1F8haHMPFyazPMZE', globalAdmin=false}

2025-12-10 16:17:45,319 DEBUG auth start, request: ConfigQueryRequest

2025-12-10 16:17:45,319 DEBUG auth start, request: ConfigBatchListenRequest

2025-12-10 16:17:45,320 DEBUG auth permission: Permission{resource='Resource{namespaceId='seata', group='SEATA_GROUP', name='transport.type', type='config', properties={requestClass=ConfigQueryRequest, action=r}}', action='r'}, nacosUser: NacosUser{token='eyJhbGciOiJIUzI1NiJ9.eyJzdWIiOiJuYWNvcyIsImV4cCI6MTc2NTM3MjY2NX0.4k6Fabg9mSTFjmdok9y5c7lNJVZ1F8haHMPFyazPMZE', globalAdmin=false}

2025-12-10 16:17:45,320 DEBUG auth permission: Permission{resource='Resource{namespaceId='seata', group='', name='', type='config', properties={requestClass=ConfigBatchListenRequest, action=r}}', action='r'}, nacosUser: NacosUser{token='eyJhbGciOiJIUzI1NiJ9.eyJzdWIiOiJuYWNvcyIsImV4cCI6MTc2NTM3MjY2NX0.4k6Fabg9mSTFjmdok9y5c7lNJVZ1F8haHMPFyazPMZE', globalAdmin=false}

2025-12-10 16:17:45,329 DEBUG auth start, request: ConfigBatchListenRequest

2025-12-10 16:17:45,329 DEBUG auth start, request: ConfigQueryRequest

2025-12-10 16:17:45,330 DEBUG auth permission: Permission{resource='Resource{namespaceId='seata', group='', name='', type='config', properties={requestClass=ConfigBatchListenRequest, action=r}}', action='r'}, nacosUser: NacosUser{token='eyJhbGciOiJIUzI1NiJ9.eyJzdWIiOiJuYWNvcyIsImV4cCI6MTc2NTM3MjY2NX0.4k6Fabg9mSTFjmdok9y5c7lNJVZ1F8haHMPFyazPMZE', globalAdmin=false}

2025-12-10 16:17:45,330 DEBUG auth permission: Permission{resource='Resource{namespaceId='seata', group='SEATA_GROUP', name='transport.threadFactory.workerThreadSize', type='config', properties={requestClass=ConfigQueryRequest, action=r}}', action='r'}, nacosUser: NacosUser{token='eyJhbGciOiJIUzI1NiJ9.eyJzdWIiOiJuYWNvcyIsImV4cCI6MTc2NTM3MjY2NX0.4k6Fabg9mSTFjmdok9y5c7lNJVZ1F8haHMPFyazPMZE', globalAdmin=false}

2025-12-10 16:17:45,342 DEBUG auth start, request: ConfigQueryRequest

2025-12-10 16:17:45,343 DEBUG auth permission: Permission{resource='Resource{namespaceId='seata', group='SEATA_GROUP', name='transport.server', type='config', properties={requestClass=ConfigQueryRequest, action=r}}', action='r'}, nacosUser: NacosUser{token='eyJhbGciOiJIUzI1NiJ9.eyJzdWIiOiJuYWNvcyIsImV4cCI6MTc2NTM3MjY2NX0.4k6Fabg9mSTFjmdok9y5c7lNJVZ1F8haHMPFyazPMZE', globalAdmin=false}

2025-12-10 16:17:45,343 DEBUG auth start, request: ConfigBatchListenRequest

2025-12-10 16:17:45,344 DEBUG auth permission: Permission{resource='Resource{namespaceId='seata', group='', name='', type='config', properties={requestClass=ConfigBatchListenRequest, action=r}}', action='r'}, nacosUser: NacosUser{token='eyJhbGciOiJIUzI1NiJ9.eyJzdWIiOiJuYWNvcyIsImV4cCI6MTc2NTM3MjY2NX0.4k6Fabg9mSTFjmdok9y5c7lNJVZ1F8haHMPFyazPMZE', globalAdmin=false}

2025-12-10 16:17:45,359 DEBUG auth start, request: ConfigQueryRequest

2025-12-10 16:17:45,359 DEBUG auth start, request: ConfigBatchListenRequest

2025-12-10 16:17:45,360 DEBUG auth permission: Permission{resource='Resource{namespaceId='seata', group='SEATA_GROUP', name='transport.heartbeat', type='config', properties={requestClass=ConfigQueryRequest, action=r}}', action='r'}, nacosUser: NacosUser{token='eyJhbGciOiJIUzI1NiJ9.eyJzdWIiOiJuYWNvcyIsImV4cCI6MTc2NTM3MjY2NX0.4k6Fabg9mSTFjmdok9y5c7lNJVZ1F8haHMPFyazPMZE', globalAdmin=false}

2025-12-10 16:17:45,360 DEBUG auth permission: Permission{resource='Resource{namespaceId='seata', group='', name='', type='config', properties={requestClass=ConfigBatchListenRequest, action=r}}', action='r'}, nacosUser: NacosUser{token='eyJhbGciOiJIUzI1NiJ9.eyJzdWIiOiJuYWNvcyIsImV4cCI6MTc2NTM3MjY2NX0.4k6Fabg9mSTFjmdok9y5c7lNJVZ1F8haHMPFyazPMZE', globalAdmin=false}

2025-12-10 16:17:45,369 DEBUG auth start, request: ConfigQueryRequest

2025-12-10 16:17:45,369 DEBUG auth start, request: ConfigBatchListenRequest

2025-12-10 16:17:45,370 DEBUG auth permission: Permission{resource='Resource{namespaceId='seata', group='', name='', type='config', properties={requestClass=ConfigBatchListenRequest, action=r}}', action='r'}, nacosUser: NacosUser{token='eyJhbGciOiJIUzI1NiJ9.eyJzdWIiOiJuYWNvcyIsImV4cCI6MTc2NTM3MjY2NX0.4k6Fabg9mSTFjmdok9y5c7lNJVZ1F8haHMPFyazPMZE', globalAdmin=false}

2025-12-10 16:17:45,370 DEBUG auth permission: Permission{resource='Resource{namespaceId='seata', group='SEATA_GROUP', name='transport.rpcRmRequestTimeout', type='config', properties={requestClass=ConfigQueryRequest, action=r}}', action='r'}, nacosUser: NacosUser{token='eyJhbGciOiJIUzI1NiJ9.eyJzdWIiOiJuYWNvcyIsImV4cCI6MTc2NTM3MjY2NX0.4k6Fabg9mSTFjmdok9y5c7lNJVZ1F8haHMPFyazPMZE', globalAdmin=false}

2025-12-10 16:17:45,379 DEBUG auth start, request: ConfigBatchListenRequest

2025-12-10 16:17:45,379 DEBUG auth start, request: ConfigQueryRequest

2025-12-10 16:17:45,380 DEBUG auth permission: Permission{resource='Resource{namespaceId='seata', group='SEATA_GROUP', name='transport.rpcTmRequestTimeout', type='config', properties={requestClass=ConfigQueryRequest, action=r}}', action='r'}, nacosUser: NacosUser{token='eyJhbGciOiJIUzI1NiJ9.eyJzdWIiOiJuYWNvcyIsImV4cCI6MTc2NTM3MjY2NX0.4k6Fabg9mSTFjmdok9y5c7lNJVZ1F8haHMPFyazPMZE', globalAdmin=false}

2025-12-10 16:17:45,380 DEBUG auth permission: Permission{resource='Resource{namespaceId='seata', group='', name='', type='config', properties={requestClass=ConfigBatchListenRequest, action=r}}', action='r'}, nacosUser: NacosUser{token='eyJhbGciOiJIUzI1NiJ9.eyJzdWIiOiJuYWNvcyIsImV4cCI6MTc2NTM3MjY2NX0.4k6Fabg9mSTFjmdok9y5c7lNJVZ1F8haHMPFyazPMZE', globalAdmin=false}

2025-12-10 16:17:45,390 DEBUG auth start, request: ConfigBatchListenRequest

2025-12-10 16:17:45,390 DEBUG auth start, request: ConfigQueryRequest

2025-12-10 16:17:45,390 DEBUG auth permission: Permission{resource='Resource{namespaceId='seata', group='', name='', type='config', properties={requestClass=ConfigBatchListenRequest, action=r}}', action='r'}, nacosUser: NacosUser{token='eyJhbGciOiJIUzI1NiJ9.eyJzdWIiOiJuYWNvcyIsImV4cCI6MTc2NTM3MjY2NX0.4k6Fabg9mSTFjmdok9y5c7lNJVZ1F8haHMPFyazPMZE', globalAdmin=false}

2025-12-10 16:17:45,390 DEBUG auth permission: Permission{resource='Resource{namespaceId='seata', group='SEATA_GROUP', name='transport.enableClientBatchSendRequest', type='config', properties={requestClass=ConfigQueryRequest, action=r}}', action='r'}, nacosUser: NacosUser{token='eyJhbGciOiJIUzI1NiJ9.eyJzdWIiOiJuYWNvcyIsImV4cCI6MTc2NTM3MjY2NX0.4k6Fabg9mSTFjmdok9y5c7lNJVZ1F8haHMPFyazPMZE', globalAdmin=false}

2025-12-10 16:17:45,410 DEBUG auth start, request: ConfigQueryRequest

2025-12-10 16:17:45,410 DEBUG auth start, request: ConfigBatchListenRequest

2025-12-10 16:17:45,410 DEBUG auth permission: Permission{resource='Resource{namespaceId='seata', group='SEATA_GROUP', name='transport.threadFactory.clientSelectorThreadSize', type='config', properties={requestClass=ConfigQueryRequest, action=r}}', action='r'}, nacosUser: NacosUser{token='eyJhbGciOiJIUzI1NiJ9.eyJzdWIiOiJuYWNvcyIsImV4cCI6MTc2NTM3MjY2NX0.4k6Fabg9mSTFjmdok9y5c7lNJVZ1F8haHMPFyazPMZE', globalAdmin=false}

2025-12-10 16:17:45,411 DEBUG auth permission: Permission{resource='Resource{namespaceId='seata', group='', name='', type='config', properties={requestClass=ConfigBatchListenRequest, action=r}}', action='r'}, nacosUser: NacosUser{token='eyJhbGciOiJIUzI1NiJ9.eyJzdWIiOiJuYWNvcyIsImV4cCI6MTc2NTM3MjY2NX0.4k6Fabg9mSTFjmdok9y5c7lNJVZ1F8haHMPFyazPMZE', globalAdmin=false}

2025-12-10 16:17:45,424 DEBUG auth start, request: ConfigQueryRequest

2025-12-10 16:17:45,424 DEBUG auth start, request: ConfigBatchListenRequest

2025-12-10 16:17:45,425 DEBUG auth permission: Permission{resource='Resource{namespaceId='seata', group='SEATA_GROUP', name='transport.threadFactory.clientSelectorThreadPrefix', type='config', properties={requestClass=ConfigQueryRequest, action=r}}', action='r'}, nacosUser: NacosUser{token='eyJhbGciOiJIUzI1NiJ9.eyJzdWIiOiJuYWNvcyIsImV4cCI6MTc2NTM3MjY2NX0.4k6Fabg9mSTFjmdok9y5c7lNJVZ1F8haHMPFyazPMZE', globalAdmin=false}

2025-12-10 16:17:45,425 DEBUG auth permission: Permission{resource='Resource{namespaceId='seata', group='', name='', type='config', properties={requestClass=ConfigBatchListenRequest, action=r}}', action='r'}, nacosUser: NacosUser{token='eyJhbGciOiJIUzI1NiJ9.eyJzdWIiOiJuYWNvcyIsImV4cCI6MTc2NTM3MjY2NX0.4k6Fabg9mSTFjmdok9y5c7lNJVZ1F8haHMPFyazPMZE', globalAdmin=false}

2025-12-10 16:17:45,461 DEBUG auth start, request: ConfigQueryRequest

2025-12-10 16:17:45,461 DEBUG auth start, request: ConfigBatchListenRequest

2025-12-10 16:17:45,461 DEBUG auth permission: Permission{resource='Resource{namespaceId='seata', group='SEATA_GROUP', name='transport.enableTmClientBatchSendRequest', type='config', properties={requestClass=ConfigQueryRequest, action=r}}', action='r'}, nacosUser: NacosUser{token='eyJhbGciOiJIUzI1NiJ9.eyJzdWIiOiJuYWNvcyIsImV4cCI6MTc2NTM3MjY2NX0.4k6Fabg9mSTFjmdok9y5c7lNJVZ1F8haHMPFyazPMZE', globalAdmin=false}

2025-12-10 16:17:45,462 DEBUG auth permission: Permission{resource='Resource{namespaceId='seata', group='', name='', type='config', properties={requestClass=ConfigBatchListenRequest, action=r}}', action='r'}, nacosUser: NacosUser{token='eyJhbGciOiJIUzI1NiJ9.eyJzdWIiOiJuYWNvcyIsImV4cCI6MTc2NTM3MjY2NX0.4k6Fabg9mSTFjmdok9y5c7lNJVZ1F8haHMPFyazPMZE', globalAdmin=false}

2025-12-10 16:17:45,470 DEBUG auth start, request: ConfigQueryRequest

2025-12-10 16:17:45,471 DEBUG auth permission: Permission{resource='Resource{namespaceId='seata', group='SEATA_GROUP', name='transport.threadFactory.clientWorkerThreadPrefix', type='config', properties={requestClass=ConfigQueryRequest, action=r}}', action='r'}, nacosUser: NacosUser{token='eyJhbGciOiJIUzI1NiJ9.eyJzdWIiOiJuYWNvcyIsImV4cCI6MTc2NTM3MjY2NX0.4k6Fabg9mSTFjmdok9y5c7lNJVZ1F8haHMPFyazPMZE', globalAdmin=false}

2025-12-10 16:17:45,483 DEBUG auth start, request: ConfigQueryRequest

2025-12-10 16:17:45,484 DEBUG auth permission: Permission{resource='Resource{namespaceId='seata', group='SEATA_GROUP', name='transport.enableTmClientChannelCheckFailFast', type='config', properties={requestClass=ConfigQueryRequest, action=r}}', action='r'}, nacosUser: NacosUser{token='eyJhbGciOiJIUzI1NiJ9.eyJzdWIiOiJuYWNvcyIsImV4cCI6MTc2NTM3MjY2NX0.4k6Fabg9mSTFjmdok9y5c7lNJVZ1F8haHMPFyazPMZE', globalAdmin=false}

2025-12-10 16:17:45,496 DEBUG auth start, request: ConfigQueryRequest

2025-12-10 16:17:45,497 DEBUG auth permission: Permission{resource='Resource{namespaceId='seata', group='SEATA_GROUP', name='service.vgroupMapping.default_tx_group', type='config', properties={requestClass=ConfigQueryRequest, action=r}}', action='r'}, nacosUser: NacosUser{token='eyJhbGciOiJIUzI1NiJ9.eyJzdWIiOiJuYWNvcyIsImV4cCI6MTc2NTM3MjY2NX0.4k6Fabg9mSTFjmdok9y5c7lNJVZ1F8haHMPFyazPMZE', globalAdmin=false}

2025-12-10 16:17:47,362 DEBUG auth start, request: PUT /nacos/v1/ns/instance/beat

2025-12-10 16:17:47,362 DEBUG auth permission: Permission{resource='Resource{namespaceId='seata', group='SEATA_GROUP', name='seata-server', type='naming', properties={action=w}}', action='w'}, nacosUser: NacosUser{token='eyJhbGciOiJIUzI1NiJ9.eyJzdWIiOiJuYWNvcyIsImV4cCI6MTc2NTM3MjA4NX0.9y38Mjr5asOVy-ccJ0OHGa68nRSTnNdNQ8rzwjrFcoI', globalAdmin=false}

2025-12-10 16:17:52,371 DEBUG auth start, request: PUT /nacos/v1/ns/instance/beat

2025-12-10 16:17:52,372 DEBUG auth permission: Permission{resource='Resource{namespaceId='seata', group='SEATA_GROUP', name='seata-server', type='naming', properties={action=w}}', action='w'}, nacosUser: NacosUser{token='eyJhbGciOiJIUzI1NiJ9.eyJzdWIiOiJuYWNvcyIsImV4cCI6MTc2NTM3MjA4NX0.9y38Mjr5asOVy-ccJ0OHGa68nRSTnNdNQ8rzwjrFcoI', globalAdmin=false}

2025-12-10 16:17:57,381 DEBUG auth start, request: PUT /nacos/v1/ns/instance/beat

2025-12-10 16:17:57,383 DEBUG auth permission: Permission{resource='Resource{namespaceId='seata', group='SEATA_GROUP', name='seata-server', type='naming', properties={action=w}}', action='w'}, nacosUser: NacosUser{token='eyJhbGciOiJIUzI1NiJ9.eyJzdWIiOiJuYWNvcyIsImV4cCI6MTc2NTM3MjA4NX0.9y38Mjr5asOVy-ccJ0OHGa68nRSTnNdNQ8rzwjrFcoI', globalAdmin=false}

2025-12-10 16:18:02,390 DEBUG auth start, request: PUT /nacos/v1/ns/instance/beat

2025-12-10 16:18:02,391 DEBUG auth permission: Permission{resource='Resource{namespaceId='seata', group='SEATA_GROUP', name='seata-server', type='naming', properties={action=w}}', action='w'}, nacosUser: NacosUser{token='eyJhbGciOiJIUzI1NiJ9.eyJzdWIiOiJuYWNvcyIsImV4cCI6MTc2NTM3MjA4NX0.9y38Mjr5asOVy-ccJ0OHGa68nRSTnNdNQ8rzwjrFcoI', globalAdmin=false}

2025-12-10 16:18:07,398 DEBUG auth start, request: PUT /nacos/v1/ns/instance/beat

2025-12-10 16:18:07,401 DEBUG auth permission: Permission{resource='Resource{namespaceId='seata', group='SEATA_GROUP', name='seata-server', type='naming', properties={action=w}}', action='w'}, nacosUser: NacosUser{token='eyJhbGciOiJIUzI1NiJ9.eyJzdWIiOiJuYWNvcyIsImV4cCI6MTc2NTM3MjA4NX0.9y38Mjr5asOVy-ccJ0OHGa68nRSTnNdNQ8rzwjrFcoI', globalAdmin=false}

2025-12-10 16:18:12,409 DEBUG auth start, request: PUT /nacos/v1/ns/instance/beat

2025-12-10 16:18:12,410 DEBUG auth permission: Permission{resource='Resource{namespaceId='seata', group='SEATA_GROUP', name='seata-server', type='naming', properties={action=w}}', action='w'}, nacosUser: NacosUser{token='eyJhbGciOiJIUzI1NiJ9.eyJzdWIiOiJuYWNvcyIsImV4cCI6MTc2NTM3MjA4NX0.9y38Mjr5asOVy-ccJ0OHGa68nRSTnNdNQ8rzwjrFcoI', globalAdmin=false}

2025-12-10 16:18:17,419 DEBUG auth start, request: PUT /nacos/v1/ns/instance/beat

2025-12-10 16:18:17,420 DEBUG auth permission: Permission{resource='Resource{namespaceId='seata', group='SEATA_GROUP', name='seata-server', type='naming', properties={action=w}}', action='w'}, nacosUser: NacosUser{token='eyJhbGciOiJIUzI1NiJ9.eyJzdWIiOiJuYWNvcyIsImV4cCI6MTc2NTM3MjA4NX0.9y38Mjr5asOVy-ccJ0OHGa68nRSTnNdNQ8rzwjrFcoI', globalAdmin=false}

2025-12-10 16:18:22,428 DEBUG auth start, request: PUT /nacos/v1/ns/instance/beat

2025-12-10 16:18:22,429 DEBUG auth permission: Permission{resource='Resource{namespaceId='seata', group='SEATA_GROUP', name='seata-server', type='naming', properties={action=w}}', action='w'}, nacosUser: NacosUser{token='eyJhbGciOiJIUzI1NiJ9.eyJzdWIiOiJuYWNvcyIsImV4cCI6MTc2NTM3MjA4NX0.9y38Mjr5asOVy-ccJ0OHGa68nRSTnNdNQ8rzwjrFcoI', globalAdmin=false}

2025-12-10 16:18:27,440 DEBUG auth start, request: PUT /nacos/v1/ns/instance/beat

2025-12-10 16:18:27,442 DEBUG auth permission: Permission{resource='Resource{namespaceId='seata', group='SEATA_GROUP', name='seata-server', type='naming', properties={action=w}}', action='w'}, nacosUser: NacosUser{token='eyJhbGciOiJIUzI1NiJ9.eyJzdWIiOiJuYWNvcyIsImV4cCI6MTc2NTM3MjA4NX0.9y38Mjr5asOVy-ccJ0OHGa68nRSTnNdNQ8rzwjrFcoI', globalAdmin=false}

2025-12-10 16:18:32,450 DEBUG auth start, request: PUT /nacos/v1/ns/instance/beat

2025-12-10 16:18:32,451 DEBUG auth permission: Permission{resource='Resource{namespaceId='seata', group='SEATA_GROUP', name='seata-server', type='naming', properties={action=w}}', action='w'}, nacosUser: NacosUser{token='eyJhbGciOiJIUzI1NiJ9.eyJzdWIiOiJuYWNvcyIsImV4cCI6MTc2NTM3MjA4NX0.9y38Mjr5asOVy-ccJ0OHGa68nRSTnNdNQ8rzwjrFcoI', globalAdmin=false}

2025-12-10 16:18:37,459 DEBUG auth start, request: PUT /nacos/v1/ns/instance/beat

2025-12-10 16:18:37,460 DEBUG auth permission: Permission{resource='Resource{namespaceId='seata', group='SEATA_GROUP', name='seata-server', type='naming', properties={action=w}}', action='w'}, nacosUser: NacosUser{token='eyJhbGciOiJIUzI1NiJ9.eyJzdWIiOiJuYWNvcyIsImV4cCI6MTc2NTM3MjA4NX0.9y38Mjr5asOVy-ccJ0OHGa68nRSTnNdNQ8rzwjrFcoI', globalAdmin=false}

2025-12-10 16:18:42,472 DEBUG auth start, request: PUT /nacos/v1/ns/instance/beat

2025-12-10 16:18:42,473 DEBUG auth permission: Permission{resource='Resource{namespaceId='seata', group='SEATA_GROUP', name='seata-server', type='naming', properties={action=w}}', action='w'}, nacosUser: NacosUser{token='eyJhbGciOiJIUzI1NiJ9.eyJzdWIiOiJuYWNvcyIsImV4cCI6MTc2NTM3MjA4NX0.9y38Mjr5asOVy-ccJ0OHGa68nRSTnNdNQ8rzwjrFcoI', globalAdmin=false}

2025-12-10 16:18:47,483 DEBUG auth start, request: PUT /nacos/v1/ns/instance/beat

2025-12-10 16:18:47,484 DEBUG auth permission: Permission{resource='Resource{namespaceId='seata', group='SEATA_GROUP', name='seata-server', type='naming', properties={action=w}}', action='w'}, nacosUser: NacosUser{token='eyJhbGciOiJIUzI1NiJ9.eyJzdWIiOiJuYWNvcyIsImV4cCI6MTc2NTM3MjA4NX0.9y38Mjr5asOVy-ccJ0OHGa68nRSTnNdNQ8rzwjrFcoI', globalAdmin=false}

2025-12-10 16:18:52,496 DEBUG auth start, request: PUT /nacos/v1/ns/instance/beat

2025-12-10 16:18:52,497 DEBUG auth permission: Permission{resource='Resource{namespaceId='seata', group='SEATA_GROUP', name='seata-server', type='naming', properties={action=w}}', action='w'}, nacosUser: NacosUser{token='eyJhbGciOiJIUzI1NiJ9.eyJzdWIiOiJuYWNvcyIsImV4cCI6MTc2NTM3MjA4NX0.9y38Mjr5asOVy-ccJ0OHGa68nRSTnNdNQ8rzwjrFcoI', globalAdmin=false}

2025-12-10 16:18:52,734 DEBUG auth start, request: ConfigQueryRequest

2025-12-10 16:18:52,734 DEBUG auth permission: Permission{resource='Resource{namespaceId='', group='DEFAULT_GROUP', name='base.properties', type='config', properties={requestClass=ConfigQueryRequest, action=r}}', action='r'}, nacosUser: NacosUser{token='eyJhbGciOiJIUzI1NiJ9.eyJzdWIiOiJuYWNvcyIsImV4cCI6MTc2NTM3MjczMn0.QVPPTbnQ5-2PTi2rhVtVKduVjaGmGoMLw3-HcCrek8U', globalAdmin=false}

2025-12-10 16:18:57,507 DEBUG auth start, request: PUT /nacos/v1/ns/instance/beat

2025-12-10 16:18:57,509 DEBUG auth permission: Permission{resource='Resource{namespaceId='seata', group='SEATA_GROUP', name='seata-server', type='naming', properties={action=w}}', action='w'}, nacosUser: NacosUser{token='eyJhbGciOiJIUzI1NiJ9.eyJzdWIiOiJuYWNvcyIsImV4cCI6MTc2NTM3MjA4NX0.9y38Mjr5asOVy-ccJ0OHGa68nRSTnNdNQ8rzwjrFcoI', globalAdmin=false}

2025-12-10 16:18:58,113 DEBUG auth start, request: InstanceRequest

2025-12-10 16:18:58,114 DEBUG auth permission: Permission{resource='Resource{namespaceId='public', group='DEFAULT_GROUP', name='base', type='naming', properties={requestClass=InstanceRequest, action=w}}', action='w'}, nacosUser: NacosUser{token='eyJhbGciOiJIUzI1NiJ9.eyJzdWIiOiJuYWNvcyIsImV4cCI6MTc2NTM3MjczOH0.wPHXokhH7Qmi99L5P0g5mffMTwOLKAv9mKRf3y1bqEI', globalAdmin=false}

2025-12-10 16:18:58,164 DEBUG auth start, request: ConfigBatchListenRequest

2025-12-10 16:18:58,165 DEBUG auth permission: Permission{resource='Resource{namespaceId='', group='', name='', type='config', properties={requestClass=ConfigBatchListenRequest, action=r}}', action='r'}, nacosUser: NacosUser{token='eyJhbGciOiJIUzI1NiJ9.eyJzdWIiOiJuYWNvcyIsImV4cCI6MTc2NTM3MjczMn0.QVPPTbnQ5-2PTi2rhVtVKduVjaGmGoMLw3-HcCrek8U', globalAdmin=false}

2025-12-10 16:19:02,516 DEBUG auth start, request: PUT /nacos/v1/ns/instance/beat

2025-12-10 16:19:02,517 DEBUG auth permission: Permission{resource='Resource{namespaceId='seata', group='SEATA_GROUP', name='seata-server', type='naming', properties={action=w}}', action='w'}, nacosUser: NacosUser{token='eyJhbGciOiJIUzI1NiJ9.eyJzdWIiOiJuYWNvcyIsImV4cCI6MTc2NTM3MjA4NX0.9y38Mjr5asOVy-ccJ0OHGa68nRSTnNdNQ8rzwjrFcoI', globalAdmin=false}

2025-12-10 16:19:07,526 DEBUG auth start, request: PUT /nacos/v1/ns/instance/beat

2025-12-10 16:19:07,527 DEBUG auth permission: Permission{resource='Resource{namespaceId='seata', group='SEATA_GROUP', name='seata-server', type='naming', properties={action=w}}', action='w'}, nacosUser: NacosUser{token='eyJhbGciOiJIUzI1NiJ9.eyJzdWIiOiJuYWNvcyIsImV4cCI6MTc2NTM3MjA4NX0.9y38Mjr5asOVy-ccJ0OHGa68nRSTnNdNQ8rzwjrFcoI', globalAdmin=false}

2025-12-10 16:19:12,534 DEBUG auth start, request: PUT /nacos/v1/ns/instance/beat

2025-12-10 16:19:12,535 DEBUG auth permission: Permission{resource='Resource{namespaceId='seata', group='SEATA_GROUP', name='seata-server', type='naming', properties={action=w}}', action='w'}, nacosUser: NacosUser{token='eyJhbGciOiJIUzI1NiJ9.eyJzdWIiOiJuYWNvcyIsImV4cCI6MTc2NTM3MjA4NX0.9y38Mjr5asOVy-ccJ0OHGa68nRSTnNdNQ8rzwjrFcoI', globalAdmin=false}

2025-12-10 16:19:17,544 DEBUG auth start, request: PUT /nacos/v1/ns/instance/beat

2025-12-10 16:19:17,546 DEBUG auth permission: Permission{resource='Resource{namespaceId='seata', group='SEATA_GROUP', name='seata-server', type='naming', properties={action=w}}', action='w'}, nacosUser: NacosUser{token='eyJhbGciOiJIUzI1NiJ9.eyJzdWIiOiJuYWNvcyIsImV4cCI6MTc2NTM3MjA4NX0.9y38Mjr5asOVy-ccJ0OHGa68nRSTnNdNQ8rzwjrFcoI', globalAdmin=false}

2025-12-10 16:19:22,555 DEBUG auth start, request: PUT /nacos/v1/ns/instance/beat

2025-12-10 16:19:22,556 DEBUG auth permission: Permission{resource='Resource{namespaceId='seata', group='SEATA_GROUP', name='seata-server', type='naming', properties={action=w}}', action='w'}, nacosUser: NacosUser{token='eyJhbGciOiJIUzI1NiJ9.eyJzdWIiOiJuYWNvcyIsImV4cCI6MTc2NTM3MjA4NX0.9y38Mjr5asOVy-ccJ0OHGa68nRSTnNdNQ8rzwjrFcoI', globalAdmin=false}

2025-12-10 16:19:27,565 DEBUG auth start, request: PUT /nacos/v1/ns/instance/beat

2025-12-10 16:19:27,566 DEBUG auth permission: Permission{resource='Resource{namespaceId='seata', group='SEATA_GROUP', name='seata-server', type='naming', properties={action=w}}', action='w'}, nacosUser: NacosUser{token='eyJhbGciOiJIUzI1NiJ9.eyJzdWIiOiJuYWNvcyIsImV4cCI6MTc2NTM3MjA4NX0.9y38Mjr5asOVy-ccJ0OHGa68nRSTnNdNQ8rzwjrFcoI', globalAdmin=false}

2025-12-10 16:19:32,574 DEBUG auth start, request: PUT /nacos/v1/ns/instance/beat

2025-12-10 16:19:32,576 DEBUG auth permission: Permission{resource='Resource{namespaceId='seata', group='SEATA_GROUP', name='seata-server', type='naming', properties={action=w}}', action='w'}, nacosUser: NacosUser{token='eyJhbGciOiJIUzI1NiJ9.eyJzdWIiOiJuYWNvcyIsImV4cCI6MTc2NTM3MjA4NX0.9y38Mjr5asOVy-ccJ0OHGa68nRSTnNdNQ8rzwjrFcoI', globalAdmin=false}

2025-12-10 16:19:37,588 DEBUG auth start, request: PUT /nacos/v1/ns/instance/beat

2025-12-10 16:19:37,589 DEBUG auth permission: Permission{resource='Resource{namespaceId='seata', group='SEATA_GROUP', name='seata-server', type='naming', properties={action=w}}', action='w'}, nacosUser: NacosUser{token='eyJhbGciOiJIUzI1NiJ9.eyJzdWIiOiJuYWNvcyIsImV4cCI6MTc2NTM3MjA4NX0.9y38Mjr5asOVy-ccJ0OHGa68nRSTnNdNQ8rzwjrFcoI', globalAdmin=false}

2025-12-10 16:19:42,597 DEBUG auth start, request: PUT /nacos/v1/ns/instance/beat

2025-12-10 16:19:42,598 DEBUG auth permission: Permission{resource='Resource{namespaceId='seata', group='SEATA_GROUP', name='seata-server', type='naming', properties={action=w}}', action='w'}, nacosUser: NacosUser{token='eyJhbGciOiJIUzI1NiJ9.eyJzdWIiOiJuYWNvcyIsImV4cCI6MTc2NTM3MjA4NX0.9y38Mjr5asOVy-ccJ0OHGa68nRSTnNdNQ8rzwjrFcoI', globalAdmin=false}

2025-12-10 16:19:47,607 DEBUG auth start, request: PUT /nacos/v1/ns/instance/beat

2025-12-10 16:19:47,609 DEBUG auth permission: Permission{resource='Resource{namespaceId='seata', group='SEATA_GROUP', name='seata-server', type='naming', properties={action=w}}', action='w'}, nacosUser: NacosUser{token='eyJhbGciOiJIUzI1NiJ9.eyJzdWIiOiJuYWNvcyIsImV4cCI6MTc2NTM3MjA4NX0.9y38Mjr5asOVy-ccJ0OHGa68nRSTnNdNQ8rzwjrFcoI', globalAdmin=false}

2025-12-10 16:19:52,622 DEBUG auth start, request: PUT /nacos/v1/ns/instance/beat

2025-12-10 16:19:52,623 DEBUG auth permission: Permission{resource='Resource{namespaceId='seata', group='SEATA_GROUP', name='seata-server', type='naming', properties={action=w}}', action='w'}, nacosUser: NacosUser{token='eyJhbGciOiJIUzI1NiJ9.eyJzdWIiOiJuYWNvcyIsImV4cCI6MTc2NTM3MjA4NX0.9y38Mjr5asOVy-ccJ0OHGa68nRSTnNdNQ8rzwjrFcoI', globalAdmin=false}

2025-12-10 16:19:57,633 DEBUG auth start, request: PUT /nacos/v1/ns/instance/beat

2025-12-10 16:19:57,636 DEBUG auth permission: Permission{resource='Resource{namespaceId='seata', group='SEATA_GROUP', name='seata-server', type='naming', properties={action=w}}', action='w'}, nacosUser: NacosUser{token='eyJhbGciOiJIUzI1NiJ9.eyJzdWIiOiJuYWNvcyIsImV4cCI6MTc2NTM3MjA4NX0.9y38Mjr5asOVy-ccJ0OHGa68nRSTnNdNQ8rzwjrFcoI', globalAdmin=false}

2025-12-10 16:20:02,645 DEBUG auth start, request: PUT /nacos/v1/ns/instance/beat

2025-12-10 16:20:02,646 DEBUG auth permission: Permission{resource='Resource{namespaceId='seata', group='SEATA_GROUP', name='seata-server', type='naming', properties={action=w}}', action='w'}, nacosUser: NacosUser{token='eyJhbGciOiJIUzI1NiJ9.eyJzdWIiOiJuYWNvcyIsImV4cCI6MTc2NTM3MjA4NX0.9y38Mjr5asOVy-ccJ0OHGa68nRSTnNdNQ8rzwjrFcoI', globalAdmin=false}

2025-12-10 16:20:03,402 DEBUG auth start, request: InstanceRequest

2025-12-10 16:20:03,403 DEBUG auth permission: Permission{resource='Resource{namespaceId='public', group='DEFAULT_GROUP', name='base', type='naming', properties={requestClass=InstanceRequest, action=w}}', action='w'}, nacosUser: NacosUser{token='eyJhbGciOiJIUzI1NiJ9.eyJzdWIiOiJuYWNvcyIsImV4cCI6MTc2NTM3MjczOH0.wPHXokhH7Qmi99L5P0g5mffMTwOLKAv9mKRf3y1bqEI', globalAdmin=false}

2025-12-10 16:20:07,657 DEBUG auth start, request: PUT /nacos/v1/ns/instance/beat

2025-12-10 16:20:07,659 DEBUG auth permission: Permission{resource='Resource{namespaceId='seata', group='SEATA_GROUP', name='seata-server', type='naming', properties={action=w}}', action='w'}, nacosUser: NacosUser{token='eyJhbGciOiJIUzI1NiJ9.eyJzdWIiOiJuYWNvcyIsImV4cCI6MTc2NTM3MjA4NX0.9y38Mjr5asOVy-ccJ0OHGa68nRSTnNdNQ8rzwjrFcoI', globalAdmin=false}

2025-12-10 16:20:12,672 DEBUG auth start, request: PUT /nacos/v1/ns/instance/beat

2025-12-10 16:20:12,675 DEBUG auth permission: Permission{resource='Resource{namespaceId='seata', group='SEATA_GROUP', name='seata-server', type='naming', properties={action=w}}', action='w'}, nacosUser: NacosUser{token='eyJhbGciOiJIUzI1NiJ9.eyJzdWIiOiJuYWNvcyIsImV4cCI6MTc2NTM3MjA4NX0.9y38Mjr5asOVy-ccJ0OHGa68nRSTnNdNQ8rzwjrFcoI', globalAdmin=false}

2025-12-10 16:20:13,281 DEBUG auth start, request: ConfigQueryRequest

2025-12-10 16:20:13,281 DEBUG auth permission: Permission{resource='Resource{namespaceId='', group='DEFAULT_GROUP', name='base.properties', type='config', properties={requestClass=ConfigQueryRequest, action=r}}', action='r'}, nacosUser: NacosUser{token='eyJhbGciOiJIUzI1NiJ9.eyJzdWIiOiJuYWNvcyIsImV4cCI6MTc2NTM3MjgxMn0.pu2XTKWd4jogSyC6X_b1EwejawEUllgBVdLdSqNmWt4', globalAdmin=false}

2025-12-10 16:20:17,343 DEBUG auth start, request: InstanceRequest

2025-12-10 16:20:17,344 DEBUG auth permission: Permission{resource='Resource{namespaceId='public', group='DEFAULT_GROUP', name='base', type='naming', properties={requestClass=InstanceRequest, action=w}}', action='w'}, nacosUser: NacosUser{token='eyJhbGciOiJIUzI1NiJ9.eyJzdWIiOiJuYWNvcyIsImV4cCI6MTc2NTM3MjgxN30.BvcoNtLi-lcx3k-Nh5v3QEtoGXZIWdAwxbPi_-Lazg0', globalAdmin=false}

2025-12-10 16:20:17,384 DEBUG auth start, request: ConfigBatchListenRequest

2025-12-10 16:20:17,384 DEBUG auth permission: Permission{resource='Resource{namespaceId='', group='', name='', type='config', properties={requestClass=ConfigBatchListenRequest, action=r}}', action='r'}, nacosUser: NacosUser{token='eyJhbGciOiJIUzI1NiJ9.eyJzdWIiOiJuYWNvcyIsImV4cCI6MTc2NTM3MjgxMn0.pu2XTKWd4jogSyC6X_b1EwejawEUllgBVdLdSqNmWt4', globalAdmin=false}

2025-12-10 16:20:17,686 DEBUG auth start, request: PUT /nacos/v1/ns/instance/beat

2025-12-10 16:20:17,686 DEBUG auth permission: Permission{resource='Resource{namespaceId='seata', group='SEATA_GROUP', name='seata-server', type='naming', properties={action=w}}', action='w'}, nacosUser: NacosUser{token='eyJhbGciOiJIUzI1NiJ9.eyJzdWIiOiJuYWNvcyIsImV4cCI6MTc2NTM3MjA4NX0.9y38Mjr5asOVy-ccJ0OHGa68nRSTnNdNQ8rzwjrFcoI', globalAdmin=false}

2025-12-10 16:20:22,695 DEBUG auth start, request: PUT /nacos/v1/ns/instance/beat

2025-12-10 16:20:22,696 DEBUG auth permission: Permission{resource='Resource{namespaceId='seata', group='SEATA_GROUP', name='seata-server', type='naming', properties={action=w}}', action='w'}, nacosUser: NacosUser{token='eyJhbGciOiJIUzI1NiJ9.eyJzdWIiOiJuYWNvcyIsImV4cCI6MTc2NTM3MjA4NX0.9y38Mjr5asOVy-ccJ0OHGa68nRSTnNdNQ8rzwjrFcoI', globalAdmin=false}

2025-12-10 16:20:27,706 DEBUG auth start, request: PUT /nacos/v1/ns/instance/beat

2025-12-10 16:20:27,707 DEBUG auth permission: Permission{resource='Resource{namespaceId='seata', group='SEATA_GROUP', name='seata-server', type='naming', properties={action=w}}', action='w'}, nacosUser: NacosUser{token='eyJhbGciOiJIUzI1NiJ9.eyJzdWIiOiJuYWNvcyIsImV4cCI6MTc2NTM3MjA4NX0.9y38Mjr5asOVy-ccJ0OHGa68nRSTnNdNQ8rzwjrFcoI', globalAdmin=false}

2025-12-10 16:20:32,715 DEBUG auth start, request: PUT /nacos/v1/ns/instance/beat

2025-12-10 16:20:32,717 DEBUG auth permission: Permission{resource='Resource{namespaceId='seata', group='SEATA_GROUP', name='seata-server', type='naming', properties={action=w}}', action='w'}, nacosUser: NacosUser{token='eyJhbGciOiJIUzI1NiJ9.eyJzdWIiOiJuYWNvcyIsImV4cCI6MTc2NTM3MjA4NX0.9y38Mjr5asOVy-ccJ0OHGa68nRSTnNdNQ8rzwjrFcoI', globalAdmin=false}

2025-12-10 16:20:37,731 DEBUG auth start, request: PUT /nacos/v1/ns/instance/beat

2025-12-10 16:20:37,732 DEBUG auth permission: Permission{resource='Resource{namespaceId='seata', group='SEATA_GROUP', name='seata-server', type='naming', properties={action=w}}', action='w'}, nacosUser: NacosUser{token='eyJhbGciOiJIUzI1NiJ9.eyJzdWIiOiJuYWNvcyIsImV4cCI6MTc2NTM3MjA4NX0.9y38Mjr5asOVy-ccJ0OHGa68nRSTnNdNQ8rzwjrFcoI', globalAdmin=false}

2025-12-10 16:20:42,742 DEBUG auth start, request: PUT /nacos/v1/ns/instance/beat

2025-12-10 16:20:42,747 DEBUG auth permission: Permission{resource='Resource{namespaceId='seata', group='SEATA_GROUP', name='seata-server', type='naming', properties={action=w}}', action='w'}, nacosUser: NacosUser{token='eyJhbGciOiJIUzI1NiJ9.eyJzdWIiOiJuYWNvcyIsImV4cCI6MTc2NTM3MjA4NX0.9y38Mjr5asOVy-ccJ0OHGa68nRSTnNdNQ8rzwjrFcoI', globalAdmin=false}

2025-12-10 16:20:47,760 DEBUG auth start, request: PUT /nacos/v1/ns/instance/beat

2025-12-10 16:20:47,762 DEBUG auth permission: Permission{resource='Resource{namespaceId='seata', group='SEATA_GROUP', name='seata-server', type='naming', properties={action=w}}', action='w'}, nacosUser: NacosUser{token='eyJhbGciOiJIUzI1NiJ9.eyJzdWIiOiJuYWNvcyIsImV4cCI6MTc2NTM3MjA4NX0.9y38Mjr5asOVy-ccJ0OHGa68nRSTnNdNQ8rzwjrFcoI', globalAdmin=false}

2025-12-10 16:20:52,777 DEBUG auth start, request: PUT /nacos/v1/ns/instance/beat

2025-12-10 16:20:52,779 DEBUG auth permission: Permission{resource='Resource{namespaceId='seata', group='SEATA_GROUP', name='seata-server', type='naming', properties={action=w}}', action='w'}, nacosUser: NacosUser{token='eyJhbGciOiJIUzI1NiJ9.eyJzdWIiOiJuYWNvcyIsImV4cCI6MTc2NTM3MjA4NX0.9y38Mjr5asOVy-ccJ0OHGa68nRSTnNdNQ8rzwjrFcoI', globalAdmin=false}

2025-12-10 16:20:57,788 DEBUG auth start, request: PUT /nacos/v1/ns/instance/beat

2025-12-10 16:20:57,788 DEBUG auth permission: Permission{resource='Resource{namespaceId='seata', group='SEATA_GROUP', name='seata-server', type='naming', properties={action=w}}', action='w'}, nacosUser: NacosUser{token='eyJhbGciOiJIUzI1NiJ9.eyJzdWIiOiJuYWNvcyIsImV4cCI6MTc2NTM3MjA4NX0.9y38Mjr5asOVy-ccJ0OHGa68nRSTnNdNQ8rzwjrFcoI', globalAdmin=false}

2025-12-10 16:21:02,795 DEBUG auth start, request: PUT /nacos/v1/ns/instance/beat

2025-12-10 16:21:02,796 DEBUG auth permission: Permission{resource='Resource{namespaceId='seata', group='SEATA_GROUP', name='seata-server', type='naming', properties={action=w}}', action='w'}, nacosUser: NacosUser{token='eyJhbGciOiJIUzI1NiJ9.eyJzdWIiOiJuYWNvcyIsImV4cCI6MTc2NTM3MjA4NX0.9y38Mjr5asOVy-ccJ0OHGa68nRSTnNdNQ8rzwjrFcoI', globalAdmin=false}

2025-12-10 16:21:07,805 DEBUG auth start, request: PUT /nacos/v1/ns/instance/beat

2025-12-10 16:21:07,806 DEBUG auth permission: Permission{resource='Resource{namespaceId='seata', group='SEATA_GROUP', name='seata-server', type='naming', properties={action=w}}', action='w'}, nacosUser: NacosUser{token='eyJhbGciOiJIUzI1NiJ9.eyJzdWIiOiJuYWNvcyIsImV4cCI6MTc2NTM3MjA4NX0.9y38Mjr5asOVy-ccJ0OHGa68nRSTnNdNQ8rzwjrFcoI', globalAdmin=false}

2025-12-10 16:21:12,815 DEBUG auth start, request: PUT /nacos/v1/ns/instance/beat

2025-12-10 16:21:12,817 DEBUG auth permission: Permission{resource='Resource{namespaceId='seata', group='SEATA_GROUP', name='seata-server', type='naming', properties={action=w}}', action='w'}, nacosUser: NacosUser{token='eyJhbGciOiJIUzI1NiJ9.eyJzdWIiOiJuYWNvcyIsImV4cCI6MTc2NTM3MjA4NX0.9y38Mjr5asOVy-ccJ0OHGa68nRSTnNdNQ8rzwjrFcoI', globalAdmin=false}

2025-12-10 16:21:17,825 DEBUG auth start, request: PUT /nacos/v1/ns/instance/beat

2025-12-10 16:21:17,826 DEBUG auth permission: Permission{resource='Resource{namespaceId='seata', group='SEATA_GROUP', name='seata-server', type='naming', properties={action=w}}', action='w'}, nacosUser: NacosUser{token='eyJhbGciOiJIUzI1NiJ9.eyJzdWIiOiJuYWNvcyIsImV4cCI6MTc2NTM3MjA4NX0.9y38Mjr5asOVy-ccJ0OHGa68nRSTnNdNQ8rzwjrFcoI', globalAdmin=false}

2025-12-10 16:21:22,835 DEBUG auth start, request: PUT /nacos/v1/ns/instance/beat

2025-12-10 16:21:22,836 DEBUG auth permission: Permission{resource='Resource{namespaceId='seata', group='SEATA_GROUP', name='seata-server', type='naming', properties={action=w}}', action='w'}, nacosUser: NacosUser{token='eyJhbGciOiJIUzI1NiJ9.eyJzdWIiOiJuYWNvcyIsImV4cCI6MTc2NTM3MjA4NX0.9y38Mjr5asOVy-ccJ0OHGa68nRSTnNdNQ8rzwjrFcoI', globalAdmin=false}

2025-12-10 16:21:27,846 DEBUG auth start, request: PUT /nacos/v1/ns/instance/beat

2025-12-10 16:21:27,847 DEBUG auth permission: Permission{resource='Resource{namespaceId='seata', group='SEATA_GROUP', name='seata-server', type='naming', properties={action=w}}', action='w'}, nacosUser: NacosUser{token='eyJhbGciOiJIUzI1NiJ9.eyJzdWIiOiJuYWNvcyIsImV4cCI6MTc2NTM3MjA4NX0.9y38Mjr5asOVy-ccJ0OHGa68nRSTnNdNQ8rzwjrFcoI', globalAdmin=false}

2025-12-10 16:21:32,855 DEBUG auth start, request: PUT /nacos/v1/ns/instance/beat

2025-12-10 16:21:32,856 DEBUG auth permission: Permission{resource='Resource{namespaceId='seata', group='SEATA_GROUP', name='seata-server', type='naming', properties={action=w}}', action='w'}, nacosUser: NacosUser{token='eyJhbGciOiJIUzI1NiJ9.eyJzdWIiOiJuYWNvcyIsImV4cCI6MTc2NTM3MjA4NX0.9y38Mjr5asOVy-ccJ0OHGa68nRSTnNdNQ8rzwjrFcoI', globalAdmin=false}

