2025-06-05 10:15:06,208 INFO Starting Nacos v2.5.0 using Java 1.8.0_432 on a6f2a6cec1c3 with PID 1 (/home/nacos/target/nacos-server.jar started by root in /home/nacos)

2025-06-05 10:15:06,211 INFO The following 1 profile is active: "standalone"

2025-06-05 10:15:06,532 INFO Load Nacos package exclude filter success, package prefix com.alibaba.nacos.config.server, filter com.alibaba.nacos.config.server.filter.ConfigEnabledFilter

2025-06-05 10:15:06,533 INFO Load Nacos package exclude filter success, package prefix com.alibaba.nacos.naming, filter com.alibaba.nacos.naming.config.NamingEnabledFilter

2025-06-05 10:15:06,536 INFO Load Nacos package exclude filter success, package prefix com.alibaba.nacos.istio, filter com.alibaba.nacos.istio.config.IstioEnabledFilter

2025-06-05 10:15:06,840 INFO Skip @SpringBootApplication annotation for class com.alibaba.nacos.config.server.Config to avoid duplicate scan

2025-06-05 10:15:07,200 INFO Skip @SpringBootApplication annotation for class com.alibaba.nacos.naming.NamingApp to avoid duplicate scan

2025-06-05 10:15:07,236 INFO Skip @SpringBootApplication annotation for class com.alibaba.nacos.cmdb.CmdbApp to avoid duplicate scan

2025-06-05 10:15:07,267 WARN Istio module disabled because set nacos.extension.naming.istio.enabled as false

2025-06-05 10:15:07,268 WARN Istio module disabled because set nacos.extension.naming.istio.enabled as false

2025-06-05 10:15:07,270 WARN Istio module disabled because set nacos.extension.naming.istio.enabled as false

2025-06-05 10:15:07,270 WARN Istio module disabled because set nacos.extension.naming.istio.enabled as false

2025-06-05 10:15:07,271 WARN Istio module disabled because set nacos.extension.naming.istio.enabled as false

2025-06-05 10:15:07,272 WARN Istio module disabled because set nacos.extension.naming.istio.enabled as false

2025-06-05 10:15:07,273 WARN Istio module disabled because set nacos.extension.naming.istio.enabled as false

2025-06-05 10:15:07,273 WARN Istio module disabled because set nacos.extension.naming.istio.enabled as false

2025-06-05 10:15:07,274 WARN Istio module disabled because set nacos.extension.naming.istio.enabled as false

2025-06-05 10:15:07,276 WARN Istio module disabled because set nacos.extension.naming.istio.enabled as false

2025-06-05 10:15:07,277 WARN Istio module disabled because set nacos.extension.naming.istio.enabled as false

2025-06-05 10:15:07,278 WARN Istio module disabled because set nacos.extension.naming.istio.enabled as false

2025-06-05 10:15:07,278 WARN Istio module disabled because set nacos.extension.naming.istio.enabled as false

2025-06-05 10:15:07,279 WARN Istio module disabled because set nacos.extension.naming.istio.enabled as false

2025-06-05 10:15:07,279 WARN Istio module disabled because set nacos.extension.naming.istio.enabled as false

2025-06-05 10:15:07,280 WARN Istio module disabled because set nacos.extension.naming.istio.enabled as false

2025-06-05 10:15:07,280 WARN Istio module disabled because set nacos.extension.naming.istio.enabled as false

2025-06-05 10:15:07,281 WARN Istio module disabled because set nacos.extension.naming.istio.enabled as false

2025-06-05 10:15:07,282 WARN Istio module disabled because set nacos.extension.naming.istio.enabled as false

2025-06-05 10:15:07,283 WARN Istio module disabled because set nacos.extension.naming.istio.enabled as false

2025-06-05 10:15:07,283 WARN Istio module disabled because set nacos.extension.naming.istio.enabled as false

2025-06-05 10:15:07,284 WARN Istio module disabled because set nacos.extension.naming.istio.enabled as false

2025-06-05 10:15:07,285 WARN Istio module disabled because set nacos.extension.naming.istio.enabled as false

2025-06-05 10:15:07,286 WARN Istio module disabled because set nacos.extension.naming.istio.enabled as false

2025-06-05 10:15:07,286 WARN Istio module disabled because set nacos.extension.naming.istio.enabled as false

2025-06-05 10:15:07,287 INFO Skip @SpringBootApplication annotation for class com.alibaba.nacos.istio.IstioApp to avoid duplicate scan

2025-06-05 10:15:07,288 WARN Istio module disabled because set nacos.extension.naming.istio.enabled as false

2025-06-05 10:15:07,289 WARN Istio module disabled because set nacos.extension.naming.istio.enabled as false

2025-06-05 10:15:07,289 WARN Istio module disabled because set nacos.extension.naming.istio.enabled as false

2025-06-05 10:15:07,290 WARN Istio module disabled because set nacos.extension.naming.istio.enabled as false

2025-06-05 10:15:07,292 WARN Istio module disabled because set nacos.extension.naming.istio.enabled as false

2025-06-05 10:15:07,292 WARN Istio module disabled because set nacos.extension.naming.istio.enabled as false

2025-06-05 10:15:07,293 WARN Istio module disabled because set nacos.extension.naming.istio.enabled as false

2025-06-05 10:15:07,294 WARN Istio module disabled because set nacos.extension.naming.istio.enabled as false

2025-06-05 10:15:07,294 WARN Istio module disabled because set nacos.extension.naming.istio.enabled as false

2025-06-05 10:15:07,295 WARN Istio module disabled because set nacos.extension.naming.istio.enabled as false

2025-06-05 10:15:07,295 WARN Istio module disabled because set nacos.extension.naming.istio.enabled as false

2025-06-05 10:15:08,441 INFO Skip @SpringBootApplication annotation for class com.alibaba.nacos.prometheus.PrometheusApp to avoid duplicate scan

2025-06-05 10:15:11,534 INFO Tomcat initialized with port(s): 8848 (http)

2025-06-05 10:15:11,550 INFO Starting service [Tomcat]

2025-06-05 10:15:11,550 INFO Starting Servlet engine: [Apache Tomcat/9.0.98]

2025-06-05 10:15:11,718 INFO Initializing Spring embedded WebApplicationContext

2025-06-05 10:15:11,718 INFO Root WebApplicationContext: initialization completed in 5362 ms

2025-06-05 10:15:11,784 INFO Not found ServerIdentityChecker implementation from SPI, use default.

2025-06-05 10:15:12,168 INFO Nacos-related cluster resource initialization

2025-06-05 10:15:12,176 INFO Load com.alibaba.nacos.core.ability.RemoteAbilityInitializer for ServerAbilityInitializer

2025-06-05 10:15:12,176 INFO Load com.alibaba.nacos.naming.ability.NamingAbilityInitializer for ServerAbilityInitializer

2025-06-05 10:15:12,181 INFO The cluster resource is initialized

2025-06-05 10:15:12,423 INFO HikariPool-1 - Starting...

2025-06-05 10:15:13,594 ERROR HikariPool-1 - Exception during pool initialization.

com.mysql.cj.jdbc.exceptions.CommunicationsException: Communications link failure

The last packet sent successfully to the server was 0 milliseconds ago. The driver has not received any packets from the server.
	at com.mysql.cj.jdbc.exceptions.SQLError.createCommunicationsException(SQLError.java:174)
	at com.mysql.cj.jdbc.exceptions.SQLExceptionsMapping.translateException(SQLExceptionsMapping.java:64)
	at com.mysql.cj.jdbc.ConnectionImpl.createNewIO(ConnectionImpl.java:815)
	at com.mysql.cj.jdbc.ConnectionImpl.<init>(ConnectionImpl.java:438)
	at com.mysql.cj.jdbc.ConnectionImpl.getInstance(ConnectionImpl.java:241)
	at com.mysql.cj.jdbc.NonRegisteringDriver.connect(NonRegisteringDriver.java:189)
	at com.zaxxer.hikari.util.DriverDataSource.getConnection(DriverDataSource.java:138)
	at com.zaxxer.hikari.pool.PoolBase.newConnection(PoolBase.java:354)
	at com.zaxxer.hikari.pool.PoolBase.newPoolEntry(PoolBase.java:202)
	at com.zaxxer.hikari.pool.HikariPool.createPoolEntry(HikariPool.java:473)
	at com.zaxxer.hikari.pool.HikariPool.checkFailFast(HikariPool.java:554)
	at com.zaxxer.hikari.pool.HikariPool.<init>(HikariPool.java:115)
	at com.zaxxer.hikari.HikariDataSource.getConnection(HikariDataSource.java:112)
	at com.alibaba.nacos.persistence.utils.ConnectionCheckUtil.checkDataSourceConnection(ConnectionCheckUtil.java:34)
	at com.alibaba.nacos.persistence.datasource.ExternalDataSourceServiceImpl.lambda$reload$0(ExternalDataSourceServiceImpl.java:138)
	at com.alibaba.nacos.persistence.datasource.ExternalDataSourceProperties.build(ExternalDataSourceProperties.java:97)
	at com.alibaba.nacos.persistence.datasource.ExternalDataSourceServiceImpl.reload(ExternalDataSourceServiceImpl.java:136)
	at com.alibaba.nacos.persistence.datasource.ExternalDataSourceServiceImpl.init(ExternalDataSourceServiceImpl.java:116)
	at com.alibaba.nacos.persistence.datasource.DynamicDataSource.getDataSource(DynamicDataSource.java:55)
	at com.alibaba.nacos.plugin.auth.impl.persistence.ExternalUserPersistServiceImpl.init(ExternalUserPersistServiceImpl.java:55)
	at sun.reflect.NativeMethodAccessorImpl.invoke0(Native Method)
	at sun.reflect.NativeMethodAccessorImpl.invoke(NativeMethodAccessorImpl.java:62)
	at sun.reflect.DelegatingMethodAccessorImpl.invoke(DelegatingMethodAccessorImpl.java:43)
	at java.lang.reflect.Method.invoke(Method.java:498)
	at org.springframework.beans.factory.annotation.InitDestroyAnnotationBeanPostProcessor$LifecycleElement.invoke(InitDestroyAnnotationBeanPostProcessor.java:389)
	at org.springframework.beans.factory.annotation.InitDestroyAnnotationBeanPostProcessor$LifecycleMetadata.invokeInitMethods(InitDestroyAnnotationBeanPostProcessor.java:333)
	at org.springframework.beans.factory.annotation.InitDestroyAnnotationBeanPostProcessor.postProcessBeforeInitialization(InitDestroyAnnotationBeanPostProcessor.java:157)
	at org.springframework.beans.factory.support.AbstractAutowireCapableBeanFactory.applyBeanPostProcessorsBeforeInitialization(AbstractAutowireCapableBeanFactory.java:440)
	at org.springframework.beans.factory.support.AbstractAutowireCapableBeanFactory.initializeBean(AbstractAutowireCapableBeanFactory.java:1796)
	at org.springframework.beans.factory.support.AbstractAutowireCapableBeanFactory.doCreateBean(AbstractAutowireCapableBeanFactory.java:620)
	at org.springframework.beans.factory.support.AbstractAutowireCapableBeanFactory.createBean(AbstractAutowireCapableBeanFactory.java:542)
	at org.springframework.beans.factory.support.AbstractBeanFactory.lambda$doGetBean$0(AbstractBeanFactory.java:336)
	at org.springframework.beans.factory.support.DefaultSingletonBeanRegistry.getSingleton(DefaultSingletonBeanRegistry.java:234)
	at org.springframework.beans.factory.support.AbstractBeanFactory.doGetBean(AbstractBeanFactory.java:334)
	at org.springframework.beans.factory.support.AbstractBeanFactory.getBean(AbstractBeanFactory.java:209)
	at org.springframework.beans.factory.config.DependencyDescriptor.resolveCandidate(DependencyDescriptor.java:276)
	at org.springframework.beans.factory.support.DefaultListableBeanFactory.doResolveDependency(DefaultListableBeanFactory.java:1391)
	at org.springframework.beans.factory.support.DefaultListableBeanFactory.resolveDependency(DefaultListableBeanFactory.java:1311)
	at org.springframework.beans.factory.annotation.AutowiredAnnotationBeanPostProcessor$AutowiredFieldElement.resolveFieldValue(AutowiredAnnotationBeanPostProcessor.java:710)
	at org.springframework.beans.factory.annotation.AutowiredAnnotationBeanPostProcessor$AutowiredFieldElement.inject(AutowiredAnnotationBeanPostProcessor.java:693)
	at org.springframework.beans.factory.annotation.InjectionMetadata.inject(InjectionMetadata.java:119)
	at org.springframework.beans.factory.annotation.AutowiredAnnotationBeanPostProcessor.postProcessProperties(AutowiredAnnotationBeanPostProcessor.java:408)
	at org.springframework.beans.factory.support.AbstractAutowireCapableBeanFactory.populateBean(AbstractAutowireCapableBeanFactory.java:1431)
	at org.springframework.beans.factory.support.AbstractAutowireCapableBeanFactory.doCreateBean(AbstractAutowireCapableBeanFactory.java:619)
	at org.springframework.beans.factory.support.AbstractAutowireCapableBeanFactory.createBean(AbstractAutowireCapableBeanFactory.java:542)
	at org.springframework.beans.factory.support.AbstractBeanFactory.lambda$doGetBean$0(AbstractBeanFactory.java:336)
	at org.springframework.beans.factory.support.DefaultSingletonBeanRegistry.getSingleton(DefaultSingletonBeanRegistry.java:234)
	at org.springframework.beans.factory.support.AbstractBeanFactory.doGetBean(AbstractBeanFactory.java:334)
	at org.springframework.beans.factory.support.AbstractBeanFactory.getBean(AbstractBeanFactory.java:209)
	at org.springframework.beans.factory.config.DependencyDescriptor.resolveCandidate(DependencyDescriptor.java:276)
	at org.springframework.beans.factory.support.DefaultListableBeanFactory.doResolveDependency(DefaultListableBeanFactory.java:1391)
	at org.springframework.beans.factory.support.DefaultListableBeanFactory.resolveDependency(DefaultListableBeanFactory.java:1311)
	at org.springframework.beans.factory.support.ConstructorResolver.resolveAutowiredArgument(ConstructorResolver.java:904)
	at org.springframework.beans.factory.support.ConstructorResolver.createArgumentArray(ConstructorResolver.java:781)
	at org.springframework.beans.factory.support.ConstructorResolver.autowireConstructor(ConstructorResolver.java:220)
	at org.springframework.beans.factory.support.AbstractAutowireCapableBeanFactory.autowireConstructor(AbstractAutowireCapableBeanFactory.java:1372)
	at org.springframework.beans.factory.support.AbstractAutowireCapableBeanFactory.createBeanInstance(AbstractAutowireCapableBeanFactory.java:1222)
	at org.springframework.beans.factory.support.AbstractAutowireCapableBeanFactory.doCreateBean(AbstractAutowireCapableBeanFactory.java:582)
	at org.springframework.beans.factory.support.AbstractAutowireCapableBeanFactory.createBean(AbstractAutowireCapableBeanFactory.java:542)
	at org.springframework.beans.factory.support.AbstractBeanFactory.lambda$doGetBean$0(AbstractBeanFactory.java:336)
	at org.springframework.beans.factory.support.DefaultSingletonBeanRegistry.getSingleton(DefaultSingletonBeanRegistry.java:234)
	at org.springframework.beans.factory.support.AbstractBeanFactory.doGetBean(AbstractBeanFactory.java:334)
	at org.springframework.beans.factory.support.AbstractBeanFactory.getBean(AbstractBeanFactory.java:209)
	at org.springframework.beans.factory.support.ConstructorResolver.instantiateUsingFactoryMethod(ConstructorResolver.java:401)
	at org.springframework.beans.factory.support.AbstractAutowireCapableBeanFactory.instantiateUsingFactoryMethod(AbstractAutowireCapableBeanFactory.java:1352)
	at org.springframework.beans.factory.support.AbstractAutowireCapableBeanFactory.createBeanInstance(AbstractAutowireCapableBeanFactory.java:1195)
	at org.springframework.beans.factory.support.AbstractAutowireCapableBeanFactory.doCreateBean(AbstractAutowireCapableBeanFactory.java:582)
	at org.springframework.beans.factory.support.AbstractAutowireCapableBeanFactory.createBean(AbstractAutowireCapableBeanFactory.java:542)
	at org.springframework.beans.factory.support.AbstractBeanFactory.lambda$doGetBean$0(AbstractBeanFactory.java:336)
	at org.springframework.beans.factory.support.DefaultSingletonBeanRegistry.getSingleton(DefaultSingletonBeanRegistry.java:234)
	at org.springframework.beans.factory.support.AbstractBeanFactory.doGetBean(AbstractBeanFactory.java:334)
	at org.springframework.beans.factory.support.AbstractBeanFactory.getBean(AbstractBeanFactory.java:209)
	at org.springframework.beans.factory.config.DependencyDescriptor.resolveCandidate(DependencyDescriptor.java:276)
	at org.springframework.beans.factory.support.DefaultListableBeanFactory.doResolveDependency(DefaultListableBeanFactory.java:1391)
	at org.springframework.beans.factory.support.DefaultListableBeanFactory.resolveDependency(DefaultListableBeanFactory.java:1311)
	at org.springframework.beans.factory.support.ConstructorResolver.resolveAutowiredArgument(ConstructorResolver.java:904)
	at org.springframework.beans.factory.support.ConstructorResolver.createArgumentArray(ConstructorResolver.java:781)
	at org.springframework.beans.factory.support.ConstructorResolver.instantiateUsingFactoryMethod(ConstructorResolver.java:532)
	at org.springframework.beans.factory.support.AbstractAutowireCapableBeanFactory.instantiateUsingFactoryMethod(AbstractAutowireCapableBeanFactory.java:1352)
	at org.springframework.beans.factory.support.AbstractAutowireCapableBeanFactory.createBeanInstance(AbstractAutowireCapableBeanFactory.java:1195)
	at org.springframework.beans.factory.support.AbstractAutowireCapableBeanFactory.doCreateBean(AbstractAutowireCapableBeanFactory.java:582)
	at org.springframework.beans.factory.support.AbstractAutowireCapableBeanFactory.createBean(AbstractAutowireCapableBeanFactory.java:542)
	at org.springframework.beans.factory.support.AbstractBeanFactory.lambda$doGetBean$0(AbstractBeanFactory.java:336)
	at org.springframework.beans.factory.support.DefaultSingletonBeanRegistry.getSingleton(DefaultSingletonBeanRegistry.java:234)
	at org.springframework.beans.factory.support.AbstractBeanFactory.doGetBean(AbstractBeanFactory.java:334)
	at org.springframework.beans.factory.support.AbstractBeanFactory.getBean(AbstractBeanFactory.java:214)
	at org.springframework.boot.web.servlet.ServletContextInitializerBeans.getOrderedBeansOfType(ServletContextInitializerBeans.java:213)
	at org.springframework.boot.web.servlet.ServletContextInitializerBeans.getOrderedBeansOfType(ServletContextInitializerBeans.java:204)
	at org.springframework.boot.web.servlet.ServletContextInitializerBeans.addServletContextInitializerBeans(ServletContextInitializerBeans.java:98)
	at org.springframework.boot.web.servlet.ServletContextInitializerBeans.<init>(ServletContextInitializerBeans.java:86)
	at org.springframework.boot.web.servlet.context.ServletWebServerApplicationContext.getServletContextInitializerBeans(ServletWebServerApplicationContext.java:262)
	at org.springframework.boot.web.servlet.context.ServletWebServerApplicationContext.selfInitialize(ServletWebServerApplicationContext.java:236)
	at org.springframework.boot.web.embedded.tomcat.TomcatStarter.onStartup(TomcatStarter.java:53)
	at org.apache.catalina.core.StandardContext.startInternal(StandardContext.java:4450)
	at org.apache.catalina.util.LifecycleBase.start(LifecycleBase.java:164)
	at org.apache.catalina.core.ContainerBase$StartChild.call(ContainerBase.java:1203)
	at org.apache.catalina.core.ContainerBase$StartChild.call(ContainerBase.java:1193)
	at java.util.concurrent.FutureTask.run(FutureTask.java:266)
	at org.apache.tomcat.util.threads.InlineExecutorService.execute(InlineExecutorService.java:75)
	at java.util.concurrent.AbstractExecutorService.submit(AbstractExecutorService.java:134)
	at org.apache.catalina.core.ContainerBase.startInternal(ContainerBase.java:749)
	at org.apache.catalina.core.StandardHost.startInternal(StandardHost.java:721)
	at org.apache.catalina.util.LifecycleBase.start(LifecycleBase.java:164)
	at org.apache.catalina.core.ContainerBase$StartChild.call(ContainerBase.java:1203)
	at org.apache.catalina.core.ContainerBase$StartChild.call(ContainerBase.java:1193)
	at java.util.concurrent.FutureTask.run(FutureTask.java:266)
	at org.apache.tomcat.util.threads.InlineExecutorService.execute(InlineExecutorService.java:75)
	at java.util.concurrent.AbstractExecutorService.submit(AbstractExecutorService.java:134)
	at org.apache.catalina.core.ContainerBase.startInternal(ContainerBase.java:749)
	at org.apache.catalina.core.StandardEngine.startInternal(StandardEngine.java:211)
	at org.apache.catalina.util.LifecycleBase.start(LifecycleBase.java:164)
	at org.apache.catalina.core.StandardService.startInternal(StandardService.java:415)
	at org.apache.catalina.util.LifecycleBase.start(LifecycleBase.java:164)
	at org.apache.catalina.core.StandardServer.startInternal(StandardServer.java:874)
	at org.apache.catalina.util.LifecycleBase.start(LifecycleBase.java:164)
	at org.apache.catalina.startup.Tomcat.start(Tomcat.java:438)
	at org.springframework.boot.web.embedded.tomcat.TomcatWebServer.initialize(TomcatWebServer.java:123)
	at org.springframework.boot.web.embedded.tomcat.TomcatWebServer.<init>(TomcatWebServer.java:104)
	at org.springframework.boot.web.embedded.tomcat.TomcatServletWebServerFactory.getTomcatWebServer(TomcatServletWebServerFactory.java:481)
	at org.springframework.boot.web.embedded.tomcat.TomcatServletWebServerFactory.getWebServer(TomcatServletWebServerFactory.java:211)
	at org.springframework.boot.web.servlet.context.ServletWebServerApplicationContext.createWebServer(ServletWebServerApplicationContext.java:184)
	at org.springframework.boot.web.servlet.context.ServletWebServerApplicationContext.onRefresh(ServletWebServerApplicationContext.java:162)
	at org.springframework.context.support.AbstractApplicationContext.refresh(AbstractApplicationContext.java:585)
	at org.springframework.boot.web.servlet.context.ServletWebServerApplicationContext.refresh(ServletWebServerApplicationContext.java:147)
	at org.springframework.boot.SpringApplication.refresh(SpringApplication.java:732)
	at org.springframework.boot.SpringApplication.refreshContext(SpringApplication.java:409)
	at org.springframework.boot.SpringApplication.run(SpringApplication.java:308)
	at org.springframework.boot.SpringApplication.run(SpringApplication.java:1300)
	at org.springframework.boot.SpringApplication.run(SpringApplication.java:1289)
	at com.alibaba.nacos.Nacos.main(Nacos.java:46)
	at sun.reflect.NativeMethodAccessorImpl.invoke0(Native Method)
	at sun.reflect.NativeMethodAccessorImpl.invoke(NativeMethodAccessorImpl.java:62)
	at sun.reflect.DelegatingMethodAccessorImpl.invoke(DelegatingMethodAccessorImpl.java:43)
	at java.lang.reflect.Method.invoke(Method.java:498)
	at org.springframework.boot.loader.MainMethodRunner.run(MainMethodRunner.java:49)
	at org.springframework.boot.loader.Launcher.launch(Launcher.java:108)
	at org.springframework.boot.loader.Launcher.launch(Launcher.java:58)
	at org.springframework.boot.loader.PropertiesLauncher.main(PropertiesLauncher.java:467)
Caused by: com.mysql.cj.exceptions.CJCommunicationsException: Communications link failure

The last packet sent successfully to the server was 0 milliseconds ago. The driver has not received any packets from the server.
	at sun.reflect.NativeConstructorAccessorImpl.newInstance0(Native Method)
	at sun.reflect.NativeConstructorAccessorImpl.newInstance(NativeConstructorAccessorImpl.java:62)
	at sun.reflect.DelegatingConstructorAccessorImpl.newInstance(DelegatingConstructorAccessorImpl.java:45)
	at java.lang.reflect.Constructor.newInstance(Constructor.java:423)
	at com.mysql.cj.exceptions.ExceptionFactory.createException(ExceptionFactory.java:61)
	at com.mysql.cj.exceptions.ExceptionFactory.createException(ExceptionFactory.java:104)
	at com.mysql.cj.exceptions.ExceptionFactory.createException(ExceptionFactory.java:149)
	at com.mysql.cj.exceptions.ExceptionFactory.createCommunicationsException(ExceptionFactory.java:165)
	at com.mysql.cj.protocol.a.NativeSocketConnection.connect(NativeSocketConnection.java:88)
	at com.mysql.cj.NativeSession.connect(NativeSession.java:120)
	at com.mysql.cj.jdbc.ConnectionImpl.connectOneTryOnly(ConnectionImpl.java:935)
	at com.mysql.cj.jdbc.ConnectionImpl.createNewIO(ConnectionImpl.java:805)
	... 135 common frames omitted
Caused by: java.net.UnknownHostException: mysql: Name does not resolve
	at java.net.Inet6AddressImpl.lookupAllHostAddr(Native Method)
	at java.net.InetAddress$2.lookupAllHostAddr(InetAddress.java:868)
	at java.net.InetAddress.getAddressesFromNameService(InetAddress.java:1303)
	at java.net.InetAddress$NameServiceAddresses.get(InetAddress.java:816)
	at java.net.InetAddress.getAllByName0(InetAddress.java:1292)
	at java.net.InetAddress.getAllByName(InetAddress.java:1145)
	at java.net.InetAddress.getAllByName(InetAddress.java:1066)
	at com.mysql.cj.protocol.StandardSocketFactory.connect(StandardSocketFactory.java:130)
	at com.mysql.cj.protocol.a.NativeSocketConnection.connect(NativeSocketConnection.java:62)
	... 138 common frames omitted
2025-06-05 10:15:13,609 ERROR Error starting Tomcat context. Exception: org.springframework.beans.factory.UnsatisfiedDependencyException. Message: Error creating bean with name 'basicAuthenticationFilter' defined in class path resource [com/alibaba/nacos/prometheus/filter/PrometheusAuthFilter.class]: Unsatisfied dependency expressed through method 'basicAuthenticationFilter' parameter 0; nested exception is org.springframework.beans.factory.UnsatisfiedDependencyException: Error creating bean with name 'nacosAuthConfig' defined in URL [jar:file:/home/nacos/target/nacos-server.jar!/BOOT-INF/lib/default-auth-plugin-2.5.0.jar!/com/alibaba/nacos/plugin/auth/impl/NacosAuthConfig.class]: Unsatisfied dependency expressed through constructor parameter 3; nested exception is org.springframework.beans.factory.UnsatisfiedDependencyException: Error creating bean with name 'nacosUserDetailsServiceImpl': Unsatisfied dependency expressed through field 'userPersistService'; nested exception is org.springframework.beans.factory.BeanCreationException: Error creating bean with name 'externalUserPersistServiceImpl': Invocation of init method failed; nested exception is java.lang.RuntimeException: java.lang.RuntimeException: [db-load-error]load jdbc.properties error

2025-06-05 10:15:13,663 INFO Stopping service [Tomcat]

2025-06-05 10:15:13,689 WARN The web application [nacos] appears to have started a thread named [nacos.publisher-com.alibaba.nacos.common.event.ServerConfigChangeEvent] but has failed to stop it. This is very likely to create a memory leak. Stack trace of thread:
 sun.misc.Unsafe.park(Native Method)
 java.util.concurrent.locks.LockSupport.park(LockSupport.java:175)
 java.util.concurrent.locks.AbstractQueuedSynchronizer$ConditionObject.await(AbstractQueuedSynchronizer.java:2039)
 java.util.concurrent.ArrayBlockingQueue.take(ArrayBlockingQueue.java:403)
 com.alibaba.nacos.common.notify.DefaultPublisher.openEventHandler(DefaultPublisher.java:111)
 com.alibaba.nacos.common.notify.DefaultPublisher.run(DefaultPublisher.java:95)

2025-06-05 10:15:13,690 WARN The web application [nacos] appears to have started a thread named [nacos-http-async-client.0] but has failed to stop it. This is very likely to create a memory leak. Stack trace of thread:
 sun.nio.ch.EPollArrayWrapper.epollWait(Native Method)
 sun.nio.ch.EPollArrayWrapper.poll(EPollArrayWrapper.java:269)
 sun.nio.ch.EPollSelectorImpl.doSelect(EPollSelectorImpl.java:93)
 sun.nio.ch.SelectorImpl.lockAndDoSelect(SelectorImpl.java:86)
 sun.nio.ch.SelectorImpl.select(SelectorImpl.java:97)
 org.apache.http.impl.nio.reactor.AbstractMultiworkerIOReactor.execute(AbstractMultiworkerIOReactor.java:343)
 org.apache.http.impl.nio.conn.PoolingNHttpClientConnectionManager.execute(PoolingNHttpClientConnectionManager.java:221)
 org.apache.http.impl.nio.client.CloseableHttpAsyncClientBase$1.run(CloseableHttpAsyncClientBase.java:64)
 java.lang.Thread.run(Thread.java:750)

2025-06-05 10:15:13,691 WARN The web application [nacos] appears to have started a thread named [nacos.publisher-com.alibaba.nacos.core.cluster.MembersChangeEvent] but has failed to stop it. This is very likely to create a memory leak. Stack trace of thread:
 sun.misc.Unsafe.park(Native Method)
 java.util.concurrent.locks.LockSupport.park(LockSupport.java:175)
 java.util.concurrent.locks.AbstractQueuedSynchronizer$ConditionObject.await(AbstractQueuedSynchronizer.java:2039)
 java.util.concurrent.ArrayBlockingQueue.take(ArrayBlockingQueue.java:403)
 com.alibaba.nacos.common.notify.DefaultPublisher.openEventHandler(DefaultPublisher.java:111)
 com.alibaba.nacos.common.notify.DefaultPublisher.run(DefaultPublisher.java:95)

2025-06-05 10:15:13,693 WARN The web application [nacos] appears to have started a thread named [nacos-http-async-client#I/O Reactor.0] but has failed to stop it. This is very likely to create a memory leak. Stack trace of thread:
 sun.nio.ch.EPollArrayWrapper.epollWait(Native Method)
 sun.nio.ch.EPollArrayWrapper.poll(EPollArrayWrapper.java:269)
 sun.nio.ch.EPollSelectorImpl.doSelect(EPollSelectorImpl.java:93)
 sun.nio.ch.SelectorImpl.lockAndDoSelect(SelectorImpl.java:86)
 sun.nio.ch.SelectorImpl.select(SelectorImpl.java:97)
 org.apache.http.impl.nio.reactor.AbstractIOReactor.execute(AbstractIOReactor.java:255)
 org.apache.http.impl.nio.reactor.BaseIOReactor.execute(BaseIOReactor.java:104)
 org.apache.http.impl.nio.reactor.AbstractMultiworkerIOReactor$Worker.run(AbstractMultiworkerIOReactor.java:591)
 java.lang.Thread.run(Thread.java:750)

2025-06-05 10:15:13,700 WARN The web application [nacos] appears to have started a thread named [nacos-http-async-client#I/O Reactor.1] but has failed to stop it. This is very likely to create a memory leak. Stack trace of thread:
 sun.nio.ch.EPollArrayWrapper.epollWait(Native Method)
 sun.nio.ch.EPollArrayWrapper.poll(EPollArrayWrapper.java:269)
 sun.nio.ch.EPollSelectorImpl.doSelect(EPollSelectorImpl.java:93)
 sun.nio.ch.SelectorImpl.lockAndDoSelect(SelectorImpl.java:86)
 sun.nio.ch.SelectorImpl.select(SelectorImpl.java:97)
 org.apache.http.impl.nio.reactor.AbstractIOReactor.execute(AbstractIOReactor.java:255)
 org.apache.http.impl.nio.reactor.BaseIOReactor.execute(BaseIOReactor.java:104)
 org.apache.http.impl.nio.reactor.AbstractMultiworkerIOReactor$Worker.run(AbstractMultiworkerIOReactor.java:591)
 java.lang.Thread.run(Thread.java:750)

2025-06-05 10:15:13,703 WARN The web application [nacos] appears to have started a thread named [nacos-http-async-client#I/O Reactor.2] but has failed to stop it. This is very likely to create a memory leak. Stack trace of thread:
 sun.nio.ch.EPollArrayWrapper.epollWait(Native Method)
 sun.nio.ch.EPollArrayWrapper.poll(EPollArrayWrapper.java:269)
 sun.nio.ch.EPollSelectorImpl.doSelect(EPollSelectorImpl.java:93)
 sun.nio.ch.SelectorImpl.lockAndDoSelect(SelectorImpl.java:86)
 sun.nio.ch.SelectorImpl.select(SelectorImpl.java:97)
 org.apache.http.impl.nio.reactor.AbstractIOReactor.execute(AbstractIOReactor.java:255)
 org.apache.http.impl.nio.reactor.BaseIOReactor.execute(BaseIOReactor.java:104)
 org.apache.http.impl.nio.reactor.AbstractMultiworkerIOReactor$Worker.run(AbstractMultiworkerIOReactor.java:591)
 java.lang.Thread.run(Thread.java:750)

2025-06-05 10:15:13,705 WARN The web application [nacos] appears to have started a thread named [nacos-http-async-client#I/O Reactor.3] but has failed to stop it. This is very likely to create a memory leak. Stack trace of thread:
 sun.nio.ch.EPollArrayWrapper.epollWait(Native Method)
 sun.nio.ch.EPollArrayWrapper.poll(EPollArrayWrapper.java:269)
 sun.nio.ch.EPollSelectorImpl.doSelect(EPollSelectorImpl.java:93)
 sun.nio.ch.SelectorImpl.lockAndDoSelect(SelectorImpl.java:86)
 sun.nio.ch.SelectorImpl.select(SelectorImpl.java:97)
 org.apache.http.impl.nio.reactor.AbstractIOReactor.execute(AbstractIOReactor.java:255)
 org.apache.http.impl.nio.reactor.BaseIOReactor.execute(BaseIOReactor.java:104)
 org.apache.http.impl.nio.reactor.AbstractMultiworkerIOReactor$Worker.run(AbstractMultiworkerIOReactor.java:591)
 java.lang.Thread.run(Thread.java:750)

2025-06-05 10:15:13,709 WARN The web application [nacos] appears to have started a thread named [com.alibaba.nacos.core.distributed.distro.task.delay.DistroDelayTaskExecuteEngine.0] but has failed to stop it. This is very likely to create a memory leak. Stack trace of thread:
 sun.misc.Unsafe.park(Native Method)
 java.util.concurrent.locks.LockSupport.parkNanos(LockSupport.java:215)
 java.util.concurrent.locks.AbstractQueuedSynchronizer$ConditionObject.awaitNanos(AbstractQueuedSynchronizer.java:2078)
 java.util.concurrent.ScheduledThreadPoolExecutor$DelayedWorkQueue.take(ScheduledThreadPoolExecutor.java:1093)
 java.util.concurrent.ScheduledThreadPoolExecutor$DelayedWorkQueue.take(ScheduledThreadPoolExecutor.java:809)
 java.util.concurrent.ThreadPoolExecutor.getTask(ThreadPoolExecutor.java:1074)
 java.util.concurrent.ThreadPoolExecutor.runWorker(ThreadPoolExecutor.java:1134)
 java.util.concurrent.ThreadPoolExecutor$Worker.run(ThreadPoolExecutor.java:624)
 java.lang.Thread.run(Thread.java:750)

2025-06-05 10:15:13,711 WARN The web application [nacos] appears to have started a thread named [DistroExecuteTaskExecuteEngine_0%4] but has failed to stop it. This is very likely to create a memory leak. Stack trace of thread:
 sun.misc.Unsafe.park(Native Method)
 java.util.concurrent.locks.LockSupport.park(LockSupport.java:175)
 java.util.concurrent.locks.AbstractQueuedSynchronizer$ConditionObject.await(AbstractQueuedSynchronizer.java:2039)
 java.util.concurrent.ArrayBlockingQueue.take(ArrayBlockingQueue.java:403)
 com.alibaba.nacos.common.task.engine.TaskExecuteWorker$InnerWorker.run(TaskExecuteWorker.java:118)

2025-06-05 10:15:13,712 WARN The web application [nacos] appears to have started a thread named [DistroExecuteTaskExecuteEngine_1%4] but has failed to stop it. This is very likely to create a memory leak. Stack trace of thread:
 sun.misc.Unsafe.park(Native Method)
 java.util.concurrent.locks.LockSupport.park(LockSupport.java:175)
 java.util.concurrent.locks.AbstractQueuedSynchronizer$ConditionObject.await(AbstractQueuedSynchronizer.java:2039)
 java.util.concurrent.ArrayBlockingQueue.take(ArrayBlockingQueue.java:403)
 com.alibaba.nacos.common.task.engine.TaskExecuteWorker$InnerWorker.run(TaskExecuteWorker.java:118)

2025-06-05 10:15:13,714 WARN The web application [nacos] appears to have started a thread named [DistroExecuteTaskExecuteEngine_2%4] but has failed to stop it. This is very likely to create a memory leak. Stack trace of thread:
 sun.misc.Unsafe.park(Native Method)
 java.util.concurrent.locks.LockSupport.park(LockSupport.java:175)
 java.util.concurrent.locks.AbstractQueuedSynchronizer$ConditionObject.await(AbstractQueuedSynchronizer.java:2039)
 java.util.concurrent.ArrayBlockingQueue.take(ArrayBlockingQueue.java:403)
 com.alibaba.nacos.common.task.engine.TaskExecuteWorker$InnerWorker.run(TaskExecuteWorker.java:118)

2025-06-05 10:15:13,716 WARN The web application [nacos] appears to have started a thread named [DistroExecuteTaskExecuteEngine_3%4] but has failed to stop it. This is very likely to create a memory leak. Stack trace of thread:
 sun.misc.Unsafe.park(Native Method)
 java.util.concurrent.locks.LockSupport.park(LockSupport.java:175)
 java.util.concurrent.locks.AbstractQueuedSynchronizer$ConditionObject.await(AbstractQueuedSynchronizer.java:2039)
 java.util.concurrent.ArrayBlockingQueue.take(ArrayBlockingQueue.java:403)
 com.alibaba.nacos.common.task.engine.TaskExecuteWorker$InnerWorker.run(TaskExecuteWorker.java:118)

2025-06-05 10:15:13,717 WARN The web application [nacos] appears to have started a thread named [com.alibaba.nacos.naming.timer.0] but has failed to stop it. This is very likely to create a memory leak. Stack trace of thread:
 sun.misc.Unsafe.park(Native Method)
 java.util.concurrent.locks.LockSupport.parkNanos(LockSupport.java:215)
 java.util.concurrent.locks.AbstractQueuedSynchronizer$ConditionObject.awaitNanos(AbstractQueuedSynchronizer.java:2078)
 java.util.concurrent.ScheduledThreadPoolExecutor$DelayedWorkQueue.take(ScheduledThreadPoolExecutor.java:1093)
 java.util.concurrent.ScheduledThreadPoolExecutor$DelayedWorkQueue.take(ScheduledThreadPoolExecutor.java:809)
 java.util.concurrent.ThreadPoolExecutor.getTask(ThreadPoolExecutor.java:1074)
 java.util.concurrent.ThreadPoolExecutor.runWorker(ThreadPoolExecutor.java:1134)
 java.util.concurrent.ThreadPoolExecutor$Worker.run(ThreadPoolExecutor.java:624)
 java.lang.Thread.run(Thread.java:750)

2025-06-05 10:15:13,720 WARN The web application [nacos] appears to have started a thread named [com.alibaba.nacos.naming.timer.1] but has failed to stop it. This is very likely to create a memory leak. Stack trace of thread:
 sun.misc.Unsafe.park(Native Method)
 java.util.concurrent.locks.LockSupport.park(LockSupport.java:175)
 java.util.concurrent.locks.AbstractQueuedSynchronizer$ConditionObject.await(AbstractQueuedSynchronizer.java:2039)
 java.util.concurrent.ScheduledThreadPoolExecutor$DelayedWorkQueue.take(ScheduledThreadPoolExecutor.java:1088)
 java.util.concurrent.ScheduledThreadPoolExecutor$DelayedWorkQueue.take(ScheduledThreadPoolExecutor.java:809)
 java.util.concurrent.ThreadPoolExecutor.getTask(ThreadPoolExecutor.java:1074)
 java.util.concurrent.ThreadPoolExecutor.runWorker(ThreadPoolExecutor.java:1134)
 java.util.concurrent.ThreadPoolExecutor$Worker.run(ThreadPoolExecutor.java:624)
 java.lang.Thread.run(Thread.java:750)

2025-06-05 10:15:13,721 WARN The web application [nacos] appears to have started a thread named [naming.publisher-ClientOperationEvent] but has failed to stop it. This is very likely to create a memory leak. Stack trace of thread:
 sun.misc.Unsafe.park(Native Method)
 java.util.concurrent.locks.LockSupport.park(LockSupport.java:175)
 java.util.concurrent.locks.AbstractQueuedSynchronizer$ConditionObject.await(AbstractQueuedSynchronizer.java:2039)
 java.util.concurrent.ArrayBlockingQueue.take(ArrayBlockingQueue.java:403)
 com.alibaba.nacos.naming.core.v2.event.publisher.NamingEventPublisher.handleEvents(NamingEventPublisher.java:156)
 com.alibaba.nacos.naming.core.v2.event.publisher.NamingEventPublisher.run(NamingEventPublisher.java:135)

2025-06-05 10:15:13,722 WARN The web application [nacos] appears to have started a thread named [naming.publisher-MetadataEvent] but has failed to stop it. This is very likely to create a memory leak. Stack trace of thread:
 sun.misc.Unsafe.park(Native Method)
 java.util.concurrent.locks.LockSupport.park(LockSupport.java:175)
 java.util.concurrent.locks.AbstractQueuedSynchronizer$ConditionObject.await(AbstractQueuedSynchronizer.java:2039)
 java.util.concurrent.ArrayBlockingQueue.take(ArrayBlockingQueue.java:403)
 com.alibaba.nacos.naming.core.v2.event.publisher.NamingEventPublisher.handleEvents(NamingEventPublisher.java:156)
 com.alibaba.nacos.naming.core.v2.event.publisher.NamingEventPublisher.run(NamingEventPublisher.java:135)

2025-06-05 10:15:13,724 WARN The web application [nacos] appears to have started a thread named [naming.publisher-ClientEvent] but has failed to stop it. This is very likely to create a memory leak. Stack trace of thread:
 sun.misc.Unsafe.park(Native Method)
 java.util.concurrent.locks.LockSupport.park(LockSupport.java:175)
 java.util.concurrent.locks.AbstractQueuedSynchronizer$ConditionObject.await(AbstractQueuedSynchronizer.java:2039)
 java.util.concurrent.ArrayBlockingQueue.take(ArrayBlockingQueue.java:403)
 com.alibaba.nacos.naming.core.v2.event.publisher.NamingEventPublisher.handleEvents(NamingEventPublisher.java:156)
 com.alibaba.nacos.naming.core.v2.event.publisher.NamingEventPublisher.run(NamingEventPublisher.java:135)

2025-06-05 10:15:13,724 WARN The web application [nacos] appears to have started a thread named [com.alibaba.nacos.naming.remote-connection-manager.0] but has failed to stop it. This is very likely to create a memory leak. Stack trace of thread:
 sun.misc.Unsafe.park(Native Method)
 java.util.concurrent.locks.LockSupport.parkNanos(LockSupport.java:215)
 java.util.concurrent.locks.AbstractQueuedSynchronizer$ConditionObject.awaitNanos(AbstractQueuedSynchronizer.java:2078)
 java.util.concurrent.ScheduledThreadPoolExecutor$DelayedWorkQueue.take(ScheduledThreadPoolExecutor.java:1093)
 java.util.concurrent.ScheduledThreadPoolExecutor$DelayedWorkQueue.take(ScheduledThreadPoolExecutor.java:809)
 java.util.concurrent.ThreadPoolExecutor.getTask(ThreadPoolExecutor.java:1074)
 java.util.concurrent.ThreadPoolExecutor.runWorker(ThreadPoolExecutor.java:1134)
 java.util.concurrent.ThreadPoolExecutor$Worker.run(ThreadPoolExecutor.java:624)
 java.lang.Thread.run(Thread.java:750)

2025-06-05 10:15:13,727 WARN Exception encountered during context initialization - cancelling refresh attempt: org.springframework.context.ApplicationContextException: Unable to start web server; nested exception is org.springframework.boot.web.server.WebServerException: Unable to start embedded Tomcat

2025-06-05 10:15:13,740 INFO Nacos Log files: /home/nacos/logs

2025-06-05 10:15:13,741 INFO Nacos Log files: /home/nacos/conf

2025-06-05 10:15:13,743 INFO Nacos Log files: /home/nacos/data

2025-06-05 10:15:13,745 ERROR Startup errors : 

org.springframework.context.ApplicationContextException: Unable to start web server; nested exception is org.springframework.boot.web.server.WebServerException: Unable to start embedded Tomcat
	at org.springframework.boot.web.servlet.context.ServletWebServerApplicationContext.onRefresh(ServletWebServerApplicationContext.java:165)
	at org.springframework.context.support.AbstractApplicationContext.refresh(AbstractApplicationContext.java:585)
	at org.springframework.boot.web.servlet.context.ServletWebServerApplicationContext.refresh(ServletWebServerApplicationContext.java:147)
	at org.springframework.boot.SpringApplication.refresh(SpringApplication.java:732)
	at org.springframework.boot.SpringApplication.refreshContext(SpringApplication.java:409)
	at org.springframework.boot.SpringApplication.run(SpringApplication.java:308)
	at org.springframework.boot.SpringApplication.run(SpringApplication.java:1300)
	at org.springframework.boot.SpringApplication.run(SpringApplication.java:1289)
	at com.alibaba.nacos.Nacos.main(Nacos.java:46)
	at sun.reflect.NativeMethodAccessorImpl.invoke0(Native Method)
	at sun.reflect.NativeMethodAccessorImpl.invoke(NativeMethodAccessorImpl.java:62)
	at sun.reflect.DelegatingMethodAccessorImpl.invoke(DelegatingMethodAccessorImpl.java:43)
	at java.lang.reflect.Method.invoke(Method.java:498)
	at org.springframework.boot.loader.MainMethodRunner.run(MainMethodRunner.java:49)
	at org.springframework.boot.loader.Launcher.launch(Launcher.java:108)
	at org.springframework.boot.loader.Launcher.launch(Launcher.java:58)
	at org.springframework.boot.loader.PropertiesLauncher.main(PropertiesLauncher.java:467)
Caused by: org.springframework.boot.web.server.WebServerException: Unable to start embedded Tomcat
	at org.springframework.boot.web.embedded.tomcat.TomcatWebServer.initialize(TomcatWebServer.java:142)
	at org.springframework.boot.web.embedded.tomcat.TomcatWebServer.<init>(TomcatWebServer.java:104)
	at org.springframework.boot.web.embedded.tomcat.TomcatServletWebServerFactory.getTomcatWebServer(TomcatServletWebServerFactory.java:481)
	at org.springframework.boot.web.embedded.tomcat.TomcatServletWebServerFactory.getWebServer(TomcatServletWebServerFactory.java:211)
	at org.springframework.boot.web.servlet.context.ServletWebServerApplicationContext.createWebServer(ServletWebServerApplicationContext.java:184)
	at org.springframework.boot.web.servlet.context.ServletWebServerApplicationContext.onRefresh(ServletWebServerApplicationContext.java:162)
	... 16 common frames omitted
Caused by: org.springframework.beans.factory.UnsatisfiedDependencyException: Error creating bean with name 'basicAuthenticationFilter' defined in class path resource [com/alibaba/nacos/prometheus/filter/PrometheusAuthFilter.class]: Unsatisfied dependency expressed through method 'basicAuthenticationFilter' parameter 0; nested exception is org.springframework.beans.factory.UnsatisfiedDependencyException: Error creating bean with name 'nacosAuthConfig' defined in URL [jar:file:/home/nacos/target/nacos-server.jar!/BOOT-INF/lib/default-auth-plugin-2.5.0.jar!/com/alibaba/nacos/plugin/auth/impl/NacosAuthConfig.class]: Unsatisfied dependency expressed through constructor parameter 3; nested exception is org.springframework.beans.factory.UnsatisfiedDependencyException: Error creating bean with name 'nacosUserDetailsServiceImpl': Unsatisfied dependency expressed through field 'userPersistService'; nested exception is org.springframework.beans.factory.BeanCreationException: Error creating bean with name 'externalUserPersistServiceImpl': Invocation of init method failed; nested exception is java.lang.RuntimeException: java.lang.RuntimeException: [db-load-error]load jdbc.properties error
	at org.springframework.beans.factory.support.ConstructorResolver.createArgumentArray(ConstructorResolver.java:794)
	at org.springframework.beans.factory.support.ConstructorResolver.instantiateUsingFactoryMethod(ConstructorResolver.java:532)
	at org.springframework.beans.factory.support.AbstractAutowireCapableBeanFactory.instantiateUsingFactoryMethod(AbstractAutowireCapableBeanFactory.java:1352)
	at org.springframework.beans.factory.support.AbstractAutowireCapableBeanFactory.createBeanInstance(AbstractAutowireCapableBeanFactory.java:1195)
	at org.springframework.beans.factory.support.AbstractAutowireCapableBeanFactory.doCreateBean(AbstractAutowireCapableBeanFactory.java:582)
	at org.springframework.beans.factory.support.AbstractAutowireCapableBeanFactory.createBean(AbstractAutowireCapableBeanFactory.java:542)
	at org.springframework.beans.factory.support.AbstractBeanFactory.lambda$doGetBean$0(AbstractBeanFactory.java:336)
	at org.springframework.beans.factory.support.DefaultSingletonBeanRegistry.getSingleton(DefaultSingletonBeanRegistry.java:234)
	at org.springframework.beans.factory.support.AbstractBeanFactory.doGetBean(AbstractBeanFactory.java:334)
	at org.springframework.beans.factory.support.AbstractBeanFactory.getBean(AbstractBeanFactory.java:214)
	at org.springframework.boot.web.servlet.ServletContextInitializerBeans.getOrderedBeansOfType(ServletContextInitializerBeans.java:213)
	at org.springframework.boot.web.servlet.ServletContextInitializerBeans.getOrderedBeansOfType(ServletContextInitializerBeans.java:204)
	at org.springframework.boot.web.servlet.ServletContextInitializerBeans.addServletContextInitializerBeans(ServletContextInitializerBeans.java:98)
	at org.springframework.boot.web.servlet.ServletContextInitializerBeans.<init>(ServletContextInitializerBeans.java:86)
	at org.springframework.boot.web.servlet.context.ServletWebServerApplicationContext.getServletContextInitializerBeans(ServletWebServerApplicationContext.java:262)
	at org.springframework.boot.web.servlet.context.ServletWebServerApplicationContext.selfInitialize(ServletWebServerApplicationContext.java:236)
	at org.springframework.boot.web.embedded.tomcat.TomcatStarter.onStartup(TomcatStarter.java:53)
	at org.apache.catalina.core.StandardContext.startInternal(StandardContext.java:4450)
	at org.apache.catalina.util.LifecycleBase.start(LifecycleBase.java:164)
	at org.apache.catalina.core.ContainerBase$StartChild.call(ContainerBase.java:1203)
	at org.apache.catalina.core.ContainerBase$StartChild.call(ContainerBase.java:1193)
	at java.util.concurrent.FutureTask.run(FutureTask.java:266)
	at org.apache.tomcat.util.threads.InlineExecutorService.execute(InlineExecutorService.java:75)
	at java.util.concurrent.AbstractExecutorService.submit(AbstractExecutorService.java:134)
	at org.apache.catalina.core.ContainerBase.startInternal(ContainerBase.java:749)
	at org.apache.catalina.core.StandardHost.startInternal(StandardHost.java:721)
	at org.apache.catalina.util.LifecycleBase.start(LifecycleBase.java:164)
	at org.apache.catalina.core.ContainerBase$StartChild.call(ContainerBase.java:1203)
	at org.apache.catalina.core.ContainerBase$StartChild.call(ContainerBase.java:1193)
	at java.util.concurrent.FutureTask.run(FutureTask.java:266)
	at org.apache.tomcat.util.threads.InlineExecutorService.execute(InlineExecutorService.java:75)
	at java.util.concurrent.AbstractExecutorService.submit(AbstractExecutorService.java:134)
	at org.apache.catalina.core.ContainerBase.startInternal(ContainerBase.java:749)
	at org.apache.catalina.core.StandardEngine.startInternal(StandardEngine.java:211)
	at org.apache.catalina.util.LifecycleBase.start(LifecycleBase.java:164)
	at org.apache.catalina.core.StandardService.startInternal(StandardService.java:415)
	at org.apache.catalina.util.LifecycleBase.start(LifecycleBase.java:164)
	at org.apache.catalina.core.StandardServer.startInternal(StandardServer.java:874)
	at org.apache.catalina.util.LifecycleBase.start(LifecycleBase.java:164)
	at org.apache.catalina.startup.Tomcat.start(Tomcat.java:438)
	at org.springframework.boot.web.embedded.tomcat.TomcatWebServer.initialize(TomcatWebServer.java:123)
	... 21 common frames omitted
Caused by: org.springframework.beans.factory.UnsatisfiedDependencyException: Error creating bean with name 'nacosAuthConfig' defined in URL [jar:file:/home/nacos/target/nacos-server.jar!/BOOT-INF/lib/default-auth-plugin-2.5.0.jar!/com/alibaba/nacos/plugin/auth/impl/NacosAuthConfig.class]: Unsatisfied dependency expressed through constructor parameter 3; nested exception is org.springframework.beans.factory.UnsatisfiedDependencyException: Error creating bean with name 'nacosUserDetailsServiceImpl': Unsatisfied dependency expressed through field 'userPersistService'; nested exception is org.springframework.beans.factory.BeanCreationException: Error creating bean with name 'externalUserPersistServiceImpl': Invocation of init method failed; nested exception is java.lang.RuntimeException: java.lang.RuntimeException: [db-load-error]load jdbc.properties error
	at org.springframework.beans.factory.support.ConstructorResolver.createArgumentArray(ConstructorResolver.java:794)
	at org.springframework.beans.factory.support.ConstructorResolver.autowireConstructor(ConstructorResolver.java:220)
	at org.springframework.beans.factory.support.AbstractAutowireCapableBeanFactory.autowireConstructor(AbstractAutowireCapableBeanFactory.java:1372)
	at org.springframework.beans.factory.support.AbstractAutowireCapableBeanFactory.createBeanInstance(AbstractAutowireCapableBeanFactory.java:1222)
	at org.springframework.beans.factory.support.AbstractAutowireCapableBeanFactory.doCreateBean(AbstractAutowireCapableBeanFactory.java:582)
	at org.springframework.beans.factory.support.AbstractAutowireCapableBeanFactory.createBean(AbstractAutowireCapableBeanFactory.java:542)
	at org.springframework.beans.factory.support.AbstractBeanFactory.lambda$doGetBean$0(AbstractBeanFactory.java:336)
	at org.springframework.beans.factory.support.DefaultSingletonBeanRegistry.getSingleton(DefaultSingletonBeanRegistry.java:234)
	at org.springframework.beans.factory.support.AbstractBeanFactory.doGetBean(AbstractBeanFactory.java:334)
	at org.springframework.beans.factory.support.AbstractBeanFactory.getBean(AbstractBeanFactory.java:209)
	at org.springframework.beans.factory.support.ConstructorResolver.instantiateUsingFactoryMethod(ConstructorResolver.java:401)
	at org.springframework.beans.factory.support.AbstractAutowireCapableBeanFactory.instantiateUsingFactoryMethod(AbstractAutowireCapableBeanFactory.java:1352)
	at org.springframework.beans.factory.support.AbstractAutowireCapableBeanFactory.createBeanInstance(AbstractAutowireCapableBeanFactory.java:1195)
	at org.springframework.beans.factory.support.AbstractAutowireCapableBeanFactory.doCreateBean(AbstractAutowireCapableBeanFactory.java:582)
	at org.springframework.beans.factory.support.AbstractAutowireCapableBeanFactory.createBean(AbstractAutowireCapableBeanFactory.java:542)
	at org.springframework.beans.factory.support.AbstractBeanFactory.lambda$doGetBean$0(AbstractBeanFactory.java:336)
	at org.springframework.beans.factory.support.DefaultSingletonBeanRegistry.getSingleton(DefaultSingletonBeanRegistry.java:234)
	at org.springframework.beans.factory.support.AbstractBeanFactory.doGetBean(AbstractBeanFactory.java:334)
	at org.springframework.beans.factory.support.AbstractBeanFactory.getBean(AbstractBeanFactory.java:209)
	at org.springframework.beans.factory.config.DependencyDescriptor.resolveCandidate(DependencyDescriptor.java:276)
	at org.springframework.beans.factory.support.DefaultListableBeanFactory.doResolveDependency(DefaultListableBeanFactory.java:1391)
	at org.springframework.beans.factory.support.DefaultListableBeanFactory.resolveDependency(DefaultListableBeanFactory.java:1311)
	at org.springframework.beans.factory.support.ConstructorResolver.resolveAutowiredArgument(ConstructorResolver.java:904)
	at org.springframework.beans.factory.support.ConstructorResolver.createArgumentArray(ConstructorResolver.java:781)
	... 61 common frames omitted
Caused by: org.springframework.beans.factory.UnsatisfiedDependencyException: Error creating bean with name 'nacosUserDetailsServiceImpl': Unsatisfied dependency expressed through field 'userPersistService'; nested exception is org.springframework.beans.factory.BeanCreationException: Error creating bean with name 'externalUserPersistServiceImpl': Invocation of init method failed; nested exception is java.lang.RuntimeException: java.lang.RuntimeException: [db-load-error]load jdbc.properties error
	at org.springframework.beans.factory.annotation.AutowiredAnnotationBeanPostProcessor$AutowiredFieldElement.resolveFieldValue(AutowiredAnnotationBeanPostProcessor.java:713)
	at org.springframework.beans.factory.annotation.AutowiredAnnotationBeanPostProcessor$AutowiredFieldElement.inject(AutowiredAnnotationBeanPostProcessor.java:693)
	at org.springframework.beans.factory.annotation.InjectionMetadata.inject(InjectionMetadata.java:119)
	at org.springframework.beans.factory.annotation.AutowiredAnnotationBeanPostProcessor.postProcessProperties(AutowiredAnnotationBeanPostProcessor.java:408)
	at org.springframework.beans.factory.support.AbstractAutowireCapableBeanFactory.populateBean(AbstractAutowireCapableBeanFactory.java:1431)
	at org.springframework.beans.factory.support.AbstractAutowireCapableBeanFactory.doCreateBean(AbstractAutowireCapableBeanFactory.java:619)
	at org.springframework.beans.factory.support.AbstractAutowireCapableBeanFactory.createBean(AbstractAutowireCapableBeanFactory.java:542)
	at org.springframework.beans.factory.support.AbstractBeanFactory.lambda$doGetBean$0(AbstractBeanFactory.java:336)
	at org.springframework.beans.factory.support.DefaultSingletonBeanRegistry.getSingleton(DefaultSingletonBeanRegistry.java:234)
	at org.springframework.beans.factory.support.AbstractBeanFactory.doGetBean(AbstractBeanFactory.java:334)
	at org.springframework.beans.factory.support.AbstractBeanFactory.getBean(AbstractBeanFactory.java:209)
	at org.springframework.beans.factory.config.DependencyDescriptor.resolveCandidate(DependencyDescriptor.java:276)
	at org.springframework.beans.factory.support.DefaultListableBeanFactory.doResolveDependency(DefaultListableBeanFactory.java:1391)
	at org.springframework.beans.factory.support.DefaultListableBeanFactory.resolveDependency(DefaultListableBeanFactory.java:1311)
	at org.springframework.beans.factory.support.ConstructorResolver.resolveAutowiredArgument(ConstructorResolver.java:904)
	at org.springframework.beans.factory.support.ConstructorResolver.createArgumentArray(ConstructorResolver.java:781)
	... 84 common frames omitted
Caused by: org.springframework.beans.factory.BeanCreationException: Error creating bean with name 'externalUserPersistServiceImpl': Invocation of init method failed; nested exception is java.lang.RuntimeException: java.lang.RuntimeException: [db-load-error]load jdbc.properties error
	at org.springframework.beans.factory.annotation.InitDestroyAnnotationBeanPostProcessor.postProcessBeforeInitialization(InitDestroyAnnotationBeanPostProcessor.java:160)
	at org.springframework.beans.factory.support.AbstractAutowireCapableBeanFactory.applyBeanPostProcessorsBeforeInitialization(AbstractAutowireCapableBeanFactory.java:440)
	at org.springframework.beans.factory.support.AbstractAutowireCapableBeanFactory.initializeBean(AbstractAutowireCapableBeanFactory.java:1796)
	at org.springframework.beans.factory.support.AbstractAutowireCapableBeanFactory.doCreateBean(AbstractAutowireCapableBeanFactory.java:620)
	at org.springframework.beans.factory.support.AbstractAutowireCapableBeanFactory.createBean(AbstractAutowireCapableBeanFactory.java:542)
	at org.springframework.beans.factory.support.AbstractBeanFactory.lambda$doGetBean$0(AbstractBeanFactory.java:336)
	at org.springframework.beans.factory.support.DefaultSingletonBeanRegistry.getSingleton(DefaultSingletonBeanRegistry.java:234)
	at org.springframework.beans.factory.support.AbstractBeanFactory.doGetBean(AbstractBeanFactory.java:334)
	at org.springframework.beans.factory.support.AbstractBeanFactory.getBean(AbstractBeanFactory.java:209)
	at org.springframework.beans.factory.config.DependencyDescriptor.resolveCandidate(DependencyDescriptor.java:276)
	at org.springframework.beans.factory.support.DefaultListableBeanFactory.doResolveDependency(DefaultListableBeanFactory.java:1391)
	at org.springframework.beans.factory.support.DefaultListableBeanFactory.resolveDependency(DefaultListableBeanFactory.java:1311)
	at org.springframework.beans.factory.annotation.AutowiredAnnotationBeanPostProcessor$AutowiredFieldElement.resolveFieldValue(AutowiredAnnotationBeanPostProcessor.java:710)
	... 99 common frames omitted
Caused by: java.lang.RuntimeException: java.lang.RuntimeException: [db-load-error]load jdbc.properties error
	at com.alibaba.nacos.persistence.datasource.DynamicDataSource.getDataSource(DynamicDataSource.java:60)
	at com.alibaba.nacos.plugin.auth.impl.persistence.ExternalUserPersistServiceImpl.init(ExternalUserPersistServiceImpl.java:55)
	at sun.reflect.NativeMethodAccessorImpl.invoke0(Native Method)
	at sun.reflect.NativeMethodAccessorImpl.invoke(NativeMethodAccessorImpl.java:62)
	at sun.reflect.DelegatingMethodAccessorImpl.invoke(DelegatingMethodAccessorImpl.java:43)
	at java.lang.reflect.Method.invoke(Method.java:498)
	at org.springframework.beans.factory.annotation.InitDestroyAnnotationBeanPostProcessor$LifecycleElement.invoke(InitDestroyAnnotationBeanPostProcessor.java:389)
	at org.springframework.beans.factory.annotation.InitDestroyAnnotationBeanPostProcessor$LifecycleMetadata.invokeInitMethods(InitDestroyAnnotationBeanPostProcessor.java:333)
	at org.springframework.beans.factory.annotation.InitDestroyAnnotationBeanPostProcessor.postProcessBeforeInitialization(InitDestroyAnnotationBeanPostProcessor.java:157)
	... 111 common frames omitted
Caused by: java.lang.RuntimeException: [db-load-error]load jdbc.properties error
	at com.alibaba.nacos.persistence.datasource.ExternalDataSourceServiceImpl.init(ExternalDataSourceServiceImpl.java:119)
	at com.alibaba.nacos.persistence.datasource.DynamicDataSource.getDataSource(DynamicDataSource.java:55)
	... 119 common frames omitted
Caused by: java.io.IOException: java.lang.RuntimeException: com.mysql.cj.jdbc.exceptions.CommunicationsException: Communications link failure

The last packet sent successfully to the server was 0 milliseconds ago. The driver has not received any packets from the server.
	at com.alibaba.nacos.persistence.datasource.ExternalDataSourceServiceImpl.reload(ExternalDataSourceServiceImpl.java:168)
	at com.alibaba.nacos.persistence.datasource.ExternalDataSourceServiceImpl.init(ExternalDataSourceServiceImpl.java:116)
	... 120 common frames omitted
Caused by: java.lang.RuntimeException: com.mysql.cj.jdbc.exceptions.CommunicationsException: Communications link failure

The last packet sent successfully to the server was 0 milliseconds ago. The driver has not received any packets from the server.
	at com.alibaba.nacos.persistence.utils.ConnectionCheckUtil.checkDataSourceConnection(ConnectionCheckUtil.java:37)
	at com.alibaba.nacos.persistence.datasource.ExternalDataSourceServiceImpl.lambda$reload$0(ExternalDataSourceServiceImpl.java:138)
	at com.alibaba.nacos.persistence.datasource.ExternalDataSourceProperties.build(ExternalDataSourceProperties.java:97)
	at com.alibaba.nacos.persistence.datasource.ExternalDataSourceServiceImpl.reload(ExternalDataSourceServiceImpl.java:136)
	... 121 common frames omitted
Caused by: com.mysql.cj.jdbc.exceptions.CommunicationsException: Communications link failure

The last packet sent successfully to the server was 0 milliseconds ago. The driver has not received any packets from the server.
	at com.mysql.cj.jdbc.exceptions.SQLError.createCommunicationsException(SQLError.java:174)
	at com.mysql.cj.jdbc.exceptions.SQLExceptionsMapping.translateException(SQLExceptionsMapping.java:64)
	at com.mysql.cj.jdbc.ConnectionImpl.createNewIO(ConnectionImpl.java:815)
	at com.mysql.cj.jdbc.ConnectionImpl.<init>(ConnectionImpl.java:438)
	at com.mysql.cj.jdbc.ConnectionImpl.getInstance(ConnectionImpl.java:241)
	at com.mysql.cj.jdbc.NonRegisteringDriver.connect(NonRegisteringDriver.java:189)
	at com.zaxxer.hikari.util.DriverDataSource.getConnection(DriverDataSource.java:138)
	at com.zaxxer.hikari.pool.PoolBase.newConnection(PoolBase.java:354)
	at com.zaxxer.hikari.pool.PoolBase.newPoolEntry(PoolBase.java:202)
	at com.zaxxer.hikari.pool.HikariPool.createPoolEntry(HikariPool.java:473)
	at com.zaxxer.hikari.pool.HikariPool.checkFailFast(HikariPool.java:554)
	at com.zaxxer.hikari.pool.HikariPool.<init>(HikariPool.java:115)
	at com.zaxxer.hikari.HikariDataSource.getConnection(HikariDataSource.java:112)
	at com.alibaba.nacos.persistence.utils.ConnectionCheckUtil.checkDataSourceConnection(ConnectionCheckUtil.java:34)
	... 124 common frames omitted
Caused by: com.mysql.cj.exceptions.CJCommunicationsException: Communications link failure

The last packet sent successfully to the server was 0 milliseconds ago. The driver has not received any packets from the server.
	at sun.reflect.NativeConstructorAccessorImpl.newInstance0(Native Method)
	at sun.reflect.NativeConstructorAccessorImpl.newInstance(NativeConstructorAccessorImpl.java:62)
	at sun.reflect.DelegatingConstructorAccessorImpl.newInstance(DelegatingConstructorAccessorImpl.java:45)
	at java.lang.reflect.Constructor.newInstance(Constructor.java:423)
	at com.mysql.cj.exceptions.ExceptionFactory.createException(ExceptionFactory.java:61)
	at com.mysql.cj.exceptions.ExceptionFactory.createException(ExceptionFactory.java:104)
	at com.mysql.cj.exceptions.ExceptionFactory.createException(ExceptionFactory.java:149)
	at com.mysql.cj.exceptions.ExceptionFactory.createCommunicationsException(ExceptionFactory.java:165)
	at com.mysql.cj.protocol.a.NativeSocketConnection.connect(NativeSocketConnection.java:88)
	at com.mysql.cj.NativeSession.connect(NativeSession.java:120)
	at com.mysql.cj.jdbc.ConnectionImpl.connectOneTryOnly(ConnectionImpl.java:935)
	at com.mysql.cj.jdbc.ConnectionImpl.createNewIO(ConnectionImpl.java:805)
	... 135 common frames omitted
Caused by: java.net.UnknownHostException: mysql: Name does not resolve
	at java.net.Inet6AddressImpl.lookupAllHostAddr(Native Method)
	at java.net.InetAddress$2.lookupAllHostAddr(InetAddress.java:868)
	at java.net.InetAddress.getAddressesFromNameService(InetAddress.java:1303)
	at java.net.InetAddress$NameServiceAddresses.get(InetAddress.java:816)
	at java.net.InetAddress.getAllByName0(InetAddress.java:1292)
	at java.net.InetAddress.getAllByName(InetAddress.java:1145)
	at java.net.InetAddress.getAllByName(InetAddress.java:1066)
	at com.mysql.cj.protocol.StandardSocketFactory.connect(StandardSocketFactory.java:130)
	at com.mysql.cj.protocol.a.NativeSocketConnection.connect(NativeSocketConnection.java:62)
	... 138 common frames omitted
2025-06-05 10:15:13,752 WARN [WatchFileCenter] start close

2025-06-05 10:15:13,753 WARN [WatchFileCenter] start to shutdown this watcher which is watch : /home/nacos/conf

2025-06-05 10:15:13,757 WARN [WatchFileCenter] already closed

2025-06-05 10:15:13,758 INFO [NotifyCenter] Start destroying Publisher

2025-06-05 10:15:13,758 INFO [NotifyCenter] Completed destruction of Publisher

2025-06-05 10:15:13,758 ERROR Nacos failed to start, please see /home/nacos/logs/nacos.log for more details.

2025-06-05 10:15:13,783 INFO 

Error starting ApplicationContext. To display the conditions report re-run your application with 'debug' enabled.

2025-06-05 10:15:13,815 ERROR Application run failed

org.springframework.context.ApplicationContextException: Unable to start web server; nested exception is org.springframework.boot.web.server.WebServerException: Unable to start embedded Tomcat
	at org.springframework.boot.web.servlet.context.ServletWebServerApplicationContext.onRefresh(ServletWebServerApplicationContext.java:165)
	at org.springframework.context.support.AbstractApplicationContext.refresh(AbstractApplicationContext.java:585)
	at org.springframework.boot.web.servlet.context.ServletWebServerApplicationContext.refresh(ServletWebServerApplicationContext.java:147)
	at org.springframework.boot.SpringApplication.refresh(SpringApplication.java:732)
	at org.springframework.boot.SpringApplication.refreshContext(SpringApplication.java:409)
	at org.springframework.boot.SpringApplication.run(SpringApplication.java:308)
	at org.springframework.boot.SpringApplication.run(SpringApplication.java:1300)
	at org.springframework.boot.SpringApplication.run(SpringApplication.java:1289)
	at com.alibaba.nacos.Nacos.main(Nacos.java:46)
	at sun.reflect.NativeMethodAccessorImpl.invoke0(Native Method)
	at sun.reflect.NativeMethodAccessorImpl.invoke(NativeMethodAccessorImpl.java:62)
	at sun.reflect.DelegatingMethodAccessorImpl.invoke(DelegatingMethodAccessorImpl.java:43)
	at java.lang.reflect.Method.invoke(Method.java:498)
	at org.springframework.boot.loader.MainMethodRunner.run(MainMethodRunner.java:49)
	at org.springframework.boot.loader.Launcher.launch(Launcher.java:108)
	at org.springframework.boot.loader.Launcher.launch(Launcher.java:58)
	at org.springframework.boot.loader.PropertiesLauncher.main(PropertiesLauncher.java:467)
Caused by: org.springframework.boot.web.server.WebServerException: Unable to start embedded Tomcat
	at org.springframework.boot.web.embedded.tomcat.TomcatWebServer.initialize(TomcatWebServer.java:142)
	at org.springframework.boot.web.embedded.tomcat.TomcatWebServer.<init>(TomcatWebServer.java:104)
	at org.springframework.boot.web.embedded.tomcat.TomcatServletWebServerFactory.getTomcatWebServer(TomcatServletWebServerFactory.java:481)
	at org.springframework.boot.web.embedded.tomcat.TomcatServletWebServerFactory.getWebServer(TomcatServletWebServerFactory.java:211)
	at org.springframework.boot.web.servlet.context.ServletWebServerApplicationContext.createWebServer(ServletWebServerApplicationContext.java:184)
	at org.springframework.boot.web.servlet.context.ServletWebServerApplicationContext.onRefresh(ServletWebServerApplicationContext.java:162)
	... 16 common frames omitted
Caused by: org.springframework.beans.factory.UnsatisfiedDependencyException: Error creating bean with name 'basicAuthenticationFilter' defined in class path resource [com/alibaba/nacos/prometheus/filter/PrometheusAuthFilter.class]: Unsatisfied dependency expressed through method 'basicAuthenticationFilter' parameter 0; nested exception is org.springframework.beans.factory.UnsatisfiedDependencyException: Error creating bean with name 'nacosAuthConfig' defined in URL [jar:file:/home/nacos/target/nacos-server.jar!/BOOT-INF/lib/default-auth-plugin-2.5.0.jar!/com/alibaba/nacos/plugin/auth/impl/NacosAuthConfig.class]: Unsatisfied dependency expressed through constructor parameter 3; nested exception is org.springframework.beans.factory.UnsatisfiedDependencyException: Error creating bean with name 'nacosUserDetailsServiceImpl': Unsatisfied dependency expressed through field 'userPersistService'; nested exception is org.springframework.beans.factory.BeanCreationException: Error creating bean with name 'externalUserPersistServiceImpl': Invocation of init method failed; nested exception is java.lang.RuntimeException: java.lang.RuntimeException: [db-load-error]load jdbc.properties error
	at org.springframework.beans.factory.support.ConstructorResolver.createArgumentArray(ConstructorResolver.java:794)
	at org.springframework.beans.factory.support.ConstructorResolver.instantiateUsingFactoryMethod(ConstructorResolver.java:532)
	at org.springframework.beans.factory.support.AbstractAutowireCapableBeanFactory.instantiateUsingFactoryMethod(AbstractAutowireCapableBeanFactory.java:1352)
	at org.springframework.beans.factory.support.AbstractAutowireCapableBeanFactory.createBeanInstance(AbstractAutowireCapableBeanFactory.java:1195)
	at org.springframework.beans.factory.support.AbstractAutowireCapableBeanFactory.doCreateBean(AbstractAutowireCapableBeanFactory.java:582)
	at org.springframework.beans.factory.support.AbstractAutowireCapableBeanFactory.createBean(AbstractAutowireCapableBeanFactory.java:542)
	at org.springframework.beans.factory.support.AbstractBeanFactory.lambda$doGetBean$0(AbstractBeanFactory.java:336)
	at org.springframework.beans.factory.support.DefaultSingletonBeanRegistry.getSingleton(DefaultSingletonBeanRegistry.java:234)
	at org.springframework.beans.factory.support.AbstractBeanFactory.doGetBean(AbstractBeanFactory.java:334)
	at org.springframework.beans.factory.support.AbstractBeanFactory.getBean(AbstractBeanFactory.java:214)
	at org.springframework.boot.web.servlet.ServletContextInitializerBeans.getOrderedBeansOfType(ServletContextInitializerBeans.java:213)
	at org.springframework.boot.web.servlet.ServletContextInitializerBeans.getOrderedBeansOfType(ServletContextInitializerBeans.java:204)
	at org.springframework.boot.web.servlet.ServletContextInitializerBeans.addServletContextInitializerBeans(ServletContextInitializerBeans.java:98)
	at org.springframework.boot.web.servlet.ServletContextInitializerBeans.<init>(ServletContextInitializerBeans.java:86)
	at org.springframework.boot.web.servlet.context.ServletWebServerApplicationContext.getServletContextInitializerBeans(ServletWebServerApplicationContext.java:262)
	at org.springframework.boot.web.servlet.context.ServletWebServerApplicationContext.selfInitialize(ServletWebServerApplicationContext.java:236)
	at org.springframework.boot.web.embedded.tomcat.TomcatStarter.onStartup(TomcatStarter.java:53)
	at org.apache.catalina.core.StandardContext.startInternal(StandardContext.java:4450)
	at org.apache.catalina.util.LifecycleBase.start(LifecycleBase.java:164)
	at org.apache.catalina.core.ContainerBase$StartChild.call(ContainerBase.java:1203)
	at org.apache.catalina.core.ContainerBase$StartChild.call(ContainerBase.java:1193)
	at java.util.concurrent.FutureTask.run(FutureTask.java:266)
	at org.apache.tomcat.util.threads.InlineExecutorService.execute(InlineExecutorService.java:75)
	at java.util.concurrent.AbstractExecutorService.submit(AbstractExecutorService.java:134)
	at org.apache.catalina.core.ContainerBase.startInternal(ContainerBase.java:749)
	at org.apache.catalina.core.StandardHost.startInternal(StandardHost.java:721)
	at org.apache.catalina.util.LifecycleBase.start(LifecycleBase.java:164)
	at org.apache.catalina.core.ContainerBase$StartChild.call(ContainerBase.java:1203)
	at org.apache.catalina.core.ContainerBase$StartChild.call(ContainerBase.java:1193)
	at java.util.concurrent.FutureTask.run(FutureTask.java:266)
	at org.apache.tomcat.util.threads.InlineExecutorService.execute(InlineExecutorService.java:75)
	at java.util.concurrent.AbstractExecutorService.submit(AbstractExecutorService.java:134)
	at org.apache.catalina.core.ContainerBase.startInternal(ContainerBase.java:749)
	at org.apache.catalina.core.StandardEngine.startInternal(StandardEngine.java:211)
	at org.apache.catalina.util.LifecycleBase.start(LifecycleBase.java:164)
	at org.apache.catalina.core.StandardService.startInternal(StandardService.java:415)
	at org.apache.catalina.util.LifecycleBase.start(LifecycleBase.java:164)
	at org.apache.catalina.core.StandardServer.startInternal(StandardServer.java:874)
	at org.apache.catalina.util.LifecycleBase.start(LifecycleBase.java:164)
	at org.apache.catalina.startup.Tomcat.start(Tomcat.java:438)
	at org.springframework.boot.web.embedded.tomcat.TomcatWebServer.initialize(TomcatWebServer.java:123)
	... 21 common frames omitted
Caused by: org.springframework.beans.factory.UnsatisfiedDependencyException: Error creating bean with name 'nacosAuthConfig' defined in URL [jar:file:/home/nacos/target/nacos-server.jar!/BOOT-INF/lib/default-auth-plugin-2.5.0.jar!/com/alibaba/nacos/plugin/auth/impl/NacosAuthConfig.class]: Unsatisfied dependency expressed through constructor parameter 3; nested exception is org.springframework.beans.factory.UnsatisfiedDependencyException: Error creating bean with name 'nacosUserDetailsServiceImpl': Unsatisfied dependency expressed through field 'userPersistService'; nested exception is org.springframework.beans.factory.BeanCreationException: Error creating bean with name 'externalUserPersistServiceImpl': Invocation of init method failed; nested exception is java.lang.RuntimeException: java.lang.RuntimeException: [db-load-error]load jdbc.properties error
	at org.springframework.beans.factory.support.ConstructorResolver.createArgumentArray(ConstructorResolver.java:794)
	at org.springframework.beans.factory.support.ConstructorResolver.autowireConstructor(ConstructorResolver.java:220)
	at org.springframework.beans.factory.support.AbstractAutowireCapableBeanFactory.autowireConstructor(AbstractAutowireCapableBeanFactory.java:1372)
	at org.springframework.beans.factory.support.AbstractAutowireCapableBeanFactory.createBeanInstance(AbstractAutowireCapableBeanFactory.java:1222)
	at org.springframework.beans.factory.support.AbstractAutowireCapableBeanFactory.doCreateBean(AbstractAutowireCapableBeanFactory.java:582)
	at org.springframework.beans.factory.support.AbstractAutowireCapableBeanFactory.createBean(AbstractAutowireCapableBeanFactory.java:542)
	at org.springframework.beans.factory.support.AbstractBeanFactory.lambda$doGetBean$0(AbstractBeanFactory.java:336)
	at org.springframework.beans.factory.support.DefaultSingletonBeanRegistry.getSingleton(DefaultSingletonBeanRegistry.java:234)
	at org.springframework.beans.factory.support.AbstractBeanFactory.doGetBean(AbstractBeanFactory.java:334)
	at org.springframework.beans.factory.support.AbstractBeanFactory.getBean(AbstractBeanFactory.java:209)
	at org.springframework.beans.factory.support.ConstructorResolver.instantiateUsingFactoryMethod(ConstructorResolver.java:401)
	at org.springframework.beans.factory.support.AbstractAutowireCapableBeanFactory.instantiateUsingFactoryMethod(AbstractAutowireCapableBeanFactory.java:1352)
	at org.springframework.beans.factory.support.AbstractAutowireCapableBeanFactory.createBeanInstance(AbstractAutowireCapableBeanFactory.java:1195)
	at org.springframework.beans.factory.support.AbstractAutowireCapableBeanFactory.doCreateBean(AbstractAutowireCapableBeanFactory.java:582)
	at org.springframework.beans.factory.support.AbstractAutowireCapableBeanFactory.createBean(AbstractAutowireCapableBeanFactory.java:542)
	at org.springframework.beans.factory.support.AbstractBeanFactory.lambda$doGetBean$0(AbstractBeanFactory.java:336)
	at org.springframework.beans.factory.support.DefaultSingletonBeanRegistry.getSingleton(DefaultSingletonBeanRegistry.java:234)
	at org.springframework.beans.factory.support.AbstractBeanFactory.doGetBean(AbstractBeanFactory.java:334)
	at org.springframework.beans.factory.support.AbstractBeanFactory.getBean(AbstractBeanFactory.java:209)
	at org.springframework.beans.factory.config.DependencyDescriptor.resolveCandidate(DependencyDescriptor.java:276)
	at org.springframework.beans.factory.support.DefaultListableBeanFactory.doResolveDependency(DefaultListableBeanFactory.java:1391)
	at org.springframework.beans.factory.support.DefaultListableBeanFactory.resolveDependency(DefaultListableBeanFactory.java:1311)
	at org.springframework.beans.factory.support.ConstructorResolver.resolveAutowiredArgument(ConstructorResolver.java:904)
	at org.springframework.beans.factory.support.ConstructorResolver.createArgumentArray(ConstructorResolver.java:781)
	... 61 common frames omitted
Caused by: org.springframework.beans.factory.UnsatisfiedDependencyException: Error creating bean with name 'nacosUserDetailsServiceImpl': Unsatisfied dependency expressed through field 'userPersistService'; nested exception is org.springframework.beans.factory.BeanCreationException: Error creating bean with name 'externalUserPersistServiceImpl': Invocation of init method failed; nested exception is java.lang.RuntimeException: java.lang.RuntimeException: [db-load-error]load jdbc.properties error
	at org.springframework.beans.factory.annotation.AutowiredAnnotationBeanPostProcessor$AutowiredFieldElement.resolveFieldValue(AutowiredAnnotationBeanPostProcessor.java:713)
	at org.springframework.beans.factory.annotation.AutowiredAnnotationBeanPostProcessor$AutowiredFieldElement.inject(AutowiredAnnotationBeanPostProcessor.java:693)
	at org.springframework.beans.factory.annotation.InjectionMetadata.inject(InjectionMetadata.java:119)
	at org.springframework.beans.factory.annotation.AutowiredAnnotationBeanPostProcessor.postProcessProperties(AutowiredAnnotationBeanPostProcessor.java:408)
	at org.springframework.beans.factory.support.AbstractAutowireCapableBeanFactory.populateBean(AbstractAutowireCapableBeanFactory.java:1431)
	at org.springframework.beans.factory.support.AbstractAutowireCapableBeanFactory.doCreateBean(AbstractAutowireCapableBeanFactory.java:619)
	at org.springframework.beans.factory.support.AbstractAutowireCapableBeanFactory.createBean(AbstractAutowireCapableBeanFactory.java:542)
	at org.springframework.beans.factory.support.AbstractBeanFactory.lambda$doGetBean$0(AbstractBeanFactory.java:336)
	at org.springframework.beans.factory.support.DefaultSingletonBeanRegistry.getSingleton(DefaultSingletonBeanRegistry.java:234)
	at org.springframework.beans.factory.support.AbstractBeanFactory.doGetBean(AbstractBeanFactory.java:334)
	at org.springframework.beans.factory.support.AbstractBeanFactory.getBean(AbstractBeanFactory.java:209)
	at org.springframework.beans.factory.config.DependencyDescriptor.resolveCandidate(DependencyDescriptor.java:276)
	at org.springframework.beans.factory.support.DefaultListableBeanFactory.doResolveDependency(DefaultListableBeanFactory.java:1391)
	at org.springframework.beans.factory.support.DefaultListableBeanFactory.resolveDependency(DefaultListableBeanFactory.java:1311)
	at org.springframework.beans.factory.support.ConstructorResolver.resolveAutowiredArgument(ConstructorResolver.java:904)
	at org.springframework.beans.factory.support.ConstructorResolver.createArgumentArray(ConstructorResolver.java:781)
	... 84 common frames omitted
Caused by: org.springframework.beans.factory.BeanCreationException: Error creating bean with name 'externalUserPersistServiceImpl': Invocation of init method failed; nested exception is java.lang.RuntimeException: java.lang.RuntimeException: [db-load-error]load jdbc.properties error
	at org.springframework.beans.factory.annotation.InitDestroyAnnotationBeanPostProcessor.postProcessBeforeInitialization(InitDestroyAnnotationBeanPostProcessor.java:160)
	at org.springframework.beans.factory.support.AbstractAutowireCapableBeanFactory.applyBeanPostProcessorsBeforeInitialization(AbstractAutowireCapableBeanFactory.java:440)
	at org.springframework.beans.factory.support.AbstractAutowireCapableBeanFactory.initializeBean(AbstractAutowireCapableBeanFactory.java:1796)
	at org.springframework.beans.factory.support.AbstractAutowireCapableBeanFactory.doCreateBean(AbstractAutowireCapableBeanFactory.java:620)
	at org.springframework.beans.factory.support.AbstractAutowireCapableBeanFactory.createBean(AbstractAutowireCapableBeanFactory.java:542)
	at org.springframework.beans.factory.support.AbstractBeanFactory.lambda$doGetBean$0(AbstractBeanFactory.java:336)
	at org.springframework.beans.factory.support.DefaultSingletonBeanRegistry.getSingleton(DefaultSingletonBeanRegistry.java:234)
	at org.springframework.beans.factory.support.AbstractBeanFactory.doGetBean(AbstractBeanFactory.java:334)
	at org.springframework.beans.factory.support.AbstractBeanFactory.getBean(AbstractBeanFactory.java:209)
	at org.springframework.beans.factory.config.DependencyDescriptor.resolveCandidate(DependencyDescriptor.java:276)
	at org.springframework.beans.factory.support.DefaultListableBeanFactory.doResolveDependency(DefaultListableBeanFactory.java:1391)
	at org.springframework.beans.factory.support.DefaultListableBeanFactory.resolveDependency(DefaultListableBeanFactory.java:1311)
	at org.springframework.beans.factory.annotation.AutowiredAnnotationBeanPostProcessor$AutowiredFieldElement.resolveFieldValue(AutowiredAnnotationBeanPostProcessor.java:710)
	... 99 common frames omitted
Caused by: java.lang.RuntimeException: java.lang.RuntimeException: [db-load-error]load jdbc.properties error
	at com.alibaba.nacos.persistence.datasource.DynamicDataSource.getDataSource(DynamicDataSource.java:60)
	at com.alibaba.nacos.plugin.auth.impl.persistence.ExternalUserPersistServiceImpl.init(ExternalUserPersistServiceImpl.java:55)
	at sun.reflect.NativeMethodAccessorImpl.invoke0(Native Method)
	at sun.reflect.NativeMethodAccessorImpl.invoke(NativeMethodAccessorImpl.java:62)
	at sun.reflect.DelegatingMethodAccessorImpl.invoke(DelegatingMethodAccessorImpl.java:43)
	at java.lang.reflect.Method.invoke(Method.java:498)
	at org.springframework.beans.factory.annotation.InitDestroyAnnotationBeanPostProcessor$LifecycleElement.invoke(InitDestroyAnnotationBeanPostProcessor.java:389)
	at org.springframework.beans.factory.annotation.InitDestroyAnnotationBeanPostProcessor$LifecycleMetadata.invokeInitMethods(InitDestroyAnnotationBeanPostProcessor.java:333)
	at org.springframework.beans.factory.annotation.InitDestroyAnnotationBeanPostProcessor.postProcessBeforeInitialization(InitDestroyAnnotationBeanPostProcessor.java:157)
	... 111 common frames omitted
Caused by: java.lang.RuntimeException: [db-load-error]load jdbc.properties error
	at com.alibaba.nacos.persistence.datasource.ExternalDataSourceServiceImpl.init(ExternalDataSourceServiceImpl.java:119)
	at com.alibaba.nacos.persistence.datasource.DynamicDataSource.getDataSource(DynamicDataSource.java:55)
	... 119 common frames omitted
Caused by: java.io.IOException: java.lang.RuntimeException: com.mysql.cj.jdbc.exceptions.CommunicationsException: Communications link failure

The last packet sent successfully to the server was 0 milliseconds ago. The driver has not received any packets from the server.
	at com.alibaba.nacos.persistence.datasource.ExternalDataSourceServiceImpl.reload(ExternalDataSourceServiceImpl.java:168)
	at com.alibaba.nacos.persistence.datasource.ExternalDataSourceServiceImpl.init(ExternalDataSourceServiceImpl.java:116)
	... 120 common frames omitted
Caused by: java.lang.RuntimeException: com.mysql.cj.jdbc.exceptions.CommunicationsException: Communications link failure

The last packet sent successfully to the server was 0 milliseconds ago. The driver has not received any packets from the server.
	at com.alibaba.nacos.persistence.utils.ConnectionCheckUtil.checkDataSourceConnection(ConnectionCheckUtil.java:37)
	at com.alibaba.nacos.persistence.datasource.ExternalDataSourceServiceImpl.lambda$reload$0(ExternalDataSourceServiceImpl.java:138)
	at com.alibaba.nacos.persistence.datasource.ExternalDataSourceProperties.build(ExternalDataSourceProperties.java:97)
	at com.alibaba.nacos.persistence.datasource.ExternalDataSourceServiceImpl.reload(ExternalDataSourceServiceImpl.java:136)
	... 121 common frames omitted
Caused by: com.mysql.cj.jdbc.exceptions.CommunicationsException: Communications link failure

The last packet sent successfully to the server was 0 milliseconds ago. The driver has not received any packets from the server.
	at com.mysql.cj.jdbc.exceptions.SQLError.createCommunicationsException(SQLError.java:174)
	at com.mysql.cj.jdbc.exceptions.SQLExceptionsMapping.translateException(SQLExceptionsMapping.java:64)
	at com.mysql.cj.jdbc.ConnectionImpl.createNewIO(ConnectionImpl.java:815)
	at com.mysql.cj.jdbc.ConnectionImpl.<init>(ConnectionImpl.java:438)
	at com.mysql.cj.jdbc.ConnectionImpl.getInstance(ConnectionImpl.java:241)
	at com.mysql.cj.jdbc.NonRegisteringDriver.connect(NonRegisteringDriver.java:189)
	at com.zaxxer.hikari.util.DriverDataSource.getConnection(DriverDataSource.java:138)
	at com.zaxxer.hikari.pool.PoolBase.newConnection(PoolBase.java:354)
	at com.zaxxer.hikari.pool.PoolBase.newPoolEntry(PoolBase.java:202)
	at com.zaxxer.hikari.pool.HikariPool.createPoolEntry(HikariPool.java:473)
	at com.zaxxer.hikari.pool.HikariPool.checkFailFast(HikariPool.java:554)
	at com.zaxxer.hikari.pool.HikariPool.<init>(HikariPool.java:115)
	at com.zaxxer.hikari.HikariDataSource.getConnection(HikariDataSource.java:112)
	at com.alibaba.nacos.persistence.utils.ConnectionCheckUtil.checkDataSourceConnection(ConnectionCheckUtil.java:34)
	... 124 common frames omitted
Caused by: com.mysql.cj.exceptions.CJCommunicationsException: Communications link failure

The last packet sent successfully to the server was 0 milliseconds ago. The driver has not received any packets from the server.
	at sun.reflect.NativeConstructorAccessorImpl.newInstance0(Native Method)
	at sun.reflect.NativeConstructorAccessorImpl.newInstance(NativeConstructorAccessorImpl.java:62)
	at sun.reflect.DelegatingConstructorAccessorImpl.newInstance(DelegatingConstructorAccessorImpl.java:45)
	at java.lang.reflect.Constructor.newInstance(Constructor.java:423)
	at com.mysql.cj.exceptions.ExceptionFactory.createException(ExceptionFactory.java:61)
	at com.mysql.cj.exceptions.ExceptionFactory.createException(ExceptionFactory.java:104)
	at com.mysql.cj.exceptions.ExceptionFactory.createException(ExceptionFactory.java:149)
	at com.mysql.cj.exceptions.ExceptionFactory.createCommunicationsException(ExceptionFactory.java:165)
	at com.mysql.cj.protocol.a.NativeSocketConnection.connect(NativeSocketConnection.java:88)
	at com.mysql.cj.NativeSession.connect(NativeSession.java:120)
	at com.mysql.cj.jdbc.ConnectionImpl.connectOneTryOnly(ConnectionImpl.java:935)
	at com.mysql.cj.jdbc.ConnectionImpl.createNewIO(ConnectionImpl.java:805)
	... 135 common frames omitted
Caused by: java.net.UnknownHostException: mysql: Name does not resolve
	at java.net.Inet6AddressImpl.lookupAllHostAddr(Native Method)
	at java.net.InetAddress$2.lookupAllHostAddr(InetAddress.java:868)
	at java.net.InetAddress.getAddressesFromNameService(InetAddress.java:1303)
	at java.net.InetAddress$NameServiceAddresses.get(InetAddress.java:816)
	at java.net.InetAddress.getAllByName0(InetAddress.java:1292)
	at java.net.InetAddress.getAllByName(InetAddress.java:1145)
	at java.net.InetAddress.getAllByName(InetAddress.java:1066)
	at com.mysql.cj.protocol.StandardSocketFactory.connect(StandardSocketFactory.java:130)
	at com.mysql.cj.protocol.a.NativeSocketConnection.connect(NativeSocketConnection.java:62)
	... 138 common frames omitted
2025-06-05 10:15:13,818 INFO [HttpClientBeanHolder] Start destroying common HttpClient

2025-06-05 10:15:13,820 INFO [ThreadPoolManager] Start destroying ThreadPool

2025-06-05 10:15:13,821 INFO [ThreadPoolManager] Completed destruction of ThreadPool

2025-06-05 10:15:16,937 INFO Starting Nacos v2.5.0 using Java 1.8.0_432 on a6f2a6cec1c3 with PID 1 (/home/nacos/target/nacos-server.jar started by root in /home/nacos)

2025-06-05 10:15:16,938 INFO The following 1 profile is active: "standalone"

2025-06-05 10:15:17,273 INFO Load Nacos package exclude filter success, package prefix com.alibaba.nacos.config.server, filter com.alibaba.nacos.config.server.filter.ConfigEnabledFilter

2025-06-05 10:15:17,274 INFO Load Nacos package exclude filter success, package prefix com.alibaba.nacos.naming, filter com.alibaba.nacos.naming.config.NamingEnabledFilter

2025-06-05 10:15:17,275 INFO Load Nacos package exclude filter success, package prefix com.alibaba.nacos.istio, filter com.alibaba.nacos.istio.config.IstioEnabledFilter

2025-06-05 10:15:17,743 INFO Skip @SpringBootApplication annotation for class com.alibaba.nacos.config.server.Config to avoid duplicate scan

2025-06-05 10:15:18,243 INFO Skip @SpringBootApplication annotation for class com.alibaba.nacos.naming.NamingApp to avoid duplicate scan

2025-06-05 10:15:18,290 INFO Skip @SpringBootApplication annotation for class com.alibaba.nacos.cmdb.CmdbApp to avoid duplicate scan

2025-06-05 10:15:18,335 WARN Istio module disabled because set nacos.extension.naming.istio.enabled as false

2025-06-05 10:15:18,337 WARN Istio module disabled because set nacos.extension.naming.istio.enabled as false

2025-06-05 10:15:18,338 WARN Istio module disabled because set nacos.extension.naming.istio.enabled as false

2025-06-05 10:15:18,339 WARN Istio module disabled because set nacos.extension.naming.istio.enabled as false

2025-06-05 10:15:18,340 WARN Istio module disabled because set nacos.extension.naming.istio.enabled as false

2025-06-05 10:15:18,341 WARN Istio module disabled because set nacos.extension.naming.istio.enabled as false

2025-06-05 10:15:18,342 WARN Istio module disabled because set nacos.extension.naming.istio.enabled as false

2025-06-05 10:15:18,343 WARN Istio module disabled because set nacos.extension.naming.istio.enabled as false

2025-06-05 10:15:18,344 WARN Istio module disabled because set nacos.extension.naming.istio.enabled as false

2025-06-05 10:15:18,345 WARN Istio module disabled because set nacos.extension.naming.istio.enabled as false

2025-06-05 10:15:18,346 WARN Istio module disabled because set nacos.extension.naming.istio.enabled as false

2025-06-05 10:15:18,348 WARN Istio module disabled because set nacos.extension.naming.istio.enabled as false

2025-06-05 10:15:18,349 WARN Istio module disabled because set nacos.extension.naming.istio.enabled as false

2025-06-05 10:15:18,350 WARN Istio module disabled because set nacos.extension.naming.istio.enabled as false

2025-06-05 10:15:18,351 WARN Istio module disabled because set nacos.extension.naming.istio.enabled as false

2025-06-05 10:15:18,353 WARN Istio module disabled because set nacos.extension.naming.istio.enabled as false

2025-06-05 10:15:18,354 WARN Istio module disabled because set nacos.extension.naming.istio.enabled as false

2025-06-05 10:15:18,355 WARN Istio module disabled because set nacos.extension.naming.istio.enabled as false

2025-06-05 10:15:18,356 WARN Istio module disabled because set nacos.extension.naming.istio.enabled as false

2025-06-05 10:15:18,356 WARN Istio module disabled because set nacos.extension.naming.istio.enabled as false

2025-06-05 10:15:18,357 WARN Istio module disabled because set nacos.extension.naming.istio.enabled as false

2025-06-05 10:15:18,358 WARN Istio module disabled because set nacos.extension.naming.istio.enabled as false

2025-06-05 10:15:18,359 WARN Istio module disabled because set nacos.extension.naming.istio.enabled as false

2025-06-05 10:15:18,359 WARN Istio module disabled because set nacos.extension.naming.istio.enabled as false

2025-06-05 10:15:18,360 WARN Istio module disabled because set nacos.extension.naming.istio.enabled as false

2025-06-05 10:15:18,362 INFO Skip @SpringBootApplication annotation for class com.alibaba.nacos.istio.IstioApp to avoid duplicate scan

2025-06-05 10:15:18,363 WARN Istio module disabled because set nacos.extension.naming.istio.enabled as false

2025-06-05 10:15:18,364 WARN Istio module disabled because set nacos.extension.naming.istio.enabled as false

2025-06-05 10:15:18,365 WARN Istio module disabled because set nacos.extension.naming.istio.enabled as false

2025-06-05 10:15:18,366 WARN Istio module disabled because set nacos.extension.naming.istio.enabled as false

2025-06-05 10:15:18,366 WARN Istio module disabled because set nacos.extension.naming.istio.enabled as false

2025-06-05 10:15:18,367 WARN Istio module disabled because set nacos.extension.naming.istio.enabled as false

2025-06-05 10:15:18,368 WARN Istio module disabled because set nacos.extension.naming.istio.enabled as false

2025-06-05 10:15:18,369 WARN Istio module disabled because set nacos.extension.naming.istio.enabled as false

2025-06-05 10:15:18,370 WARN Istio module disabled because set nacos.extension.naming.istio.enabled as false

2025-06-05 10:15:18,373 WARN Istio module disabled because set nacos.extension.naming.istio.enabled as false

2025-06-05 10:15:18,373 WARN Istio module disabled because set nacos.extension.naming.istio.enabled as false

2025-06-05 10:15:19,547 INFO Skip @SpringBootApplication annotation for class com.alibaba.nacos.prometheus.PrometheusApp to avoid duplicate scan

2025-06-05 10:15:22,270 INFO Tomcat initialized with port(s): 8848 (http)

2025-06-05 10:15:22,284 INFO Starting service [Tomcat]

2025-06-05 10:15:22,285 INFO Starting Servlet engine: [Apache Tomcat/9.0.98]

2025-06-05 10:15:22,373 INFO Initializing Spring embedded WebApplicationContext

2025-06-05 10:15:22,373 INFO Root WebApplicationContext: initialization completed in 5307 ms

2025-06-05 10:15:22,435 INFO Not found ServerIdentityChecker implementation from SPI, use default.

2025-06-05 10:15:22,701 INFO Nacos-related cluster resource initialization

2025-06-05 10:15:22,707 INFO Load com.alibaba.nacos.core.ability.RemoteAbilityInitializer for ServerAbilityInitializer

2025-06-05 10:15:22,708 INFO Load com.alibaba.nacos.naming.ability.NamingAbilityInitializer for ServerAbilityInitializer

2025-06-05 10:15:22,711 INFO The cluster resource is initialized

2025-06-05 10:15:22,936 INFO HikariPool-1 - Starting...

2025-06-05 10:15:24,052 ERROR HikariPool-1 - Exception during pool initialization.

com.mysql.cj.jdbc.exceptions.CommunicationsException: Communications link failure

The last packet sent successfully to the server was 0 milliseconds ago. The driver has not received any packets from the server.
	at com.mysql.cj.jdbc.exceptions.SQLError.createCommunicationsException(SQLError.java:174)
	at com.mysql.cj.jdbc.exceptions.SQLExceptionsMapping.translateException(SQLExceptionsMapping.java:64)
	at com.mysql.cj.jdbc.ConnectionImpl.createNewIO(ConnectionImpl.java:815)
	at com.mysql.cj.jdbc.ConnectionImpl.<init>(ConnectionImpl.java:438)
	at com.mysql.cj.jdbc.ConnectionImpl.getInstance(ConnectionImpl.java:241)
	at com.mysql.cj.jdbc.NonRegisteringDriver.connect(NonRegisteringDriver.java:189)
	at com.zaxxer.hikari.util.DriverDataSource.getConnection(DriverDataSource.java:138)
	at com.zaxxer.hikari.pool.PoolBase.newConnection(PoolBase.java:354)
	at com.zaxxer.hikari.pool.PoolBase.newPoolEntry(PoolBase.java:202)
	at com.zaxxer.hikari.pool.HikariPool.createPoolEntry(HikariPool.java:473)
	at com.zaxxer.hikari.pool.HikariPool.checkFailFast(HikariPool.java:554)
	at com.zaxxer.hikari.pool.HikariPool.<init>(HikariPool.java:115)
	at com.zaxxer.hikari.HikariDataSource.getConnection(HikariDataSource.java:112)
	at com.alibaba.nacos.persistence.utils.ConnectionCheckUtil.checkDataSourceConnection(ConnectionCheckUtil.java:34)
	at com.alibaba.nacos.persistence.datasource.ExternalDataSourceServiceImpl.lambda$reload$0(ExternalDataSourceServiceImpl.java:138)
	at com.alibaba.nacos.persistence.datasource.ExternalDataSourceProperties.build(ExternalDataSourceProperties.java:97)
	at com.alibaba.nacos.persistence.datasource.ExternalDataSourceServiceImpl.reload(ExternalDataSourceServiceImpl.java:136)
	at com.alibaba.nacos.persistence.datasource.ExternalDataSourceServiceImpl.init(ExternalDataSourceServiceImpl.java:116)
	at com.alibaba.nacos.persistence.datasource.DynamicDataSource.getDataSource(DynamicDataSource.java:55)
	at com.alibaba.nacos.plugin.auth.impl.persistence.ExternalUserPersistServiceImpl.init(ExternalUserPersistServiceImpl.java:55)
	at sun.reflect.NativeMethodAccessorImpl.invoke0(Native Method)
	at sun.reflect.NativeMethodAccessorImpl.invoke(NativeMethodAccessorImpl.java:62)
	at sun.reflect.DelegatingMethodAccessorImpl.invoke(DelegatingMethodAccessorImpl.java:43)
	at java.lang.reflect.Method.invoke(Method.java:498)
	at org.springframework.beans.factory.annotation.InitDestroyAnnotationBeanPostProcessor$LifecycleElement.invoke(InitDestroyAnnotationBeanPostProcessor.java:389)
	at org.springframework.beans.factory.annotation.InitDestroyAnnotationBeanPostProcessor$LifecycleMetadata.invokeInitMethods(InitDestroyAnnotationBeanPostProcessor.java:333)
	at org.springframework.beans.factory.annotation.InitDestroyAnnotationBeanPostProcessor.postProcessBeforeInitialization(InitDestroyAnnotationBeanPostProcessor.java:157)
	at org.springframework.beans.factory.support.AbstractAutowireCapableBeanFactory.applyBeanPostProcessorsBeforeInitialization(AbstractAutowireCapableBeanFactory.java:440)
	at org.springframework.beans.factory.support.AbstractAutowireCapableBeanFactory.initializeBean(AbstractAutowireCapableBeanFactory.java:1796)
	at org.springframework.beans.factory.support.AbstractAutowireCapableBeanFactory.doCreateBean(AbstractAutowireCapableBeanFactory.java:620)
	at org.springframework.beans.factory.support.AbstractAutowireCapableBeanFactory.createBean(AbstractAutowireCapableBeanFactory.java:542)
	at org.springframework.beans.factory.support.AbstractBeanFactory.lambda$doGetBean$0(AbstractBeanFactory.java:336)
	at org.springframework.beans.factory.support.DefaultSingletonBeanRegistry.getSingleton(DefaultSingletonBeanRegistry.java:234)
	at org.springframework.beans.factory.support.AbstractBeanFactory.doGetBean(AbstractBeanFactory.java:334)
	at org.springframework.beans.factory.support.AbstractBeanFactory.getBean(AbstractBeanFactory.java:209)
	at org.springframework.beans.factory.config.DependencyDescriptor.resolveCandidate(DependencyDescriptor.java:276)
	at org.springframework.beans.factory.support.DefaultListableBeanFactory.doResolveDependency(DefaultListableBeanFactory.java:1391)
	at org.springframework.beans.factory.support.DefaultListableBeanFactory.resolveDependency(DefaultListableBeanFactory.java:1311)
	at org.springframework.beans.factory.annotation.AutowiredAnnotationBeanPostProcessor$AutowiredFieldElement.resolveFieldValue(AutowiredAnnotationBeanPostProcessor.java:710)
	at org.springframework.beans.factory.annotation.AutowiredAnnotationBeanPostProcessor$AutowiredFieldElement.inject(AutowiredAnnotationBeanPostProcessor.java:693)
	at org.springframework.beans.factory.annotation.InjectionMetadata.inject(InjectionMetadata.java:119)
	at org.springframework.beans.factory.annotation.AutowiredAnnotationBeanPostProcessor.postProcessProperties(AutowiredAnnotationBeanPostProcessor.java:408)
	at org.springframework.beans.factory.support.AbstractAutowireCapableBeanFactory.populateBean(AbstractAutowireCapableBeanFactory.java:1431)
	at org.springframework.beans.factory.support.AbstractAutowireCapableBeanFactory.doCreateBean(AbstractAutowireCapableBeanFactory.java:619)
	at org.springframework.beans.factory.support.AbstractAutowireCapableBeanFactory.createBean(AbstractAutowireCapableBeanFactory.java:542)
	at org.springframework.beans.factory.support.AbstractBeanFactory.lambda$doGetBean$0(AbstractBeanFactory.java:336)
	at org.springframework.beans.factory.support.DefaultSingletonBeanRegistry.getSingleton(DefaultSingletonBeanRegistry.java:234)
	at org.springframework.beans.factory.support.AbstractBeanFactory.doGetBean(AbstractBeanFactory.java:334)
	at org.springframework.beans.factory.support.AbstractBeanFactory.getBean(AbstractBeanFactory.java:209)
	at org.springframework.beans.factory.config.DependencyDescriptor.resolveCandidate(DependencyDescriptor.java:276)
	at org.springframework.beans.factory.support.DefaultListableBeanFactory.doResolveDependency(DefaultListableBeanFactory.java:1391)
	at org.springframework.beans.factory.support.DefaultListableBeanFactory.resolveDependency(DefaultListableBeanFactory.java:1311)
	at org.springframework.beans.factory.support.ConstructorResolver.resolveAutowiredArgument(ConstructorResolver.java:904)
	at org.springframework.beans.factory.support.ConstructorResolver.createArgumentArray(ConstructorResolver.java:781)
	at org.springframework.beans.factory.support.ConstructorResolver.autowireConstructor(ConstructorResolver.java:220)
	at org.springframework.beans.factory.support.AbstractAutowireCapableBeanFactory.autowireConstructor(AbstractAutowireCapableBeanFactory.java:1372)
	at org.springframework.beans.factory.support.AbstractAutowireCapableBeanFactory.createBeanInstance(AbstractAutowireCapableBeanFactory.java:1222)
	at org.springframework.beans.factory.support.AbstractAutowireCapableBeanFactory.doCreateBean(AbstractAutowireCapableBeanFactory.java:582)
	at org.springframework.beans.factory.support.AbstractAutowireCapableBeanFactory.createBean(AbstractAutowireCapableBeanFactory.java:542)
	at org.springframework.beans.factory.support.AbstractBeanFactory.lambda$doGetBean$0(AbstractBeanFactory.java:336)
	at org.springframework.beans.factory.support.DefaultSingletonBeanRegistry.getSingleton(DefaultSingletonBeanRegistry.java:234)
	at org.springframework.beans.factory.support.AbstractBeanFactory.doGetBean(AbstractBeanFactory.java:334)
	at org.springframework.beans.factory.support.AbstractBeanFactory.getBean(AbstractBeanFactory.java:209)
	at org.springframework.beans.factory.support.ConstructorResolver.instantiateUsingFactoryMethod(ConstructorResolver.java:401)
	at org.springframework.beans.factory.support.AbstractAutowireCapableBeanFactory.instantiateUsingFactoryMethod(AbstractAutowireCapableBeanFactory.java:1352)
	at org.springframework.beans.factory.support.AbstractAutowireCapableBeanFactory.createBeanInstance(AbstractAutowireCapableBeanFactory.java:1195)
	at org.springframework.beans.factory.support.AbstractAutowireCapableBeanFactory.doCreateBean(AbstractAutowireCapableBeanFactory.java:582)
	at org.springframework.beans.factory.support.AbstractAutowireCapableBeanFactory.createBean(AbstractAutowireCapableBeanFactory.java:542)
	at org.springframework.beans.factory.support.AbstractBeanFactory.lambda$doGetBean$0(AbstractBeanFactory.java:336)
	at org.springframework.beans.factory.support.DefaultSingletonBeanRegistry.getSingleton(DefaultSingletonBeanRegistry.java:234)
	at org.springframework.beans.factory.support.AbstractBeanFactory.doGetBean(AbstractBeanFactory.java:334)
	at org.springframework.beans.factory.support.AbstractBeanFactory.getBean(AbstractBeanFactory.java:209)
	at org.springframework.beans.factory.config.DependencyDescriptor.resolveCandidate(DependencyDescriptor.java:276)
	at org.springframework.beans.factory.support.DefaultListableBeanFactory.doResolveDependency(DefaultListableBeanFactory.java:1391)
	at org.springframework.beans.factory.support.DefaultListableBeanFactory.resolveDependency(DefaultListableBeanFactory.java:1311)
	at org.springframework.beans.factory.support.ConstructorResolver.resolveAutowiredArgument(ConstructorResolver.java:904)
	at org.springframework.beans.factory.support.ConstructorResolver.createArgumentArray(ConstructorResolver.java:781)
	at org.springframework.beans.factory.support.ConstructorResolver.instantiateUsingFactoryMethod(ConstructorResolver.java:532)
	at org.springframework.beans.factory.support.AbstractAutowireCapableBeanFactory.instantiateUsingFactoryMethod(AbstractAutowireCapableBeanFactory.java:1352)
	at org.springframework.beans.factory.support.AbstractAutowireCapableBeanFactory.createBeanInstance(AbstractAutowireCapableBeanFactory.java:1195)
	at org.springframework.beans.factory.support.AbstractAutowireCapableBeanFactory.doCreateBean(AbstractAutowireCapableBeanFactory.java:582)
	at org.springframework.beans.factory.support.AbstractAutowireCapableBeanFactory.createBean(AbstractAutowireCapableBeanFactory.java:542)
	at org.springframework.beans.factory.support.AbstractBeanFactory.lambda$doGetBean$0(AbstractBeanFactory.java:336)
	at org.springframework.beans.factory.support.DefaultSingletonBeanRegistry.getSingleton(DefaultSingletonBeanRegistry.java:234)
	at org.springframework.beans.factory.support.AbstractBeanFactory.doGetBean(AbstractBeanFactory.java:334)
	at org.springframework.beans.factory.support.AbstractBeanFactory.getBean(AbstractBeanFactory.java:214)
	at org.springframework.boot.web.servlet.ServletContextInitializerBeans.getOrderedBeansOfType(ServletContextInitializerBeans.java:213)
	at org.springframework.boot.web.servlet.ServletContextInitializerBeans.getOrderedBeansOfType(ServletContextInitializerBeans.java:204)
	at org.springframework.boot.web.servlet.ServletContextInitializerBeans.addServletContextInitializerBeans(ServletContextInitializerBeans.java:98)
	at org.springframework.boot.web.servlet.ServletContextInitializerBeans.<init>(ServletContextInitializerBeans.java:86)
	at org.springframework.boot.web.servlet.context.ServletWebServerApplicationContext.getServletContextInitializerBeans(ServletWebServerApplicationContext.java:262)
	at org.springframework.boot.web.servlet.context.ServletWebServerApplicationContext.selfInitialize(ServletWebServerApplicationContext.java:236)
	at org.springframework.boot.web.embedded.tomcat.TomcatStarter.onStartup(TomcatStarter.java:53)
	at org.apache.catalina.core.StandardContext.startInternal(StandardContext.java:4450)
	at org.apache.catalina.util.LifecycleBase.start(LifecycleBase.java:164)
	at org.apache.catalina.core.ContainerBase$StartChild.call(ContainerBase.java:1203)
	at org.apache.catalina.core.ContainerBase$StartChild.call(ContainerBase.java:1193)
	at java.util.concurrent.FutureTask.run(FutureTask.java:266)
	at org.apache.tomcat.util.threads.InlineExecutorService.execute(InlineExecutorService.java:75)
	at java.util.concurrent.AbstractExecutorService.submit(AbstractExecutorService.java:134)
	at org.apache.catalina.core.ContainerBase.startInternal(ContainerBase.java:749)
	at org.apache.catalina.core.StandardHost.startInternal(StandardHost.java:721)
	at org.apache.catalina.util.LifecycleBase.start(LifecycleBase.java:164)
	at org.apache.catalina.core.ContainerBase$StartChild.call(ContainerBase.java:1203)
	at org.apache.catalina.core.ContainerBase$StartChild.call(ContainerBase.java:1193)
	at java.util.concurrent.FutureTask.run(FutureTask.java:266)
	at org.apache.tomcat.util.threads.InlineExecutorService.execute(InlineExecutorService.java:75)
	at java.util.concurrent.AbstractExecutorService.submit(AbstractExecutorService.java:134)
	at org.apache.catalina.core.ContainerBase.startInternal(ContainerBase.java:749)
	at org.apache.catalina.core.StandardEngine.startInternal(StandardEngine.java:211)
	at org.apache.catalina.util.LifecycleBase.start(LifecycleBase.java:164)
	at org.apache.catalina.core.StandardService.startInternal(StandardService.java:415)
	at org.apache.catalina.util.LifecycleBase.start(LifecycleBase.java:164)
	at org.apache.catalina.core.StandardServer.startInternal(StandardServer.java:874)
	at org.apache.catalina.util.LifecycleBase.start(LifecycleBase.java:164)
	at org.apache.catalina.startup.Tomcat.start(Tomcat.java:438)
	at org.springframework.boot.web.embedded.tomcat.TomcatWebServer.initialize(TomcatWebServer.java:123)
	at org.springframework.boot.web.embedded.tomcat.TomcatWebServer.<init>(TomcatWebServer.java:104)
	at org.springframework.boot.web.embedded.tomcat.TomcatServletWebServerFactory.getTomcatWebServer(TomcatServletWebServerFactory.java:481)
	at org.springframework.boot.web.embedded.tomcat.TomcatServletWebServerFactory.getWebServer(TomcatServletWebServerFactory.java:211)
	at org.springframework.boot.web.servlet.context.ServletWebServerApplicationContext.createWebServer(ServletWebServerApplicationContext.java:184)
	at org.springframework.boot.web.servlet.context.ServletWebServerApplicationContext.onRefresh(ServletWebServerApplicationContext.java:162)
	at org.springframework.context.support.AbstractApplicationContext.refresh(AbstractApplicationContext.java:585)
	at org.springframework.boot.web.servlet.context.ServletWebServerApplicationContext.refresh(ServletWebServerApplicationContext.java:147)
	at org.springframework.boot.SpringApplication.refresh(SpringApplication.java:732)
	at org.springframework.boot.SpringApplication.refreshContext(SpringApplication.java:409)
	at org.springframework.boot.SpringApplication.run(SpringApplication.java:308)
	at org.springframework.boot.SpringApplication.run(SpringApplication.java:1300)
	at org.springframework.boot.SpringApplication.run(SpringApplication.java:1289)
	at com.alibaba.nacos.Nacos.main(Nacos.java:46)
	at sun.reflect.NativeMethodAccessorImpl.invoke0(Native Method)
	at sun.reflect.NativeMethodAccessorImpl.invoke(NativeMethodAccessorImpl.java:62)
	at sun.reflect.DelegatingMethodAccessorImpl.invoke(DelegatingMethodAccessorImpl.java:43)
	at java.lang.reflect.Method.invoke(Method.java:498)
	at org.springframework.boot.loader.MainMethodRunner.run(MainMethodRunner.java:49)
	at org.springframework.boot.loader.Launcher.launch(Launcher.java:108)
	at org.springframework.boot.loader.Launcher.launch(Launcher.java:58)
	at org.springframework.boot.loader.PropertiesLauncher.main(PropertiesLauncher.java:467)
Caused by: com.mysql.cj.exceptions.CJCommunicationsException: Communications link failure

The last packet sent successfully to the server was 0 milliseconds ago. The driver has not received any packets from the server.
	at sun.reflect.NativeConstructorAccessorImpl.newInstance0(Native Method)
	at sun.reflect.NativeConstructorAccessorImpl.newInstance(NativeConstructorAccessorImpl.java:62)
	at sun.reflect.DelegatingConstructorAccessorImpl.newInstance(DelegatingConstructorAccessorImpl.java:45)
	at java.lang.reflect.Constructor.newInstance(Constructor.java:423)
	at com.mysql.cj.exceptions.ExceptionFactory.createException(ExceptionFactory.java:61)
	at com.mysql.cj.exceptions.ExceptionFactory.createException(ExceptionFactory.java:104)
	at com.mysql.cj.exceptions.ExceptionFactory.createException(ExceptionFactory.java:149)
	at com.mysql.cj.exceptions.ExceptionFactory.createCommunicationsException(ExceptionFactory.java:165)
	at com.mysql.cj.protocol.a.NativeSocketConnection.connect(NativeSocketConnection.java:88)
	at com.mysql.cj.NativeSession.connect(NativeSession.java:120)
	at com.mysql.cj.jdbc.ConnectionImpl.connectOneTryOnly(ConnectionImpl.java:935)
	at com.mysql.cj.jdbc.ConnectionImpl.createNewIO(ConnectionImpl.java:805)
	... 135 common frames omitted
Caused by: java.net.UnknownHostException: mysql: Name does not resolve
	at java.net.Inet6AddressImpl.lookupAllHostAddr(Native Method)
	at java.net.InetAddress$2.lookupAllHostAddr(InetAddress.java:868)
	at java.net.InetAddress.getAddressesFromNameService(InetAddress.java:1303)
	at java.net.InetAddress$NameServiceAddresses.get(InetAddress.java:816)
	at java.net.InetAddress.getAllByName0(InetAddress.java:1292)
	at java.net.InetAddress.getAllByName(InetAddress.java:1145)
	at java.net.InetAddress.getAllByName(InetAddress.java:1066)
	at com.mysql.cj.protocol.StandardSocketFactory.connect(StandardSocketFactory.java:130)
	at com.mysql.cj.protocol.a.NativeSocketConnection.connect(NativeSocketConnection.java:62)
	... 138 common frames omitted
2025-06-05 10:15:24,064 ERROR Error starting Tomcat context. Exception: org.springframework.beans.factory.UnsatisfiedDependencyException. Message: Error creating bean with name 'basicAuthenticationFilter' defined in class path resource [com/alibaba/nacos/prometheus/filter/PrometheusAuthFilter.class]: Unsatisfied dependency expressed through method 'basicAuthenticationFilter' parameter 0; nested exception is org.springframework.beans.factory.UnsatisfiedDependencyException: Error creating bean with name 'nacosAuthConfig' defined in URL [jar:file:/home/nacos/target/nacos-server.jar!/BOOT-INF/lib/default-auth-plugin-2.5.0.jar!/com/alibaba/nacos/plugin/auth/impl/NacosAuthConfig.class]: Unsatisfied dependency expressed through constructor parameter 3; nested exception is org.springframework.beans.factory.UnsatisfiedDependencyException: Error creating bean with name 'nacosUserDetailsServiceImpl': Unsatisfied dependency expressed through field 'userPersistService'; nested exception is org.springframework.beans.factory.BeanCreationException: Error creating bean with name 'externalUserPersistServiceImpl': Invocation of init method failed; nested exception is java.lang.RuntimeException: java.lang.RuntimeException: [db-load-error]load jdbc.properties error

2025-06-05 10:15:24,094 INFO Stopping service [Tomcat]

2025-06-05 10:15:24,097 WARN The web application [nacos] appears to have started a thread named [nacos.publisher-com.alibaba.nacos.common.event.ServerConfigChangeEvent] but has failed to stop it. This is very likely to create a memory leak. Stack trace of thread:
 sun.misc.Unsafe.park(Native Method)
 java.util.concurrent.locks.LockSupport.park(LockSupport.java:175)
 java.util.concurrent.locks.AbstractQueuedSynchronizer$ConditionObject.await(AbstractQueuedSynchronizer.java:2039)
 java.util.concurrent.ArrayBlockingQueue.take(ArrayBlockingQueue.java:403)
 com.alibaba.nacos.common.notify.DefaultPublisher.openEventHandler(DefaultPublisher.java:111)
 com.alibaba.nacos.common.notify.DefaultPublisher.run(DefaultPublisher.java:95)

2025-06-05 10:15:24,098 WARN The web application [nacos] appears to have started a thread named [nacos-http-async-client.0] but has failed to stop it. This is very likely to create a memory leak. Stack trace of thread:
 sun.nio.ch.EPollArrayWrapper.epollWait(Native Method)
 sun.nio.ch.EPollArrayWrapper.poll(EPollArrayWrapper.java:269)
 sun.nio.ch.EPollSelectorImpl.doSelect(EPollSelectorImpl.java:93)
 sun.nio.ch.SelectorImpl.lockAndDoSelect(SelectorImpl.java:86)
 sun.nio.ch.SelectorImpl.select(SelectorImpl.java:97)
 org.apache.http.impl.nio.reactor.AbstractMultiworkerIOReactor.execute(AbstractMultiworkerIOReactor.java:343)
 org.apache.http.impl.nio.conn.PoolingNHttpClientConnectionManager.execute(PoolingNHttpClientConnectionManager.java:221)
 org.apache.http.impl.nio.client.CloseableHttpAsyncClientBase$1.run(CloseableHttpAsyncClientBase.java:64)
 java.lang.Thread.run(Thread.java:750)

2025-06-05 10:15:24,099 WARN The web application [nacos] appears to have started a thread named [nacos.publisher-com.alibaba.nacos.core.cluster.MembersChangeEvent] but has failed to stop it. This is very likely to create a memory leak. Stack trace of thread:
 sun.misc.Unsafe.park(Native Method)
 java.util.concurrent.locks.LockSupport.park(LockSupport.java:175)
 java.util.concurrent.locks.AbstractQueuedSynchronizer$ConditionObject.await(AbstractQueuedSynchronizer.java:2039)
 java.util.concurrent.ArrayBlockingQueue.take(ArrayBlockingQueue.java:403)
 com.alibaba.nacos.common.notify.DefaultPublisher.openEventHandler(DefaultPublisher.java:111)
 com.alibaba.nacos.common.notify.DefaultPublisher.run(DefaultPublisher.java:95)

2025-06-05 10:15:24,103 WARN The web application [nacos] appears to have started a thread named [nacos-http-async-client#I/O Reactor.0] but has failed to stop it. This is very likely to create a memory leak. Stack trace of thread:
 sun.nio.ch.EPollArrayWrapper.epollWait(Native Method)
 sun.nio.ch.EPollArrayWrapper.poll(EPollArrayWrapper.java:269)
 sun.nio.ch.EPollSelectorImpl.doSelect(EPollSelectorImpl.java:93)
 sun.nio.ch.SelectorImpl.lockAndDoSelect(SelectorImpl.java:86)
 sun.nio.ch.SelectorImpl.select(SelectorImpl.java:97)
 org.apache.http.impl.nio.reactor.AbstractIOReactor.execute(AbstractIOReactor.java:255)
 org.apache.http.impl.nio.reactor.BaseIOReactor.execute(BaseIOReactor.java:104)
 org.apache.http.impl.nio.reactor.AbstractMultiworkerIOReactor$Worker.run(AbstractMultiworkerIOReactor.java:591)
 java.lang.Thread.run(Thread.java:750)

2025-06-05 10:15:24,104 WARN The web application [nacos] appears to have started a thread named [nacos-http-async-client#I/O Reactor.1] but has failed to stop it. This is very likely to create a memory leak. Stack trace of thread:
 sun.nio.ch.EPollArrayWrapper.epollWait(Native Method)
 sun.nio.ch.EPollArrayWrapper.poll(EPollArrayWrapper.java:269)
 sun.nio.ch.EPollSelectorImpl.doSelect(EPollSelectorImpl.java:93)
 sun.nio.ch.SelectorImpl.lockAndDoSelect(SelectorImpl.java:86)
 sun.nio.ch.SelectorImpl.select(SelectorImpl.java:97)
 org.apache.http.impl.nio.reactor.AbstractIOReactor.execute(AbstractIOReactor.java:255)
 org.apache.http.impl.nio.reactor.BaseIOReactor.execute(BaseIOReactor.java:104)
 org.apache.http.impl.nio.reactor.AbstractMultiworkerIOReactor$Worker.run(AbstractMultiworkerIOReactor.java:591)
 java.lang.Thread.run(Thread.java:750)

2025-06-05 10:15:24,106 WARN The web application [nacos] appears to have started a thread named [nacos-http-async-client#I/O Reactor.2] but has failed to stop it. This is very likely to create a memory leak. Stack trace of thread:
 sun.nio.ch.EPollArrayWrapper.epollWait(Native Method)
 sun.nio.ch.EPollArrayWrapper.poll(EPollArrayWrapper.java:269)
 sun.nio.ch.EPollSelectorImpl.doSelect(EPollSelectorImpl.java:93)
 sun.nio.ch.SelectorImpl.lockAndDoSelect(SelectorImpl.java:86)
 sun.nio.ch.SelectorImpl.select(SelectorImpl.java:97)
 org.apache.http.impl.nio.reactor.AbstractIOReactor.execute(AbstractIOReactor.java:255)
 org.apache.http.impl.nio.reactor.BaseIOReactor.execute(BaseIOReactor.java:104)
 org.apache.http.impl.nio.reactor.AbstractMultiworkerIOReactor$Worker.run(AbstractMultiworkerIOReactor.java:591)
 java.lang.Thread.run(Thread.java:750)

2025-06-05 10:15:24,107 WARN The web application [nacos] appears to have started a thread named [nacos-http-async-client#I/O Reactor.3] but has failed to stop it. This is very likely to create a memory leak. Stack trace of thread:
 sun.nio.ch.EPollArrayWrapper.epollWait(Native Method)
 sun.nio.ch.EPollArrayWrapper.poll(EPollArrayWrapper.java:269)
 sun.nio.ch.EPollSelectorImpl.doSelect(EPollSelectorImpl.java:93)
 sun.nio.ch.SelectorImpl.lockAndDoSelect(SelectorImpl.java:86)
 sun.nio.ch.SelectorImpl.select(SelectorImpl.java:97)
 org.apache.http.impl.nio.reactor.AbstractIOReactor.execute(AbstractIOReactor.java:255)
 org.apache.http.impl.nio.reactor.BaseIOReactor.execute(BaseIOReactor.java:104)
 org.apache.http.impl.nio.reactor.AbstractMultiworkerIOReactor$Worker.run(AbstractMultiworkerIOReactor.java:591)
 java.lang.Thread.run(Thread.java:750)

2025-06-05 10:15:24,107 WARN The web application [nacos] appears to have started a thread named [com.alibaba.nacos.core.distributed.distro.task.delay.DistroDelayTaskExecuteEngine.0] but has failed to stop it. This is very likely to create a memory leak. Stack trace of thread:
 sun.misc.Unsafe.park(Native Method)
 java.util.concurrent.locks.LockSupport.parkNanos(LockSupport.java:215)
 java.util.concurrent.locks.AbstractQueuedSynchronizer$ConditionObject.awaitNanos(AbstractQueuedSynchronizer.java:2078)
 java.util.concurrent.ScheduledThreadPoolExecutor$DelayedWorkQueue.take(ScheduledThreadPoolExecutor.java:1093)
 java.util.concurrent.ScheduledThreadPoolExecutor$DelayedWorkQueue.take(ScheduledThreadPoolExecutor.java:809)
 java.util.concurrent.ThreadPoolExecutor.getTask(ThreadPoolExecutor.java:1074)
 java.util.concurrent.ThreadPoolExecutor.runWorker(ThreadPoolExecutor.java:1134)
 java.util.concurrent.ThreadPoolExecutor$Worker.run(ThreadPoolExecutor.java:624)
 java.lang.Thread.run(Thread.java:750)

2025-06-05 10:15:24,108 WARN The web application [nacos] appears to have started a thread named [DistroExecuteTaskExecuteEngine_0%4] but has failed to stop it. This is very likely to create a memory leak. Stack trace of thread:
 sun.misc.Unsafe.park(Native Method)
 java.util.concurrent.locks.LockSupport.park(LockSupport.java:175)
 java.util.concurrent.locks.AbstractQueuedSynchronizer$ConditionObject.await(AbstractQueuedSynchronizer.java:2039)
 java.util.concurrent.ArrayBlockingQueue.take(ArrayBlockingQueue.java:403)
 com.alibaba.nacos.common.task.engine.TaskExecuteWorker$InnerWorker.run(TaskExecuteWorker.java:118)

2025-06-05 10:15:24,109 WARN The web application [nacos] appears to have started a thread named [DistroExecuteTaskExecuteEngine_1%4] but has failed to stop it. This is very likely to create a memory leak. Stack trace of thread:
 sun.misc.Unsafe.park(Native Method)
 java.util.concurrent.locks.LockSupport.park(LockSupport.java:175)
 java.util.concurrent.locks.AbstractQueuedSynchronizer$ConditionObject.await(AbstractQueuedSynchronizer.java:2039)
 java.util.concurrent.ArrayBlockingQueue.take(ArrayBlockingQueue.java:403)
 com.alibaba.nacos.common.task.engine.TaskExecuteWorker$InnerWorker.run(TaskExecuteWorker.java:118)

2025-06-05 10:15:24,110 WARN The web application [nacos] appears to have started a thread named [DistroExecuteTaskExecuteEngine_2%4] but has failed to stop it. This is very likely to create a memory leak. Stack trace of thread:
 sun.misc.Unsafe.park(Native Method)
 java.util.concurrent.locks.LockSupport.park(LockSupport.java:175)
 java.util.concurrent.locks.AbstractQueuedSynchronizer$ConditionObject.await(AbstractQueuedSynchronizer.java:2039)
 java.util.concurrent.ArrayBlockingQueue.take(ArrayBlockingQueue.java:403)
 com.alibaba.nacos.common.task.engine.TaskExecuteWorker$InnerWorker.run(TaskExecuteWorker.java:118)

2025-06-05 10:15:24,111 WARN The web application [nacos] appears to have started a thread named [DistroExecuteTaskExecuteEngine_3%4] but has failed to stop it. This is very likely to create a memory leak. Stack trace of thread:
 sun.misc.Unsafe.park(Native Method)
 java.util.concurrent.locks.LockSupport.park(LockSupport.java:175)
 java.util.concurrent.locks.AbstractQueuedSynchronizer$ConditionObject.await(AbstractQueuedSynchronizer.java:2039)
 java.util.concurrent.ArrayBlockingQueue.take(ArrayBlockingQueue.java:403)
 com.alibaba.nacos.common.task.engine.TaskExecuteWorker$InnerWorker.run(TaskExecuteWorker.java:118)

2025-06-05 10:15:24,111 WARN The web application [nacos] appears to have started a thread named [com.alibaba.nacos.naming.timer.0] but has failed to stop it. This is very likely to create a memory leak. Stack trace of thread:
 sun.misc.Unsafe.park(Native Method)
 java.util.concurrent.locks.LockSupport.parkNanos(LockSupport.java:215)
 java.util.concurrent.locks.AbstractQueuedSynchronizer$ConditionObject.awaitNanos(AbstractQueuedSynchronizer.java:2078)
 java.util.concurrent.ScheduledThreadPoolExecutor$DelayedWorkQueue.take(ScheduledThreadPoolExecutor.java:1093)
 java.util.concurrent.ScheduledThreadPoolExecutor$DelayedWorkQueue.take(ScheduledThreadPoolExecutor.java:809)
 java.util.concurrent.ThreadPoolExecutor.getTask(ThreadPoolExecutor.java:1074)
 java.util.concurrent.ThreadPoolExecutor.runWorker(ThreadPoolExecutor.java:1134)
 java.util.concurrent.ThreadPoolExecutor$Worker.run(ThreadPoolExecutor.java:624)
 java.lang.Thread.run(Thread.java:750)

2025-06-05 10:15:24,112 WARN The web application [nacos] appears to have started a thread named [com.alibaba.nacos.naming.timer.1] but has failed to stop it. This is very likely to create a memory leak. Stack trace of thread:
 sun.misc.Unsafe.park(Native Method)
 java.util.concurrent.locks.LockSupport.park(LockSupport.java:175)
 java.util.concurrent.locks.AbstractQueuedSynchronizer$ConditionObject.await(AbstractQueuedSynchronizer.java:2039)
 java.util.concurrent.ScheduledThreadPoolExecutor$DelayedWorkQueue.take(ScheduledThreadPoolExecutor.java:1088)
 java.util.concurrent.ScheduledThreadPoolExecutor$DelayedWorkQueue.take(ScheduledThreadPoolExecutor.java:809)
 java.util.concurrent.ThreadPoolExecutor.getTask(ThreadPoolExecutor.java:1074)
 java.util.concurrent.ThreadPoolExecutor.runWorker(ThreadPoolExecutor.java:1134)
 java.util.concurrent.ThreadPoolExecutor$Worker.run(ThreadPoolExecutor.java:624)
 java.lang.Thread.run(Thread.java:750)

2025-06-05 10:15:24,113 WARN The web application [nacos] appears to have started a thread named [naming.publisher-ClientOperationEvent] but has failed to stop it. This is very likely to create a memory leak. Stack trace of thread:
 sun.misc.Unsafe.park(Native Method)
 java.util.concurrent.locks.LockSupport.park(LockSupport.java:175)
 java.util.concurrent.locks.AbstractQueuedSynchronizer$ConditionObject.await(AbstractQueuedSynchronizer.java:2039)
 java.util.concurrent.ArrayBlockingQueue.take(ArrayBlockingQueue.java:403)
 com.alibaba.nacos.naming.core.v2.event.publisher.NamingEventPublisher.handleEvents(NamingEventPublisher.java:156)
 com.alibaba.nacos.naming.core.v2.event.publisher.NamingEventPublisher.run(NamingEventPublisher.java:135)

2025-06-05 10:15:24,113 WARN The web application [nacos] appears to have started a thread named [naming.publisher-MetadataEvent] but has failed to stop it. This is very likely to create a memory leak. Stack trace of thread:
 sun.misc.Unsafe.park(Native Method)
 java.util.concurrent.locks.LockSupport.park(LockSupport.java:175)
 java.util.concurrent.locks.AbstractQueuedSynchronizer$ConditionObject.await(AbstractQueuedSynchronizer.java:2039)
 java.util.concurrent.ArrayBlockingQueue.take(ArrayBlockingQueue.java:403)
 com.alibaba.nacos.naming.core.v2.event.publisher.NamingEventPublisher.handleEvents(NamingEventPublisher.java:156)
 com.alibaba.nacos.naming.core.v2.event.publisher.NamingEventPublisher.run(NamingEventPublisher.java:135)

2025-06-05 10:15:24,114 WARN The web application [nacos] appears to have started a thread named [naming.publisher-ClientEvent] but has failed to stop it. This is very likely to create a memory leak. Stack trace of thread:
 sun.misc.Unsafe.park(Native Method)
 java.util.concurrent.locks.LockSupport.park(LockSupport.java:175)
 java.util.concurrent.locks.AbstractQueuedSynchronizer$ConditionObject.await(AbstractQueuedSynchronizer.java:2039)
 java.util.concurrent.ArrayBlockingQueue.take(ArrayBlockingQueue.java:403)
 com.alibaba.nacos.naming.core.v2.event.publisher.NamingEventPublisher.handleEvents(NamingEventPublisher.java:156)
 com.alibaba.nacos.naming.core.v2.event.publisher.NamingEventPublisher.run(NamingEventPublisher.java:135)

2025-06-05 10:15:24,115 WARN The web application [nacos] appears to have started a thread named [com.alibaba.nacos.naming.remote-connection-manager.0] but has failed to stop it. This is very likely to create a memory leak. Stack trace of thread:
 sun.misc.Unsafe.park(Native Method)
 java.util.concurrent.locks.LockSupport.parkNanos(LockSupport.java:215)
 java.util.concurrent.locks.AbstractQueuedSynchronizer$ConditionObject.awaitNanos(AbstractQueuedSynchronizer.java:2078)
 java.util.concurrent.ScheduledThreadPoolExecutor$DelayedWorkQueue.take(ScheduledThreadPoolExecutor.java:1093)
 java.util.concurrent.ScheduledThreadPoolExecutor$DelayedWorkQueue.take(ScheduledThreadPoolExecutor.java:809)
 java.util.concurrent.ThreadPoolExecutor.getTask(ThreadPoolExecutor.java:1074)
 java.util.concurrent.ThreadPoolExecutor.runWorker(ThreadPoolExecutor.java:1134)
 java.util.concurrent.ThreadPoolExecutor$Worker.run(ThreadPoolExecutor.java:624)
 java.lang.Thread.run(Thread.java:750)

2025-06-05 10:15:24,117 WARN Exception encountered during context initialization - cancelling refresh attempt: org.springframework.context.ApplicationContextException: Unable to start web server; nested exception is org.springframework.boot.web.server.WebServerException: Unable to start embedded Tomcat

2025-06-05 10:15:24,123 INFO Nacos Log files: /home/nacos/logs

2025-06-05 10:15:24,123 INFO Nacos Log files: /home/nacos/conf

2025-06-05 10:15:24,124 INFO Nacos Log files: /home/nacos/data

2025-06-05 10:15:24,125 ERROR Startup errors : 

org.springframework.context.ApplicationContextException: Unable to start web server; nested exception is org.springframework.boot.web.server.WebServerException: Unable to start embedded Tomcat
	at org.springframework.boot.web.servlet.context.ServletWebServerApplicationContext.onRefresh(ServletWebServerApplicationContext.java:165)
	at org.springframework.context.support.AbstractApplicationContext.refresh(AbstractApplicationContext.java:585)
	at org.springframework.boot.web.servlet.context.ServletWebServerApplicationContext.refresh(ServletWebServerApplicationContext.java:147)
	at org.springframework.boot.SpringApplication.refresh(SpringApplication.java:732)
	at org.springframework.boot.SpringApplication.refreshContext(SpringApplication.java:409)
	at org.springframework.boot.SpringApplication.run(SpringApplication.java:308)
	at org.springframework.boot.SpringApplication.run(SpringApplication.java:1300)
	at org.springframework.boot.SpringApplication.run(SpringApplication.java:1289)
	at com.alibaba.nacos.Nacos.main(Nacos.java:46)
	at sun.reflect.NativeMethodAccessorImpl.invoke0(Native Method)
	at sun.reflect.NativeMethodAccessorImpl.invoke(NativeMethodAccessorImpl.java:62)
	at sun.reflect.DelegatingMethodAccessorImpl.invoke(DelegatingMethodAccessorImpl.java:43)
	at java.lang.reflect.Method.invoke(Method.java:498)
	at org.springframework.boot.loader.MainMethodRunner.run(MainMethodRunner.java:49)
	at org.springframework.boot.loader.Launcher.launch(Launcher.java:108)
	at org.springframework.boot.loader.Launcher.launch(Launcher.java:58)
	at org.springframework.boot.loader.PropertiesLauncher.main(PropertiesLauncher.java:467)
Caused by: org.springframework.boot.web.server.WebServerException: Unable to start embedded Tomcat
	at org.springframework.boot.web.embedded.tomcat.TomcatWebServer.initialize(TomcatWebServer.java:142)
	at org.springframework.boot.web.embedded.tomcat.TomcatWebServer.<init>(TomcatWebServer.java:104)
	at org.springframework.boot.web.embedded.tomcat.TomcatServletWebServerFactory.getTomcatWebServer(TomcatServletWebServerFactory.java:481)
	at org.springframework.boot.web.embedded.tomcat.TomcatServletWebServerFactory.getWebServer(TomcatServletWebServerFactory.java:211)
	at org.springframework.boot.web.servlet.context.ServletWebServerApplicationContext.createWebServer(ServletWebServerApplicationContext.java:184)
	at org.springframework.boot.web.servlet.context.ServletWebServerApplicationContext.onRefresh(ServletWebServerApplicationContext.java:162)
	... 16 common frames omitted
Caused by: org.springframework.beans.factory.UnsatisfiedDependencyException: Error creating bean with name 'basicAuthenticationFilter' defined in class path resource [com/alibaba/nacos/prometheus/filter/PrometheusAuthFilter.class]: Unsatisfied dependency expressed through method 'basicAuthenticationFilter' parameter 0; nested exception is org.springframework.beans.factory.UnsatisfiedDependencyException: Error creating bean with name 'nacosAuthConfig' defined in URL [jar:file:/home/nacos/target/nacos-server.jar!/BOOT-INF/lib/default-auth-plugin-2.5.0.jar!/com/alibaba/nacos/plugin/auth/impl/NacosAuthConfig.class]: Unsatisfied dependency expressed through constructor parameter 3; nested exception is org.springframework.beans.factory.UnsatisfiedDependencyException: Error creating bean with name 'nacosUserDetailsServiceImpl': Unsatisfied dependency expressed through field 'userPersistService'; nested exception is org.springframework.beans.factory.BeanCreationException: Error creating bean with name 'externalUserPersistServiceImpl': Invocation of init method failed; nested exception is java.lang.RuntimeException: java.lang.RuntimeException: [db-load-error]load jdbc.properties error
	at org.springframework.beans.factory.support.ConstructorResolver.createArgumentArray(ConstructorResolver.java:794)
	at org.springframework.beans.factory.support.ConstructorResolver.instantiateUsingFactoryMethod(ConstructorResolver.java:532)
	at org.springframework.beans.factory.support.AbstractAutowireCapableBeanFactory.instantiateUsingFactoryMethod(AbstractAutowireCapableBeanFactory.java:1352)
	at org.springframework.beans.factory.support.AbstractAutowireCapableBeanFactory.createBeanInstance(AbstractAutowireCapableBeanFactory.java:1195)
	at org.springframework.beans.factory.support.AbstractAutowireCapableBeanFactory.doCreateBean(AbstractAutowireCapableBeanFactory.java:582)
	at org.springframework.beans.factory.support.AbstractAutowireCapableBeanFactory.createBean(AbstractAutowireCapableBeanFactory.java:542)
	at org.springframework.beans.factory.support.AbstractBeanFactory.lambda$doGetBean$0(AbstractBeanFactory.java:336)
	at org.springframework.beans.factory.support.DefaultSingletonBeanRegistry.getSingleton(DefaultSingletonBeanRegistry.java:234)
	at org.springframework.beans.factory.support.AbstractBeanFactory.doGetBean(AbstractBeanFactory.java:334)
	at org.springframework.beans.factory.support.AbstractBeanFactory.getBean(AbstractBeanFactory.java:214)
	at org.springframework.boot.web.servlet.ServletContextInitializerBeans.getOrderedBeansOfType(ServletContextInitializerBeans.java:213)
	at org.springframework.boot.web.servlet.ServletContextInitializerBeans.getOrderedBeansOfType(ServletContextInitializerBeans.java:204)
	at org.springframework.boot.web.servlet.ServletContextInitializerBeans.addServletContextInitializerBeans(ServletContextInitializerBeans.java:98)
	at org.springframework.boot.web.servlet.ServletContextInitializerBeans.<init>(ServletContextInitializerBeans.java:86)
	at org.springframework.boot.web.servlet.context.ServletWebServerApplicationContext.getServletContextInitializerBeans(ServletWebServerApplicationContext.java:262)
	at org.springframework.boot.web.servlet.context.ServletWebServerApplicationContext.selfInitialize(ServletWebServerApplicationContext.java:236)
	at org.springframework.boot.web.embedded.tomcat.TomcatStarter.onStartup(TomcatStarter.java:53)
	at org.apache.catalina.core.StandardContext.startInternal(StandardContext.java:4450)
	at org.apache.catalina.util.LifecycleBase.start(LifecycleBase.java:164)
	at org.apache.catalina.core.ContainerBase$StartChild.call(ContainerBase.java:1203)
	at org.apache.catalina.core.ContainerBase$StartChild.call(ContainerBase.java:1193)
	at java.util.concurrent.FutureTask.run(FutureTask.java:266)
	at org.apache.tomcat.util.threads.InlineExecutorService.execute(InlineExecutorService.java:75)
	at java.util.concurrent.AbstractExecutorService.submit(AbstractExecutorService.java:134)
	at org.apache.catalina.core.ContainerBase.startInternal(ContainerBase.java:749)
	at org.apache.catalina.core.StandardHost.startInternal(StandardHost.java:721)
	at org.apache.catalina.util.LifecycleBase.start(LifecycleBase.java:164)
	at org.apache.catalina.core.ContainerBase$StartChild.call(ContainerBase.java:1203)
	at org.apache.catalina.core.ContainerBase$StartChild.call(ContainerBase.java:1193)
	at java.util.concurrent.FutureTask.run(FutureTask.java:266)
	at org.apache.tomcat.util.threads.InlineExecutorService.execute(InlineExecutorService.java:75)
	at java.util.concurrent.AbstractExecutorService.submit(AbstractExecutorService.java:134)
	at org.apache.catalina.core.ContainerBase.startInternal(ContainerBase.java:749)
	at org.apache.catalina.core.StandardEngine.startInternal(StandardEngine.java:211)
	at org.apache.catalina.util.LifecycleBase.start(LifecycleBase.java:164)
	at org.apache.catalina.core.StandardService.startInternal(StandardService.java:415)
	at org.apache.catalina.util.LifecycleBase.start(LifecycleBase.java:164)
	at org.apache.catalina.core.StandardServer.startInternal(StandardServer.java:874)
	at org.apache.catalina.util.LifecycleBase.start(LifecycleBase.java:164)
	at org.apache.catalina.startup.Tomcat.start(Tomcat.java:438)
	at org.springframework.boot.web.embedded.tomcat.TomcatWebServer.initialize(TomcatWebServer.java:123)
	... 21 common frames omitted
Caused by: org.springframework.beans.factory.UnsatisfiedDependencyException: Error creating bean with name 'nacosAuthConfig' defined in URL [jar:file:/home/nacos/target/nacos-server.jar!/BOOT-INF/lib/default-auth-plugin-2.5.0.jar!/com/alibaba/nacos/plugin/auth/impl/NacosAuthConfig.class]: Unsatisfied dependency expressed through constructor parameter 3; nested exception is org.springframework.beans.factory.UnsatisfiedDependencyException: Error creating bean with name 'nacosUserDetailsServiceImpl': Unsatisfied dependency expressed through field 'userPersistService'; nested exception is org.springframework.beans.factory.BeanCreationException: Error creating bean with name 'externalUserPersistServiceImpl': Invocation of init method failed; nested exception is java.lang.RuntimeException: java.lang.RuntimeException: [db-load-error]load jdbc.properties error
	at org.springframework.beans.factory.support.ConstructorResolver.createArgumentArray(ConstructorResolver.java:794)
	at org.springframework.beans.factory.support.ConstructorResolver.autowireConstructor(ConstructorResolver.java:220)
	at org.springframework.beans.factory.support.AbstractAutowireCapableBeanFactory.autowireConstructor(AbstractAutowireCapableBeanFactory.java:1372)
	at org.springframework.beans.factory.support.AbstractAutowireCapableBeanFactory.createBeanInstance(AbstractAutowireCapableBeanFactory.java:1222)
	at org.springframework.beans.factory.support.AbstractAutowireCapableBeanFactory.doCreateBean(AbstractAutowireCapableBeanFactory.java:582)
	at org.springframework.beans.factory.support.AbstractAutowireCapableBeanFactory.createBean(AbstractAutowireCapableBeanFactory.java:542)
	at org.springframework.beans.factory.support.AbstractBeanFactory.lambda$doGetBean$0(AbstractBeanFactory.java:336)
	at org.springframework.beans.factory.support.DefaultSingletonBeanRegistry.getSingleton(DefaultSingletonBeanRegistry.java:234)
	at org.springframework.beans.factory.support.AbstractBeanFactory.doGetBean(AbstractBeanFactory.java:334)
	at org.springframework.beans.factory.support.AbstractBeanFactory.getBean(AbstractBeanFactory.java:209)
	at org.springframework.beans.factory.support.ConstructorResolver.instantiateUsingFactoryMethod(ConstructorResolver.java:401)
	at org.springframework.beans.factory.support.AbstractAutowireCapableBeanFactory.instantiateUsingFactoryMethod(AbstractAutowireCapableBeanFactory.java:1352)
	at org.springframework.beans.factory.support.AbstractAutowireCapableBeanFactory.createBeanInstance(AbstractAutowireCapableBeanFactory.java:1195)
	at org.springframework.beans.factory.support.AbstractAutowireCapableBeanFactory.doCreateBean(AbstractAutowireCapableBeanFactory.java:582)
	at org.springframework.beans.factory.support.AbstractAutowireCapableBeanFactory.createBean(AbstractAutowireCapableBeanFactory.java:542)
	at org.springframework.beans.factory.support.AbstractBeanFactory.lambda$doGetBean$0(AbstractBeanFactory.java:336)
	at org.springframework.beans.factory.support.DefaultSingletonBeanRegistry.getSingleton(DefaultSingletonBeanRegistry.java:234)
	at org.springframework.beans.factory.support.AbstractBeanFactory.doGetBean(AbstractBeanFactory.java:334)
	at org.springframework.beans.factory.support.AbstractBeanFactory.getBean(AbstractBeanFactory.java:209)
	at org.springframework.beans.factory.config.DependencyDescriptor.resolveCandidate(DependencyDescriptor.java:276)
	at org.springframework.beans.factory.support.DefaultListableBeanFactory.doResolveDependency(DefaultListableBeanFactory.java:1391)
	at org.springframework.beans.factory.support.DefaultListableBeanFactory.resolveDependency(DefaultListableBeanFactory.java:1311)
	at org.springframework.beans.factory.support.ConstructorResolver.resolveAutowiredArgument(ConstructorResolver.java:904)
	at org.springframework.beans.factory.support.ConstructorResolver.createArgumentArray(ConstructorResolver.java:781)
	... 61 common frames omitted
Caused by: org.springframework.beans.factory.UnsatisfiedDependencyException: Error creating bean with name 'nacosUserDetailsServiceImpl': Unsatisfied dependency expressed through field 'userPersistService'; nested exception is org.springframework.beans.factory.BeanCreationException: Error creating bean with name 'externalUserPersistServiceImpl': Invocation of init method failed; nested exception is java.lang.RuntimeException: java.lang.RuntimeException: [db-load-error]load jdbc.properties error
	at org.springframework.beans.factory.annotation.AutowiredAnnotationBeanPostProcessor$AutowiredFieldElement.resolveFieldValue(AutowiredAnnotationBeanPostProcessor.java:713)
	at org.springframework.beans.factory.annotation.AutowiredAnnotationBeanPostProcessor$AutowiredFieldElement.inject(AutowiredAnnotationBeanPostProcessor.java:693)
	at org.springframework.beans.factory.annotation.InjectionMetadata.inject(InjectionMetadata.java:119)
	at org.springframework.beans.factory.annotation.AutowiredAnnotationBeanPostProcessor.postProcessProperties(AutowiredAnnotationBeanPostProcessor.java:408)
	at org.springframework.beans.factory.support.AbstractAutowireCapableBeanFactory.populateBean(AbstractAutowireCapableBeanFactory.java:1431)
	at org.springframework.beans.factory.support.AbstractAutowireCapableBeanFactory.doCreateBean(AbstractAutowireCapableBeanFactory.java:619)
	at org.springframework.beans.factory.support.AbstractAutowireCapableBeanFactory.createBean(AbstractAutowireCapableBeanFactory.java:542)
	at org.springframework.beans.factory.support.AbstractBeanFactory.lambda$doGetBean$0(AbstractBeanFactory.java:336)
	at org.springframework.beans.factory.support.DefaultSingletonBeanRegistry.getSingleton(DefaultSingletonBeanRegistry.java:234)
	at org.springframework.beans.factory.support.AbstractBeanFactory.doGetBean(AbstractBeanFactory.java:334)
	at org.springframework.beans.factory.support.AbstractBeanFactory.getBean(AbstractBeanFactory.java:209)
	at org.springframework.beans.factory.config.DependencyDescriptor.resolveCandidate(DependencyDescriptor.java:276)
	at org.springframework.beans.factory.support.DefaultListableBeanFactory.doResolveDependency(DefaultListableBeanFactory.java:1391)
	at org.springframework.beans.factory.support.DefaultListableBeanFactory.resolveDependency(DefaultListableBeanFactory.java:1311)
	at org.springframework.beans.factory.support.ConstructorResolver.resolveAutowiredArgument(ConstructorResolver.java:904)
	at org.springframework.beans.factory.support.ConstructorResolver.createArgumentArray(ConstructorResolver.java:781)
	... 84 common frames omitted
Caused by: org.springframework.beans.factory.BeanCreationException: Error creating bean with name 'externalUserPersistServiceImpl': Invocation of init method failed; nested exception is java.lang.RuntimeException: java.lang.RuntimeException: [db-load-error]load jdbc.properties error
	at org.springframework.beans.factory.annotation.InitDestroyAnnotationBeanPostProcessor.postProcessBeforeInitialization(InitDestroyAnnotationBeanPostProcessor.java:160)
	at org.springframework.beans.factory.support.AbstractAutowireCapableBeanFactory.applyBeanPostProcessorsBeforeInitialization(AbstractAutowireCapableBeanFactory.java:440)
	at org.springframework.beans.factory.support.AbstractAutowireCapableBeanFactory.initializeBean(AbstractAutowireCapableBeanFactory.java:1796)
	at org.springframework.beans.factory.support.AbstractAutowireCapableBeanFactory.doCreateBean(AbstractAutowireCapableBeanFactory.java:620)
	at org.springframework.beans.factory.support.AbstractAutowireCapableBeanFactory.createBean(AbstractAutowireCapableBeanFactory.java:542)
	at org.springframework.beans.factory.support.AbstractBeanFactory.lambda$doGetBean$0(AbstractBeanFactory.java:336)
	at org.springframework.beans.factory.support.DefaultSingletonBeanRegistry.getSingleton(DefaultSingletonBeanRegistry.java:234)
	at org.springframework.beans.factory.support.AbstractBeanFactory.doGetBean(AbstractBeanFactory.java:334)
	at org.springframework.beans.factory.support.AbstractBeanFactory.getBean(AbstractBeanFactory.java:209)
	at org.springframework.beans.factory.config.DependencyDescriptor.resolveCandidate(DependencyDescriptor.java:276)
	at org.springframework.beans.factory.support.DefaultListableBeanFactory.doResolveDependency(DefaultListableBeanFactory.java:1391)
	at org.springframework.beans.factory.support.DefaultListableBeanFactory.resolveDependency(DefaultListableBeanFactory.java:1311)
	at org.springframework.beans.factory.annotation.AutowiredAnnotationBeanPostProcessor$AutowiredFieldElement.resolveFieldValue(AutowiredAnnotationBeanPostProcessor.java:710)
	... 99 common frames omitted
Caused by: java.lang.RuntimeException: java.lang.RuntimeException: [db-load-error]load jdbc.properties error
	at com.alibaba.nacos.persistence.datasource.DynamicDataSource.getDataSource(DynamicDataSource.java:60)
	at com.alibaba.nacos.plugin.auth.impl.persistence.ExternalUserPersistServiceImpl.init(ExternalUserPersistServiceImpl.java:55)
	at sun.reflect.NativeMethodAccessorImpl.invoke0(Native Method)
	at sun.reflect.NativeMethodAccessorImpl.invoke(NativeMethodAccessorImpl.java:62)
	at sun.reflect.DelegatingMethodAccessorImpl.invoke(DelegatingMethodAccessorImpl.java:43)
	at java.lang.reflect.Method.invoke(Method.java:498)
	at org.springframework.beans.factory.annotation.InitDestroyAnnotationBeanPostProcessor$LifecycleElement.invoke(InitDestroyAnnotationBeanPostProcessor.java:389)
	at org.springframework.beans.factory.annotation.InitDestroyAnnotationBeanPostProcessor$LifecycleMetadata.invokeInitMethods(InitDestroyAnnotationBeanPostProcessor.java:333)
	at org.springframework.beans.factory.annotation.InitDestroyAnnotationBeanPostProcessor.postProcessBeforeInitialization(InitDestroyAnnotationBeanPostProcessor.java:157)
	... 111 common frames omitted
Caused by: java.lang.RuntimeException: [db-load-error]load jdbc.properties error
	at com.alibaba.nacos.persistence.datasource.ExternalDataSourceServiceImpl.init(ExternalDataSourceServiceImpl.java:119)
	at com.alibaba.nacos.persistence.datasource.DynamicDataSource.getDataSource(DynamicDataSource.java:55)
	... 119 common frames omitted
Caused by: java.io.IOException: java.lang.RuntimeException: com.mysql.cj.jdbc.exceptions.CommunicationsException: Communications link failure

The last packet sent successfully to the server was 0 milliseconds ago. The driver has not received any packets from the server.
	at com.alibaba.nacos.persistence.datasource.ExternalDataSourceServiceImpl.reload(ExternalDataSourceServiceImpl.java:168)
	at com.alibaba.nacos.persistence.datasource.ExternalDataSourceServiceImpl.init(ExternalDataSourceServiceImpl.java:116)
	... 120 common frames omitted
Caused by: java.lang.RuntimeException: com.mysql.cj.jdbc.exceptions.CommunicationsException: Communications link failure

The last packet sent successfully to the server was 0 milliseconds ago. The driver has not received any packets from the server.
	at com.alibaba.nacos.persistence.utils.ConnectionCheckUtil.checkDataSourceConnection(ConnectionCheckUtil.java:37)
	at com.alibaba.nacos.persistence.datasource.ExternalDataSourceServiceImpl.lambda$reload$0(ExternalDataSourceServiceImpl.java:138)
	at com.alibaba.nacos.persistence.datasource.ExternalDataSourceProperties.build(ExternalDataSourceProperties.java:97)
	at com.alibaba.nacos.persistence.datasource.ExternalDataSourceServiceImpl.reload(ExternalDataSourceServiceImpl.java:136)
	... 121 common frames omitted
Caused by: com.mysql.cj.jdbc.exceptions.CommunicationsException: Communications link failure

The last packet sent successfully to the server was 0 milliseconds ago. The driver has not received any packets from the server.
	at com.mysql.cj.jdbc.exceptions.SQLError.createCommunicationsException(SQLError.java:174)
	at com.mysql.cj.jdbc.exceptions.SQLExceptionsMapping.translateException(SQLExceptionsMapping.java:64)
	at com.mysql.cj.jdbc.ConnectionImpl.createNewIO(ConnectionImpl.java:815)
	at com.mysql.cj.jdbc.ConnectionImpl.<init>(ConnectionImpl.java:438)
	at com.mysql.cj.jdbc.ConnectionImpl.getInstance(ConnectionImpl.java:241)
	at com.mysql.cj.jdbc.NonRegisteringDriver.connect(NonRegisteringDriver.java:189)
	at com.zaxxer.hikari.util.DriverDataSource.getConnection(DriverDataSource.java:138)
	at com.zaxxer.hikari.pool.PoolBase.newConnection(PoolBase.java:354)
	at com.zaxxer.hikari.pool.PoolBase.newPoolEntry(PoolBase.java:202)
	at com.zaxxer.hikari.pool.HikariPool.createPoolEntry(HikariPool.java:473)
	at com.zaxxer.hikari.pool.HikariPool.checkFailFast(HikariPool.java:554)
	at com.zaxxer.hikari.pool.HikariPool.<init>(HikariPool.java:115)
	at com.zaxxer.hikari.HikariDataSource.getConnection(HikariDataSource.java:112)
	at com.alibaba.nacos.persistence.utils.ConnectionCheckUtil.checkDataSourceConnection(ConnectionCheckUtil.java:34)
	... 124 common frames omitted
Caused by: com.mysql.cj.exceptions.CJCommunicationsException: Communications link failure

The last packet sent successfully to the server was 0 milliseconds ago. The driver has not received any packets from the server.
	at sun.reflect.NativeConstructorAccessorImpl.newInstance0(Native Method)
	at sun.reflect.NativeConstructorAccessorImpl.newInstance(NativeConstructorAccessorImpl.java:62)
	at sun.reflect.DelegatingConstructorAccessorImpl.newInstance(DelegatingConstructorAccessorImpl.java:45)
	at java.lang.reflect.Constructor.newInstance(Constructor.java:423)
	at com.mysql.cj.exceptions.ExceptionFactory.createException(ExceptionFactory.java:61)
	at com.mysql.cj.exceptions.ExceptionFactory.createException(ExceptionFactory.java:104)
	at com.mysql.cj.exceptions.ExceptionFactory.createException(ExceptionFactory.java:149)
	at com.mysql.cj.exceptions.ExceptionFactory.createCommunicationsException(ExceptionFactory.java:165)
	at com.mysql.cj.protocol.a.NativeSocketConnection.connect(NativeSocketConnection.java:88)
	at com.mysql.cj.NativeSession.connect(NativeSession.java:120)
	at com.mysql.cj.jdbc.ConnectionImpl.connectOneTryOnly(ConnectionImpl.java:935)
	at com.mysql.cj.jdbc.ConnectionImpl.createNewIO(ConnectionImpl.java:805)
	... 135 common frames omitted
Caused by: java.net.UnknownHostException: mysql: Name does not resolve
	at java.net.Inet6AddressImpl.lookupAllHostAddr(Native Method)
	at java.net.InetAddress$2.lookupAllHostAddr(InetAddress.java:868)
	at java.net.InetAddress.getAddressesFromNameService(InetAddress.java:1303)
	at java.net.InetAddress$NameServiceAddresses.get(InetAddress.java:816)
	at java.net.InetAddress.getAllByName0(InetAddress.java:1292)
	at java.net.InetAddress.getAllByName(InetAddress.java:1145)
	at java.net.InetAddress.getAllByName(InetAddress.java:1066)
	at com.mysql.cj.protocol.StandardSocketFactory.connect(StandardSocketFactory.java:130)
	at com.mysql.cj.protocol.a.NativeSocketConnection.connect(NativeSocketConnection.java:62)
	... 138 common frames omitted
2025-06-05 10:15:24,130 WARN [WatchFileCenter] start close

2025-06-05 10:15:24,130 WARN [WatchFileCenter] start to shutdown this watcher which is watch : /home/nacos/conf

2025-06-05 10:15:24,135 WARN [WatchFileCenter] already closed

2025-06-05 10:15:24,135 INFO [NotifyCenter] Start destroying Publisher

2025-06-05 10:15:24,135 INFO [NotifyCenter] Completed destruction of Publisher

2025-06-05 10:15:24,136 ERROR Nacos failed to start, please see /home/nacos/logs/nacos.log for more details.

2025-06-05 10:15:24,151 INFO 

Error starting ApplicationContext. To display the conditions report re-run your application with 'debug' enabled.

2025-06-05 10:15:24,183 ERROR Application run failed

org.springframework.context.ApplicationContextException: Unable to start web server; nested exception is org.springframework.boot.web.server.WebServerException: Unable to start embedded Tomcat
	at org.springframework.boot.web.servlet.context.ServletWebServerApplicationContext.onRefresh(ServletWebServerApplicationContext.java:165)
	at org.springframework.context.support.AbstractApplicationContext.refresh(AbstractApplicationContext.java:585)
	at org.springframework.boot.web.servlet.context.ServletWebServerApplicationContext.refresh(ServletWebServerApplicationContext.java:147)
	at org.springframework.boot.SpringApplication.refresh(SpringApplication.java:732)
	at org.springframework.boot.SpringApplication.refreshContext(SpringApplication.java:409)
	at org.springframework.boot.SpringApplication.run(SpringApplication.java:308)
	at org.springframework.boot.SpringApplication.run(SpringApplication.java:1300)
	at org.springframework.boot.SpringApplication.run(SpringApplication.java:1289)
	at com.alibaba.nacos.Nacos.main(Nacos.java:46)
	at sun.reflect.NativeMethodAccessorImpl.invoke0(Native Method)
	at sun.reflect.NativeMethodAccessorImpl.invoke(NativeMethodAccessorImpl.java:62)
	at sun.reflect.DelegatingMethodAccessorImpl.invoke(DelegatingMethodAccessorImpl.java:43)
	at java.lang.reflect.Method.invoke(Method.java:498)
	at org.springframework.boot.loader.MainMethodRunner.run(MainMethodRunner.java:49)
	at org.springframework.boot.loader.Launcher.launch(Launcher.java:108)
	at org.springframework.boot.loader.Launcher.launch(Launcher.java:58)
	at org.springframework.boot.loader.PropertiesLauncher.main(PropertiesLauncher.java:467)
Caused by: org.springframework.boot.web.server.WebServerException: Unable to start embedded Tomcat
	at org.springframework.boot.web.embedded.tomcat.TomcatWebServer.initialize(TomcatWebServer.java:142)
	at org.springframework.boot.web.embedded.tomcat.TomcatWebServer.<init>(TomcatWebServer.java:104)
	at org.springframework.boot.web.embedded.tomcat.TomcatServletWebServerFactory.getTomcatWebServer(TomcatServletWebServerFactory.java:481)
	at org.springframework.boot.web.embedded.tomcat.TomcatServletWebServerFactory.getWebServer(TomcatServletWebServerFactory.java:211)
	at org.springframework.boot.web.servlet.context.ServletWebServerApplicationContext.createWebServer(ServletWebServerApplicationContext.java:184)
	at org.springframework.boot.web.servlet.context.ServletWebServerApplicationContext.onRefresh(ServletWebServerApplicationContext.java:162)
	... 16 common frames omitted
Caused by: org.springframework.beans.factory.UnsatisfiedDependencyException: Error creating bean with name 'basicAuthenticationFilter' defined in class path resource [com/alibaba/nacos/prometheus/filter/PrometheusAuthFilter.class]: Unsatisfied dependency expressed through method 'basicAuthenticationFilter' parameter 0; nested exception is org.springframework.beans.factory.UnsatisfiedDependencyException: Error creating bean with name 'nacosAuthConfig' defined in URL [jar:file:/home/nacos/target/nacos-server.jar!/BOOT-INF/lib/default-auth-plugin-2.5.0.jar!/com/alibaba/nacos/plugin/auth/impl/NacosAuthConfig.class]: Unsatisfied dependency expressed through constructor parameter 3; nested exception is org.springframework.beans.factory.UnsatisfiedDependencyException: Error creating bean with name 'nacosUserDetailsServiceImpl': Unsatisfied dependency expressed through field 'userPersistService'; nested exception is org.springframework.beans.factory.BeanCreationException: Error creating bean with name 'externalUserPersistServiceImpl': Invocation of init method failed; nested exception is java.lang.RuntimeException: java.lang.RuntimeException: [db-load-error]load jdbc.properties error
	at org.springframework.beans.factory.support.ConstructorResolver.createArgumentArray(ConstructorResolver.java:794)
	at org.springframework.beans.factory.support.ConstructorResolver.instantiateUsingFactoryMethod(ConstructorResolver.java:532)
	at org.springframework.beans.factory.support.AbstractAutowireCapableBeanFactory.instantiateUsingFactoryMethod(AbstractAutowireCapableBeanFactory.java:1352)
	at org.springframework.beans.factory.support.AbstractAutowireCapableBeanFactory.createBeanInstance(AbstractAutowireCapableBeanFactory.java:1195)
	at org.springframework.beans.factory.support.AbstractAutowireCapableBeanFactory.doCreateBean(AbstractAutowireCapableBeanFactory.java:582)
	at org.springframework.beans.factory.support.AbstractAutowireCapableBeanFactory.createBean(AbstractAutowireCapableBeanFactory.java:542)
	at org.springframework.beans.factory.support.AbstractBeanFactory.lambda$doGetBean$0(AbstractBeanFactory.java:336)
	at org.springframework.beans.factory.support.DefaultSingletonBeanRegistry.getSingleton(DefaultSingletonBeanRegistry.java:234)
	at org.springframework.beans.factory.support.AbstractBeanFactory.doGetBean(AbstractBeanFactory.java:334)
	at org.springframework.beans.factory.support.AbstractBeanFactory.getBean(AbstractBeanFactory.java:214)
	at org.springframework.boot.web.servlet.ServletContextInitializerBeans.getOrderedBeansOfType(ServletContextInitializerBeans.java:213)
	at org.springframework.boot.web.servlet.ServletContextInitializerBeans.getOrderedBeansOfType(ServletContextInitializerBeans.java:204)
	at org.springframework.boot.web.servlet.ServletContextInitializerBeans.addServletContextInitializerBeans(ServletContextInitializerBeans.java:98)
	at org.springframework.boot.web.servlet.ServletContextInitializerBeans.<init>(ServletContextInitializerBeans.java:86)
	at org.springframework.boot.web.servlet.context.ServletWebServerApplicationContext.getServletContextInitializerBeans(ServletWebServerApplicationContext.java:262)
	at org.springframework.boot.web.servlet.context.ServletWebServerApplicationContext.selfInitialize(ServletWebServerApplicationContext.java:236)
	at org.springframework.boot.web.embedded.tomcat.TomcatStarter.onStartup(TomcatStarter.java:53)
	at org.apache.catalina.core.StandardContext.startInternal(StandardContext.java:4450)
	at org.apache.catalina.util.LifecycleBase.start(LifecycleBase.java:164)
	at org.apache.catalina.core.ContainerBase$StartChild.call(ContainerBase.java:1203)
	at org.apache.catalina.core.ContainerBase$StartChild.call(ContainerBase.java:1193)
	at java.util.concurrent.FutureTask.run(FutureTask.java:266)
	at org.apache.tomcat.util.threads.InlineExecutorService.execute(InlineExecutorService.java:75)
	at java.util.concurrent.AbstractExecutorService.submit(AbstractExecutorService.java:134)
	at org.apache.catalina.core.ContainerBase.startInternal(ContainerBase.java:749)
	at org.apache.catalina.core.StandardHost.startInternal(StandardHost.java:721)
	at org.apache.catalina.util.LifecycleBase.start(LifecycleBase.java:164)
	at org.apache.catalina.core.ContainerBase$StartChild.call(ContainerBase.java:1203)
	at org.apache.catalina.core.ContainerBase$StartChild.call(ContainerBase.java:1193)
	at java.util.concurrent.FutureTask.run(FutureTask.java:266)
	at org.apache.tomcat.util.threads.InlineExecutorService.execute(InlineExecutorService.java:75)
	at java.util.concurrent.AbstractExecutorService.submit(AbstractExecutorService.java:134)
	at org.apache.catalina.core.ContainerBase.startInternal(ContainerBase.java:749)
	at org.apache.catalina.core.StandardEngine.startInternal(StandardEngine.java:211)
	at org.apache.catalina.util.LifecycleBase.start(LifecycleBase.java:164)
	at org.apache.catalina.core.StandardService.startInternal(StandardService.java:415)
	at org.apache.catalina.util.LifecycleBase.start(LifecycleBase.java:164)
	at org.apache.catalina.core.StandardServer.startInternal(StandardServer.java:874)
	at org.apache.catalina.util.LifecycleBase.start(LifecycleBase.java:164)
	at org.apache.catalina.startup.Tomcat.start(Tomcat.java:438)
	at org.springframework.boot.web.embedded.tomcat.TomcatWebServer.initialize(TomcatWebServer.java:123)
	... 21 common frames omitted
Caused by: org.springframework.beans.factory.UnsatisfiedDependencyException: Error creating bean with name 'nacosAuthConfig' defined in URL [jar:file:/home/nacos/target/nacos-server.jar!/BOOT-INF/lib/default-auth-plugin-2.5.0.jar!/com/alibaba/nacos/plugin/auth/impl/NacosAuthConfig.class]: Unsatisfied dependency expressed through constructor parameter 3; nested exception is org.springframework.beans.factory.UnsatisfiedDependencyException: Error creating bean with name 'nacosUserDetailsServiceImpl': Unsatisfied dependency expressed through field 'userPersistService'; nested exception is org.springframework.beans.factory.BeanCreationException: Error creating bean with name 'externalUserPersistServiceImpl': Invocation of init method failed; nested exception is java.lang.RuntimeException: java.lang.RuntimeException: [db-load-error]load jdbc.properties error
	at org.springframework.beans.factory.support.ConstructorResolver.createArgumentArray(ConstructorResolver.java:794)
	at org.springframework.beans.factory.support.ConstructorResolver.autowireConstructor(ConstructorResolver.java:220)
	at org.springframework.beans.factory.support.AbstractAutowireCapableBeanFactory.autowireConstructor(AbstractAutowireCapableBeanFactory.java:1372)
	at org.springframework.beans.factory.support.AbstractAutowireCapableBeanFactory.createBeanInstance(AbstractAutowireCapableBeanFactory.java:1222)
	at org.springframework.beans.factory.support.AbstractAutowireCapableBeanFactory.doCreateBean(AbstractAutowireCapableBeanFactory.java:582)
	at org.springframework.beans.factory.support.AbstractAutowireCapableBeanFactory.createBean(AbstractAutowireCapableBeanFactory.java:542)
	at org.springframework.beans.factory.support.AbstractBeanFactory.lambda$doGetBean$0(AbstractBeanFactory.java:336)
	at org.springframework.beans.factory.support.DefaultSingletonBeanRegistry.getSingleton(DefaultSingletonBeanRegistry.java:234)
	at org.springframework.beans.factory.support.AbstractBeanFactory.doGetBean(AbstractBeanFactory.java:334)
	at org.springframework.beans.factory.support.AbstractBeanFactory.getBean(AbstractBeanFactory.java:209)
	at org.springframework.beans.factory.support.ConstructorResolver.instantiateUsingFactoryMethod(ConstructorResolver.java:401)
	at org.springframework.beans.factory.support.AbstractAutowireCapableBeanFactory.instantiateUsingFactoryMethod(AbstractAutowireCapableBeanFactory.java:1352)
	at org.springframework.beans.factory.support.AbstractAutowireCapableBeanFactory.createBeanInstance(AbstractAutowireCapableBeanFactory.java:1195)
	at org.springframework.beans.factory.support.AbstractAutowireCapableBeanFactory.doCreateBean(AbstractAutowireCapableBeanFactory.java:582)
	at org.springframework.beans.factory.support.AbstractAutowireCapableBeanFactory.createBean(AbstractAutowireCapableBeanFactory.java:542)
	at org.springframework.beans.factory.support.AbstractBeanFactory.lambda$doGetBean$0(AbstractBeanFactory.java:336)
	at org.springframework.beans.factory.support.DefaultSingletonBeanRegistry.getSingleton(DefaultSingletonBeanRegistry.java:234)
	at org.springframework.beans.factory.support.AbstractBeanFactory.doGetBean(AbstractBeanFactory.java:334)
	at org.springframework.beans.factory.support.AbstractBeanFactory.getBean(AbstractBeanFactory.java:209)
	at org.springframework.beans.factory.config.DependencyDescriptor.resolveCandidate(DependencyDescriptor.java:276)
	at org.springframework.beans.factory.support.DefaultListableBeanFactory.doResolveDependency(DefaultListableBeanFactory.java:1391)
	at org.springframework.beans.factory.support.DefaultListableBeanFactory.resolveDependency(DefaultListableBeanFactory.java:1311)
	at org.springframework.beans.factory.support.ConstructorResolver.resolveAutowiredArgument(ConstructorResolver.java:904)
	at org.springframework.beans.factory.support.ConstructorResolver.createArgumentArray(ConstructorResolver.java:781)
	... 61 common frames omitted
Caused by: org.springframework.beans.factory.UnsatisfiedDependencyException: Error creating bean with name 'nacosUserDetailsServiceImpl': Unsatisfied dependency expressed through field 'userPersistService'; nested exception is org.springframework.beans.factory.BeanCreationException: Error creating bean with name 'externalUserPersistServiceImpl': Invocation of init method failed; nested exception is java.lang.RuntimeException: java.lang.RuntimeException: [db-load-error]load jdbc.properties error
	at org.springframework.beans.factory.annotation.AutowiredAnnotationBeanPostProcessor$AutowiredFieldElement.resolveFieldValue(AutowiredAnnotationBeanPostProcessor.java:713)
	at org.springframework.beans.factory.annotation.AutowiredAnnotationBeanPostProcessor$AutowiredFieldElement.inject(AutowiredAnnotationBeanPostProcessor.java:693)
	at org.springframework.beans.factory.annotation.InjectionMetadata.inject(InjectionMetadata.java:119)
	at org.springframework.beans.factory.annotation.AutowiredAnnotationBeanPostProcessor.postProcessProperties(AutowiredAnnotationBeanPostProcessor.java:408)
	at org.springframework.beans.factory.support.AbstractAutowireCapableBeanFactory.populateBean(AbstractAutowireCapableBeanFactory.java:1431)
	at org.springframework.beans.factory.support.AbstractAutowireCapableBeanFactory.doCreateBean(AbstractAutowireCapableBeanFactory.java:619)
	at org.springframework.beans.factory.support.AbstractAutowireCapableBeanFactory.createBean(AbstractAutowireCapableBeanFactory.java:542)
	at org.springframework.beans.factory.support.AbstractBeanFactory.lambda$doGetBean$0(AbstractBeanFactory.java:336)
	at org.springframework.beans.factory.support.DefaultSingletonBeanRegistry.getSingleton(DefaultSingletonBeanRegistry.java:234)
	at org.springframework.beans.factory.support.AbstractBeanFactory.doGetBean(AbstractBeanFactory.java:334)
	at org.springframework.beans.factory.support.AbstractBeanFactory.getBean(AbstractBeanFactory.java:209)
	at org.springframework.beans.factory.config.DependencyDescriptor.resolveCandidate(DependencyDescriptor.java:276)
	at org.springframework.beans.factory.support.DefaultListableBeanFactory.doResolveDependency(DefaultListableBeanFactory.java:1391)
	at org.springframework.beans.factory.support.DefaultListableBeanFactory.resolveDependency(DefaultListableBeanFactory.java:1311)
	at org.springframework.beans.factory.support.ConstructorResolver.resolveAutowiredArgument(ConstructorResolver.java:904)
	at org.springframework.beans.factory.support.ConstructorResolver.createArgumentArray(ConstructorResolver.java:781)
	... 84 common frames omitted
Caused by: org.springframework.beans.factory.BeanCreationException: Error creating bean with name 'externalUserPersistServiceImpl': Invocation of init method failed; nested exception is java.lang.RuntimeException: java.lang.RuntimeException: [db-load-error]load jdbc.properties error
	at org.springframework.beans.factory.annotation.InitDestroyAnnotationBeanPostProcessor.postProcessBeforeInitialization(InitDestroyAnnotationBeanPostProcessor.java:160)
	at org.springframework.beans.factory.support.AbstractAutowireCapableBeanFactory.applyBeanPostProcessorsBeforeInitialization(AbstractAutowireCapableBeanFactory.java:440)
	at org.springframework.beans.factory.support.AbstractAutowireCapableBeanFactory.initializeBean(AbstractAutowireCapableBeanFactory.java:1796)
	at org.springframework.beans.factory.support.AbstractAutowireCapableBeanFactory.doCreateBean(AbstractAutowireCapableBeanFactory.java:620)
	at org.springframework.beans.factory.support.AbstractAutowireCapableBeanFactory.createBean(AbstractAutowireCapableBeanFactory.java:542)
	at org.springframework.beans.factory.support.AbstractBeanFactory.lambda$doGetBean$0(AbstractBeanFactory.java:336)
	at org.springframework.beans.factory.support.DefaultSingletonBeanRegistry.getSingleton(DefaultSingletonBeanRegistry.java:234)
	at org.springframework.beans.factory.support.AbstractBeanFactory.doGetBean(AbstractBeanFactory.java:334)
	at org.springframework.beans.factory.support.AbstractBeanFactory.getBean(AbstractBeanFactory.java:209)
	at org.springframework.beans.factory.config.DependencyDescriptor.resolveCandidate(DependencyDescriptor.java:276)
	at org.springframework.beans.factory.support.DefaultListableBeanFactory.doResolveDependency(DefaultListableBeanFactory.java:1391)
	at org.springframework.beans.factory.support.DefaultListableBeanFactory.resolveDependency(DefaultListableBeanFactory.java:1311)
	at org.springframework.beans.factory.annotation.AutowiredAnnotationBeanPostProcessor$AutowiredFieldElement.resolveFieldValue(AutowiredAnnotationBeanPostProcessor.java:710)
	... 99 common frames omitted
Caused by: java.lang.RuntimeException: java.lang.RuntimeException: [db-load-error]load jdbc.properties error
	at com.alibaba.nacos.persistence.datasource.DynamicDataSource.getDataSource(DynamicDataSource.java:60)
	at com.alibaba.nacos.plugin.auth.impl.persistence.ExternalUserPersistServiceImpl.init(ExternalUserPersistServiceImpl.java:55)
	at sun.reflect.NativeMethodAccessorImpl.invoke0(Native Method)
	at sun.reflect.NativeMethodAccessorImpl.invoke(NativeMethodAccessorImpl.java:62)
	at sun.reflect.DelegatingMethodAccessorImpl.invoke(DelegatingMethodAccessorImpl.java:43)
	at java.lang.reflect.Method.invoke(Method.java:498)
	at org.springframework.beans.factory.annotation.InitDestroyAnnotationBeanPostProcessor$LifecycleElement.invoke(InitDestroyAnnotationBeanPostProcessor.java:389)
	at org.springframework.beans.factory.annotation.InitDestroyAnnotationBeanPostProcessor$LifecycleMetadata.invokeInitMethods(InitDestroyAnnotationBeanPostProcessor.java:333)
	at org.springframework.beans.factory.annotation.InitDestroyAnnotationBeanPostProcessor.postProcessBeforeInitialization(InitDestroyAnnotationBeanPostProcessor.java:157)
	... 111 common frames omitted
Caused by: java.lang.RuntimeException: [db-load-error]load jdbc.properties error
	at com.alibaba.nacos.persistence.datasource.ExternalDataSourceServiceImpl.init(ExternalDataSourceServiceImpl.java:119)
	at com.alibaba.nacos.persistence.datasource.DynamicDataSource.getDataSource(DynamicDataSource.java:55)
	... 119 common frames omitted
Caused by: java.io.IOException: java.lang.RuntimeException: com.mysql.cj.jdbc.exceptions.CommunicationsException: Communications link failure

The last packet sent successfully to the server was 0 milliseconds ago. The driver has not received any packets from the server.
	at com.alibaba.nacos.persistence.datasource.ExternalDataSourceServiceImpl.reload(ExternalDataSourceServiceImpl.java:168)
	at com.alibaba.nacos.persistence.datasource.ExternalDataSourceServiceImpl.init(ExternalDataSourceServiceImpl.java:116)
	... 120 common frames omitted
Caused by: java.lang.RuntimeException: com.mysql.cj.jdbc.exceptions.CommunicationsException: Communications link failure

The last packet sent successfully to the server was 0 milliseconds ago. The driver has not received any packets from the server.
	at com.alibaba.nacos.persistence.utils.ConnectionCheckUtil.checkDataSourceConnection(ConnectionCheckUtil.java:37)
	at com.alibaba.nacos.persistence.datasource.ExternalDataSourceServiceImpl.lambda$reload$0(ExternalDataSourceServiceImpl.java:138)
	at com.alibaba.nacos.persistence.datasource.ExternalDataSourceProperties.build(ExternalDataSourceProperties.java:97)
	at com.alibaba.nacos.persistence.datasource.ExternalDataSourceServiceImpl.reload(ExternalDataSourceServiceImpl.java:136)
	... 121 common frames omitted
Caused by: com.mysql.cj.jdbc.exceptions.CommunicationsException: Communications link failure

The last packet sent successfully to the server was 0 milliseconds ago. The driver has not received any packets from the server.
	at com.mysql.cj.jdbc.exceptions.SQLError.createCommunicationsException(SQLError.java:174)
	at com.mysql.cj.jdbc.exceptions.SQLExceptionsMapping.translateException(SQLExceptionsMapping.java:64)
	at com.mysql.cj.jdbc.ConnectionImpl.createNewIO(ConnectionImpl.java:815)
	at com.mysql.cj.jdbc.ConnectionImpl.<init>(ConnectionImpl.java:438)
	at com.mysql.cj.jdbc.ConnectionImpl.getInstance(ConnectionImpl.java:241)
	at com.mysql.cj.jdbc.NonRegisteringDriver.connect(NonRegisteringDriver.java:189)
	at com.zaxxer.hikari.util.DriverDataSource.getConnection(DriverDataSource.java:138)
	at com.zaxxer.hikari.pool.PoolBase.newConnection(PoolBase.java:354)
	at com.zaxxer.hikari.pool.PoolBase.newPoolEntry(PoolBase.java:202)
	at com.zaxxer.hikari.pool.HikariPool.createPoolEntry(HikariPool.java:473)
	at com.zaxxer.hikari.pool.HikariPool.checkFailFast(HikariPool.java:554)
	at com.zaxxer.hikari.pool.HikariPool.<init>(HikariPool.java:115)
	at com.zaxxer.hikari.HikariDataSource.getConnection(HikariDataSource.java:112)
	at com.alibaba.nacos.persistence.utils.ConnectionCheckUtil.checkDataSourceConnection(ConnectionCheckUtil.java:34)
	... 124 common frames omitted
Caused by: com.mysql.cj.exceptions.CJCommunicationsException: Communications link failure

The last packet sent successfully to the server was 0 milliseconds ago. The driver has not received any packets from the server.
	at sun.reflect.NativeConstructorAccessorImpl.newInstance0(Native Method)
	at sun.reflect.NativeConstructorAccessorImpl.newInstance(NativeConstructorAccessorImpl.java:62)
	at sun.reflect.DelegatingConstructorAccessorImpl.newInstance(DelegatingConstructorAccessorImpl.java:45)
	at java.lang.reflect.Constructor.newInstance(Constructor.java:423)
	at com.mysql.cj.exceptions.ExceptionFactory.createException(ExceptionFactory.java:61)
	at com.mysql.cj.exceptions.ExceptionFactory.createException(ExceptionFactory.java:104)
	at com.mysql.cj.exceptions.ExceptionFactory.createException(ExceptionFactory.java:149)
	at com.mysql.cj.exceptions.ExceptionFactory.createCommunicationsException(ExceptionFactory.java:165)
	at com.mysql.cj.protocol.a.NativeSocketConnection.connect(NativeSocketConnection.java:88)
	at com.mysql.cj.NativeSession.connect(NativeSession.java:120)
	at com.mysql.cj.jdbc.ConnectionImpl.connectOneTryOnly(ConnectionImpl.java:935)
	at com.mysql.cj.jdbc.ConnectionImpl.createNewIO(ConnectionImpl.java:805)
	... 135 common frames omitted
Caused by: java.net.UnknownHostException: mysql: Name does not resolve
	at java.net.Inet6AddressImpl.lookupAllHostAddr(Native Method)
	at java.net.InetAddress$2.lookupAllHostAddr(InetAddress.java:868)
	at java.net.InetAddress.getAddressesFromNameService(InetAddress.java:1303)
	at java.net.InetAddress$NameServiceAddresses.get(InetAddress.java:816)
	at java.net.InetAddress.getAllByName0(InetAddress.java:1292)
	at java.net.InetAddress.getAllByName(InetAddress.java:1145)
	at java.net.InetAddress.getAllByName(InetAddress.java:1066)
	at com.mysql.cj.protocol.StandardSocketFactory.connect(StandardSocketFactory.java:130)
	at com.mysql.cj.protocol.a.NativeSocketConnection.connect(NativeSocketConnection.java:62)
	... 138 common frames omitted
2025-06-05 10:15:24,186 INFO [HttpClientBeanHolder] Start destroying common HttpClient

2025-06-05 10:15:26,741 INFO Starting Nacos v2.5.0 using Java 1.8.0_432 on a6f2a6cec1c3 with PID 1 (/home/nacos/target/nacos-server.jar started by root in /home/nacos)

2025-06-05 10:15:26,742 INFO The following 1 profile is active: "standalone"

2025-06-05 10:15:26,938 INFO Load Nacos package exclude filter success, package prefix com.alibaba.nacos.config.server, filter com.alibaba.nacos.config.server.filter.ConfigEnabledFilter

2025-06-05 10:15:26,938 INFO Load Nacos package exclude filter success, package prefix com.alibaba.nacos.naming, filter com.alibaba.nacos.naming.config.NamingEnabledFilter

2025-06-05 10:15:26,939 INFO Load Nacos package exclude filter success, package prefix com.alibaba.nacos.istio, filter com.alibaba.nacos.istio.config.IstioEnabledFilter

2025-06-05 10:15:27,185 INFO Skip @SpringBootApplication annotation for class com.alibaba.nacos.config.server.Config to avoid duplicate scan

2025-06-05 10:15:27,487 INFO Skip @SpringBootApplication annotation for class com.alibaba.nacos.naming.NamingApp to avoid duplicate scan

2025-06-05 10:15:27,514 INFO Skip @SpringBootApplication annotation for class com.alibaba.nacos.cmdb.CmdbApp to avoid duplicate scan

2025-06-05 10:15:27,542 WARN Istio module disabled because set nacos.extension.naming.istio.enabled as false

2025-06-05 10:15:27,543 WARN Istio module disabled because set nacos.extension.naming.istio.enabled as false

2025-06-05 10:15:27,543 WARN Istio module disabled because set nacos.extension.naming.istio.enabled as false

2025-06-05 10:15:27,544 WARN Istio module disabled because set nacos.extension.naming.istio.enabled as false

2025-06-05 10:15:27,545 WARN Istio module disabled because set nacos.extension.naming.istio.enabled as false

2025-06-05 10:15:27,545 WARN Istio module disabled because set nacos.extension.naming.istio.enabled as false

2025-06-05 10:15:27,546 WARN Istio module disabled because set nacos.extension.naming.istio.enabled as false

2025-06-05 10:15:27,546 WARN Istio module disabled because set nacos.extension.naming.istio.enabled as false

2025-06-05 10:15:27,547 WARN Istio module disabled because set nacos.extension.naming.istio.enabled as false

2025-06-05 10:15:27,547 WARN Istio module disabled because set nacos.extension.naming.istio.enabled as false

2025-06-05 10:15:27,548 WARN Istio module disabled because set nacos.extension.naming.istio.enabled as false

2025-06-05 10:15:27,549 WARN Istio module disabled because set nacos.extension.naming.istio.enabled as false

2025-06-05 10:15:27,549 WARN Istio module disabled because set nacos.extension.naming.istio.enabled as false

2025-06-05 10:15:27,550 WARN Istio module disabled because set nacos.extension.naming.istio.enabled as false

2025-06-05 10:15:27,551 WARN Istio module disabled because set nacos.extension.naming.istio.enabled as false

2025-06-05 10:15:27,551 WARN Istio module disabled because set nacos.extension.naming.istio.enabled as false

2025-06-05 10:15:27,552 WARN Istio module disabled because set nacos.extension.naming.istio.enabled as false

2025-06-05 10:15:27,552 WARN Istio module disabled because set nacos.extension.naming.istio.enabled as false

2025-06-05 10:15:27,553 WARN Istio module disabled because set nacos.extension.naming.istio.enabled as false

2025-06-05 10:15:27,553 WARN Istio module disabled because set nacos.extension.naming.istio.enabled as false

2025-06-05 10:15:27,554 WARN Istio module disabled because set nacos.extension.naming.istio.enabled as false

2025-06-05 10:15:27,554 WARN Istio module disabled because set nacos.extension.naming.istio.enabled as false

2025-06-05 10:15:27,555 WARN Istio module disabled because set nacos.extension.naming.istio.enabled as false

2025-06-05 10:15:27,555 WARN Istio module disabled because set nacos.extension.naming.istio.enabled as false

2025-06-05 10:15:27,556 WARN Istio module disabled because set nacos.extension.naming.istio.enabled as false

2025-06-05 10:15:27,557 INFO Skip @SpringBootApplication annotation for class com.alibaba.nacos.istio.IstioApp to avoid duplicate scan

2025-06-05 10:15:27,558 WARN Istio module disabled because set nacos.extension.naming.istio.enabled as false

2025-06-05 10:15:27,558 WARN Istio module disabled because set nacos.extension.naming.istio.enabled as false

2025-06-05 10:15:27,559 WARN Istio module disabled because set nacos.extension.naming.istio.enabled as false

2025-06-05 10:15:27,559 WARN Istio module disabled because set nacos.extension.naming.istio.enabled as false

2025-06-05 10:15:27,560 WARN Istio module disabled because set nacos.extension.naming.istio.enabled as false

2025-06-05 10:15:27,560 WARN Istio module disabled because set nacos.extension.naming.istio.enabled as false

2025-06-05 10:15:27,561 WARN Istio module disabled because set nacos.extension.naming.istio.enabled as false

2025-06-05 10:15:27,561 WARN Istio module disabled because set nacos.extension.naming.istio.enabled as false

2025-06-05 10:15:27,562 WARN Istio module disabled because set nacos.extension.naming.istio.enabled as false

2025-06-05 10:15:27,563 WARN Istio module disabled because set nacos.extension.naming.istio.enabled as false

2025-06-05 10:15:27,563 WARN Istio module disabled because set nacos.extension.naming.istio.enabled as false

2025-06-05 10:15:28,365 INFO Skip @SpringBootApplication annotation for class com.alibaba.nacos.prometheus.PrometheusApp to avoid duplicate scan

2025-06-05 10:15:31,213 INFO Tomcat initialized with port(s): 8848 (http)

2025-06-05 10:15:31,231 INFO Starting service [Tomcat]

2025-06-05 10:15:31,232 INFO Starting Servlet engine: [Apache Tomcat/9.0.98]

2025-06-05 10:15:31,350 INFO Initializing Spring embedded WebApplicationContext

2025-06-05 10:15:31,351 INFO Root WebApplicationContext: initialization completed in 4537 ms

2025-06-05 10:15:31,427 INFO Not found ServerIdentityChecker implementation from SPI, use default.

2025-06-05 10:15:31,754 INFO Nacos-related cluster resource initialization

2025-06-05 10:15:31,782 INFO Load com.alibaba.nacos.core.ability.RemoteAbilityInitializer for ServerAbilityInitializer

2025-06-05 10:15:31,784 INFO Load com.alibaba.nacos.naming.ability.NamingAbilityInitializer for ServerAbilityInitializer

2025-06-05 10:15:31,795 INFO The cluster resource is initialized

2025-06-05 10:15:32,081 INFO HikariPool-1 - Starting...

2025-06-05 10:15:33,258 ERROR HikariPool-1 - Exception during pool initialization.

com.mysql.cj.jdbc.exceptions.CommunicationsException: Communications link failure

The last packet sent successfully to the server was 0 milliseconds ago. The driver has not received any packets from the server.
	at com.mysql.cj.jdbc.exceptions.SQLError.createCommunicationsException(SQLError.java:174)
	at com.mysql.cj.jdbc.exceptions.SQLExceptionsMapping.translateException(SQLExceptionsMapping.java:64)
	at com.mysql.cj.jdbc.ConnectionImpl.createNewIO(ConnectionImpl.java:815)
	at com.mysql.cj.jdbc.ConnectionImpl.<init>(ConnectionImpl.java:438)
	at com.mysql.cj.jdbc.ConnectionImpl.getInstance(ConnectionImpl.java:241)
	at com.mysql.cj.jdbc.NonRegisteringDriver.connect(NonRegisteringDriver.java:189)
	at com.zaxxer.hikari.util.DriverDataSource.getConnection(DriverDataSource.java:138)
	at com.zaxxer.hikari.pool.PoolBase.newConnection(PoolBase.java:354)
	at com.zaxxer.hikari.pool.PoolBase.newPoolEntry(PoolBase.java:202)
	at com.zaxxer.hikari.pool.HikariPool.createPoolEntry(HikariPool.java:473)
	at com.zaxxer.hikari.pool.HikariPool.checkFailFast(HikariPool.java:554)
	at com.zaxxer.hikari.pool.HikariPool.<init>(HikariPool.java:115)
	at com.zaxxer.hikari.HikariDataSource.getConnection(HikariDataSource.java:112)
	at com.alibaba.nacos.persistence.utils.ConnectionCheckUtil.checkDataSourceConnection(ConnectionCheckUtil.java:34)
	at com.alibaba.nacos.persistence.datasource.ExternalDataSourceServiceImpl.lambda$reload$0(ExternalDataSourceServiceImpl.java:138)
	at com.alibaba.nacos.persistence.datasource.ExternalDataSourceProperties.build(ExternalDataSourceProperties.java:97)
	at com.alibaba.nacos.persistence.datasource.ExternalDataSourceServiceImpl.reload(ExternalDataSourceServiceImpl.java:136)
	at com.alibaba.nacos.persistence.datasource.ExternalDataSourceServiceImpl.init(ExternalDataSourceServiceImpl.java:116)
	at com.alibaba.nacos.persistence.datasource.DynamicDataSource.getDataSource(DynamicDataSource.java:55)
	at com.alibaba.nacos.plugin.auth.impl.persistence.ExternalUserPersistServiceImpl.init(ExternalUserPersistServiceImpl.java:55)
	at sun.reflect.NativeMethodAccessorImpl.invoke0(Native Method)
	at sun.reflect.NativeMethodAccessorImpl.invoke(NativeMethodAccessorImpl.java:62)
	at sun.reflect.DelegatingMethodAccessorImpl.invoke(DelegatingMethodAccessorImpl.java:43)
	at java.lang.reflect.Method.invoke(Method.java:498)
	at org.springframework.beans.factory.annotation.InitDestroyAnnotationBeanPostProcessor$LifecycleElement.invoke(InitDestroyAnnotationBeanPostProcessor.java:389)
	at org.springframework.beans.factory.annotation.InitDestroyAnnotationBeanPostProcessor$LifecycleMetadata.invokeInitMethods(InitDestroyAnnotationBeanPostProcessor.java:333)
	at org.springframework.beans.factory.annotation.InitDestroyAnnotationBeanPostProcessor.postProcessBeforeInitialization(InitDestroyAnnotationBeanPostProcessor.java:157)
	at org.springframework.beans.factory.support.AbstractAutowireCapableBeanFactory.applyBeanPostProcessorsBeforeInitialization(AbstractAutowireCapableBeanFactory.java:440)
	at org.springframework.beans.factory.support.AbstractAutowireCapableBeanFactory.initializeBean(AbstractAutowireCapableBeanFactory.java:1796)
	at org.springframework.beans.factory.support.AbstractAutowireCapableBeanFactory.doCreateBean(AbstractAutowireCapableBeanFactory.java:620)
	at org.springframework.beans.factory.support.AbstractAutowireCapableBeanFactory.createBean(AbstractAutowireCapableBeanFactory.java:542)
	at org.springframework.beans.factory.support.AbstractBeanFactory.lambda$doGetBean$0(AbstractBeanFactory.java:336)
	at org.springframework.beans.factory.support.DefaultSingletonBeanRegistry.getSingleton(DefaultSingletonBeanRegistry.java:234)
	at org.springframework.beans.factory.support.AbstractBeanFactory.doGetBean(AbstractBeanFactory.java:334)
	at org.springframework.beans.factory.support.AbstractBeanFactory.getBean(AbstractBeanFactory.java:209)
	at org.springframework.beans.factory.config.DependencyDescriptor.resolveCandidate(DependencyDescriptor.java:276)
	at org.springframework.beans.factory.support.DefaultListableBeanFactory.doResolveDependency(DefaultListableBeanFactory.java:1391)
	at org.springframework.beans.factory.support.DefaultListableBeanFactory.resolveDependency(DefaultListableBeanFactory.java:1311)
	at org.springframework.beans.factory.annotation.AutowiredAnnotationBeanPostProcessor$AutowiredFieldElement.resolveFieldValue(AutowiredAnnotationBeanPostProcessor.java:710)
	at org.springframework.beans.factory.annotation.AutowiredAnnotationBeanPostProcessor$AutowiredFieldElement.inject(AutowiredAnnotationBeanPostProcessor.java:693)
	at org.springframework.beans.factory.annotation.InjectionMetadata.inject(InjectionMetadata.java:119)
	at org.springframework.beans.factory.annotation.AutowiredAnnotationBeanPostProcessor.postProcessProperties(AutowiredAnnotationBeanPostProcessor.java:408)
	at org.springframework.beans.factory.support.AbstractAutowireCapableBeanFactory.populateBean(AbstractAutowireCapableBeanFactory.java:1431)
	at org.springframework.beans.factory.support.AbstractAutowireCapableBeanFactory.doCreateBean(AbstractAutowireCapableBeanFactory.java:619)
	at org.springframework.beans.factory.support.AbstractAutowireCapableBeanFactory.createBean(AbstractAutowireCapableBeanFactory.java:542)
	at org.springframework.beans.factory.support.AbstractBeanFactory.lambda$doGetBean$0(AbstractBeanFactory.java:336)
	at org.springframework.beans.factory.support.DefaultSingletonBeanRegistry.getSingleton(DefaultSingletonBeanRegistry.java:234)
	at org.springframework.beans.factory.support.AbstractBeanFactory.doGetBean(AbstractBeanFactory.java:334)
	at org.springframework.beans.factory.support.AbstractBeanFactory.getBean(AbstractBeanFactory.java:209)
	at org.springframework.beans.factory.config.DependencyDescriptor.resolveCandidate(DependencyDescriptor.java:276)
	at org.springframework.beans.factory.support.DefaultListableBeanFactory.doResolveDependency(DefaultListableBeanFactory.java:1391)
	at org.springframework.beans.factory.support.DefaultListableBeanFactory.resolveDependency(DefaultListableBeanFactory.java:1311)
	at org.springframework.beans.factory.support.ConstructorResolver.resolveAutowiredArgument(ConstructorResolver.java:904)
	at org.springframework.beans.factory.support.ConstructorResolver.createArgumentArray(ConstructorResolver.java:781)
	at org.springframework.beans.factory.support.ConstructorResolver.autowireConstructor(ConstructorResolver.java:220)
	at org.springframework.beans.factory.support.AbstractAutowireCapableBeanFactory.autowireConstructor(AbstractAutowireCapableBeanFactory.java:1372)
	at org.springframework.beans.factory.support.AbstractAutowireCapableBeanFactory.createBeanInstance(AbstractAutowireCapableBeanFactory.java:1222)
	at org.springframework.beans.factory.support.AbstractAutowireCapableBeanFactory.doCreateBean(AbstractAutowireCapableBeanFactory.java:582)
	at org.springframework.beans.factory.support.AbstractAutowireCapableBeanFactory.createBean(AbstractAutowireCapableBeanFactory.java:542)
	at org.springframework.beans.factory.support.AbstractBeanFactory.lambda$doGetBean$0(AbstractBeanFactory.java:336)
	at org.springframework.beans.factory.support.DefaultSingletonBeanRegistry.getSingleton(DefaultSingletonBeanRegistry.java:234)
	at org.springframework.beans.factory.support.AbstractBeanFactory.doGetBean(AbstractBeanFactory.java:334)
	at org.springframework.beans.factory.support.AbstractBeanFactory.getBean(AbstractBeanFactory.java:209)
	at org.springframework.beans.factory.support.ConstructorResolver.instantiateUsingFactoryMethod(ConstructorResolver.java:401)
	at org.springframework.beans.factory.support.AbstractAutowireCapableBeanFactory.instantiateUsingFactoryMethod(AbstractAutowireCapableBeanFactory.java:1352)
	at org.springframework.beans.factory.support.AbstractAutowireCapableBeanFactory.createBeanInstance(AbstractAutowireCapableBeanFactory.java:1195)
	at org.springframework.beans.factory.support.AbstractAutowireCapableBeanFactory.doCreateBean(AbstractAutowireCapableBeanFactory.java:582)
	at org.springframework.beans.factory.support.AbstractAutowireCapableBeanFactory.createBean(AbstractAutowireCapableBeanFactory.java:542)
	at org.springframework.beans.factory.support.AbstractBeanFactory.lambda$doGetBean$0(AbstractBeanFactory.java:336)
	at org.springframework.beans.factory.support.DefaultSingletonBeanRegistry.getSingleton(DefaultSingletonBeanRegistry.java:234)
	at org.springframework.beans.factory.support.AbstractBeanFactory.doGetBean(AbstractBeanFactory.java:334)
	at org.springframework.beans.factory.support.AbstractBeanFactory.getBean(AbstractBeanFactory.java:209)
	at org.springframework.beans.factory.config.DependencyDescriptor.resolveCandidate(DependencyDescriptor.java:276)
	at org.springframework.beans.factory.support.DefaultListableBeanFactory.doResolveDependency(DefaultListableBeanFactory.java:1391)
	at org.springframework.beans.factory.support.DefaultListableBeanFactory.resolveDependency(DefaultListableBeanFactory.java:1311)
	at org.springframework.beans.factory.support.ConstructorResolver.resolveAutowiredArgument(ConstructorResolver.java:904)
	at org.springframework.beans.factory.support.ConstructorResolver.createArgumentArray(ConstructorResolver.java:781)
	at org.springframework.beans.factory.support.ConstructorResolver.instantiateUsingFactoryMethod(ConstructorResolver.java:532)
	at org.springframework.beans.factory.support.AbstractAutowireCapableBeanFactory.instantiateUsingFactoryMethod(AbstractAutowireCapableBeanFactory.java:1352)
	at org.springframework.beans.factory.support.AbstractAutowireCapableBeanFactory.createBeanInstance(AbstractAutowireCapableBeanFactory.java:1195)
	at org.springframework.beans.factory.support.AbstractAutowireCapableBeanFactory.doCreateBean(AbstractAutowireCapableBeanFactory.java:582)
	at org.springframework.beans.factory.support.AbstractAutowireCapableBeanFactory.createBean(AbstractAutowireCapableBeanFactory.java:542)
	at org.springframework.beans.factory.support.AbstractBeanFactory.lambda$doGetBean$0(AbstractBeanFactory.java:336)
	at org.springframework.beans.factory.support.DefaultSingletonBeanRegistry.getSingleton(DefaultSingletonBeanRegistry.java:234)
	at org.springframework.beans.factory.support.AbstractBeanFactory.doGetBean(AbstractBeanFactory.java:334)
	at org.springframework.beans.factory.support.AbstractBeanFactory.getBean(AbstractBeanFactory.java:214)
	at org.springframework.boot.web.servlet.ServletContextInitializerBeans.getOrderedBeansOfType(ServletContextInitializerBeans.java:213)
	at org.springframework.boot.web.servlet.ServletContextInitializerBeans.getOrderedBeansOfType(ServletContextInitializerBeans.java:204)
	at org.springframework.boot.web.servlet.ServletContextInitializerBeans.addServletContextInitializerBeans(ServletContextInitializerBeans.java:98)
	at org.springframework.boot.web.servlet.ServletContextInitializerBeans.<init>(ServletContextInitializerBeans.java:86)
	at org.springframework.boot.web.servlet.context.ServletWebServerApplicationContext.getServletContextInitializerBeans(ServletWebServerApplicationContext.java:262)
	at org.springframework.boot.web.servlet.context.ServletWebServerApplicationContext.selfInitialize(ServletWebServerApplicationContext.java:236)
	at org.springframework.boot.web.embedded.tomcat.TomcatStarter.onStartup(TomcatStarter.java:53)
	at org.apache.catalina.core.StandardContext.startInternal(StandardContext.java:4450)
	at org.apache.catalina.util.LifecycleBase.start(LifecycleBase.java:164)
	at org.apache.catalina.core.ContainerBase$StartChild.call(ContainerBase.java:1203)
	at org.apache.catalina.core.ContainerBase$StartChild.call(ContainerBase.java:1193)
	at java.util.concurrent.FutureTask.run(FutureTask.java:266)
	at org.apache.tomcat.util.threads.InlineExecutorService.execute(InlineExecutorService.java:75)
	at java.util.concurrent.AbstractExecutorService.submit(AbstractExecutorService.java:134)
	at org.apache.catalina.core.ContainerBase.startInternal(ContainerBase.java:749)
	at org.apache.catalina.core.StandardHost.startInternal(StandardHost.java:721)
	at org.apache.catalina.util.LifecycleBase.start(LifecycleBase.java:164)
	at org.apache.catalina.core.ContainerBase$StartChild.call(ContainerBase.java:1203)
	at org.apache.catalina.core.ContainerBase$StartChild.call(ContainerBase.java:1193)
	at java.util.concurrent.FutureTask.run(FutureTask.java:266)
	at org.apache.tomcat.util.threads.InlineExecutorService.execute(InlineExecutorService.java:75)
	at java.util.concurrent.AbstractExecutorService.submit(AbstractExecutorService.java:134)
	at org.apache.catalina.core.ContainerBase.startInternal(ContainerBase.java:749)
	at org.apache.catalina.core.StandardEngine.startInternal(StandardEngine.java:211)
	at org.apache.catalina.util.LifecycleBase.start(LifecycleBase.java:164)
	at org.apache.catalina.core.StandardService.startInternal(StandardService.java:415)
	at org.apache.catalina.util.LifecycleBase.start(LifecycleBase.java:164)
	at org.apache.catalina.core.StandardServer.startInternal(StandardServer.java:874)
	at org.apache.catalina.util.LifecycleBase.start(LifecycleBase.java:164)
	at org.apache.catalina.startup.Tomcat.start(Tomcat.java:438)
	at org.springframework.boot.web.embedded.tomcat.TomcatWebServer.initialize(TomcatWebServer.java:123)
	at org.springframework.boot.web.embedded.tomcat.TomcatWebServer.<init>(TomcatWebServer.java:104)
	at org.springframework.boot.web.embedded.tomcat.TomcatServletWebServerFactory.getTomcatWebServer(TomcatServletWebServerFactory.java:481)
	at org.springframework.boot.web.embedded.tomcat.TomcatServletWebServerFactory.getWebServer(TomcatServletWebServerFactory.java:211)
	at org.springframework.boot.web.servlet.context.ServletWebServerApplicationContext.createWebServer(ServletWebServerApplicationContext.java:184)
	at org.springframework.boot.web.servlet.context.ServletWebServerApplicationContext.onRefresh(ServletWebServerApplicationContext.java:162)
	at org.springframework.context.support.AbstractApplicationContext.refresh(AbstractApplicationContext.java:585)
	at org.springframework.boot.web.servlet.context.ServletWebServerApplicationContext.refresh(ServletWebServerApplicationContext.java:147)
	at org.springframework.boot.SpringApplication.refresh(SpringApplication.java:732)
	at org.springframework.boot.SpringApplication.refreshContext(SpringApplication.java:409)
	at org.springframework.boot.SpringApplication.run(SpringApplication.java:308)
	at org.springframework.boot.SpringApplication.run(SpringApplication.java:1300)
	at org.springframework.boot.SpringApplication.run(SpringApplication.java:1289)
	at com.alibaba.nacos.Nacos.main(Nacos.java:46)
	at sun.reflect.NativeMethodAccessorImpl.invoke0(Native Method)
	at sun.reflect.NativeMethodAccessorImpl.invoke(NativeMethodAccessorImpl.java:62)
	at sun.reflect.DelegatingMethodAccessorImpl.invoke(DelegatingMethodAccessorImpl.java:43)
	at java.lang.reflect.Method.invoke(Method.java:498)
	at org.springframework.boot.loader.MainMethodRunner.run(MainMethodRunner.java:49)
	at org.springframework.boot.loader.Launcher.launch(Launcher.java:108)
	at org.springframework.boot.loader.Launcher.launch(Launcher.java:58)
	at org.springframework.boot.loader.PropertiesLauncher.main(PropertiesLauncher.java:467)
Caused by: com.mysql.cj.exceptions.CJCommunicationsException: Communications link failure

The last packet sent successfully to the server was 0 milliseconds ago. The driver has not received any packets from the server.
	at sun.reflect.NativeConstructorAccessorImpl.newInstance0(Native Method)
	at sun.reflect.NativeConstructorAccessorImpl.newInstance(NativeConstructorAccessorImpl.java:62)
	at sun.reflect.DelegatingConstructorAccessorImpl.newInstance(DelegatingConstructorAccessorImpl.java:45)
	at java.lang.reflect.Constructor.newInstance(Constructor.java:423)
	at com.mysql.cj.exceptions.ExceptionFactory.createException(ExceptionFactory.java:61)
	at com.mysql.cj.exceptions.ExceptionFactory.createException(ExceptionFactory.java:104)
	at com.mysql.cj.exceptions.ExceptionFactory.createException(ExceptionFactory.java:149)
	at com.mysql.cj.exceptions.ExceptionFactory.createCommunicationsException(ExceptionFactory.java:165)
	at com.mysql.cj.protocol.a.NativeSocketConnection.connect(NativeSocketConnection.java:88)
	at com.mysql.cj.NativeSession.connect(NativeSession.java:120)
	at com.mysql.cj.jdbc.ConnectionImpl.connectOneTryOnly(ConnectionImpl.java:935)
	at com.mysql.cj.jdbc.ConnectionImpl.createNewIO(ConnectionImpl.java:805)
	... 135 common frames omitted
Caused by: java.net.UnknownHostException: mysql: Name does not resolve
	at java.net.Inet6AddressImpl.lookupAllHostAddr(Native Method)
	at java.net.InetAddress$2.lookupAllHostAddr(InetAddress.java:868)
	at java.net.InetAddress.getAddressesFromNameService(InetAddress.java:1303)
	at java.net.InetAddress$NameServiceAddresses.get(InetAddress.java:816)
	at java.net.InetAddress.getAllByName0(InetAddress.java:1292)
	at java.net.InetAddress.getAllByName(InetAddress.java:1145)
	at java.net.InetAddress.getAllByName(InetAddress.java:1066)
	at com.mysql.cj.protocol.StandardSocketFactory.connect(StandardSocketFactory.java:130)
	at com.mysql.cj.protocol.a.NativeSocketConnection.connect(NativeSocketConnection.java:62)
	... 138 common frames omitted
2025-06-05 10:15:33,311 ERROR Error starting Tomcat context. Exception: org.springframework.beans.factory.UnsatisfiedDependencyException. Message: Error creating bean with name 'basicAuthenticationFilter' defined in class path resource [com/alibaba/nacos/prometheus/filter/PrometheusAuthFilter.class]: Unsatisfied dependency expressed through method 'basicAuthenticationFilter' parameter 0; nested exception is org.springframework.beans.factory.UnsatisfiedDependencyException: Error creating bean with name 'nacosAuthConfig' defined in URL [jar:file:/home/nacos/target/nacos-server.jar!/BOOT-INF/lib/default-auth-plugin-2.5.0.jar!/com/alibaba/nacos/plugin/auth/impl/NacosAuthConfig.class]: Unsatisfied dependency expressed through constructor parameter 3; nested exception is org.springframework.beans.factory.UnsatisfiedDependencyException: Error creating bean with name 'nacosUserDetailsServiceImpl': Unsatisfied dependency expressed through field 'userPersistService'; nested exception is org.springframework.beans.factory.BeanCreationException: Error creating bean with name 'externalUserPersistServiceImpl': Invocation of init method failed; nested exception is java.lang.RuntimeException: java.lang.RuntimeException: [db-load-error]load jdbc.properties error

2025-06-05 10:15:33,349 INFO Stopping service [Tomcat]

2025-06-05 10:15:33,352 WARN The web application [nacos] appears to have started a thread named [nacos.publisher-com.alibaba.nacos.common.event.ServerConfigChangeEvent] but has failed to stop it. This is very likely to create a memory leak. Stack trace of thread:
 sun.misc.Unsafe.park(Native Method)
 java.util.concurrent.locks.LockSupport.park(LockSupport.java:175)
 java.util.concurrent.locks.AbstractQueuedSynchronizer$ConditionObject.await(AbstractQueuedSynchronizer.java:2039)
 java.util.concurrent.ArrayBlockingQueue.take(ArrayBlockingQueue.java:403)
 com.alibaba.nacos.common.notify.DefaultPublisher.openEventHandler(DefaultPublisher.java:111)
 com.alibaba.nacos.common.notify.DefaultPublisher.run(DefaultPublisher.java:95)

2025-06-05 10:15:33,353 WARN The web application [nacos] appears to have started a thread named [nacos-http-async-client.0] but has failed to stop it. This is very likely to create a memory leak. Stack trace of thread:
 sun.nio.ch.EPollArrayWrapper.epollWait(Native Method)
 sun.nio.ch.EPollArrayWrapper.poll(EPollArrayWrapper.java:269)
 sun.nio.ch.EPollSelectorImpl.doSelect(EPollSelectorImpl.java:93)
 sun.nio.ch.SelectorImpl.lockAndDoSelect(SelectorImpl.java:86)
 sun.nio.ch.SelectorImpl.select(SelectorImpl.java:97)
 org.apache.http.impl.nio.reactor.AbstractMultiworkerIOReactor.execute(AbstractMultiworkerIOReactor.java:343)
 org.apache.http.impl.nio.conn.PoolingNHttpClientConnectionManager.execute(PoolingNHttpClientConnectionManager.java:221)
 org.apache.http.impl.nio.client.CloseableHttpAsyncClientBase$1.run(CloseableHttpAsyncClientBase.java:64)
 java.lang.Thread.run(Thread.java:750)

2025-06-05 10:15:33,354 WARN The web application [nacos] appears to have started a thread named [nacos-http-async-client#I/O Reactor.0] but has failed to stop it. This is very likely to create a memory leak. Stack trace of thread:
 sun.nio.ch.EPollArrayWrapper.epollWait(Native Method)
 sun.nio.ch.EPollArrayWrapper.poll(EPollArrayWrapper.java:269)
 sun.nio.ch.EPollSelectorImpl.doSelect(EPollSelectorImpl.java:93)
 sun.nio.ch.SelectorImpl.lockAndDoSelect(SelectorImpl.java:86)
 sun.nio.ch.SelectorImpl.select(SelectorImpl.java:97)
 org.apache.http.impl.nio.reactor.AbstractIOReactor.execute(AbstractIOReactor.java:255)
 org.apache.http.impl.nio.reactor.BaseIOReactor.execute(BaseIOReactor.java:104)
 org.apache.http.impl.nio.reactor.AbstractMultiworkerIOReactor$Worker.run(AbstractMultiworkerIOReactor.java:591)
 java.lang.Thread.run(Thread.java:750)

2025-06-05 10:15:33,357 WARN The web application [nacos] appears to have started a thread named [nacos-http-async-client#I/O Reactor.1] but has failed to stop it. This is very likely to create a memory leak. Stack trace of thread:
 sun.nio.ch.EPollArrayWrapper.epollWait(Native Method)
 sun.nio.ch.EPollArrayWrapper.poll(EPollArrayWrapper.java:269)
 sun.nio.ch.EPollSelectorImpl.doSelect(EPollSelectorImpl.java:93)
 sun.nio.ch.SelectorImpl.lockAndDoSelect(SelectorImpl.java:86)
 sun.nio.ch.SelectorImpl.select(SelectorImpl.java:97)
 org.apache.http.impl.nio.reactor.AbstractIOReactor.execute(AbstractIOReactor.java:255)
 org.apache.http.impl.nio.reactor.BaseIOReactor.execute(BaseIOReactor.java:104)
 org.apache.http.impl.nio.reactor.AbstractMultiworkerIOReactor$Worker.run(AbstractMultiworkerIOReactor.java:591)
 java.lang.Thread.run(Thread.java:750)

2025-06-05 10:15:33,358 WARN The web application [nacos] appears to have started a thread named [nacos-http-async-client#I/O Reactor.2] but has failed to stop it. This is very likely to create a memory leak. Stack trace of thread:
 sun.nio.ch.EPollArrayWrapper.epollWait(Native Method)
 sun.nio.ch.EPollArrayWrapper.poll(EPollArrayWrapper.java:269)
 sun.nio.ch.EPollSelectorImpl.doSelect(EPollSelectorImpl.java:93)
 sun.nio.ch.SelectorImpl.lockAndDoSelect(SelectorImpl.java:86)
 sun.nio.ch.SelectorImpl.select(SelectorImpl.java:97)
 org.apache.http.impl.nio.reactor.AbstractIOReactor.execute(AbstractIOReactor.java:255)
 org.apache.http.impl.nio.reactor.BaseIOReactor.execute(BaseIOReactor.java:104)
 org.apache.http.impl.nio.reactor.AbstractMultiworkerIOReactor$Worker.run(AbstractMultiworkerIOReactor.java:591)
 java.lang.Thread.run(Thread.java:750)

2025-06-05 10:15:33,360 WARN The web application [nacos] appears to have started a thread named [nacos-http-async-client#I/O Reactor.3] but has failed to stop it. This is very likely to create a memory leak. Stack trace of thread:
 sun.nio.ch.EPollArrayWrapper.epollWait(Native Method)
 sun.nio.ch.EPollArrayWrapper.poll(EPollArrayWrapper.java:269)
 sun.nio.ch.EPollSelectorImpl.doSelect(EPollSelectorImpl.java:93)
 sun.nio.ch.SelectorImpl.lockAndDoSelect(SelectorImpl.java:86)
 sun.nio.ch.SelectorImpl.select(SelectorImpl.java:97)
 org.apache.http.impl.nio.reactor.AbstractIOReactor.execute(AbstractIOReactor.java:255)
 org.apache.http.impl.nio.reactor.BaseIOReactor.execute(BaseIOReactor.java:104)
 org.apache.http.impl.nio.reactor.AbstractMultiworkerIOReactor$Worker.run(AbstractMultiworkerIOReactor.java:591)
 java.lang.Thread.run(Thread.java:750)

2025-06-05 10:15:33,361 WARN The web application [nacos] appears to have started a thread named [nacos.publisher-com.alibaba.nacos.core.cluster.MembersChangeEvent] but has failed to stop it. This is very likely to create a memory leak. Stack trace of thread:
 sun.misc.Unsafe.park(Native Method)
 java.util.concurrent.locks.LockSupport.park(LockSupport.java:175)
 java.util.concurrent.locks.AbstractQueuedSynchronizer$ConditionObject.await(AbstractQueuedSynchronizer.java:2039)
 java.util.concurrent.ArrayBlockingQueue.take(ArrayBlockingQueue.java:403)
 com.alibaba.nacos.common.notify.DefaultPublisher.openEventHandler(DefaultPublisher.java:111)
 com.alibaba.nacos.common.notify.DefaultPublisher.run(DefaultPublisher.java:95)

2025-06-05 10:15:33,362 WARN The web application [nacos] appears to have started a thread named [com.alibaba.nacos.core.distributed.distro.task.delay.DistroDelayTaskExecuteEngine.0] but has failed to stop it. This is very likely to create a memory leak. Stack trace of thread:
 sun.misc.Unsafe.park(Native Method)
 java.util.concurrent.locks.LockSupport.parkNanos(LockSupport.java:215)
 java.util.concurrent.locks.AbstractQueuedSynchronizer$ConditionObject.awaitNanos(AbstractQueuedSynchronizer.java:2078)
 java.util.concurrent.ScheduledThreadPoolExecutor$DelayedWorkQueue.take(ScheduledThreadPoolExecutor.java:1093)
 java.util.concurrent.ScheduledThreadPoolExecutor$DelayedWorkQueue.take(ScheduledThreadPoolExecutor.java:809)
 java.util.concurrent.ThreadPoolExecutor.getTask(ThreadPoolExecutor.java:1074)
 java.util.concurrent.ThreadPoolExecutor.runWorker(ThreadPoolExecutor.java:1134)
 java.util.concurrent.ThreadPoolExecutor$Worker.run(ThreadPoolExecutor.java:624)
 java.lang.Thread.run(Thread.java:750)

2025-06-05 10:15:33,362 WARN The web application [nacos] appears to have started a thread named [DistroExecuteTaskExecuteEngine_0%4] but has failed to stop it. This is very likely to create a memory leak. Stack trace of thread:
 sun.misc.Unsafe.park(Native Method)
 java.util.concurrent.locks.LockSupport.park(LockSupport.java:175)
 java.util.concurrent.locks.AbstractQueuedSynchronizer$ConditionObject.await(AbstractQueuedSynchronizer.java:2039)
 java.util.concurrent.ArrayBlockingQueue.take(ArrayBlockingQueue.java:403)
 com.alibaba.nacos.common.task.engine.TaskExecuteWorker$InnerWorker.run(TaskExecuteWorker.java:118)

2025-06-05 10:15:33,363 WARN The web application [nacos] appears to have started a thread named [DistroExecuteTaskExecuteEngine_1%4] but has failed to stop it. This is very likely to create a memory leak. Stack trace of thread:
 sun.misc.Unsafe.park(Native Method)
 java.util.concurrent.locks.LockSupport.park(LockSupport.java:175)
 java.util.concurrent.locks.AbstractQueuedSynchronizer$ConditionObject.await(AbstractQueuedSynchronizer.java:2039)
 java.util.concurrent.ArrayBlockingQueue.take(ArrayBlockingQueue.java:403)
 com.alibaba.nacos.common.task.engine.TaskExecuteWorker$InnerWorker.run(TaskExecuteWorker.java:118)

2025-06-05 10:15:33,364 WARN The web application [nacos] appears to have started a thread named [DistroExecuteTaskExecuteEngine_2%4] but has failed to stop it. This is very likely to create a memory leak. Stack trace of thread:
 sun.misc.Unsafe.park(Native Method)
 java.util.concurrent.locks.LockSupport.park(LockSupport.java:175)
 java.util.concurrent.locks.AbstractQueuedSynchronizer$ConditionObject.await(AbstractQueuedSynchronizer.java:2039)
 java.util.concurrent.ArrayBlockingQueue.take(ArrayBlockingQueue.java:403)
 com.alibaba.nacos.common.task.engine.TaskExecuteWorker$InnerWorker.run(TaskExecuteWorker.java:118)

2025-06-05 10:15:33,366 WARN The web application [nacos] appears to have started a thread named [DistroExecuteTaskExecuteEngine_3%4] but has failed to stop it. This is very likely to create a memory leak. Stack trace of thread:
 sun.misc.Unsafe.park(Native Method)
 java.util.concurrent.locks.LockSupport.park(LockSupport.java:175)
 java.util.concurrent.locks.AbstractQueuedSynchronizer$ConditionObject.await(AbstractQueuedSynchronizer.java:2039)
 java.util.concurrent.ArrayBlockingQueue.take(ArrayBlockingQueue.java:403)
 com.alibaba.nacos.common.task.engine.TaskExecuteWorker$InnerWorker.run(TaskExecuteWorker.java:118)

2025-06-05 10:15:33,367 WARN The web application [nacos] appears to have started a thread named [com.alibaba.nacos.naming.timer.0] but has failed to stop it. This is very likely to create a memory leak. Stack trace of thread:
 sun.misc.Unsafe.park(Native Method)
 java.util.concurrent.locks.LockSupport.parkNanos(LockSupport.java:215)
 java.util.concurrent.locks.AbstractQueuedSynchronizer$ConditionObject.awaitNanos(AbstractQueuedSynchronizer.java:2078)
 java.util.concurrent.ScheduledThreadPoolExecutor$DelayedWorkQueue.take(ScheduledThreadPoolExecutor.java:1093)
 java.util.concurrent.ScheduledThreadPoolExecutor$DelayedWorkQueue.take(ScheduledThreadPoolExecutor.java:809)
 java.util.concurrent.ThreadPoolExecutor.getTask(ThreadPoolExecutor.java:1074)
 java.util.concurrent.ThreadPoolExecutor.runWorker(ThreadPoolExecutor.java:1134)
 java.util.concurrent.ThreadPoolExecutor$Worker.run(ThreadPoolExecutor.java:624)
 java.lang.Thread.run(Thread.java:750)

2025-06-05 10:15:33,368 WARN The web application [nacos] appears to have started a thread named [com.alibaba.nacos.naming.timer.1] but has failed to stop it. This is very likely to create a memory leak. Stack trace of thread:
 sun.misc.Unsafe.park(Native Method)
 java.util.concurrent.locks.LockSupport.park(LockSupport.java:175)
 java.util.concurrent.locks.AbstractQueuedSynchronizer$ConditionObject.await(AbstractQueuedSynchronizer.java:2039)
 java.util.concurrent.ScheduledThreadPoolExecutor$DelayedWorkQueue.take(ScheduledThreadPoolExecutor.java:1088)
 java.util.concurrent.ScheduledThreadPoolExecutor$DelayedWorkQueue.take(ScheduledThreadPoolExecutor.java:809)
 java.util.concurrent.ThreadPoolExecutor.getTask(ThreadPoolExecutor.java:1074)
 java.util.concurrent.ThreadPoolExecutor.runWorker(ThreadPoolExecutor.java:1134)
 java.util.concurrent.ThreadPoolExecutor$Worker.run(ThreadPoolExecutor.java:624)
 java.lang.Thread.run(Thread.java:750)

2025-06-05 10:15:33,369 WARN The web application [nacos] appears to have started a thread named [naming.publisher-ClientOperationEvent] but has failed to stop it. This is very likely to create a memory leak. Stack trace of thread:
 sun.misc.Unsafe.park(Native Method)
 java.util.concurrent.locks.LockSupport.park(LockSupport.java:175)
 java.util.concurrent.locks.AbstractQueuedSynchronizer$ConditionObject.await(AbstractQueuedSynchronizer.java:2039)
 java.util.concurrent.ArrayBlockingQueue.take(ArrayBlockingQueue.java:403)
 com.alibaba.nacos.naming.core.v2.event.publisher.NamingEventPublisher.handleEvents(NamingEventPublisher.java:156)
 com.alibaba.nacos.naming.core.v2.event.publisher.NamingEventPublisher.run(NamingEventPublisher.java:135)

2025-06-05 10:15:33,370 WARN The web application [nacos] appears to have started a thread named [naming.publisher-MetadataEvent] but has failed to stop it. This is very likely to create a memory leak. Stack trace of thread:
 sun.misc.Unsafe.park(Native Method)
 java.util.concurrent.locks.LockSupport.park(LockSupport.java:175)
 java.util.concurrent.locks.AbstractQueuedSynchronizer$ConditionObject.await(AbstractQueuedSynchronizer.java:2039)
 java.util.concurrent.ArrayBlockingQueue.take(ArrayBlockingQueue.java:403)
 com.alibaba.nacos.naming.core.v2.event.publisher.NamingEventPublisher.handleEvents(NamingEventPublisher.java:156)
 com.alibaba.nacos.naming.core.v2.event.publisher.NamingEventPublisher.run(NamingEventPublisher.java:135)

2025-06-05 10:15:33,371 WARN The web application [nacos] appears to have started a thread named [naming.publisher-ClientEvent] but has failed to stop it. This is very likely to create a memory leak. Stack trace of thread:
 sun.misc.Unsafe.park(Native Method)
 java.util.concurrent.locks.LockSupport.park(LockSupport.java:175)
 java.util.concurrent.locks.AbstractQueuedSynchronizer$ConditionObject.await(AbstractQueuedSynchronizer.java:2039)
 java.util.concurrent.ArrayBlockingQueue.take(ArrayBlockingQueue.java:403)
 com.alibaba.nacos.naming.core.v2.event.publisher.NamingEventPublisher.handleEvents(NamingEventPublisher.java:156)
 com.alibaba.nacos.naming.core.v2.event.publisher.NamingEventPublisher.run(NamingEventPublisher.java:135)

2025-06-05 10:15:33,372 WARN The web application [nacos] appears to have started a thread named [com.alibaba.nacos.naming.remote-connection-manager.0] but has failed to stop it. This is very likely to create a memory leak. Stack trace of thread:
 sun.misc.Unsafe.park(Native Method)
 java.util.concurrent.locks.LockSupport.parkNanos(LockSupport.java:215)
 java.util.concurrent.locks.AbstractQueuedSynchronizer$ConditionObject.awaitNanos(AbstractQueuedSynchronizer.java:2078)
 java.util.concurrent.ScheduledThreadPoolExecutor$DelayedWorkQueue.take(ScheduledThreadPoolExecutor.java:1093)
 java.util.concurrent.ScheduledThreadPoolExecutor$DelayedWorkQueue.take(ScheduledThreadPoolExecutor.java:809)
 java.util.concurrent.ThreadPoolExecutor.getTask(ThreadPoolExecutor.java:1074)
 java.util.concurrent.ThreadPoolExecutor.runWorker(ThreadPoolExecutor.java:1134)
 java.util.concurrent.ThreadPoolExecutor$Worker.run(ThreadPoolExecutor.java:624)
 java.lang.Thread.run(Thread.java:750)

2025-06-05 10:15:33,374 WARN Exception encountered during context initialization - cancelling refresh attempt: org.springframework.context.ApplicationContextException: Unable to start web server; nested exception is org.springframework.boot.web.server.WebServerException: Unable to start embedded Tomcat

2025-06-05 10:15:33,383 INFO Nacos Log files: /home/nacos/logs

2025-06-05 10:15:33,384 INFO Nacos Log files: /home/nacos/conf

2025-06-05 10:15:33,384 INFO Nacos Log files: /home/nacos/data

2025-06-05 10:15:33,385 ERROR Startup errors : 

org.springframework.context.ApplicationContextException: Unable to start web server; nested exception is org.springframework.boot.web.server.WebServerException: Unable to start embedded Tomcat
	at org.springframework.boot.web.servlet.context.ServletWebServerApplicationContext.onRefresh(ServletWebServerApplicationContext.java:165)
	at org.springframework.context.support.AbstractApplicationContext.refresh(AbstractApplicationContext.java:585)
	at org.springframework.boot.web.servlet.context.ServletWebServerApplicationContext.refresh(ServletWebServerApplicationContext.java:147)
	at org.springframework.boot.SpringApplication.refresh(SpringApplication.java:732)
	at org.springframework.boot.SpringApplication.refreshContext(SpringApplication.java:409)
	at org.springframework.boot.SpringApplication.run(SpringApplication.java:308)
	at org.springframework.boot.SpringApplication.run(SpringApplication.java:1300)
	at org.springframework.boot.SpringApplication.run(SpringApplication.java:1289)
	at com.alibaba.nacos.Nacos.main(Nacos.java:46)
	at sun.reflect.NativeMethodAccessorImpl.invoke0(Native Method)
	at sun.reflect.NativeMethodAccessorImpl.invoke(NativeMethodAccessorImpl.java:62)
	at sun.reflect.DelegatingMethodAccessorImpl.invoke(DelegatingMethodAccessorImpl.java:43)
	at java.lang.reflect.Method.invoke(Method.java:498)
	at org.springframework.boot.loader.MainMethodRunner.run(MainMethodRunner.java:49)
	at org.springframework.boot.loader.Launcher.launch(Launcher.java:108)
	at org.springframework.boot.loader.Launcher.launch(Launcher.java:58)
	at org.springframework.boot.loader.PropertiesLauncher.main(PropertiesLauncher.java:467)
Caused by: org.springframework.boot.web.server.WebServerException: Unable to start embedded Tomcat
	at org.springframework.boot.web.embedded.tomcat.TomcatWebServer.initialize(TomcatWebServer.java:142)
	at org.springframework.boot.web.embedded.tomcat.TomcatWebServer.<init>(TomcatWebServer.java:104)
	at org.springframework.boot.web.embedded.tomcat.TomcatServletWebServerFactory.getTomcatWebServer(TomcatServletWebServerFactory.java:481)
	at org.springframework.boot.web.embedded.tomcat.TomcatServletWebServerFactory.getWebServer(TomcatServletWebServerFactory.java:211)
	at org.springframework.boot.web.servlet.context.ServletWebServerApplicationContext.createWebServer(ServletWebServerApplicationContext.java:184)
	at org.springframework.boot.web.servlet.context.ServletWebServerApplicationContext.onRefresh(ServletWebServerApplicationContext.java:162)
	... 16 common frames omitted
Caused by: org.springframework.beans.factory.UnsatisfiedDependencyException: Error creating bean with name 'basicAuthenticationFilter' defined in class path resource [com/alibaba/nacos/prometheus/filter/PrometheusAuthFilter.class]: Unsatisfied dependency expressed through method 'basicAuthenticationFilter' parameter 0; nested exception is org.springframework.beans.factory.UnsatisfiedDependencyException: Error creating bean with name 'nacosAuthConfig' defined in URL [jar:file:/home/nacos/target/nacos-server.jar!/BOOT-INF/lib/default-auth-plugin-2.5.0.jar!/com/alibaba/nacos/plugin/auth/impl/NacosAuthConfig.class]: Unsatisfied dependency expressed through constructor parameter 3; nested exception is org.springframework.beans.factory.UnsatisfiedDependencyException: Error creating bean with name 'nacosUserDetailsServiceImpl': Unsatisfied dependency expressed through field 'userPersistService'; nested exception is org.springframework.beans.factory.BeanCreationException: Error creating bean with name 'externalUserPersistServiceImpl': Invocation of init method failed; nested exception is java.lang.RuntimeException: java.lang.RuntimeException: [db-load-error]load jdbc.properties error
	at org.springframework.beans.factory.support.ConstructorResolver.createArgumentArray(ConstructorResolver.java:794)
	at org.springframework.beans.factory.support.ConstructorResolver.instantiateUsingFactoryMethod(ConstructorResolver.java:532)
	at org.springframework.beans.factory.support.AbstractAutowireCapableBeanFactory.instantiateUsingFactoryMethod(AbstractAutowireCapableBeanFactory.java:1352)
	at org.springframework.beans.factory.support.AbstractAutowireCapableBeanFactory.createBeanInstance(AbstractAutowireCapableBeanFactory.java:1195)
	at org.springframework.beans.factory.support.AbstractAutowireCapableBeanFactory.doCreateBean(AbstractAutowireCapableBeanFactory.java:582)
	at org.springframework.beans.factory.support.AbstractAutowireCapableBeanFactory.createBean(AbstractAutowireCapableBeanFactory.java:542)
	at org.springframework.beans.factory.support.AbstractBeanFactory.lambda$doGetBean$0(AbstractBeanFactory.java:336)
	at org.springframework.beans.factory.support.DefaultSingletonBeanRegistry.getSingleton(DefaultSingletonBeanRegistry.java:234)
	at org.springframework.beans.factory.support.AbstractBeanFactory.doGetBean(AbstractBeanFactory.java:334)
	at org.springframework.beans.factory.support.AbstractBeanFactory.getBean(AbstractBeanFactory.java:214)
	at org.springframework.boot.web.servlet.ServletContextInitializerBeans.getOrderedBeansOfType(ServletContextInitializerBeans.java:213)
	at org.springframework.boot.web.servlet.ServletContextInitializerBeans.getOrderedBeansOfType(ServletContextInitializerBeans.java:204)
	at org.springframework.boot.web.servlet.ServletContextInitializerBeans.addServletContextInitializerBeans(ServletContextInitializerBeans.java:98)
	at org.springframework.boot.web.servlet.ServletContextInitializerBeans.<init>(ServletContextInitializerBeans.java:86)
	at org.springframework.boot.web.servlet.context.ServletWebServerApplicationContext.getServletContextInitializerBeans(ServletWebServerApplicationContext.java:262)
	at org.springframework.boot.web.servlet.context.ServletWebServerApplicationContext.selfInitialize(ServletWebServerApplicationContext.java:236)
	at org.springframework.boot.web.embedded.tomcat.TomcatStarter.onStartup(TomcatStarter.java:53)
	at org.apache.catalina.core.StandardContext.startInternal(StandardContext.java:4450)
	at org.apache.catalina.util.LifecycleBase.start(LifecycleBase.java:164)
	at org.apache.catalina.core.ContainerBase$StartChild.call(ContainerBase.java:1203)
	at org.apache.catalina.core.ContainerBase$StartChild.call(ContainerBase.java:1193)
	at java.util.concurrent.FutureTask.run(FutureTask.java:266)
	at org.apache.tomcat.util.threads.InlineExecutorService.execute(InlineExecutorService.java:75)
	at java.util.concurrent.AbstractExecutorService.submit(AbstractExecutorService.java:134)
	at org.apache.catalina.core.ContainerBase.startInternal(ContainerBase.java:749)
	at org.apache.catalina.core.StandardHost.startInternal(StandardHost.java:721)
	at org.apache.catalina.util.LifecycleBase.start(LifecycleBase.java:164)
	at org.apache.catalina.core.ContainerBase$StartChild.call(ContainerBase.java:1203)
	at org.apache.catalina.core.ContainerBase$StartChild.call(ContainerBase.java:1193)
	at java.util.concurrent.FutureTask.run(FutureTask.java:266)
	at org.apache.tomcat.util.threads.InlineExecutorService.execute(InlineExecutorService.java:75)
	at java.util.concurrent.AbstractExecutorService.submit(AbstractExecutorService.java:134)
	at org.apache.catalina.core.ContainerBase.startInternal(ContainerBase.java:749)
	at org.apache.catalina.core.StandardEngine.startInternal(StandardEngine.java:211)
	at org.apache.catalina.util.LifecycleBase.start(LifecycleBase.java:164)
	at org.apache.catalina.core.StandardService.startInternal(StandardService.java:415)
	at org.apache.catalina.util.LifecycleBase.start(LifecycleBase.java:164)
	at org.apache.catalina.core.StandardServer.startInternal(StandardServer.java:874)
	at org.apache.catalina.util.LifecycleBase.start(LifecycleBase.java:164)
	at org.apache.catalina.startup.Tomcat.start(Tomcat.java:438)
	at org.springframework.boot.web.embedded.tomcat.TomcatWebServer.initialize(TomcatWebServer.java:123)
	... 21 common frames omitted
Caused by: org.springframework.beans.factory.UnsatisfiedDependencyException: Error creating bean with name 'nacosAuthConfig' defined in URL [jar:file:/home/nacos/target/nacos-server.jar!/BOOT-INF/lib/default-auth-plugin-2.5.0.jar!/com/alibaba/nacos/plugin/auth/impl/NacosAuthConfig.class]: Unsatisfied dependency expressed through constructor parameter 3; nested exception is org.springframework.beans.factory.UnsatisfiedDependencyException: Error creating bean with name 'nacosUserDetailsServiceImpl': Unsatisfied dependency expressed through field 'userPersistService'; nested exception is org.springframework.beans.factory.BeanCreationException: Error creating bean with name 'externalUserPersistServiceImpl': Invocation of init method failed; nested exception is java.lang.RuntimeException: java.lang.RuntimeException: [db-load-error]load jdbc.properties error
	at org.springframework.beans.factory.support.ConstructorResolver.createArgumentArray(ConstructorResolver.java:794)
	at org.springframework.beans.factory.support.ConstructorResolver.autowireConstructor(ConstructorResolver.java:220)
	at org.springframework.beans.factory.support.AbstractAutowireCapableBeanFactory.autowireConstructor(AbstractAutowireCapableBeanFactory.java:1372)
	at org.springframework.beans.factory.support.AbstractAutowireCapableBeanFactory.createBeanInstance(AbstractAutowireCapableBeanFactory.java:1222)
	at org.springframework.beans.factory.support.AbstractAutowireCapableBeanFactory.doCreateBean(AbstractAutowireCapableBeanFactory.java:582)
	at org.springframework.beans.factory.support.AbstractAutowireCapableBeanFactory.createBean(AbstractAutowireCapableBeanFactory.java:542)
	at org.springframework.beans.factory.support.AbstractBeanFactory.lambda$doGetBean$0(AbstractBeanFactory.java:336)
	at org.springframework.beans.factory.support.DefaultSingletonBeanRegistry.getSingleton(DefaultSingletonBeanRegistry.java:234)
	at org.springframework.beans.factory.support.AbstractBeanFactory.doGetBean(AbstractBeanFactory.java:334)
	at org.springframework.beans.factory.support.AbstractBeanFactory.getBean(AbstractBeanFactory.java:209)
	at org.springframework.beans.factory.support.ConstructorResolver.instantiateUsingFactoryMethod(ConstructorResolver.java:401)
	at org.springframework.beans.factory.support.AbstractAutowireCapableBeanFactory.instantiateUsingFactoryMethod(AbstractAutowireCapableBeanFactory.java:1352)
	at org.springframework.beans.factory.support.AbstractAutowireCapableBeanFactory.createBeanInstance(AbstractAutowireCapableBeanFactory.java:1195)
	at org.springframework.beans.factory.support.AbstractAutowireCapableBeanFactory.doCreateBean(AbstractAutowireCapableBeanFactory.java:582)
	at org.springframework.beans.factory.support.AbstractAutowireCapableBeanFactory.createBean(AbstractAutowireCapableBeanFactory.java:542)
	at org.springframework.beans.factory.support.AbstractBeanFactory.lambda$doGetBean$0(AbstractBeanFactory.java:336)
	at org.springframework.beans.factory.support.DefaultSingletonBeanRegistry.getSingleton(DefaultSingletonBeanRegistry.java:234)
	at org.springframework.beans.factory.support.AbstractBeanFactory.doGetBean(AbstractBeanFactory.java:334)
	at org.springframework.beans.factory.support.AbstractBeanFactory.getBean(AbstractBeanFactory.java:209)
	at org.springframework.beans.factory.config.DependencyDescriptor.resolveCandidate(DependencyDescriptor.java:276)
	at org.springframework.beans.factory.support.DefaultListableBeanFactory.doResolveDependency(DefaultListableBeanFactory.java:1391)
	at org.springframework.beans.factory.support.DefaultListableBeanFactory.resolveDependency(DefaultListableBeanFactory.java:1311)
	at org.springframework.beans.factory.support.ConstructorResolver.resolveAutowiredArgument(ConstructorResolver.java:904)
	at org.springframework.beans.factory.support.ConstructorResolver.createArgumentArray(ConstructorResolver.java:781)
	... 61 common frames omitted
Caused by: org.springframework.beans.factory.UnsatisfiedDependencyException: Error creating bean with name 'nacosUserDetailsServiceImpl': Unsatisfied dependency expressed through field 'userPersistService'; nested exception is org.springframework.beans.factory.BeanCreationException: Error creating bean with name 'externalUserPersistServiceImpl': Invocation of init method failed; nested exception is java.lang.RuntimeException: java.lang.RuntimeException: [db-load-error]load jdbc.properties error
	at org.springframework.beans.factory.annotation.AutowiredAnnotationBeanPostProcessor$AutowiredFieldElement.resolveFieldValue(AutowiredAnnotationBeanPostProcessor.java:713)
	at org.springframework.beans.factory.annotation.AutowiredAnnotationBeanPostProcessor$AutowiredFieldElement.inject(AutowiredAnnotationBeanPostProcessor.java:693)
	at org.springframework.beans.factory.annotation.InjectionMetadata.inject(InjectionMetadata.java:119)
	at org.springframework.beans.factory.annotation.AutowiredAnnotationBeanPostProcessor.postProcessProperties(AutowiredAnnotationBeanPostProcessor.java:408)
	at org.springframework.beans.factory.support.AbstractAutowireCapableBeanFactory.populateBean(AbstractAutowireCapableBeanFactory.java:1431)
	at org.springframework.beans.factory.support.AbstractAutowireCapableBeanFactory.doCreateBean(AbstractAutowireCapableBeanFactory.java:619)
	at org.springframework.beans.factory.support.AbstractAutowireCapableBeanFactory.createBean(AbstractAutowireCapableBeanFactory.java:542)
	at org.springframework.beans.factory.support.AbstractBeanFactory.lambda$doGetBean$0(AbstractBeanFactory.java:336)
	at org.springframework.beans.factory.support.DefaultSingletonBeanRegistry.getSingleton(DefaultSingletonBeanRegistry.java:234)
	at org.springframework.beans.factory.support.AbstractBeanFactory.doGetBean(AbstractBeanFactory.java:334)
	at org.springframework.beans.factory.support.AbstractBeanFactory.getBean(AbstractBeanFactory.java:209)
	at org.springframework.beans.factory.config.DependencyDescriptor.resolveCandidate(DependencyDescriptor.java:276)
	at org.springframework.beans.factory.support.DefaultListableBeanFactory.doResolveDependency(DefaultListableBeanFactory.java:1391)
	at org.springframework.beans.factory.support.DefaultListableBeanFactory.resolveDependency(DefaultListableBeanFactory.java:1311)
	at org.springframework.beans.factory.support.ConstructorResolver.resolveAutowiredArgument(ConstructorResolver.java:904)
	at org.springframework.beans.factory.support.ConstructorResolver.createArgumentArray(ConstructorResolver.java:781)
	... 84 common frames omitted
Caused by: org.springframework.beans.factory.BeanCreationException: Error creating bean with name 'externalUserPersistServiceImpl': Invocation of init method failed; nested exception is java.lang.RuntimeException: java.lang.RuntimeException: [db-load-error]load jdbc.properties error
	at org.springframework.beans.factory.annotation.InitDestroyAnnotationBeanPostProcessor.postProcessBeforeInitialization(InitDestroyAnnotationBeanPostProcessor.java:160)
	at org.springframework.beans.factory.support.AbstractAutowireCapableBeanFactory.applyBeanPostProcessorsBeforeInitialization(AbstractAutowireCapableBeanFactory.java:440)
	at org.springframework.beans.factory.support.AbstractAutowireCapableBeanFactory.initializeBean(AbstractAutowireCapableBeanFactory.java:1796)
	at org.springframework.beans.factory.support.AbstractAutowireCapableBeanFactory.doCreateBean(AbstractAutowireCapableBeanFactory.java:620)
	at org.springframework.beans.factory.support.AbstractAutowireCapableBeanFactory.createBean(AbstractAutowireCapableBeanFactory.java:542)
	at org.springframework.beans.factory.support.AbstractBeanFactory.lambda$doGetBean$0(AbstractBeanFactory.java:336)
	at org.springframework.beans.factory.support.DefaultSingletonBeanRegistry.getSingleton(DefaultSingletonBeanRegistry.java:234)
	at org.springframework.beans.factory.support.AbstractBeanFactory.doGetBean(AbstractBeanFactory.java:334)
	at org.springframework.beans.factory.support.AbstractBeanFactory.getBean(AbstractBeanFactory.java:209)
	at org.springframework.beans.factory.config.DependencyDescriptor.resolveCandidate(DependencyDescriptor.java:276)
	at org.springframework.beans.factory.support.DefaultListableBeanFactory.doResolveDependency(DefaultListableBeanFactory.java:1391)
	at org.springframework.beans.factory.support.DefaultListableBeanFactory.resolveDependency(DefaultListableBeanFactory.java:1311)
	at org.springframework.beans.factory.annotation.AutowiredAnnotationBeanPostProcessor$AutowiredFieldElement.resolveFieldValue(AutowiredAnnotationBeanPostProcessor.java:710)
	... 99 common frames omitted
Caused by: java.lang.RuntimeException: java.lang.RuntimeException: [db-load-error]load jdbc.properties error
	at com.alibaba.nacos.persistence.datasource.DynamicDataSource.getDataSource(DynamicDataSource.java:60)
	at com.alibaba.nacos.plugin.auth.impl.persistence.ExternalUserPersistServiceImpl.init(ExternalUserPersistServiceImpl.java:55)
	at sun.reflect.NativeMethodAccessorImpl.invoke0(Native Method)
	at sun.reflect.NativeMethodAccessorImpl.invoke(NativeMethodAccessorImpl.java:62)
	at sun.reflect.DelegatingMethodAccessorImpl.invoke(DelegatingMethodAccessorImpl.java:43)
	at java.lang.reflect.Method.invoke(Method.java:498)
	at org.springframework.beans.factory.annotation.InitDestroyAnnotationBeanPostProcessor$LifecycleElement.invoke(InitDestroyAnnotationBeanPostProcessor.java:389)
	at org.springframework.beans.factory.annotation.InitDestroyAnnotationBeanPostProcessor$LifecycleMetadata.invokeInitMethods(InitDestroyAnnotationBeanPostProcessor.java:333)
	at org.springframework.beans.factory.annotation.InitDestroyAnnotationBeanPostProcessor.postProcessBeforeInitialization(InitDestroyAnnotationBeanPostProcessor.java:157)
	... 111 common frames omitted
Caused by: java.lang.RuntimeException: [db-load-error]load jdbc.properties error
	at com.alibaba.nacos.persistence.datasource.ExternalDataSourceServiceImpl.init(ExternalDataSourceServiceImpl.java:119)
	at com.alibaba.nacos.persistence.datasource.DynamicDataSource.getDataSource(DynamicDataSource.java:55)
	... 119 common frames omitted
Caused by: java.io.IOException: java.lang.RuntimeException: com.mysql.cj.jdbc.exceptions.CommunicationsException: Communications link failure

The last packet sent successfully to the server was 0 milliseconds ago. The driver has not received any packets from the server.
	at com.alibaba.nacos.persistence.datasource.ExternalDataSourceServiceImpl.reload(ExternalDataSourceServiceImpl.java:168)
	at com.alibaba.nacos.persistence.datasource.ExternalDataSourceServiceImpl.init(ExternalDataSourceServiceImpl.java:116)
	... 120 common frames omitted
Caused by: java.lang.RuntimeException: com.mysql.cj.jdbc.exceptions.CommunicationsException: Communications link failure

The last packet sent successfully to the server was 0 milliseconds ago. The driver has not received any packets from the server.
	at com.alibaba.nacos.persistence.utils.ConnectionCheckUtil.checkDataSourceConnection(ConnectionCheckUtil.java:37)
	at com.alibaba.nacos.persistence.datasource.ExternalDataSourceServiceImpl.lambda$reload$0(ExternalDataSourceServiceImpl.java:138)
	at com.alibaba.nacos.persistence.datasource.ExternalDataSourceProperties.build(ExternalDataSourceProperties.java:97)
	at com.alibaba.nacos.persistence.datasource.ExternalDataSourceServiceImpl.reload(ExternalDataSourceServiceImpl.java:136)
	... 121 common frames omitted
Caused by: com.mysql.cj.jdbc.exceptions.CommunicationsException: Communications link failure

The last packet sent successfully to the server was 0 milliseconds ago. The driver has not received any packets from the server.
	at com.mysql.cj.jdbc.exceptions.SQLError.createCommunicationsException(SQLError.java:174)
	at com.mysql.cj.jdbc.exceptions.SQLExceptionsMapping.translateException(SQLExceptionsMapping.java:64)
	at com.mysql.cj.jdbc.ConnectionImpl.createNewIO(ConnectionImpl.java:815)
	at com.mysql.cj.jdbc.ConnectionImpl.<init>(ConnectionImpl.java:438)
	at com.mysql.cj.jdbc.ConnectionImpl.getInstance(ConnectionImpl.java:241)
	at com.mysql.cj.jdbc.NonRegisteringDriver.connect(NonRegisteringDriver.java:189)
	at com.zaxxer.hikari.util.DriverDataSource.getConnection(DriverDataSource.java:138)
	at com.zaxxer.hikari.pool.PoolBase.newConnection(PoolBase.java:354)
	at com.zaxxer.hikari.pool.PoolBase.newPoolEntry(PoolBase.java:202)
	at com.zaxxer.hikari.pool.HikariPool.createPoolEntry(HikariPool.java:473)
	at com.zaxxer.hikari.pool.HikariPool.checkFailFast(HikariPool.java:554)
	at com.zaxxer.hikari.pool.HikariPool.<init>(HikariPool.java:115)
	at com.zaxxer.hikari.HikariDataSource.getConnection(HikariDataSource.java:112)
	at com.alibaba.nacos.persistence.utils.ConnectionCheckUtil.checkDataSourceConnection(ConnectionCheckUtil.java:34)
	... 124 common frames omitted
Caused by: com.mysql.cj.exceptions.CJCommunicationsException: Communications link failure

The last packet sent successfully to the server was 0 milliseconds ago. The driver has not received any packets from the server.
	at sun.reflect.NativeConstructorAccessorImpl.newInstance0(Native Method)
	at sun.reflect.NativeConstructorAccessorImpl.newInstance(NativeConstructorAccessorImpl.java:62)
	at sun.reflect.DelegatingConstructorAccessorImpl.newInstance(DelegatingConstructorAccessorImpl.java:45)
	at java.lang.reflect.Constructor.newInstance(Constructor.java:423)
	at com.mysql.cj.exceptions.ExceptionFactory.createException(ExceptionFactory.java:61)
	at com.mysql.cj.exceptions.ExceptionFactory.createException(ExceptionFactory.java:104)
	at com.mysql.cj.exceptions.ExceptionFactory.createException(ExceptionFactory.java:149)
	at com.mysql.cj.exceptions.ExceptionFactory.createCommunicationsException(ExceptionFactory.java:165)
	at com.mysql.cj.protocol.a.NativeSocketConnection.connect(NativeSocketConnection.java:88)
	at com.mysql.cj.NativeSession.connect(NativeSession.java:120)
	at com.mysql.cj.jdbc.ConnectionImpl.connectOneTryOnly(ConnectionImpl.java:935)
	at com.mysql.cj.jdbc.ConnectionImpl.createNewIO(ConnectionImpl.java:805)
	... 135 common frames omitted
Caused by: java.net.UnknownHostException: mysql: Name does not resolve
	at java.net.Inet6AddressImpl.lookupAllHostAddr(Native Method)
	at java.net.InetAddress$2.lookupAllHostAddr(InetAddress.java:868)
	at java.net.InetAddress.getAddressesFromNameService(InetAddress.java:1303)
	at java.net.InetAddress$NameServiceAddresses.get(InetAddress.java:816)
	at java.net.InetAddress.getAllByName0(InetAddress.java:1292)
	at java.net.InetAddress.getAllByName(InetAddress.java:1145)
	at java.net.InetAddress.getAllByName(InetAddress.java:1066)
	at com.mysql.cj.protocol.StandardSocketFactory.connect(StandardSocketFactory.java:130)
	at com.mysql.cj.protocol.a.NativeSocketConnection.connect(NativeSocketConnection.java:62)
	... 138 common frames omitted
2025-06-05 10:15:33,391 WARN [WatchFileCenter] start close

2025-06-05 10:15:33,391 WARN [WatchFileCenter] start to shutdown this watcher which is watch : /home/nacos/conf

2025-06-05 10:15:33,392 WARN [WatchFileCenter] already closed

2025-06-05 10:15:33,393 INFO [NotifyCenter] Start destroying Publisher

2025-06-05 10:15:33,393 INFO [NotifyCenter] Completed destruction of Publisher

2025-06-05 10:15:33,394 ERROR Nacos failed to start, please see /home/nacos/logs/nacos.log for more details.

2025-06-05 10:15:33,415 INFO 

Error starting ApplicationContext. To display the conditions report re-run your application with 'debug' enabled.

2025-06-05 10:15:33,482 ERROR Application run failed

org.springframework.context.ApplicationContextException: Unable to start web server; nested exception is org.springframework.boot.web.server.WebServerException: Unable to start embedded Tomcat
	at org.springframework.boot.web.servlet.context.ServletWebServerApplicationContext.onRefresh(ServletWebServerApplicationContext.java:165)
	at org.springframework.context.support.AbstractApplicationContext.refresh(AbstractApplicationContext.java:585)
	at org.springframework.boot.web.servlet.context.ServletWebServerApplicationContext.refresh(ServletWebServerApplicationContext.java:147)
	at org.springframework.boot.SpringApplication.refresh(SpringApplication.java:732)
	at org.springframework.boot.SpringApplication.refreshContext(SpringApplication.java:409)
	at org.springframework.boot.SpringApplication.run(SpringApplication.java:308)
	at org.springframework.boot.SpringApplication.run(SpringApplication.java:1300)
	at org.springframework.boot.SpringApplication.run(SpringApplication.java:1289)
	at com.alibaba.nacos.Nacos.main(Nacos.java:46)
	at sun.reflect.NativeMethodAccessorImpl.invoke0(Native Method)
	at sun.reflect.NativeMethodAccessorImpl.invoke(NativeMethodAccessorImpl.java:62)
	at sun.reflect.DelegatingMethodAccessorImpl.invoke(DelegatingMethodAccessorImpl.java:43)
	at java.lang.reflect.Method.invoke(Method.java:498)
	at org.springframework.boot.loader.MainMethodRunner.run(MainMethodRunner.java:49)
	at org.springframework.boot.loader.Launcher.launch(Launcher.java:108)
	at org.springframework.boot.loader.Launcher.launch(Launcher.java:58)
	at org.springframework.boot.loader.PropertiesLauncher.main(PropertiesLauncher.java:467)
Caused by: org.springframework.boot.web.server.WebServerException: Unable to start embedded Tomcat
	at org.springframework.boot.web.embedded.tomcat.TomcatWebServer.initialize(TomcatWebServer.java:142)
	at org.springframework.boot.web.embedded.tomcat.TomcatWebServer.<init>(TomcatWebServer.java:104)
	at org.springframework.boot.web.embedded.tomcat.TomcatServletWebServerFactory.getTomcatWebServer(TomcatServletWebServerFactory.java:481)
	at org.springframework.boot.web.embedded.tomcat.TomcatServletWebServerFactory.getWebServer(TomcatServletWebServerFactory.java:211)
	at org.springframework.boot.web.servlet.context.ServletWebServerApplicationContext.createWebServer(ServletWebServerApplicationContext.java:184)
	at org.springframework.boot.web.servlet.context.ServletWebServerApplicationContext.onRefresh(ServletWebServerApplicationContext.java:162)
	... 16 common frames omitted
Caused by: org.springframework.beans.factory.UnsatisfiedDependencyException: Error creating bean with name 'basicAuthenticationFilter' defined in class path resource [com/alibaba/nacos/prometheus/filter/PrometheusAuthFilter.class]: Unsatisfied dependency expressed through method 'basicAuthenticationFilter' parameter 0; nested exception is org.springframework.beans.factory.UnsatisfiedDependencyException: Error creating bean with name 'nacosAuthConfig' defined in URL [jar:file:/home/nacos/target/nacos-server.jar!/BOOT-INF/lib/default-auth-plugin-2.5.0.jar!/com/alibaba/nacos/plugin/auth/impl/NacosAuthConfig.class]: Unsatisfied dependency expressed through constructor parameter 3; nested exception is org.springframework.beans.factory.UnsatisfiedDependencyException: Error creating bean with name 'nacosUserDetailsServiceImpl': Unsatisfied dependency expressed through field 'userPersistService'; nested exception is org.springframework.beans.factory.BeanCreationException: Error creating bean with name 'externalUserPersistServiceImpl': Invocation of init method failed; nested exception is java.lang.RuntimeException: java.lang.RuntimeException: [db-load-error]load jdbc.properties error
	at org.springframework.beans.factory.support.ConstructorResolver.createArgumentArray(ConstructorResolver.java:794)
	at org.springframework.beans.factory.support.ConstructorResolver.instantiateUsingFactoryMethod(ConstructorResolver.java:532)
	at org.springframework.beans.factory.support.AbstractAutowireCapableBeanFactory.instantiateUsingFactoryMethod(AbstractAutowireCapableBeanFactory.java:1352)
	at org.springframework.beans.factory.support.AbstractAutowireCapableBeanFactory.createBeanInstance(AbstractAutowireCapableBeanFactory.java:1195)
	at org.springframework.beans.factory.support.AbstractAutowireCapableBeanFactory.doCreateBean(AbstractAutowireCapableBeanFactory.java:582)
	at org.springframework.beans.factory.support.AbstractAutowireCapableBeanFactory.createBean(AbstractAutowireCapableBeanFactory.java:542)
	at org.springframework.beans.factory.support.AbstractBeanFactory.lambda$doGetBean$0(AbstractBeanFactory.java:336)
	at org.springframework.beans.factory.support.DefaultSingletonBeanRegistry.getSingleton(DefaultSingletonBeanRegistry.java:234)
	at org.springframework.beans.factory.support.AbstractBeanFactory.doGetBean(AbstractBeanFactory.java:334)
	at org.springframework.beans.factory.support.AbstractBeanFactory.getBean(AbstractBeanFactory.java:214)
	at org.springframework.boot.web.servlet.ServletContextInitializerBeans.getOrderedBeansOfType(ServletContextInitializerBeans.java:213)
	at org.springframework.boot.web.servlet.ServletContextInitializerBeans.getOrderedBeansOfType(ServletContextInitializerBeans.java:204)
	at org.springframework.boot.web.servlet.ServletContextInitializerBeans.addServletContextInitializerBeans(ServletContextInitializerBeans.java:98)
	at org.springframework.boot.web.servlet.ServletContextInitializerBeans.<init>(ServletContextInitializerBeans.java:86)
	at org.springframework.boot.web.servlet.context.ServletWebServerApplicationContext.getServletContextInitializerBeans(ServletWebServerApplicationContext.java:262)
	at org.springframework.boot.web.servlet.context.ServletWebServerApplicationContext.selfInitialize(ServletWebServerApplicationContext.java:236)
	at org.springframework.boot.web.embedded.tomcat.TomcatStarter.onStartup(TomcatStarter.java:53)
	at org.apache.catalina.core.StandardContext.startInternal(StandardContext.java:4450)
	at org.apache.catalina.util.LifecycleBase.start(LifecycleBase.java:164)
	at org.apache.catalina.core.ContainerBase$StartChild.call(ContainerBase.java:1203)
	at org.apache.catalina.core.ContainerBase$StartChild.call(ContainerBase.java:1193)
	at java.util.concurrent.FutureTask.run(FutureTask.java:266)
	at org.apache.tomcat.util.threads.InlineExecutorService.execute(InlineExecutorService.java:75)
	at java.util.concurrent.AbstractExecutorService.submit(AbstractExecutorService.java:134)
	at org.apache.catalina.core.ContainerBase.startInternal(ContainerBase.java:749)
	at org.apache.catalina.core.StandardHost.startInternal(StandardHost.java:721)
	at org.apache.catalina.util.LifecycleBase.start(LifecycleBase.java:164)
	at org.apache.catalina.core.ContainerBase$StartChild.call(ContainerBase.java:1203)
	at org.apache.catalina.core.ContainerBase$StartChild.call(ContainerBase.java:1193)
	at java.util.concurrent.FutureTask.run(FutureTask.java:266)
	at org.apache.tomcat.util.threads.InlineExecutorService.execute(InlineExecutorService.java:75)
	at java.util.concurrent.AbstractExecutorService.submit(AbstractExecutorService.java:134)
	at org.apache.catalina.core.ContainerBase.startInternal(ContainerBase.java:749)
	at org.apache.catalina.core.StandardEngine.startInternal(StandardEngine.java:211)
	at org.apache.catalina.util.LifecycleBase.start(LifecycleBase.java:164)
	at org.apache.catalina.core.StandardService.startInternal(StandardService.java:415)
	at org.apache.catalina.util.LifecycleBase.start(LifecycleBase.java:164)
	at org.apache.catalina.core.StandardServer.startInternal(StandardServer.java:874)
	at org.apache.catalina.util.LifecycleBase.start(LifecycleBase.java:164)
	at org.apache.catalina.startup.Tomcat.start(Tomcat.java:438)
	at org.springframework.boot.web.embedded.tomcat.TomcatWebServer.initialize(TomcatWebServer.java:123)
	... 21 common frames omitted
Caused by: org.springframework.beans.factory.UnsatisfiedDependencyException: Error creating bean with name 'nacosAuthConfig' defined in URL [jar:file:/home/nacos/target/nacos-server.jar!/BOOT-INF/lib/default-auth-plugin-2.5.0.jar!/com/alibaba/nacos/plugin/auth/impl/NacosAuthConfig.class]: Unsatisfied dependency expressed through constructor parameter 3; nested exception is org.springframework.beans.factory.UnsatisfiedDependencyException: Error creating bean with name 'nacosUserDetailsServiceImpl': Unsatisfied dependency expressed through field 'userPersistService'; nested exception is org.springframework.beans.factory.BeanCreationException: Error creating bean with name 'externalUserPersistServiceImpl': Invocation of init method failed; nested exception is java.lang.RuntimeException: java.lang.RuntimeException: [db-load-error]load jdbc.properties error
	at org.springframework.beans.factory.support.ConstructorResolver.createArgumentArray(ConstructorResolver.java:794)
	at org.springframework.beans.factory.support.ConstructorResolver.autowireConstructor(ConstructorResolver.java:220)
	at org.springframework.beans.factory.support.AbstractAutowireCapableBeanFactory.autowireConstructor(AbstractAutowireCapableBeanFactory.java:1372)
	at org.springframework.beans.factory.support.AbstractAutowireCapableBeanFactory.createBeanInstance(AbstractAutowireCapableBeanFactory.java:1222)
	at org.springframework.beans.factory.support.AbstractAutowireCapableBeanFactory.doCreateBean(AbstractAutowireCapableBeanFactory.java:582)
	at org.springframework.beans.factory.support.AbstractAutowireCapableBeanFactory.createBean(AbstractAutowireCapableBeanFactory.java:542)
	at org.springframework.beans.factory.support.AbstractBeanFactory.lambda$doGetBean$0(AbstractBeanFactory.java:336)
	at org.springframework.beans.factory.support.DefaultSingletonBeanRegistry.getSingleton(DefaultSingletonBeanRegistry.java:234)
	at org.springframework.beans.factory.support.AbstractBeanFactory.doGetBean(AbstractBeanFactory.java:334)
	at org.springframework.beans.factory.support.AbstractBeanFactory.getBean(AbstractBeanFactory.java:209)
	at org.springframework.beans.factory.support.ConstructorResolver.instantiateUsingFactoryMethod(ConstructorResolver.java:401)
	at org.springframework.beans.factory.support.AbstractAutowireCapableBeanFactory.instantiateUsingFactoryMethod(AbstractAutowireCapableBeanFactory.java:1352)
	at org.springframework.beans.factory.support.AbstractAutowireCapableBeanFactory.createBeanInstance(AbstractAutowireCapableBeanFactory.java:1195)
	at org.springframework.beans.factory.support.AbstractAutowireCapableBeanFactory.doCreateBean(AbstractAutowireCapableBeanFactory.java:582)
	at org.springframework.beans.factory.support.AbstractAutowireCapableBeanFactory.createBean(AbstractAutowireCapableBeanFactory.java:542)
	at org.springframework.beans.factory.support.AbstractBeanFactory.lambda$doGetBean$0(AbstractBeanFactory.java:336)
	at org.springframework.beans.factory.support.DefaultSingletonBeanRegistry.getSingleton(DefaultSingletonBeanRegistry.java:234)
	at org.springframework.beans.factory.support.AbstractBeanFactory.doGetBean(AbstractBeanFactory.java:334)
	at org.springframework.beans.factory.support.AbstractBeanFactory.getBean(AbstractBeanFactory.java:209)
	at org.springframework.beans.factory.config.DependencyDescriptor.resolveCandidate(DependencyDescriptor.java:276)
	at org.springframework.beans.factory.support.DefaultListableBeanFactory.doResolveDependency(DefaultListableBeanFactory.java:1391)
	at org.springframework.beans.factory.support.DefaultListableBeanFactory.resolveDependency(DefaultListableBeanFactory.java:1311)
	at org.springframework.beans.factory.support.ConstructorResolver.resolveAutowiredArgument(ConstructorResolver.java:904)
	at org.springframework.beans.factory.support.ConstructorResolver.createArgumentArray(ConstructorResolver.java:781)
	... 61 common frames omitted
Caused by: org.springframework.beans.factory.UnsatisfiedDependencyException: Error creating bean with name 'nacosUserDetailsServiceImpl': Unsatisfied dependency expressed through field 'userPersistService'; nested exception is org.springframework.beans.factory.BeanCreationException: Error creating bean with name 'externalUserPersistServiceImpl': Invocation of init method failed; nested exception is java.lang.RuntimeException: java.lang.RuntimeException: [db-load-error]load jdbc.properties error
	at org.springframework.beans.factory.annotation.AutowiredAnnotationBeanPostProcessor$AutowiredFieldElement.resolveFieldValue(AutowiredAnnotationBeanPostProcessor.java:713)
	at org.springframework.beans.factory.annotation.AutowiredAnnotationBeanPostProcessor$AutowiredFieldElement.inject(AutowiredAnnotationBeanPostProcessor.java:693)
	at org.springframework.beans.factory.annotation.InjectionMetadata.inject(InjectionMetadata.java:119)
	at org.springframework.beans.factory.annotation.AutowiredAnnotationBeanPostProcessor.postProcessProperties(AutowiredAnnotationBeanPostProcessor.java:408)
	at org.springframework.beans.factory.support.AbstractAutowireCapableBeanFactory.populateBean(AbstractAutowireCapableBeanFactory.java:1431)
	at org.springframework.beans.factory.support.AbstractAutowireCapableBeanFactory.doCreateBean(AbstractAutowireCapableBeanFactory.java:619)
	at org.springframework.beans.factory.support.AbstractAutowireCapableBeanFactory.createBean(AbstractAutowireCapableBeanFactory.java:542)
	at org.springframework.beans.factory.support.AbstractBeanFactory.lambda$doGetBean$0(AbstractBeanFactory.java:336)
	at org.springframework.beans.factory.support.DefaultSingletonBeanRegistry.getSingleton(DefaultSingletonBeanRegistry.java:234)
	at org.springframework.beans.factory.support.AbstractBeanFactory.doGetBean(AbstractBeanFactory.java:334)
	at org.springframework.beans.factory.support.AbstractBeanFactory.getBean(AbstractBeanFactory.java:209)
	at org.springframework.beans.factory.config.DependencyDescriptor.resolveCandidate(DependencyDescriptor.java:276)
	at org.springframework.beans.factory.support.DefaultListableBeanFactory.doResolveDependency(DefaultListableBeanFactory.java:1391)
	at org.springframework.beans.factory.support.DefaultListableBeanFactory.resolveDependency(DefaultListableBeanFactory.java:1311)
	at org.springframework.beans.factory.support.ConstructorResolver.resolveAutowiredArgument(ConstructorResolver.java:904)
	at org.springframework.beans.factory.support.ConstructorResolver.createArgumentArray(ConstructorResolver.java:781)
	... 84 common frames omitted
Caused by: org.springframework.beans.factory.BeanCreationException: Error creating bean with name 'externalUserPersistServiceImpl': Invocation of init method failed; nested exception is java.lang.RuntimeException: java.lang.RuntimeException: [db-load-error]load jdbc.properties error
	at org.springframework.beans.factory.annotation.InitDestroyAnnotationBeanPostProcessor.postProcessBeforeInitialization(InitDestroyAnnotationBeanPostProcessor.java:160)
	at org.springframework.beans.factory.support.AbstractAutowireCapableBeanFactory.applyBeanPostProcessorsBeforeInitialization(AbstractAutowireCapableBeanFactory.java:440)
	at org.springframework.beans.factory.support.AbstractAutowireCapableBeanFactory.initializeBean(AbstractAutowireCapableBeanFactory.java:1796)
	at org.springframework.beans.factory.support.AbstractAutowireCapableBeanFactory.doCreateBean(AbstractAutowireCapableBeanFactory.java:620)
	at org.springframework.beans.factory.support.AbstractAutowireCapableBeanFactory.createBean(AbstractAutowireCapableBeanFactory.java:542)
	at org.springframework.beans.factory.support.AbstractBeanFactory.lambda$doGetBean$0(AbstractBeanFactory.java:336)
	at org.springframework.beans.factory.support.DefaultSingletonBeanRegistry.getSingleton(DefaultSingletonBeanRegistry.java:234)
	at org.springframework.beans.factory.support.AbstractBeanFactory.doGetBean(AbstractBeanFactory.java:334)
	at org.springframework.beans.factory.support.AbstractBeanFactory.getBean(AbstractBeanFactory.java:209)
	at org.springframework.beans.factory.config.DependencyDescriptor.resolveCandidate(DependencyDescriptor.java:276)
	at org.springframework.beans.factory.support.DefaultListableBeanFactory.doResolveDependency(DefaultListableBeanFactory.java:1391)
	at org.springframework.beans.factory.support.DefaultListableBeanFactory.resolveDependency(DefaultListableBeanFactory.java:1311)
	at org.springframework.beans.factory.annotation.AutowiredAnnotationBeanPostProcessor$AutowiredFieldElement.resolveFieldValue(AutowiredAnnotationBeanPostProcessor.java:710)
	... 99 common frames omitted
Caused by: java.lang.RuntimeException: java.lang.RuntimeException: [db-load-error]load jdbc.properties error
	at com.alibaba.nacos.persistence.datasource.DynamicDataSource.getDataSource(DynamicDataSource.java:60)
	at com.alibaba.nacos.plugin.auth.impl.persistence.ExternalUserPersistServiceImpl.init(ExternalUserPersistServiceImpl.java:55)
	at sun.reflect.NativeMethodAccessorImpl.invoke0(Native Method)
	at sun.reflect.NativeMethodAccessorImpl.invoke(NativeMethodAccessorImpl.java:62)
	at sun.reflect.DelegatingMethodAccessorImpl.invoke(DelegatingMethodAccessorImpl.java:43)
	at java.lang.reflect.Method.invoke(Method.java:498)
	at org.springframework.beans.factory.annotation.InitDestroyAnnotationBeanPostProcessor$LifecycleElement.invoke(InitDestroyAnnotationBeanPostProcessor.java:389)
	at org.springframework.beans.factory.annotation.InitDestroyAnnotationBeanPostProcessor$LifecycleMetadata.invokeInitMethods(InitDestroyAnnotationBeanPostProcessor.java:333)
	at org.springframework.beans.factory.annotation.InitDestroyAnnotationBeanPostProcessor.postProcessBeforeInitialization(InitDestroyAnnotationBeanPostProcessor.java:157)
	... 111 common frames omitted
Caused by: java.lang.RuntimeException: [db-load-error]load jdbc.properties error
	at com.alibaba.nacos.persistence.datasource.ExternalDataSourceServiceImpl.init(ExternalDataSourceServiceImpl.java:119)
	at com.alibaba.nacos.persistence.datasource.DynamicDataSource.getDataSource(DynamicDataSource.java:55)
	... 119 common frames omitted
Caused by: java.io.IOException: java.lang.RuntimeException: com.mysql.cj.jdbc.exceptions.CommunicationsException: Communications link failure

The last packet sent successfully to the server was 0 milliseconds ago. The driver has not received any packets from the server.
	at com.alibaba.nacos.persistence.datasource.ExternalDataSourceServiceImpl.reload(ExternalDataSourceServiceImpl.java:168)
	at com.alibaba.nacos.persistence.datasource.ExternalDataSourceServiceImpl.init(ExternalDataSourceServiceImpl.java:116)
	... 120 common frames omitted
Caused by: java.lang.RuntimeException: com.mysql.cj.jdbc.exceptions.CommunicationsException: Communications link failure

The last packet sent successfully to the server was 0 milliseconds ago. The driver has not received any packets from the server.
	at com.alibaba.nacos.persistence.utils.ConnectionCheckUtil.checkDataSourceConnection(ConnectionCheckUtil.java:37)
	at com.alibaba.nacos.persistence.datasource.ExternalDataSourceServiceImpl.lambda$reload$0(ExternalDataSourceServiceImpl.java:138)
	at com.alibaba.nacos.persistence.datasource.ExternalDataSourceProperties.build(ExternalDataSourceProperties.java:97)
	at com.alibaba.nacos.persistence.datasource.ExternalDataSourceServiceImpl.reload(ExternalDataSourceServiceImpl.java:136)
	... 121 common frames omitted
Caused by: com.mysql.cj.jdbc.exceptions.CommunicationsException: Communications link failure

The last packet sent successfully to the server was 0 milliseconds ago. The driver has not received any packets from the server.
	at com.mysql.cj.jdbc.exceptions.SQLError.createCommunicationsException(SQLError.java:174)
	at com.mysql.cj.jdbc.exceptions.SQLExceptionsMapping.translateException(SQLExceptionsMapping.java:64)
	at com.mysql.cj.jdbc.ConnectionImpl.createNewIO(ConnectionImpl.java:815)
	at com.mysql.cj.jdbc.ConnectionImpl.<init>(ConnectionImpl.java:438)
	at com.mysql.cj.jdbc.ConnectionImpl.getInstance(ConnectionImpl.java:241)
	at com.mysql.cj.jdbc.NonRegisteringDriver.connect(NonRegisteringDriver.java:189)
	at com.zaxxer.hikari.util.DriverDataSource.getConnection(DriverDataSource.java:138)
	at com.zaxxer.hikari.pool.PoolBase.newConnection(PoolBase.java:354)
	at com.zaxxer.hikari.pool.PoolBase.newPoolEntry(PoolBase.java:202)
	at com.zaxxer.hikari.pool.HikariPool.createPoolEntry(HikariPool.java:473)
	at com.zaxxer.hikari.pool.HikariPool.checkFailFast(HikariPool.java:554)
	at com.zaxxer.hikari.pool.HikariPool.<init>(HikariPool.java:115)
	at com.zaxxer.hikari.HikariDataSource.getConnection(HikariDataSource.java:112)
	at com.alibaba.nacos.persistence.utils.ConnectionCheckUtil.checkDataSourceConnection(ConnectionCheckUtil.java:34)
	... 124 common frames omitted
Caused by: com.mysql.cj.exceptions.CJCommunicationsException: Communications link failure

The last packet sent successfully to the server was 0 milliseconds ago. The driver has not received any packets from the server.
	at sun.reflect.NativeConstructorAccessorImpl.newInstance0(Native Method)
	at sun.reflect.NativeConstructorAccessorImpl.newInstance(NativeConstructorAccessorImpl.java:62)
	at sun.reflect.DelegatingConstructorAccessorImpl.newInstance(DelegatingConstructorAccessorImpl.java:45)
	at java.lang.reflect.Constructor.newInstance(Constructor.java:423)
	at com.mysql.cj.exceptions.ExceptionFactory.createException(ExceptionFactory.java:61)
	at com.mysql.cj.exceptions.ExceptionFactory.createException(ExceptionFactory.java:104)
	at com.mysql.cj.exceptions.ExceptionFactory.createException(ExceptionFactory.java:149)
	at com.mysql.cj.exceptions.ExceptionFactory.createCommunicationsException(ExceptionFactory.java:165)
	at com.mysql.cj.protocol.a.NativeSocketConnection.connect(NativeSocketConnection.java:88)
	at com.mysql.cj.NativeSession.connect(NativeSession.java:120)
	at com.mysql.cj.jdbc.ConnectionImpl.connectOneTryOnly(ConnectionImpl.java:935)
	at com.mysql.cj.jdbc.ConnectionImpl.createNewIO(ConnectionImpl.java:805)
	... 135 common frames omitted
Caused by: java.net.UnknownHostException: mysql: Name does not resolve
	at java.net.Inet6AddressImpl.lookupAllHostAddr(Native Method)
	at java.net.InetAddress$2.lookupAllHostAddr(InetAddress.java:868)
	at java.net.InetAddress.getAddressesFromNameService(InetAddress.java:1303)
	at java.net.InetAddress$NameServiceAddresses.get(InetAddress.java:816)
	at java.net.InetAddress.getAllByName0(InetAddress.java:1292)
	at java.net.InetAddress.getAllByName(InetAddress.java:1145)
	at java.net.InetAddress.getAllByName(InetAddress.java:1066)
	at com.mysql.cj.protocol.StandardSocketFactory.connect(StandardSocketFactory.java:130)
	at com.mysql.cj.protocol.a.NativeSocketConnection.connect(NativeSocketConnection.java:62)
	... 138 common frames omitted
2025-06-05 10:15:33,486 INFO [ThreadPoolManager] Start destroying ThreadPool

2025-06-05 10:15:33,486 INFO [HttpClientBeanHolder] Start destroying common HttpClient

2025-06-05 10:15:33,486 INFO [ThreadPoolManager] Completed destruction of ThreadPool

2025-06-05 10:15:35,931 INFO Starting Nacos v2.5.0 using Java 1.8.0_432 on a6f2a6cec1c3 with PID 1 (/home/nacos/target/nacos-server.jar started by root in /home/nacos)

2025-06-05 10:15:35,932 INFO The following 1 profile is active: "standalone"

2025-06-05 10:15:36,207 INFO Load Nacos package exclude filter success, package prefix com.alibaba.nacos.config.server, filter com.alibaba.nacos.config.server.filter.ConfigEnabledFilter

2025-06-05 10:15:36,207 INFO Load Nacos package exclude filter success, package prefix com.alibaba.nacos.naming, filter com.alibaba.nacos.naming.config.NamingEnabledFilter

2025-06-05 10:15:36,208 INFO Load Nacos package exclude filter success, package prefix com.alibaba.nacos.istio, filter com.alibaba.nacos.istio.config.IstioEnabledFilter

2025-06-05 10:15:36,510 INFO Skip @SpringBootApplication annotation for class com.alibaba.nacos.config.server.Config to avoid duplicate scan

2025-06-05 10:15:36,894 INFO Skip @SpringBootApplication annotation for class com.alibaba.nacos.naming.NamingApp to avoid duplicate scan

2025-06-05 10:15:36,934 INFO Skip @SpringBootApplication annotation for class com.alibaba.nacos.cmdb.CmdbApp to avoid duplicate scan

2025-06-05 10:15:36,965 WARN Istio module disabled because set nacos.extension.naming.istio.enabled as false

2025-06-05 10:15:36,965 WARN Istio module disabled because set nacos.extension.naming.istio.enabled as false

2025-06-05 10:15:36,967 WARN Istio module disabled because set nacos.extension.naming.istio.enabled as false

2025-06-05 10:15:36,968 WARN Istio module disabled because set nacos.extension.naming.istio.enabled as false

2025-06-05 10:15:36,968 WARN Istio module disabled because set nacos.extension.naming.istio.enabled as false

2025-06-05 10:15:36,969 WARN Istio module disabled because set nacos.extension.naming.istio.enabled as false

2025-06-05 10:15:36,969 WARN Istio module disabled because set nacos.extension.naming.istio.enabled as false

2025-06-05 10:15:36,970 WARN Istio module disabled because set nacos.extension.naming.istio.enabled as false

2025-06-05 10:15:36,974 WARN Istio module disabled because set nacos.extension.naming.istio.enabled as false

2025-06-05 10:15:36,974 WARN Istio module disabled because set nacos.extension.naming.istio.enabled as false

2025-06-05 10:15:36,975 WARN Istio module disabled because set nacos.extension.naming.istio.enabled as false

2025-06-05 10:15:36,976 WARN Istio module disabled because set nacos.extension.naming.istio.enabled as false

2025-06-05 10:15:36,976 WARN Istio module disabled because set nacos.extension.naming.istio.enabled as false

2025-06-05 10:15:36,977 WARN Istio module disabled because set nacos.extension.naming.istio.enabled as false

2025-06-05 10:15:36,978 WARN Istio module disabled because set nacos.extension.naming.istio.enabled as false

2025-06-05 10:15:36,980 WARN Istio module disabled because set nacos.extension.naming.istio.enabled as false

2025-06-05 10:15:36,981 WARN Istio module disabled because set nacos.extension.naming.istio.enabled as false

2025-06-05 10:15:36,982 WARN Istio module disabled because set nacos.extension.naming.istio.enabled as false

2025-06-05 10:15:36,982 WARN Istio module disabled because set nacos.extension.naming.istio.enabled as false

2025-06-05 10:15:36,982 WARN Istio module disabled because set nacos.extension.naming.istio.enabled as false

2025-06-05 10:15:36,983 WARN Istio module disabled because set nacos.extension.naming.istio.enabled as false

2025-06-05 10:15:36,987 WARN Istio module disabled because set nacos.extension.naming.istio.enabled as false

2025-06-05 10:15:36,988 WARN Istio module disabled because set nacos.extension.naming.istio.enabled as false

2025-06-05 10:15:36,989 WARN Istio module disabled because set nacos.extension.naming.istio.enabled as false

2025-06-05 10:15:36,991 WARN Istio module disabled because set nacos.extension.naming.istio.enabled as false

2025-06-05 10:15:36,991 INFO Skip @SpringBootApplication annotation for class com.alibaba.nacos.istio.IstioApp to avoid duplicate scan

2025-06-05 10:15:36,992 WARN Istio module disabled because set nacos.extension.naming.istio.enabled as false

2025-06-05 10:15:36,992 WARN Istio module disabled because set nacos.extension.naming.istio.enabled as false

2025-06-05 10:15:36,993 WARN Istio module disabled because set nacos.extension.naming.istio.enabled as false

2025-06-05 10:15:36,995 WARN Istio module disabled because set nacos.extension.naming.istio.enabled as false

2025-06-05 10:15:36,996 WARN Istio module disabled because set nacos.extension.naming.istio.enabled as false

2025-06-05 10:15:36,997 WARN Istio module disabled because set nacos.extension.naming.istio.enabled as false

2025-06-05 10:15:36,997 WARN Istio module disabled because set nacos.extension.naming.istio.enabled as false

2025-06-05 10:15:36,998 WARN Istio module disabled because set nacos.extension.naming.istio.enabled as false

2025-06-05 10:15:36,999 WARN Istio module disabled because set nacos.extension.naming.istio.enabled as false

2025-06-05 10:15:36,999 WARN Istio module disabled because set nacos.extension.naming.istio.enabled as false

2025-06-05 10:15:37,000 WARN Istio module disabled because set nacos.extension.naming.istio.enabled as false

2025-06-05 10:15:38,176 INFO Skip @SpringBootApplication annotation for class com.alibaba.nacos.prometheus.PrometheusApp to avoid duplicate scan

2025-06-05 10:15:41,236 INFO Tomcat initialized with port(s): 8848 (http)

2025-06-05 10:15:41,251 INFO Starting service [Tomcat]

2025-06-05 10:15:41,252 INFO Starting Servlet engine: [Apache Tomcat/9.0.98]

2025-06-05 10:15:41,364 INFO Initializing Spring embedded WebApplicationContext

2025-06-05 10:15:41,365 INFO Root WebApplicationContext: initialization completed in 5307 ms

2025-06-05 10:15:41,434 INFO Not found ServerIdentityChecker implementation from SPI, use default.

2025-06-05 10:15:41,746 INFO Nacos-related cluster resource initialization

2025-06-05 10:15:41,760 INFO Load com.alibaba.nacos.core.ability.RemoteAbilityInitializer for ServerAbilityInitializer

2025-06-05 10:15:41,761 INFO Load com.alibaba.nacos.naming.ability.NamingAbilityInitializer for ServerAbilityInitializer

2025-06-05 10:15:41,768 INFO The cluster resource is initialized

2025-06-05 10:15:42,086 INFO HikariPool-1 - Starting...

2025-06-05 10:15:43,251 ERROR HikariPool-1 - Exception during pool initialization.

com.mysql.cj.jdbc.exceptions.CommunicationsException: Communications link failure

The last packet sent successfully to the server was 0 milliseconds ago. The driver has not received any packets from the server.
	at com.mysql.cj.jdbc.exceptions.SQLError.createCommunicationsException(SQLError.java:174)
	at com.mysql.cj.jdbc.exceptions.SQLExceptionsMapping.translateException(SQLExceptionsMapping.java:64)
	at com.mysql.cj.jdbc.ConnectionImpl.createNewIO(ConnectionImpl.java:815)
	at com.mysql.cj.jdbc.ConnectionImpl.<init>(ConnectionImpl.java:438)
	at com.mysql.cj.jdbc.ConnectionImpl.getInstance(ConnectionImpl.java:241)
	at com.mysql.cj.jdbc.NonRegisteringDriver.connect(NonRegisteringDriver.java:189)
	at com.zaxxer.hikari.util.DriverDataSource.getConnection(DriverDataSource.java:138)
	at com.zaxxer.hikari.pool.PoolBase.newConnection(PoolBase.java:354)
	at com.zaxxer.hikari.pool.PoolBase.newPoolEntry(PoolBase.java:202)
	at com.zaxxer.hikari.pool.HikariPool.createPoolEntry(HikariPool.java:473)
	at com.zaxxer.hikari.pool.HikariPool.checkFailFast(HikariPool.java:554)
	at com.zaxxer.hikari.pool.HikariPool.<init>(HikariPool.java:115)
	at com.zaxxer.hikari.HikariDataSource.getConnection(HikariDataSource.java:112)
	at com.alibaba.nacos.persistence.utils.ConnectionCheckUtil.checkDataSourceConnection(ConnectionCheckUtil.java:34)
	at com.alibaba.nacos.persistence.datasource.ExternalDataSourceServiceImpl.lambda$reload$0(ExternalDataSourceServiceImpl.java:138)
	at com.alibaba.nacos.persistence.datasource.ExternalDataSourceProperties.build(ExternalDataSourceProperties.java:97)
	at com.alibaba.nacos.persistence.datasource.ExternalDataSourceServiceImpl.reload(ExternalDataSourceServiceImpl.java:136)
	at com.alibaba.nacos.persistence.datasource.ExternalDataSourceServiceImpl.init(ExternalDataSourceServiceImpl.java:116)
	at com.alibaba.nacos.persistence.datasource.DynamicDataSource.getDataSource(DynamicDataSource.java:55)
	at com.alibaba.nacos.plugin.auth.impl.persistence.ExternalUserPersistServiceImpl.init(ExternalUserPersistServiceImpl.java:55)
	at sun.reflect.NativeMethodAccessorImpl.invoke0(Native Method)
	at sun.reflect.NativeMethodAccessorImpl.invoke(NativeMethodAccessorImpl.java:62)
	at sun.reflect.DelegatingMethodAccessorImpl.invoke(DelegatingMethodAccessorImpl.java:43)
	at java.lang.reflect.Method.invoke(Method.java:498)
	at org.springframework.beans.factory.annotation.InitDestroyAnnotationBeanPostProcessor$LifecycleElement.invoke(InitDestroyAnnotationBeanPostProcessor.java:389)
	at org.springframework.beans.factory.annotation.InitDestroyAnnotationBeanPostProcessor$LifecycleMetadata.invokeInitMethods(InitDestroyAnnotationBeanPostProcessor.java:333)
	at org.springframework.beans.factory.annotation.InitDestroyAnnotationBeanPostProcessor.postProcessBeforeInitialization(InitDestroyAnnotationBeanPostProcessor.java:157)
	at org.springframework.beans.factory.support.AbstractAutowireCapableBeanFactory.applyBeanPostProcessorsBeforeInitialization(AbstractAutowireCapableBeanFactory.java:440)
	at org.springframework.beans.factory.support.AbstractAutowireCapableBeanFactory.initializeBean(AbstractAutowireCapableBeanFactory.java:1796)
	at org.springframework.beans.factory.support.AbstractAutowireCapableBeanFactory.doCreateBean(AbstractAutowireCapableBeanFactory.java:620)
	at org.springframework.beans.factory.support.AbstractAutowireCapableBeanFactory.createBean(AbstractAutowireCapableBeanFactory.java:542)
	at org.springframework.beans.factory.support.AbstractBeanFactory.lambda$doGetBean$0(AbstractBeanFactory.java:336)
	at org.springframework.beans.factory.support.DefaultSingletonBeanRegistry.getSingleton(DefaultSingletonBeanRegistry.java:234)
	at org.springframework.beans.factory.support.AbstractBeanFactory.doGetBean(AbstractBeanFactory.java:334)
	at org.springframework.beans.factory.support.AbstractBeanFactory.getBean(AbstractBeanFactory.java:209)
	at org.springframework.beans.factory.config.DependencyDescriptor.resolveCandidate(DependencyDescriptor.java:276)
	at org.springframework.beans.factory.support.DefaultListableBeanFactory.doResolveDependency(DefaultListableBeanFactory.java:1391)
	at org.springframework.beans.factory.support.DefaultListableBeanFactory.resolveDependency(DefaultListableBeanFactory.java:1311)
	at org.springframework.beans.factory.annotation.AutowiredAnnotationBeanPostProcessor$AutowiredFieldElement.resolveFieldValue(AutowiredAnnotationBeanPostProcessor.java:710)
	at org.springframework.beans.factory.annotation.AutowiredAnnotationBeanPostProcessor$AutowiredFieldElement.inject(AutowiredAnnotationBeanPostProcessor.java:693)
	at org.springframework.beans.factory.annotation.InjectionMetadata.inject(InjectionMetadata.java:119)
	at org.springframework.beans.factory.annotation.AutowiredAnnotationBeanPostProcessor.postProcessProperties(AutowiredAnnotationBeanPostProcessor.java:408)
	at org.springframework.beans.factory.support.AbstractAutowireCapableBeanFactory.populateBean(AbstractAutowireCapableBeanFactory.java:1431)
	at org.springframework.beans.factory.support.AbstractAutowireCapableBeanFactory.doCreateBean(AbstractAutowireCapableBeanFactory.java:619)
	at org.springframework.beans.factory.support.AbstractAutowireCapableBeanFactory.createBean(AbstractAutowireCapableBeanFactory.java:542)
	at org.springframework.beans.factory.support.AbstractBeanFactory.lambda$doGetBean$0(AbstractBeanFactory.java:336)
	at org.springframework.beans.factory.support.DefaultSingletonBeanRegistry.getSingleton(DefaultSingletonBeanRegistry.java:234)
	at org.springframework.beans.factory.support.AbstractBeanFactory.doGetBean(AbstractBeanFactory.java:334)
	at org.springframework.beans.factory.support.AbstractBeanFactory.getBean(AbstractBeanFactory.java:209)
	at org.springframework.beans.factory.config.DependencyDescriptor.resolveCandidate(DependencyDescriptor.java:276)
	at org.springframework.beans.factory.support.DefaultListableBeanFactory.doResolveDependency(DefaultListableBeanFactory.java:1391)
	at org.springframework.beans.factory.support.DefaultListableBeanFactory.resolveDependency(DefaultListableBeanFactory.java:1311)
	at org.springframework.beans.factory.support.ConstructorResolver.resolveAutowiredArgument(ConstructorResolver.java:904)
	at org.springframework.beans.factory.support.ConstructorResolver.createArgumentArray(ConstructorResolver.java:781)
	at org.springframework.beans.factory.support.ConstructorResolver.autowireConstructor(ConstructorResolver.java:220)
	at org.springframework.beans.factory.support.AbstractAutowireCapableBeanFactory.autowireConstructor(AbstractAutowireCapableBeanFactory.java:1372)
	at org.springframework.beans.factory.support.AbstractAutowireCapableBeanFactory.createBeanInstance(AbstractAutowireCapableBeanFactory.java:1222)
	at org.springframework.beans.factory.support.AbstractAutowireCapableBeanFactory.doCreateBean(AbstractAutowireCapableBeanFactory.java:582)
	at org.springframework.beans.factory.support.AbstractAutowireCapableBeanFactory.createBean(AbstractAutowireCapableBeanFactory.java:542)
	at org.springframework.beans.factory.support.AbstractBeanFactory.lambda$doGetBean$0(AbstractBeanFactory.java:336)
	at org.springframework.beans.factory.support.DefaultSingletonBeanRegistry.getSingleton(DefaultSingletonBeanRegistry.java:234)
	at org.springframework.beans.factory.support.AbstractBeanFactory.doGetBean(AbstractBeanFactory.java:334)
	at org.springframework.beans.factory.support.AbstractBeanFactory.getBean(AbstractBeanFactory.java:209)
	at org.springframework.beans.factory.support.ConstructorResolver.instantiateUsingFactoryMethod(ConstructorResolver.java:401)
	at org.springframework.beans.factory.support.AbstractAutowireCapableBeanFactory.instantiateUsingFactoryMethod(AbstractAutowireCapableBeanFactory.java:1352)
	at org.springframework.beans.factory.support.AbstractAutowireCapableBeanFactory.createBeanInstance(AbstractAutowireCapableBeanFactory.java:1195)
	at org.springframework.beans.factory.support.AbstractAutowireCapableBeanFactory.doCreateBean(AbstractAutowireCapableBeanFactory.java:582)
	at org.springframework.beans.factory.support.AbstractAutowireCapableBeanFactory.createBean(AbstractAutowireCapableBeanFactory.java:542)
	at org.springframework.beans.factory.support.AbstractBeanFactory.lambda$doGetBean$0(AbstractBeanFactory.java:336)
	at org.springframework.beans.factory.support.DefaultSingletonBeanRegistry.getSingleton(DefaultSingletonBeanRegistry.java:234)
	at org.springframework.beans.factory.support.AbstractBeanFactory.doGetBean(AbstractBeanFactory.java:334)
	at org.springframework.beans.factory.support.AbstractBeanFactory.getBean(AbstractBeanFactory.java:209)
	at org.springframework.beans.factory.config.DependencyDescriptor.resolveCandidate(DependencyDescriptor.java:276)
	at org.springframework.beans.factory.support.DefaultListableBeanFactory.doResolveDependency(DefaultListableBeanFactory.java:1391)
	at org.springframework.beans.factory.support.DefaultListableBeanFactory.resolveDependency(DefaultListableBeanFactory.java:1311)
	at org.springframework.beans.factory.support.ConstructorResolver.resolveAutowiredArgument(ConstructorResolver.java:904)
	at org.springframework.beans.factory.support.ConstructorResolver.createArgumentArray(ConstructorResolver.java:781)
	at org.springframework.beans.factory.support.ConstructorResolver.instantiateUsingFactoryMethod(ConstructorResolver.java:532)
	at org.springframework.beans.factory.support.AbstractAutowireCapableBeanFactory.instantiateUsingFactoryMethod(AbstractAutowireCapableBeanFactory.java:1352)
	at org.springframework.beans.factory.support.AbstractAutowireCapableBeanFactory.createBeanInstance(AbstractAutowireCapableBeanFactory.java:1195)
	at org.springframework.beans.factory.support.AbstractAutowireCapableBeanFactory.doCreateBean(AbstractAutowireCapableBeanFactory.java:582)
	at org.springframework.beans.factory.support.AbstractAutowireCapableBeanFactory.createBean(AbstractAutowireCapableBeanFactory.java:542)
	at org.springframework.beans.factory.support.AbstractBeanFactory.lambda$doGetBean$0(AbstractBeanFactory.java:336)
	at org.springframework.beans.factory.support.DefaultSingletonBeanRegistry.getSingleton(DefaultSingletonBeanRegistry.java:234)
	at org.springframework.beans.factory.support.AbstractBeanFactory.doGetBean(AbstractBeanFactory.java:334)
	at org.springframework.beans.factory.support.AbstractBeanFactory.getBean(AbstractBeanFactory.java:214)
	at org.springframework.boot.web.servlet.ServletContextInitializerBeans.getOrderedBeansOfType(ServletContextInitializerBeans.java:213)
	at org.springframework.boot.web.servlet.ServletContextInitializerBeans.getOrderedBeansOfType(ServletContextInitializerBeans.java:204)
	at org.springframework.boot.web.servlet.ServletContextInitializerBeans.addServletContextInitializerBeans(ServletContextInitializerBeans.java:98)
	at org.springframework.boot.web.servlet.ServletContextInitializerBeans.<init>(ServletContextInitializerBeans.java:86)
	at org.springframework.boot.web.servlet.context.ServletWebServerApplicationContext.getServletContextInitializerBeans(ServletWebServerApplicationContext.java:262)
	at org.springframework.boot.web.servlet.context.ServletWebServerApplicationContext.selfInitialize(ServletWebServerApplicationContext.java:236)
	at org.springframework.boot.web.embedded.tomcat.TomcatStarter.onStartup(TomcatStarter.java:53)
	at org.apache.catalina.core.StandardContext.startInternal(StandardContext.java:4450)
	at org.apache.catalina.util.LifecycleBase.start(LifecycleBase.java:164)
	at org.apache.catalina.core.ContainerBase$StartChild.call(ContainerBase.java:1203)
	at org.apache.catalina.core.ContainerBase$StartChild.call(ContainerBase.java:1193)
	at java.util.concurrent.FutureTask.run(FutureTask.java:266)
	at org.apache.tomcat.util.threads.InlineExecutorService.execute(InlineExecutorService.java:75)
	at java.util.concurrent.AbstractExecutorService.submit(AbstractExecutorService.java:134)
	at org.apache.catalina.core.ContainerBase.startInternal(ContainerBase.java:749)
	at org.apache.catalina.core.StandardHost.startInternal(StandardHost.java:721)
	at org.apache.catalina.util.LifecycleBase.start(LifecycleBase.java:164)
	at org.apache.catalina.core.ContainerBase$StartChild.call(ContainerBase.java:1203)
	at org.apache.catalina.core.ContainerBase$StartChild.call(ContainerBase.java:1193)
	at java.util.concurrent.FutureTask.run(FutureTask.java:266)
	at org.apache.tomcat.util.threads.InlineExecutorService.execute(InlineExecutorService.java:75)
	at java.util.concurrent.AbstractExecutorService.submit(AbstractExecutorService.java:134)
	at org.apache.catalina.core.ContainerBase.startInternal(ContainerBase.java:749)
	at org.apache.catalina.core.StandardEngine.startInternal(StandardEngine.java:211)
	at org.apache.catalina.util.LifecycleBase.start(LifecycleBase.java:164)
	at org.apache.catalina.core.StandardService.startInternal(StandardService.java:415)
	at org.apache.catalina.util.LifecycleBase.start(LifecycleBase.java:164)
	at org.apache.catalina.core.StandardServer.startInternal(StandardServer.java:874)
	at org.apache.catalina.util.LifecycleBase.start(LifecycleBase.java:164)
	at org.apache.catalina.startup.Tomcat.start(Tomcat.java:438)
	at org.springframework.boot.web.embedded.tomcat.TomcatWebServer.initialize(TomcatWebServer.java:123)
	at org.springframework.boot.web.embedded.tomcat.TomcatWebServer.<init>(TomcatWebServer.java:104)
	at org.springframework.boot.web.embedded.tomcat.TomcatServletWebServerFactory.getTomcatWebServer(TomcatServletWebServerFactory.java:481)
	at org.springframework.boot.web.embedded.tomcat.TomcatServletWebServerFactory.getWebServer(TomcatServletWebServerFactory.java:211)
	at org.springframework.boot.web.servlet.context.ServletWebServerApplicationContext.createWebServer(ServletWebServerApplicationContext.java:184)
	at org.springframework.boot.web.servlet.context.ServletWebServerApplicationContext.onRefresh(ServletWebServerApplicationContext.java:162)
	at org.springframework.context.support.AbstractApplicationContext.refresh(AbstractApplicationContext.java:585)
	at org.springframework.boot.web.servlet.context.ServletWebServerApplicationContext.refresh(ServletWebServerApplicationContext.java:147)
	at org.springframework.boot.SpringApplication.refresh(SpringApplication.java:732)
	at org.springframework.boot.SpringApplication.refreshContext(SpringApplication.java:409)
	at org.springframework.boot.SpringApplication.run(SpringApplication.java:308)
	at org.springframework.boot.SpringApplication.run(SpringApplication.java:1300)
	at org.springframework.boot.SpringApplication.run(SpringApplication.java:1289)
	at com.alibaba.nacos.Nacos.main(Nacos.java:46)
	at sun.reflect.NativeMethodAccessorImpl.invoke0(Native Method)
	at sun.reflect.NativeMethodAccessorImpl.invoke(NativeMethodAccessorImpl.java:62)
	at sun.reflect.DelegatingMethodAccessorImpl.invoke(DelegatingMethodAccessorImpl.java:43)
	at java.lang.reflect.Method.invoke(Method.java:498)
	at org.springframework.boot.loader.MainMethodRunner.run(MainMethodRunner.java:49)
	at org.springframework.boot.loader.Launcher.launch(Launcher.java:108)
	at org.springframework.boot.loader.Launcher.launch(Launcher.java:58)
	at org.springframework.boot.loader.PropertiesLauncher.main(PropertiesLauncher.java:467)
Caused by: com.mysql.cj.exceptions.CJCommunicationsException: Communications link failure

The last packet sent successfully to the server was 0 milliseconds ago. The driver has not received any packets from the server.
	at sun.reflect.NativeConstructorAccessorImpl.newInstance0(Native Method)
	at sun.reflect.NativeConstructorAccessorImpl.newInstance(NativeConstructorAccessorImpl.java:62)
	at sun.reflect.DelegatingConstructorAccessorImpl.newInstance(DelegatingConstructorAccessorImpl.java:45)
	at java.lang.reflect.Constructor.newInstance(Constructor.java:423)
	at com.mysql.cj.exceptions.ExceptionFactory.createException(ExceptionFactory.java:61)
	at com.mysql.cj.exceptions.ExceptionFactory.createException(ExceptionFactory.java:104)
	at com.mysql.cj.exceptions.ExceptionFactory.createException(ExceptionFactory.java:149)
	at com.mysql.cj.exceptions.ExceptionFactory.createCommunicationsException(ExceptionFactory.java:165)
	at com.mysql.cj.protocol.a.NativeSocketConnection.connect(NativeSocketConnection.java:88)
	at com.mysql.cj.NativeSession.connect(NativeSession.java:120)
	at com.mysql.cj.jdbc.ConnectionImpl.connectOneTryOnly(ConnectionImpl.java:935)
	at com.mysql.cj.jdbc.ConnectionImpl.createNewIO(ConnectionImpl.java:805)
	... 135 common frames omitted
Caused by: java.net.UnknownHostException: mysql: Name does not resolve
	at java.net.Inet6AddressImpl.lookupAllHostAddr(Native Method)
	at java.net.InetAddress$2.lookupAllHostAddr(InetAddress.java:868)
	at java.net.InetAddress.getAddressesFromNameService(InetAddress.java:1303)
	at java.net.InetAddress$NameServiceAddresses.get(InetAddress.java:816)
	at java.net.InetAddress.getAllByName0(InetAddress.java:1292)
	at java.net.InetAddress.getAllByName(InetAddress.java:1145)
	at java.net.InetAddress.getAllByName(InetAddress.java:1066)
	at com.mysql.cj.protocol.StandardSocketFactory.connect(StandardSocketFactory.java:130)
	at com.mysql.cj.protocol.a.NativeSocketConnection.connect(NativeSocketConnection.java:62)
	... 138 common frames omitted
2025-06-05 10:15:43,267 ERROR Error starting Tomcat context. Exception: org.springframework.beans.factory.UnsatisfiedDependencyException. Message: Error creating bean with name 'basicAuthenticationFilter' defined in class path resource [com/alibaba/nacos/prometheus/filter/PrometheusAuthFilter.class]: Unsatisfied dependency expressed through method 'basicAuthenticationFilter' parameter 0; nested exception is org.springframework.beans.factory.UnsatisfiedDependencyException: Error creating bean with name 'nacosAuthConfig' defined in URL [jar:file:/home/nacos/target/nacos-server.jar!/BOOT-INF/lib/default-auth-plugin-2.5.0.jar!/com/alibaba/nacos/plugin/auth/impl/NacosAuthConfig.class]: Unsatisfied dependency expressed through constructor parameter 3; nested exception is org.springframework.beans.factory.UnsatisfiedDependencyException: Error creating bean with name 'nacosUserDetailsServiceImpl': Unsatisfied dependency expressed through field 'userPersistService'; nested exception is org.springframework.beans.factory.BeanCreationException: Error creating bean with name 'externalUserPersistServiceImpl': Invocation of init method failed; nested exception is java.lang.RuntimeException: java.lang.RuntimeException: [db-load-error]load jdbc.properties error

2025-06-05 10:15:43,299 INFO Stopping service [Tomcat]

2025-06-05 10:15:43,303 WARN The web application [nacos] appears to have started a thread named [nacos.publisher-com.alibaba.nacos.common.event.ServerConfigChangeEvent] but has failed to stop it. This is very likely to create a memory leak. Stack trace of thread:
 sun.misc.Unsafe.park(Native Method)
 java.util.concurrent.locks.LockSupport.park(LockSupport.java:175)
 java.util.concurrent.locks.AbstractQueuedSynchronizer$ConditionObject.await(AbstractQueuedSynchronizer.java:2039)
 java.util.concurrent.ArrayBlockingQueue.take(ArrayBlockingQueue.java:403)
 com.alibaba.nacos.common.notify.DefaultPublisher.openEventHandler(DefaultPublisher.java:111)
 com.alibaba.nacos.common.notify.DefaultPublisher.run(DefaultPublisher.java:95)

2025-06-05 10:15:43,304 WARN The web application [nacos] appears to have started a thread named [nacos-http-async-client.0] but has failed to stop it. This is very likely to create a memory leak. Stack trace of thread:
 sun.nio.ch.EPollArrayWrapper.epollWait(Native Method)
 sun.nio.ch.EPollArrayWrapper.poll(EPollArrayWrapper.java:269)
 sun.nio.ch.EPollSelectorImpl.doSelect(EPollSelectorImpl.java:93)
 sun.nio.ch.SelectorImpl.lockAndDoSelect(SelectorImpl.java:86)
 sun.nio.ch.SelectorImpl.select(SelectorImpl.java:97)
 org.apache.http.impl.nio.reactor.AbstractMultiworkerIOReactor.execute(AbstractMultiworkerIOReactor.java:343)
 org.apache.http.impl.nio.conn.PoolingNHttpClientConnectionManager.execute(PoolingNHttpClientConnectionManager.java:221)
 org.apache.http.impl.nio.client.CloseableHttpAsyncClientBase$1.run(CloseableHttpAsyncClientBase.java:64)
 java.lang.Thread.run(Thread.java:750)

2025-06-05 10:15:43,305 WARN The web application [nacos] appears to have started a thread named [nacos.publisher-com.alibaba.nacos.core.cluster.MembersChangeEvent] but has failed to stop it. This is very likely to create a memory leak. Stack trace of thread:
 sun.misc.Unsafe.park(Native Method)
 java.util.concurrent.locks.LockSupport.park(LockSupport.java:175)
 java.util.concurrent.locks.AbstractQueuedSynchronizer$ConditionObject.await(AbstractQueuedSynchronizer.java:2039)
 java.util.concurrent.ArrayBlockingQueue.take(ArrayBlockingQueue.java:403)
 com.alibaba.nacos.common.notify.DefaultPublisher.openEventHandler(DefaultPublisher.java:111)
 com.alibaba.nacos.common.notify.DefaultPublisher.run(DefaultPublisher.java:95)

2025-06-05 10:15:43,306 WARN The web application [nacos] appears to have started a thread named [nacos-http-async-client#I/O Reactor.0] but has failed to stop it. This is very likely to create a memory leak. Stack trace of thread:
 sun.nio.ch.EPollArrayWrapper.epollWait(Native Method)
 sun.nio.ch.EPollArrayWrapper.poll(EPollArrayWrapper.java:269)
 sun.nio.ch.EPollSelectorImpl.doSelect(EPollSelectorImpl.java:93)
 sun.nio.ch.SelectorImpl.lockAndDoSelect(SelectorImpl.java:86)
 sun.nio.ch.SelectorImpl.select(SelectorImpl.java:97)
 org.apache.http.impl.nio.reactor.AbstractIOReactor.execute(AbstractIOReactor.java:255)
 org.apache.http.impl.nio.reactor.BaseIOReactor.execute(BaseIOReactor.java:104)
 org.apache.http.impl.nio.reactor.AbstractMultiworkerIOReactor$Worker.run(AbstractMultiworkerIOReactor.java:591)
 java.lang.Thread.run(Thread.java:750)

2025-06-05 10:15:43,308 WARN The web application [nacos] appears to have started a thread named [nacos-http-async-client#I/O Reactor.1] but has failed to stop it. This is very likely to create a memory leak. Stack trace of thread:
 sun.nio.ch.EPollArrayWrapper.epollWait(Native Method)
 sun.nio.ch.EPollArrayWrapper.poll(EPollArrayWrapper.java:269)
 sun.nio.ch.EPollSelectorImpl.doSelect(EPollSelectorImpl.java:93)
 sun.nio.ch.SelectorImpl.lockAndDoSelect(SelectorImpl.java:86)
 sun.nio.ch.SelectorImpl.select(SelectorImpl.java:97)
 org.apache.http.impl.nio.reactor.AbstractIOReactor.execute(AbstractIOReactor.java:255)
 org.apache.http.impl.nio.reactor.BaseIOReactor.execute(BaseIOReactor.java:104)
 org.apache.http.impl.nio.reactor.AbstractMultiworkerIOReactor$Worker.run(AbstractMultiworkerIOReactor.java:591)
 java.lang.Thread.run(Thread.java:750)

2025-06-05 10:15:43,309 WARN The web application [nacos] appears to have started a thread named [nacos-http-async-client#I/O Reactor.2] but has failed to stop it. This is very likely to create a memory leak. Stack trace of thread:
 sun.nio.ch.EPollArrayWrapper.epollWait(Native Method)
 sun.nio.ch.EPollArrayWrapper.poll(EPollArrayWrapper.java:269)
 sun.nio.ch.EPollSelectorImpl.doSelect(EPollSelectorImpl.java:93)
 sun.nio.ch.SelectorImpl.lockAndDoSelect(SelectorImpl.java:86)
 sun.nio.ch.SelectorImpl.select(SelectorImpl.java:97)
 org.apache.http.impl.nio.reactor.AbstractIOReactor.execute(AbstractIOReactor.java:255)
 org.apache.http.impl.nio.reactor.BaseIOReactor.execute(BaseIOReactor.java:104)
 org.apache.http.impl.nio.reactor.AbstractMultiworkerIOReactor$Worker.run(AbstractMultiworkerIOReactor.java:591)
 java.lang.Thread.run(Thread.java:750)

2025-06-05 10:15:43,310 WARN The web application [nacos] appears to have started a thread named [nacos-http-async-client#I/O Reactor.3] but has failed to stop it. This is very likely to create a memory leak. Stack trace of thread:
 sun.nio.ch.EPollArrayWrapper.epollWait(Native Method)
 sun.nio.ch.EPollArrayWrapper.poll(EPollArrayWrapper.java:269)
 sun.nio.ch.EPollSelectorImpl.doSelect(EPollSelectorImpl.java:93)
 sun.nio.ch.SelectorImpl.lockAndDoSelect(SelectorImpl.java:86)
 sun.nio.ch.SelectorImpl.select(SelectorImpl.java:97)
 org.apache.http.impl.nio.reactor.AbstractIOReactor.execute(AbstractIOReactor.java:255)
 org.apache.http.impl.nio.reactor.BaseIOReactor.execute(BaseIOReactor.java:104)
 org.apache.http.impl.nio.reactor.AbstractMultiworkerIOReactor$Worker.run(AbstractMultiworkerIOReactor.java:591)
 java.lang.Thread.run(Thread.java:750)

2025-06-05 10:15:43,311 WARN The web application [nacos] appears to have started a thread named [com.alibaba.nacos.core.distributed.distro.task.delay.DistroDelayTaskExecuteEngine.0] but has failed to stop it. This is very likely to create a memory leak. Stack trace of thread:
 sun.misc.Unsafe.park(Native Method)
 java.util.concurrent.locks.LockSupport.parkNanos(LockSupport.java:215)
 java.util.concurrent.locks.AbstractQueuedSynchronizer$ConditionObject.awaitNanos(AbstractQueuedSynchronizer.java:2078)
 java.util.concurrent.ScheduledThreadPoolExecutor$DelayedWorkQueue.take(ScheduledThreadPoolExecutor.java:1093)
 java.util.concurrent.ScheduledThreadPoolExecutor$DelayedWorkQueue.take(ScheduledThreadPoolExecutor.java:809)
 java.util.concurrent.ThreadPoolExecutor.getTask(ThreadPoolExecutor.java:1074)
 java.util.concurrent.ThreadPoolExecutor.runWorker(ThreadPoolExecutor.java:1134)
 java.util.concurrent.ThreadPoolExecutor$Worker.run(ThreadPoolExecutor.java:624)
 java.lang.Thread.run(Thread.java:750)

2025-06-05 10:15:43,312 WARN The web application [nacos] appears to have started a thread named [DistroExecuteTaskExecuteEngine_0%4] but has failed to stop it. This is very likely to create a memory leak. Stack trace of thread:
 sun.misc.Unsafe.park(Native Method)
 java.util.concurrent.locks.LockSupport.park(LockSupport.java:175)
 java.util.concurrent.locks.AbstractQueuedSynchronizer$ConditionObject.await(AbstractQueuedSynchronizer.java:2039)
 java.util.concurrent.ArrayBlockingQueue.take(ArrayBlockingQueue.java:403)
 com.alibaba.nacos.common.task.engine.TaskExecuteWorker$InnerWorker.run(TaskExecuteWorker.java:118)

2025-06-05 10:15:43,314 WARN The web application [nacos] appears to have started a thread named [DistroExecuteTaskExecuteEngine_1%4] but has failed to stop it. This is very likely to create a memory leak. Stack trace of thread:
 sun.misc.Unsafe.park(Native Method)
 java.util.concurrent.locks.LockSupport.park(LockSupport.java:175)
 java.util.concurrent.locks.AbstractQueuedSynchronizer$ConditionObject.await(AbstractQueuedSynchronizer.java:2039)
 java.util.concurrent.ArrayBlockingQueue.take(ArrayBlockingQueue.java:403)
 com.alibaba.nacos.common.task.engine.TaskExecuteWorker$InnerWorker.run(TaskExecuteWorker.java:118)

2025-06-05 10:15:43,315 WARN The web application [nacos] appears to have started a thread named [DistroExecuteTaskExecuteEngine_2%4] but has failed to stop it. This is very likely to create a memory leak. Stack trace of thread:
 sun.misc.Unsafe.park(Native Method)
 java.util.concurrent.locks.LockSupport.park(LockSupport.java:175)
 java.util.concurrent.locks.AbstractQueuedSynchronizer$ConditionObject.await(AbstractQueuedSynchronizer.java:2039)
 java.util.concurrent.ArrayBlockingQueue.take(ArrayBlockingQueue.java:403)
 com.alibaba.nacos.common.task.engine.TaskExecuteWorker$InnerWorker.run(TaskExecuteWorker.java:118)

2025-06-05 10:15:43,316 WARN The web application [nacos] appears to have started a thread named [DistroExecuteTaskExecuteEngine_3%4] but has failed to stop it. This is very likely to create a memory leak. Stack trace of thread:
 sun.misc.Unsafe.park(Native Method)
 java.util.concurrent.locks.LockSupport.park(LockSupport.java:175)
 java.util.concurrent.locks.AbstractQueuedSynchronizer$ConditionObject.await(AbstractQueuedSynchronizer.java:2039)
 java.util.concurrent.ArrayBlockingQueue.take(ArrayBlockingQueue.java:403)
 com.alibaba.nacos.common.task.engine.TaskExecuteWorker$InnerWorker.run(TaskExecuteWorker.java:118)

2025-06-05 10:15:43,317 WARN The web application [nacos] appears to have started a thread named [com.alibaba.nacos.naming.timer.0] but has failed to stop it. This is very likely to create a memory leak. Stack trace of thread:
 sun.misc.Unsafe.park(Native Method)
 java.util.concurrent.locks.LockSupport.parkNanos(LockSupport.java:215)
 java.util.concurrent.locks.AbstractQueuedSynchronizer$ConditionObject.awaitNanos(AbstractQueuedSynchronizer.java:2078)
 java.util.concurrent.ScheduledThreadPoolExecutor$DelayedWorkQueue.take(ScheduledThreadPoolExecutor.java:1093)
 java.util.concurrent.ScheduledThreadPoolExecutor$DelayedWorkQueue.take(ScheduledThreadPoolExecutor.java:809)
 java.util.concurrent.ThreadPoolExecutor.getTask(ThreadPoolExecutor.java:1074)
 java.util.concurrent.ThreadPoolExecutor.runWorker(ThreadPoolExecutor.java:1134)
 java.util.concurrent.ThreadPoolExecutor$Worker.run(ThreadPoolExecutor.java:624)
 java.lang.Thread.run(Thread.java:750)

2025-06-05 10:15:43,318 WARN The web application [nacos] appears to have started a thread named [com.alibaba.nacos.naming.timer.1] but has failed to stop it. This is very likely to create a memory leak. Stack trace of thread:
 sun.misc.Unsafe.park(Native Method)
 java.util.concurrent.locks.LockSupport.park(LockSupport.java:175)
 java.util.concurrent.locks.AbstractQueuedSynchronizer$ConditionObject.await(AbstractQueuedSynchronizer.java:2039)
 java.util.concurrent.ScheduledThreadPoolExecutor$DelayedWorkQueue.take(ScheduledThreadPoolExecutor.java:1088)
 java.util.concurrent.ScheduledThreadPoolExecutor$DelayedWorkQueue.take(ScheduledThreadPoolExecutor.java:809)
 java.util.concurrent.ThreadPoolExecutor.getTask(ThreadPoolExecutor.java:1074)
 java.util.concurrent.ThreadPoolExecutor.runWorker(ThreadPoolExecutor.java:1134)
 java.util.concurrent.ThreadPoolExecutor$Worker.run(ThreadPoolExecutor.java:624)
 java.lang.Thread.run(Thread.java:750)

2025-06-05 10:15:43,318 WARN The web application [nacos] appears to have started a thread named [naming.publisher-ClientOperationEvent] but has failed to stop it. This is very likely to create a memory leak. Stack trace of thread:
 sun.misc.Unsafe.park(Native Method)
 java.util.concurrent.locks.LockSupport.park(LockSupport.java:175)
 java.util.concurrent.locks.AbstractQueuedSynchronizer$ConditionObject.await(AbstractQueuedSynchronizer.java:2039)
 java.util.concurrent.ArrayBlockingQueue.take(ArrayBlockingQueue.java:403)
 com.alibaba.nacos.naming.core.v2.event.publisher.NamingEventPublisher.handleEvents(NamingEventPublisher.java:156)
 com.alibaba.nacos.naming.core.v2.event.publisher.NamingEventPublisher.run(NamingEventPublisher.java:135)

2025-06-05 10:15:43,319 WARN The web application [nacos] appears to have started a thread named [naming.publisher-MetadataEvent] but has failed to stop it. This is very likely to create a memory leak. Stack trace of thread:
 sun.misc.Unsafe.park(Native Method)
 java.util.concurrent.locks.LockSupport.park(LockSupport.java:175)
 java.util.concurrent.locks.AbstractQueuedSynchronizer$ConditionObject.await(AbstractQueuedSynchronizer.java:2039)
 java.util.concurrent.ArrayBlockingQueue.take(ArrayBlockingQueue.java:403)
 com.alibaba.nacos.naming.core.v2.event.publisher.NamingEventPublisher.handleEvents(NamingEventPublisher.java:156)
 com.alibaba.nacos.naming.core.v2.event.publisher.NamingEventPublisher.run(NamingEventPublisher.java:135)

2025-06-05 10:15:43,319 WARN The web application [nacos] appears to have started a thread named [naming.publisher-ClientEvent] but has failed to stop it. This is very likely to create a memory leak. Stack trace of thread:
 sun.misc.Unsafe.park(Native Method)
 java.util.concurrent.locks.LockSupport.park(LockSupport.java:175)
 java.util.concurrent.locks.AbstractQueuedSynchronizer$ConditionObject.await(AbstractQueuedSynchronizer.java:2039)
 java.util.concurrent.ArrayBlockingQueue.take(ArrayBlockingQueue.java:403)
 com.alibaba.nacos.naming.core.v2.event.publisher.NamingEventPublisher.handleEvents(NamingEventPublisher.java:156)
 com.alibaba.nacos.naming.core.v2.event.publisher.NamingEventPublisher.run(NamingEventPublisher.java:135)

2025-06-05 10:15:43,320 WARN The web application [nacos] appears to have started a thread named [com.alibaba.nacos.naming.remote-connection-manager.0] but has failed to stop it. This is very likely to create a memory leak. Stack trace of thread:
 sun.misc.Unsafe.park(Native Method)
 java.util.concurrent.locks.LockSupport.parkNanos(LockSupport.java:215)
 java.util.concurrent.locks.AbstractQueuedSynchronizer$ConditionObject.awaitNanos(AbstractQueuedSynchronizer.java:2078)
 java.util.concurrent.ScheduledThreadPoolExecutor$DelayedWorkQueue.take(ScheduledThreadPoolExecutor.java:1093)
 java.util.concurrent.ScheduledThreadPoolExecutor$DelayedWorkQueue.take(ScheduledThreadPoolExecutor.java:809)
 java.util.concurrent.ThreadPoolExecutor.getTask(ThreadPoolExecutor.java:1074)
 java.util.concurrent.ThreadPoolExecutor.runWorker(ThreadPoolExecutor.java:1134)
 java.util.concurrent.ThreadPoolExecutor$Worker.run(ThreadPoolExecutor.java:624)
 java.lang.Thread.run(Thread.java:750)

2025-06-05 10:15:43,322 WARN Exception encountered during context initialization - cancelling refresh attempt: org.springframework.context.ApplicationContextException: Unable to start web server; nested exception is org.springframework.boot.web.server.WebServerException: Unable to start embedded Tomcat

2025-06-05 10:15:43,329 INFO Nacos Log files: /home/nacos/logs

2025-06-05 10:15:43,330 INFO Nacos Log files: /home/nacos/conf

2025-06-05 10:15:43,330 INFO Nacos Log files: /home/nacos/data

2025-06-05 10:15:43,332 ERROR Startup errors : 

org.springframework.context.ApplicationContextException: Unable to start web server; nested exception is org.springframework.boot.web.server.WebServerException: Unable to start embedded Tomcat
	at org.springframework.boot.web.servlet.context.ServletWebServerApplicationContext.onRefresh(ServletWebServerApplicationContext.java:165)
	at org.springframework.context.support.AbstractApplicationContext.refresh(AbstractApplicationContext.java:585)
	at org.springframework.boot.web.servlet.context.ServletWebServerApplicationContext.refresh(ServletWebServerApplicationContext.java:147)
	at org.springframework.boot.SpringApplication.refresh(SpringApplication.java:732)
	at org.springframework.boot.SpringApplication.refreshContext(SpringApplication.java:409)
	at org.springframework.boot.SpringApplication.run(SpringApplication.java:308)
	at org.springframework.boot.SpringApplication.run(SpringApplication.java:1300)
	at org.springframework.boot.SpringApplication.run(SpringApplication.java:1289)
	at com.alibaba.nacos.Nacos.main(Nacos.java:46)
	at sun.reflect.NativeMethodAccessorImpl.invoke0(Native Method)
	at sun.reflect.NativeMethodAccessorImpl.invoke(NativeMethodAccessorImpl.java:62)
	at sun.reflect.DelegatingMethodAccessorImpl.invoke(DelegatingMethodAccessorImpl.java:43)
	at java.lang.reflect.Method.invoke(Method.java:498)
	at org.springframework.boot.loader.MainMethodRunner.run(MainMethodRunner.java:49)
	at org.springframework.boot.loader.Launcher.launch(Launcher.java:108)
	at org.springframework.boot.loader.Launcher.launch(Launcher.java:58)
	at org.springframework.boot.loader.PropertiesLauncher.main(PropertiesLauncher.java:467)
Caused by: org.springframework.boot.web.server.WebServerException: Unable to start embedded Tomcat
	at org.springframework.boot.web.embedded.tomcat.TomcatWebServer.initialize(TomcatWebServer.java:142)
	at org.springframework.boot.web.embedded.tomcat.TomcatWebServer.<init>(TomcatWebServer.java:104)
	at org.springframework.boot.web.embedded.tomcat.TomcatServletWebServerFactory.getTomcatWebServer(TomcatServletWebServerFactory.java:481)
	at org.springframework.boot.web.embedded.tomcat.TomcatServletWebServerFactory.getWebServer(TomcatServletWebServerFactory.java:211)
	at org.springframework.boot.web.servlet.context.ServletWebServerApplicationContext.createWebServer(ServletWebServerApplicationContext.java:184)
	at org.springframework.boot.web.servlet.context.ServletWebServerApplicationContext.onRefresh(ServletWebServerApplicationContext.java:162)
	... 16 common frames omitted
Caused by: org.springframework.beans.factory.UnsatisfiedDependencyException: Error creating bean with name 'basicAuthenticationFilter' defined in class path resource [com/alibaba/nacos/prometheus/filter/PrometheusAuthFilter.class]: Unsatisfied dependency expressed through method 'basicAuthenticationFilter' parameter 0; nested exception is org.springframework.beans.factory.UnsatisfiedDependencyException: Error creating bean with name 'nacosAuthConfig' defined in URL [jar:file:/home/nacos/target/nacos-server.jar!/BOOT-INF/lib/default-auth-plugin-2.5.0.jar!/com/alibaba/nacos/plugin/auth/impl/NacosAuthConfig.class]: Unsatisfied dependency expressed through constructor parameter 3; nested exception is org.springframework.beans.factory.UnsatisfiedDependencyException: Error creating bean with name 'nacosUserDetailsServiceImpl': Unsatisfied dependency expressed through field 'userPersistService'; nested exception is org.springframework.beans.factory.BeanCreationException: Error creating bean with name 'externalUserPersistServiceImpl': Invocation of init method failed; nested exception is java.lang.RuntimeException: java.lang.RuntimeException: [db-load-error]load jdbc.properties error
	at org.springframework.beans.factory.support.ConstructorResolver.createArgumentArray(ConstructorResolver.java:794)
	at org.springframework.beans.factory.support.ConstructorResolver.instantiateUsingFactoryMethod(ConstructorResolver.java:532)
	at org.springframework.beans.factory.support.AbstractAutowireCapableBeanFactory.instantiateUsingFactoryMethod(AbstractAutowireCapableBeanFactory.java:1352)
	at org.springframework.beans.factory.support.AbstractAutowireCapableBeanFactory.createBeanInstance(AbstractAutowireCapableBeanFactory.java:1195)
	at org.springframework.beans.factory.support.AbstractAutowireCapableBeanFactory.doCreateBean(AbstractAutowireCapableBeanFactory.java:582)
	at org.springframework.beans.factory.support.AbstractAutowireCapableBeanFactory.createBean(AbstractAutowireCapableBeanFactory.java:542)
	at org.springframework.beans.factory.support.AbstractBeanFactory.lambda$doGetBean$0(AbstractBeanFactory.java:336)
	at org.springframework.beans.factory.support.DefaultSingletonBeanRegistry.getSingleton(DefaultSingletonBeanRegistry.java:234)
	at org.springframework.beans.factory.support.AbstractBeanFactory.doGetBean(AbstractBeanFactory.java:334)
	at org.springframework.beans.factory.support.AbstractBeanFactory.getBean(AbstractBeanFactory.java:214)
	at org.springframework.boot.web.servlet.ServletContextInitializerBeans.getOrderedBeansOfType(ServletContextInitializerBeans.java:213)
	at org.springframework.boot.web.servlet.ServletContextInitializerBeans.getOrderedBeansOfType(ServletContextInitializerBeans.java:204)
	at org.springframework.boot.web.servlet.ServletContextInitializerBeans.addServletContextInitializerBeans(ServletContextInitializerBeans.java:98)
	at org.springframework.boot.web.servlet.ServletContextInitializerBeans.<init>(ServletContextInitializerBeans.java:86)
	at org.springframework.boot.web.servlet.context.ServletWebServerApplicationContext.getServletContextInitializerBeans(ServletWebServerApplicationContext.java:262)
	at org.springframework.boot.web.servlet.context.ServletWebServerApplicationContext.selfInitialize(ServletWebServerApplicationContext.java:236)
	at org.springframework.boot.web.embedded.tomcat.TomcatStarter.onStartup(TomcatStarter.java:53)
	at org.apache.catalina.core.StandardContext.startInternal(StandardContext.java:4450)
	at org.apache.catalina.util.LifecycleBase.start(LifecycleBase.java:164)
	at org.apache.catalina.core.ContainerBase$StartChild.call(ContainerBase.java:1203)
	at org.apache.catalina.core.ContainerBase$StartChild.call(ContainerBase.java:1193)
	at java.util.concurrent.FutureTask.run(FutureTask.java:266)
	at org.apache.tomcat.util.threads.InlineExecutorService.execute(InlineExecutorService.java:75)
	at java.util.concurrent.AbstractExecutorService.submit(AbstractExecutorService.java:134)
	at org.apache.catalina.core.ContainerBase.startInternal(ContainerBase.java:749)
	at org.apache.catalina.core.StandardHost.startInternal(StandardHost.java:721)
	at org.apache.catalina.util.LifecycleBase.start(LifecycleBase.java:164)
	at org.apache.catalina.core.ContainerBase$StartChild.call(ContainerBase.java:1203)
	at org.apache.catalina.core.ContainerBase$StartChild.call(ContainerBase.java:1193)
	at java.util.concurrent.FutureTask.run(FutureTask.java:266)
	at org.apache.tomcat.util.threads.InlineExecutorService.execute(InlineExecutorService.java:75)
	at java.util.concurrent.AbstractExecutorService.submit(AbstractExecutorService.java:134)
	at org.apache.catalina.core.ContainerBase.startInternal(ContainerBase.java:749)
	at org.apache.catalina.core.StandardEngine.startInternal(StandardEngine.java:211)
	at org.apache.catalina.util.LifecycleBase.start(LifecycleBase.java:164)
	at org.apache.catalina.core.StandardService.startInternal(StandardService.java:415)
	at org.apache.catalina.util.LifecycleBase.start(LifecycleBase.java:164)
	at org.apache.catalina.core.StandardServer.startInternal(StandardServer.java:874)
	at org.apache.catalina.util.LifecycleBase.start(LifecycleBase.java:164)
	at org.apache.catalina.startup.Tomcat.start(Tomcat.java:438)
	at org.springframework.boot.web.embedded.tomcat.TomcatWebServer.initialize(TomcatWebServer.java:123)
	... 21 common frames omitted
Caused by: org.springframework.beans.factory.UnsatisfiedDependencyException: Error creating bean with name 'nacosAuthConfig' defined in URL [jar:file:/home/nacos/target/nacos-server.jar!/BOOT-INF/lib/default-auth-plugin-2.5.0.jar!/com/alibaba/nacos/plugin/auth/impl/NacosAuthConfig.class]: Unsatisfied dependency expressed through constructor parameter 3; nested exception is org.springframework.beans.factory.UnsatisfiedDependencyException: Error creating bean with name 'nacosUserDetailsServiceImpl': Unsatisfied dependency expressed through field 'userPersistService'; nested exception is org.springframework.beans.factory.BeanCreationException: Error creating bean with name 'externalUserPersistServiceImpl': Invocation of init method failed; nested exception is java.lang.RuntimeException: java.lang.RuntimeException: [db-load-error]load jdbc.properties error
	at org.springframework.beans.factory.support.ConstructorResolver.createArgumentArray(ConstructorResolver.java:794)
	at org.springframework.beans.factory.support.ConstructorResolver.autowireConstructor(ConstructorResolver.java:220)
	at org.springframework.beans.factory.support.AbstractAutowireCapableBeanFactory.autowireConstructor(AbstractAutowireCapableBeanFactory.java:1372)
	at org.springframework.beans.factory.support.AbstractAutowireCapableBeanFactory.createBeanInstance(AbstractAutowireCapableBeanFactory.java:1222)
	at org.springframework.beans.factory.support.AbstractAutowireCapableBeanFactory.doCreateBean(AbstractAutowireCapableBeanFactory.java:582)
	at org.springframework.beans.factory.support.AbstractAutowireCapableBeanFactory.createBean(AbstractAutowireCapableBeanFactory.java:542)
	at org.springframework.beans.factory.support.AbstractBeanFactory.lambda$doGetBean$0(AbstractBeanFactory.java:336)
	at org.springframework.beans.factory.support.DefaultSingletonBeanRegistry.getSingleton(DefaultSingletonBeanRegistry.java:234)
	at org.springframework.beans.factory.support.AbstractBeanFactory.doGetBean(AbstractBeanFactory.java:334)
	at org.springframework.beans.factory.support.AbstractBeanFactory.getBean(AbstractBeanFactory.java:209)
	at org.springframework.beans.factory.support.ConstructorResolver.instantiateUsingFactoryMethod(ConstructorResolver.java:401)
	at org.springframework.beans.factory.support.AbstractAutowireCapableBeanFactory.instantiateUsingFactoryMethod(AbstractAutowireCapableBeanFactory.java:1352)
	at org.springframework.beans.factory.support.AbstractAutowireCapableBeanFactory.createBeanInstance(AbstractAutowireCapableBeanFactory.java:1195)
	at org.springframework.beans.factory.support.AbstractAutowireCapableBeanFactory.doCreateBean(AbstractAutowireCapableBeanFactory.java:582)
	at org.springframework.beans.factory.support.AbstractAutowireCapableBeanFactory.createBean(AbstractAutowireCapableBeanFactory.java:542)
	at org.springframework.beans.factory.support.AbstractBeanFactory.lambda$doGetBean$0(AbstractBeanFactory.java:336)
	at org.springframework.beans.factory.support.DefaultSingletonBeanRegistry.getSingleton(DefaultSingletonBeanRegistry.java:234)
	at org.springframework.beans.factory.support.AbstractBeanFactory.doGetBean(AbstractBeanFactory.java:334)
	at org.springframework.beans.factory.support.AbstractBeanFactory.getBean(AbstractBeanFactory.java:209)
	at org.springframework.beans.factory.config.DependencyDescriptor.resolveCandidate(DependencyDescriptor.java:276)
	at org.springframework.beans.factory.support.DefaultListableBeanFactory.doResolveDependency(DefaultListableBeanFactory.java:1391)
	at org.springframework.beans.factory.support.DefaultListableBeanFactory.resolveDependency(DefaultListableBeanFactory.java:1311)
	at org.springframework.beans.factory.support.ConstructorResolver.resolveAutowiredArgument(ConstructorResolver.java:904)
	at org.springframework.beans.factory.support.ConstructorResolver.createArgumentArray(ConstructorResolver.java:781)
	... 61 common frames omitted
Caused by: org.springframework.beans.factory.UnsatisfiedDependencyException: Error creating bean with name 'nacosUserDetailsServiceImpl': Unsatisfied dependency expressed through field 'userPersistService'; nested exception is org.springframework.beans.factory.BeanCreationException: Error creating bean with name 'externalUserPersistServiceImpl': Invocation of init method failed; nested exception is java.lang.RuntimeException: java.lang.RuntimeException: [db-load-error]load jdbc.properties error
	at org.springframework.beans.factory.annotation.AutowiredAnnotationBeanPostProcessor$AutowiredFieldElement.resolveFieldValue(AutowiredAnnotationBeanPostProcessor.java:713)
	at org.springframework.beans.factory.annotation.AutowiredAnnotationBeanPostProcessor$AutowiredFieldElement.inject(AutowiredAnnotationBeanPostProcessor.java:693)
	at org.springframework.beans.factory.annotation.InjectionMetadata.inject(InjectionMetadata.java:119)
	at org.springframework.beans.factory.annotation.AutowiredAnnotationBeanPostProcessor.postProcessProperties(AutowiredAnnotationBeanPostProcessor.java:408)
	at org.springframework.beans.factory.support.AbstractAutowireCapableBeanFactory.populateBean(AbstractAutowireCapableBeanFactory.java:1431)
	at org.springframework.beans.factory.support.AbstractAutowireCapableBeanFactory.doCreateBean(AbstractAutowireCapableBeanFactory.java:619)
	at org.springframework.beans.factory.support.AbstractAutowireCapableBeanFactory.createBean(AbstractAutowireCapableBeanFactory.java:542)
	at org.springframework.beans.factory.support.AbstractBeanFactory.lambda$doGetBean$0(AbstractBeanFactory.java:336)
	at org.springframework.beans.factory.support.DefaultSingletonBeanRegistry.getSingleton(DefaultSingletonBeanRegistry.java:234)
	at org.springframework.beans.factory.support.AbstractBeanFactory.doGetBean(AbstractBeanFactory.java:334)
	at org.springframework.beans.factory.support.AbstractBeanFactory.getBean(AbstractBeanFactory.java:209)
	at org.springframework.beans.factory.config.DependencyDescriptor.resolveCandidate(DependencyDescriptor.java:276)
	at org.springframework.beans.factory.support.DefaultListableBeanFactory.doResolveDependency(DefaultListableBeanFactory.java:1391)
	at org.springframework.beans.factory.support.DefaultListableBeanFactory.resolveDependency(DefaultListableBeanFactory.java:1311)
	at org.springframework.beans.factory.support.ConstructorResolver.resolveAutowiredArgument(ConstructorResolver.java:904)
	at org.springframework.beans.factory.support.ConstructorResolver.createArgumentArray(ConstructorResolver.java:781)
	... 84 common frames omitted
Caused by: org.springframework.beans.factory.BeanCreationException: Error creating bean with name 'externalUserPersistServiceImpl': Invocation of init method failed; nested exception is java.lang.RuntimeException: java.lang.RuntimeException: [db-load-error]load jdbc.properties error
	at org.springframework.beans.factory.annotation.InitDestroyAnnotationBeanPostProcessor.postProcessBeforeInitialization(InitDestroyAnnotationBeanPostProcessor.java:160)
	at org.springframework.beans.factory.support.AbstractAutowireCapableBeanFactory.applyBeanPostProcessorsBeforeInitialization(AbstractAutowireCapableBeanFactory.java:440)
	at org.springframework.beans.factory.support.AbstractAutowireCapableBeanFactory.initializeBean(AbstractAutowireCapableBeanFactory.java:1796)
	at org.springframework.beans.factory.support.AbstractAutowireCapableBeanFactory.doCreateBean(AbstractAutowireCapableBeanFactory.java:620)
	at org.springframework.beans.factory.support.AbstractAutowireCapableBeanFactory.createBean(AbstractAutowireCapableBeanFactory.java:542)
	at org.springframework.beans.factory.support.AbstractBeanFactory.lambda$doGetBean$0(AbstractBeanFactory.java:336)
	at org.springframework.beans.factory.support.DefaultSingletonBeanRegistry.getSingleton(DefaultSingletonBeanRegistry.java:234)
	at org.springframework.beans.factory.support.AbstractBeanFactory.doGetBean(AbstractBeanFactory.java:334)
	at org.springframework.beans.factory.support.AbstractBeanFactory.getBean(AbstractBeanFactory.java:209)
	at org.springframework.beans.factory.config.DependencyDescriptor.resolveCandidate(DependencyDescriptor.java:276)
	at org.springframework.beans.factory.support.DefaultListableBeanFactory.doResolveDependency(DefaultListableBeanFactory.java:1391)
	at org.springframework.beans.factory.support.DefaultListableBeanFactory.resolveDependency(DefaultListableBeanFactory.java:1311)
	at org.springframework.beans.factory.annotation.AutowiredAnnotationBeanPostProcessor$AutowiredFieldElement.resolveFieldValue(AutowiredAnnotationBeanPostProcessor.java:710)
	... 99 common frames omitted
Caused by: java.lang.RuntimeException: java.lang.RuntimeException: [db-load-error]load jdbc.properties error
	at com.alibaba.nacos.persistence.datasource.DynamicDataSource.getDataSource(DynamicDataSource.java:60)
	at com.alibaba.nacos.plugin.auth.impl.persistence.ExternalUserPersistServiceImpl.init(ExternalUserPersistServiceImpl.java:55)
	at sun.reflect.NativeMethodAccessorImpl.invoke0(Native Method)
	at sun.reflect.NativeMethodAccessorImpl.invoke(NativeMethodAccessorImpl.java:62)
	at sun.reflect.DelegatingMethodAccessorImpl.invoke(DelegatingMethodAccessorImpl.java:43)
	at java.lang.reflect.Method.invoke(Method.java:498)
	at org.springframework.beans.factory.annotation.InitDestroyAnnotationBeanPostProcessor$LifecycleElement.invoke(InitDestroyAnnotationBeanPostProcessor.java:389)
	at org.springframework.beans.factory.annotation.InitDestroyAnnotationBeanPostProcessor$LifecycleMetadata.invokeInitMethods(InitDestroyAnnotationBeanPostProcessor.java:333)
	at org.springframework.beans.factory.annotation.InitDestroyAnnotationBeanPostProcessor.postProcessBeforeInitialization(InitDestroyAnnotationBeanPostProcessor.java:157)
	... 111 common frames omitted
Caused by: java.lang.RuntimeException: [db-load-error]load jdbc.properties error
	at com.alibaba.nacos.persistence.datasource.ExternalDataSourceServiceImpl.init(ExternalDataSourceServiceImpl.java:119)
	at com.alibaba.nacos.persistence.datasource.DynamicDataSource.getDataSource(DynamicDataSource.java:55)
	... 119 common frames omitted
Caused by: java.io.IOException: java.lang.RuntimeException: com.mysql.cj.jdbc.exceptions.CommunicationsException: Communications link failure

The last packet sent successfully to the server was 0 milliseconds ago. The driver has not received any packets from the server.
	at com.alibaba.nacos.persistence.datasource.ExternalDataSourceServiceImpl.reload(ExternalDataSourceServiceImpl.java:168)
	at com.alibaba.nacos.persistence.datasource.ExternalDataSourceServiceImpl.init(ExternalDataSourceServiceImpl.java:116)
	... 120 common frames omitted
Caused by: java.lang.RuntimeException: com.mysql.cj.jdbc.exceptions.CommunicationsException: Communications link failure

The last packet sent successfully to the server was 0 milliseconds ago. The driver has not received any packets from the server.
	at com.alibaba.nacos.persistence.utils.ConnectionCheckUtil.checkDataSourceConnection(ConnectionCheckUtil.java:37)
	at com.alibaba.nacos.persistence.datasource.ExternalDataSourceServiceImpl.lambda$reload$0(ExternalDataSourceServiceImpl.java:138)
	at com.alibaba.nacos.persistence.datasource.ExternalDataSourceProperties.build(ExternalDataSourceProperties.java:97)
	at com.alibaba.nacos.persistence.datasource.ExternalDataSourceServiceImpl.reload(ExternalDataSourceServiceImpl.java:136)
	... 121 common frames omitted
Caused by: com.mysql.cj.jdbc.exceptions.CommunicationsException: Communications link failure

The last packet sent successfully to the server was 0 milliseconds ago. The driver has not received any packets from the server.
	at com.mysql.cj.jdbc.exceptions.SQLError.createCommunicationsException(SQLError.java:174)
	at com.mysql.cj.jdbc.exceptions.SQLExceptionsMapping.translateException(SQLExceptionsMapping.java:64)
	at com.mysql.cj.jdbc.ConnectionImpl.createNewIO(ConnectionImpl.java:815)
	at com.mysql.cj.jdbc.ConnectionImpl.<init>(ConnectionImpl.java:438)
	at com.mysql.cj.jdbc.ConnectionImpl.getInstance(ConnectionImpl.java:241)
	at com.mysql.cj.jdbc.NonRegisteringDriver.connect(NonRegisteringDriver.java:189)
	at com.zaxxer.hikari.util.DriverDataSource.getConnection(DriverDataSource.java:138)
	at com.zaxxer.hikari.pool.PoolBase.newConnection(PoolBase.java:354)
	at com.zaxxer.hikari.pool.PoolBase.newPoolEntry(PoolBase.java:202)
	at com.zaxxer.hikari.pool.HikariPool.createPoolEntry(HikariPool.java:473)
	at com.zaxxer.hikari.pool.HikariPool.checkFailFast(HikariPool.java:554)
	at com.zaxxer.hikari.pool.HikariPool.<init>(HikariPool.java:115)
	at com.zaxxer.hikari.HikariDataSource.getConnection(HikariDataSource.java:112)
	at com.alibaba.nacos.persistence.utils.ConnectionCheckUtil.checkDataSourceConnection(ConnectionCheckUtil.java:34)
	... 124 common frames omitted
Caused by: com.mysql.cj.exceptions.CJCommunicationsException: Communications link failure

The last packet sent successfully to the server was 0 milliseconds ago. The driver has not received any packets from the server.
	at sun.reflect.NativeConstructorAccessorImpl.newInstance0(Native Method)
	at sun.reflect.NativeConstructorAccessorImpl.newInstance(NativeConstructorAccessorImpl.java:62)
	at sun.reflect.DelegatingConstructorAccessorImpl.newInstance(DelegatingConstructorAccessorImpl.java:45)
	at java.lang.reflect.Constructor.newInstance(Constructor.java:423)
	at com.mysql.cj.exceptions.ExceptionFactory.createException(ExceptionFactory.java:61)
	at com.mysql.cj.exceptions.ExceptionFactory.createException(ExceptionFactory.java:104)
	at com.mysql.cj.exceptions.ExceptionFactory.createException(ExceptionFactory.java:149)
	at com.mysql.cj.exceptions.ExceptionFactory.createCommunicationsException(ExceptionFactory.java:165)
	at com.mysql.cj.protocol.a.NativeSocketConnection.connect(NativeSocketConnection.java:88)
	at com.mysql.cj.NativeSession.connect(NativeSession.java:120)
	at com.mysql.cj.jdbc.ConnectionImpl.connectOneTryOnly(ConnectionImpl.java:935)
	at com.mysql.cj.jdbc.ConnectionImpl.createNewIO(ConnectionImpl.java:805)
	... 135 common frames omitted
Caused by: java.net.UnknownHostException: mysql: Name does not resolve
	at java.net.Inet6AddressImpl.lookupAllHostAddr(Native Method)
	at java.net.InetAddress$2.lookupAllHostAddr(InetAddress.java:868)
	at java.net.InetAddress.getAddressesFromNameService(InetAddress.java:1303)
	at java.net.InetAddress$NameServiceAddresses.get(InetAddress.java:816)
	at java.net.InetAddress.getAllByName0(InetAddress.java:1292)
	at java.net.InetAddress.getAllByName(InetAddress.java:1145)
	at java.net.InetAddress.getAllByName(InetAddress.java:1066)
	at com.mysql.cj.protocol.StandardSocketFactory.connect(StandardSocketFactory.java:130)
	at com.mysql.cj.protocol.a.NativeSocketConnection.connect(NativeSocketConnection.java:62)
	... 138 common frames omitted
2025-06-05 10:15:43,338 WARN [WatchFileCenter] start close

2025-06-05 10:15:43,339 WARN [WatchFileCenter] start to shutdown this watcher which is watch : /home/nacos/conf

2025-06-05 10:15:43,344 WARN [WatchFileCenter] already closed

2025-06-05 10:15:43,344 INFO [NotifyCenter] Start destroying Publisher

2025-06-05 10:15:43,344 INFO [NotifyCenter] Completed destruction of Publisher

2025-06-05 10:15:43,345 ERROR Nacos failed to start, please see /home/nacos/logs/nacos.log for more details.

2025-06-05 10:15:43,365 INFO 

Error starting ApplicationContext. To display the conditions report re-run your application with 'debug' enabled.

2025-06-05 10:15:43,404 ERROR Application run failed

org.springframework.context.ApplicationContextException: Unable to start web server; nested exception is org.springframework.boot.web.server.WebServerException: Unable to start embedded Tomcat
	at org.springframework.boot.web.servlet.context.ServletWebServerApplicationContext.onRefresh(ServletWebServerApplicationContext.java:165)
	at org.springframework.context.support.AbstractApplicationContext.refresh(AbstractApplicationContext.java:585)
	at org.springframework.boot.web.servlet.context.ServletWebServerApplicationContext.refresh(ServletWebServerApplicationContext.java:147)
	at org.springframework.boot.SpringApplication.refresh(SpringApplication.java:732)
	at org.springframework.boot.SpringApplication.refreshContext(SpringApplication.java:409)
	at org.springframework.boot.SpringApplication.run(SpringApplication.java:308)
	at org.springframework.boot.SpringApplication.run(SpringApplication.java:1300)
	at org.springframework.boot.SpringApplication.run(SpringApplication.java:1289)
	at com.alibaba.nacos.Nacos.main(Nacos.java:46)
	at sun.reflect.NativeMethodAccessorImpl.invoke0(Native Method)
	at sun.reflect.NativeMethodAccessorImpl.invoke(NativeMethodAccessorImpl.java:62)
	at sun.reflect.DelegatingMethodAccessorImpl.invoke(DelegatingMethodAccessorImpl.java:43)
	at java.lang.reflect.Method.invoke(Method.java:498)
	at org.springframework.boot.loader.MainMethodRunner.run(MainMethodRunner.java:49)
	at org.springframework.boot.loader.Launcher.launch(Launcher.java:108)
	at org.springframework.boot.loader.Launcher.launch(Launcher.java:58)
	at org.springframework.boot.loader.PropertiesLauncher.main(PropertiesLauncher.java:467)
Caused by: org.springframework.boot.web.server.WebServerException: Unable to start embedded Tomcat
	at org.springframework.boot.web.embedded.tomcat.TomcatWebServer.initialize(TomcatWebServer.java:142)
	at org.springframework.boot.web.embedded.tomcat.TomcatWebServer.<init>(TomcatWebServer.java:104)
	at org.springframework.boot.web.embedded.tomcat.TomcatServletWebServerFactory.getTomcatWebServer(TomcatServletWebServerFactory.java:481)
	at org.springframework.boot.web.embedded.tomcat.TomcatServletWebServerFactory.getWebServer(TomcatServletWebServerFactory.java:211)
	at org.springframework.boot.web.servlet.context.ServletWebServerApplicationContext.createWebServer(ServletWebServerApplicationContext.java:184)
	at org.springframework.boot.web.servlet.context.ServletWebServerApplicationContext.onRefresh(ServletWebServerApplicationContext.java:162)
	... 16 common frames omitted
Caused by: org.springframework.beans.factory.UnsatisfiedDependencyException: Error creating bean with name 'basicAuthenticationFilter' defined in class path resource [com/alibaba/nacos/prometheus/filter/PrometheusAuthFilter.class]: Unsatisfied dependency expressed through method 'basicAuthenticationFilter' parameter 0; nested exception is org.springframework.beans.factory.UnsatisfiedDependencyException: Error creating bean with name 'nacosAuthConfig' defined in URL [jar:file:/home/nacos/target/nacos-server.jar!/BOOT-INF/lib/default-auth-plugin-2.5.0.jar!/com/alibaba/nacos/plugin/auth/impl/NacosAuthConfig.class]: Unsatisfied dependency expressed through constructor parameter 3; nested exception is org.springframework.beans.factory.UnsatisfiedDependencyException: Error creating bean with name 'nacosUserDetailsServiceImpl': Unsatisfied dependency expressed through field 'userPersistService'; nested exception is org.springframework.beans.factory.BeanCreationException: Error creating bean with name 'externalUserPersistServiceImpl': Invocation of init method failed; nested exception is java.lang.RuntimeException: java.lang.RuntimeException: [db-load-error]load jdbc.properties error
	at org.springframework.beans.factory.support.ConstructorResolver.createArgumentArray(ConstructorResolver.java:794)
	at org.springframework.beans.factory.support.ConstructorResolver.instantiateUsingFactoryMethod(ConstructorResolver.java:532)
	at org.springframework.beans.factory.support.AbstractAutowireCapableBeanFactory.instantiateUsingFactoryMethod(AbstractAutowireCapableBeanFactory.java:1352)
	at org.springframework.beans.factory.support.AbstractAutowireCapableBeanFactory.createBeanInstance(AbstractAutowireCapableBeanFactory.java:1195)
	at org.springframework.beans.factory.support.AbstractAutowireCapableBeanFactory.doCreateBean(AbstractAutowireCapableBeanFactory.java:582)
	at org.springframework.beans.factory.support.AbstractAutowireCapableBeanFactory.createBean(AbstractAutowireCapableBeanFactory.java:542)
	at org.springframework.beans.factory.support.AbstractBeanFactory.lambda$doGetBean$0(AbstractBeanFactory.java:336)
	at org.springframework.beans.factory.support.DefaultSingletonBeanRegistry.getSingleton(DefaultSingletonBeanRegistry.java:234)
	at org.springframework.beans.factory.support.AbstractBeanFactory.doGetBean(AbstractBeanFactory.java:334)
	at org.springframework.beans.factory.support.AbstractBeanFactory.getBean(AbstractBeanFactory.java:214)
	at org.springframework.boot.web.servlet.ServletContextInitializerBeans.getOrderedBeansOfType(ServletContextInitializerBeans.java:213)
	at org.springframework.boot.web.servlet.ServletContextInitializerBeans.getOrderedBeansOfType(ServletContextInitializerBeans.java:204)
	at org.springframework.boot.web.servlet.ServletContextInitializerBeans.addServletContextInitializerBeans(ServletContextInitializerBeans.java:98)
	at org.springframework.boot.web.servlet.ServletContextInitializerBeans.<init>(ServletContextInitializerBeans.java:86)
	at org.springframework.boot.web.servlet.context.ServletWebServerApplicationContext.getServletContextInitializerBeans(ServletWebServerApplicationContext.java:262)
	at org.springframework.boot.web.servlet.context.ServletWebServerApplicationContext.selfInitialize(ServletWebServerApplicationContext.java:236)
	at org.springframework.boot.web.embedded.tomcat.TomcatStarter.onStartup(TomcatStarter.java:53)
	at org.apache.catalina.core.StandardContext.startInternal(StandardContext.java:4450)
	at org.apache.catalina.util.LifecycleBase.start(LifecycleBase.java:164)
	at org.apache.catalina.core.ContainerBase$StartChild.call(ContainerBase.java:1203)
	at org.apache.catalina.core.ContainerBase$StartChild.call(ContainerBase.java:1193)
	at java.util.concurrent.FutureTask.run(FutureTask.java:266)
	at org.apache.tomcat.util.threads.InlineExecutorService.execute(InlineExecutorService.java:75)
	at java.util.concurrent.AbstractExecutorService.submit(AbstractExecutorService.java:134)
	at org.apache.catalina.core.ContainerBase.startInternal(ContainerBase.java:749)
	at org.apache.catalina.core.StandardHost.startInternal(StandardHost.java:721)
	at org.apache.catalina.util.LifecycleBase.start(LifecycleBase.java:164)
	at org.apache.catalina.core.ContainerBase$StartChild.call(ContainerBase.java:1203)
	at org.apache.catalina.core.ContainerBase$StartChild.call(ContainerBase.java:1193)
	at java.util.concurrent.FutureTask.run(FutureTask.java:266)
	at org.apache.tomcat.util.threads.InlineExecutorService.execute(InlineExecutorService.java:75)
	at java.util.concurrent.AbstractExecutorService.submit(AbstractExecutorService.java:134)
	at org.apache.catalina.core.ContainerBase.startInternal(ContainerBase.java:749)
	at org.apache.catalina.core.StandardEngine.startInternal(StandardEngine.java:211)
	at org.apache.catalina.util.LifecycleBase.start(LifecycleBase.java:164)
	at org.apache.catalina.core.StandardService.startInternal(StandardService.java:415)
	at org.apache.catalina.util.LifecycleBase.start(LifecycleBase.java:164)
	at org.apache.catalina.core.StandardServer.startInternal(StandardServer.java:874)
	at org.apache.catalina.util.LifecycleBase.start(LifecycleBase.java:164)
	at org.apache.catalina.startup.Tomcat.start(Tomcat.java:438)
	at org.springframework.boot.web.embedded.tomcat.TomcatWebServer.initialize(TomcatWebServer.java:123)
	... 21 common frames omitted
Caused by: org.springframework.beans.factory.UnsatisfiedDependencyException: Error creating bean with name 'nacosAuthConfig' defined in URL [jar:file:/home/nacos/target/nacos-server.jar!/BOOT-INF/lib/default-auth-plugin-2.5.0.jar!/com/alibaba/nacos/plugin/auth/impl/NacosAuthConfig.class]: Unsatisfied dependency expressed through constructor parameter 3; nested exception is org.springframework.beans.factory.UnsatisfiedDependencyException: Error creating bean with name 'nacosUserDetailsServiceImpl': Unsatisfied dependency expressed through field 'userPersistService'; nested exception is org.springframework.beans.factory.BeanCreationException: Error creating bean with name 'externalUserPersistServiceImpl': Invocation of init method failed; nested exception is java.lang.RuntimeException: java.lang.RuntimeException: [db-load-error]load jdbc.properties error
	at org.springframework.beans.factory.support.ConstructorResolver.createArgumentArray(ConstructorResolver.java:794)
	at org.springframework.beans.factory.support.ConstructorResolver.autowireConstructor(ConstructorResolver.java:220)
	at org.springframework.beans.factory.support.AbstractAutowireCapableBeanFactory.autowireConstructor(AbstractAutowireCapableBeanFactory.java:1372)
	at org.springframework.beans.factory.support.AbstractAutowireCapableBeanFactory.createBeanInstance(AbstractAutowireCapableBeanFactory.java:1222)
	at org.springframework.beans.factory.support.AbstractAutowireCapableBeanFactory.doCreateBean(AbstractAutowireCapableBeanFactory.java:582)
	at org.springframework.beans.factory.support.AbstractAutowireCapableBeanFactory.createBean(AbstractAutowireCapableBeanFactory.java:542)
	at org.springframework.beans.factory.support.AbstractBeanFactory.lambda$doGetBean$0(AbstractBeanFactory.java:336)
	at org.springframework.beans.factory.support.DefaultSingletonBeanRegistry.getSingleton(DefaultSingletonBeanRegistry.java:234)
	at org.springframework.beans.factory.support.AbstractBeanFactory.doGetBean(AbstractBeanFactory.java:334)
	at org.springframework.beans.factory.support.AbstractBeanFactory.getBean(AbstractBeanFactory.java:209)
	at org.springframework.beans.factory.support.ConstructorResolver.instantiateUsingFactoryMethod(ConstructorResolver.java:401)
	at org.springframework.beans.factory.support.AbstractAutowireCapableBeanFactory.instantiateUsingFactoryMethod(AbstractAutowireCapableBeanFactory.java:1352)
	at org.springframework.beans.factory.support.AbstractAutowireCapableBeanFactory.createBeanInstance(AbstractAutowireCapableBeanFactory.java:1195)
	at org.springframework.beans.factory.support.AbstractAutowireCapableBeanFactory.doCreateBean(AbstractAutowireCapableBeanFactory.java:582)
	at org.springframework.beans.factory.support.AbstractAutowireCapableBeanFactory.createBean(AbstractAutowireCapableBeanFactory.java:542)
	at org.springframework.beans.factory.support.AbstractBeanFactory.lambda$doGetBean$0(AbstractBeanFactory.java:336)
	at org.springframework.beans.factory.support.DefaultSingletonBeanRegistry.getSingleton(DefaultSingletonBeanRegistry.java:234)
	at org.springframework.beans.factory.support.AbstractBeanFactory.doGetBean(AbstractBeanFactory.java:334)
	at org.springframework.beans.factory.support.AbstractBeanFactory.getBean(AbstractBeanFactory.java:209)
	at org.springframework.beans.factory.config.DependencyDescriptor.resolveCandidate(DependencyDescriptor.java:276)
	at org.springframework.beans.factory.support.DefaultListableBeanFactory.doResolveDependency(DefaultListableBeanFactory.java:1391)
	at org.springframework.beans.factory.support.DefaultListableBeanFactory.resolveDependency(DefaultListableBeanFactory.java:1311)
	at org.springframework.beans.factory.support.ConstructorResolver.resolveAutowiredArgument(ConstructorResolver.java:904)
	at org.springframework.beans.factory.support.ConstructorResolver.createArgumentArray(ConstructorResolver.java:781)
	... 61 common frames omitted
Caused by: org.springframework.beans.factory.UnsatisfiedDependencyException: Error creating bean with name 'nacosUserDetailsServiceImpl': Unsatisfied dependency expressed through field 'userPersistService'; nested exception is org.springframework.beans.factory.BeanCreationException: Error creating bean with name 'externalUserPersistServiceImpl': Invocation of init method failed; nested exception is java.lang.RuntimeException: java.lang.RuntimeException: [db-load-error]load jdbc.properties error
	at org.springframework.beans.factory.annotation.AutowiredAnnotationBeanPostProcessor$AutowiredFieldElement.resolveFieldValue(AutowiredAnnotationBeanPostProcessor.java:713)
	at org.springframework.beans.factory.annotation.AutowiredAnnotationBeanPostProcessor$AutowiredFieldElement.inject(AutowiredAnnotationBeanPostProcessor.java:693)
	at org.springframework.beans.factory.annotation.InjectionMetadata.inject(InjectionMetadata.java:119)
	at org.springframework.beans.factory.annotation.AutowiredAnnotationBeanPostProcessor.postProcessProperties(AutowiredAnnotationBeanPostProcessor.java:408)
	at org.springframework.beans.factory.support.AbstractAutowireCapableBeanFactory.populateBean(AbstractAutowireCapableBeanFactory.java:1431)
	at org.springframework.beans.factory.support.AbstractAutowireCapableBeanFactory.doCreateBean(AbstractAutowireCapableBeanFactory.java:619)
	at org.springframework.beans.factory.support.AbstractAutowireCapableBeanFactory.createBean(AbstractAutowireCapableBeanFactory.java:542)
	at org.springframework.beans.factory.support.AbstractBeanFactory.lambda$doGetBean$0(AbstractBeanFactory.java:336)
	at org.springframework.beans.factory.support.DefaultSingletonBeanRegistry.getSingleton(DefaultSingletonBeanRegistry.java:234)
	at org.springframework.beans.factory.support.AbstractBeanFactory.doGetBean(AbstractBeanFactory.java:334)
	at org.springframework.beans.factory.support.AbstractBeanFactory.getBean(AbstractBeanFactory.java:209)
	at org.springframework.beans.factory.config.DependencyDescriptor.resolveCandidate(DependencyDescriptor.java:276)
	at org.springframework.beans.factory.support.DefaultListableBeanFactory.doResolveDependency(DefaultListableBeanFactory.java:1391)
	at org.springframework.beans.factory.support.DefaultListableBeanFactory.resolveDependency(DefaultListableBeanFactory.java:1311)
	at org.springframework.beans.factory.support.ConstructorResolver.resolveAutowiredArgument(ConstructorResolver.java:904)
	at org.springframework.beans.factory.support.ConstructorResolver.createArgumentArray(ConstructorResolver.java:781)
	... 84 common frames omitted
Caused by: org.springframework.beans.factory.BeanCreationException: Error creating bean with name 'externalUserPersistServiceImpl': Invocation of init method failed; nested exception is java.lang.RuntimeException: java.lang.RuntimeException: [db-load-error]load jdbc.properties error
	at org.springframework.beans.factory.annotation.InitDestroyAnnotationBeanPostProcessor.postProcessBeforeInitialization(InitDestroyAnnotationBeanPostProcessor.java:160)
	at org.springframework.beans.factory.support.AbstractAutowireCapableBeanFactory.applyBeanPostProcessorsBeforeInitialization(AbstractAutowireCapableBeanFactory.java:440)
	at org.springframework.beans.factory.support.AbstractAutowireCapableBeanFactory.initializeBean(AbstractAutowireCapableBeanFactory.java:1796)
	at org.springframework.beans.factory.support.AbstractAutowireCapableBeanFactory.doCreateBean(AbstractAutowireCapableBeanFactory.java:620)
	at org.springframework.beans.factory.support.AbstractAutowireCapableBeanFactory.createBean(AbstractAutowireCapableBeanFactory.java:542)
	at org.springframework.beans.factory.support.AbstractBeanFactory.lambda$doGetBean$0(AbstractBeanFactory.java:336)
	at org.springframework.beans.factory.support.DefaultSingletonBeanRegistry.getSingleton(DefaultSingletonBeanRegistry.java:234)
	at org.springframework.beans.factory.support.AbstractBeanFactory.doGetBean(AbstractBeanFactory.java:334)
	at org.springframework.beans.factory.support.AbstractBeanFactory.getBean(AbstractBeanFactory.java:209)
	at org.springframework.beans.factory.config.DependencyDescriptor.resolveCandidate(DependencyDescriptor.java:276)
	at org.springframework.beans.factory.support.DefaultListableBeanFactory.doResolveDependency(DefaultListableBeanFactory.java:1391)
	at org.springframework.beans.factory.support.DefaultListableBeanFactory.resolveDependency(DefaultListableBeanFactory.java:1311)
	at org.springframework.beans.factory.annotation.AutowiredAnnotationBeanPostProcessor$AutowiredFieldElement.resolveFieldValue(AutowiredAnnotationBeanPostProcessor.java:710)
	... 99 common frames omitted
Caused by: java.lang.RuntimeException: java.lang.RuntimeException: [db-load-error]load jdbc.properties error
	at com.alibaba.nacos.persistence.datasource.DynamicDataSource.getDataSource(DynamicDataSource.java:60)
	at com.alibaba.nacos.plugin.auth.impl.persistence.ExternalUserPersistServiceImpl.init(ExternalUserPersistServiceImpl.java:55)
	at sun.reflect.NativeMethodAccessorImpl.invoke0(Native Method)
	at sun.reflect.NativeMethodAccessorImpl.invoke(NativeMethodAccessorImpl.java:62)
	at sun.reflect.DelegatingMethodAccessorImpl.invoke(DelegatingMethodAccessorImpl.java:43)
	at java.lang.reflect.Method.invoke(Method.java:498)
	at org.springframework.beans.factory.annotation.InitDestroyAnnotationBeanPostProcessor$LifecycleElement.invoke(InitDestroyAnnotationBeanPostProcessor.java:389)
	at org.springframework.beans.factory.annotation.InitDestroyAnnotationBeanPostProcessor$LifecycleMetadata.invokeInitMethods(InitDestroyAnnotationBeanPostProcessor.java:333)
	at org.springframework.beans.factory.annotation.InitDestroyAnnotationBeanPostProcessor.postProcessBeforeInitialization(InitDestroyAnnotationBeanPostProcessor.java:157)
	... 111 common frames omitted
Caused by: java.lang.RuntimeException: [db-load-error]load jdbc.properties error
	at com.alibaba.nacos.persistence.datasource.ExternalDataSourceServiceImpl.init(ExternalDataSourceServiceImpl.java:119)
	at com.alibaba.nacos.persistence.datasource.DynamicDataSource.getDataSource(DynamicDataSource.java:55)
	... 119 common frames omitted
Caused by: java.io.IOException: java.lang.RuntimeException: com.mysql.cj.jdbc.exceptions.CommunicationsException: Communications link failure

The last packet sent successfully to the server was 0 milliseconds ago. The driver has not received any packets from the server.
	at com.alibaba.nacos.persistence.datasource.ExternalDataSourceServiceImpl.reload(ExternalDataSourceServiceImpl.java:168)
	at com.alibaba.nacos.persistence.datasource.ExternalDataSourceServiceImpl.init(ExternalDataSourceServiceImpl.java:116)
	... 120 common frames omitted
Caused by: java.lang.RuntimeException: com.mysql.cj.jdbc.exceptions.CommunicationsException: Communications link failure

The last packet sent successfully to the server was 0 milliseconds ago. The driver has not received any packets from the server.
	at com.alibaba.nacos.persistence.utils.ConnectionCheckUtil.checkDataSourceConnection(ConnectionCheckUtil.java:37)
	at com.alibaba.nacos.persistence.datasource.ExternalDataSourceServiceImpl.lambda$reload$0(ExternalDataSourceServiceImpl.java:138)
	at com.alibaba.nacos.persistence.datasource.ExternalDataSourceProperties.build(ExternalDataSourceProperties.java:97)
	at com.alibaba.nacos.persistence.datasource.ExternalDataSourceServiceImpl.reload(ExternalDataSourceServiceImpl.java:136)
	... 121 common frames omitted
Caused by: com.mysql.cj.jdbc.exceptions.CommunicationsException: Communications link failure

The last packet sent successfully to the server was 0 milliseconds ago. The driver has not received any packets from the server.
	at com.mysql.cj.jdbc.exceptions.SQLError.createCommunicationsException(SQLError.java:174)
	at com.mysql.cj.jdbc.exceptions.SQLExceptionsMapping.translateException(SQLExceptionsMapping.java:64)
	at com.mysql.cj.jdbc.ConnectionImpl.createNewIO(ConnectionImpl.java:815)
	at com.mysql.cj.jdbc.ConnectionImpl.<init>(ConnectionImpl.java:438)
	at com.mysql.cj.jdbc.ConnectionImpl.getInstance(ConnectionImpl.java:241)
	at com.mysql.cj.jdbc.NonRegisteringDriver.connect(NonRegisteringDriver.java:189)
	at com.zaxxer.hikari.util.DriverDataSource.getConnection(DriverDataSource.java:138)
	at com.zaxxer.hikari.pool.PoolBase.newConnection(PoolBase.java:354)
	at com.zaxxer.hikari.pool.PoolBase.newPoolEntry(PoolBase.java:202)
	at com.zaxxer.hikari.pool.HikariPool.createPoolEntry(HikariPool.java:473)
	at com.zaxxer.hikari.pool.HikariPool.checkFailFast(HikariPool.java:554)
	at com.zaxxer.hikari.pool.HikariPool.<init>(HikariPool.java:115)
	at com.zaxxer.hikari.HikariDataSource.getConnection(HikariDataSource.java:112)
	at com.alibaba.nacos.persistence.utils.ConnectionCheckUtil.checkDataSourceConnection(ConnectionCheckUtil.java:34)
	... 124 common frames omitted
Caused by: com.mysql.cj.exceptions.CJCommunicationsException: Communications link failure

The last packet sent successfully to the server was 0 milliseconds ago. The driver has not received any packets from the server.
	at sun.reflect.NativeConstructorAccessorImpl.newInstance0(Native Method)
	at sun.reflect.NativeConstructorAccessorImpl.newInstance(NativeConstructorAccessorImpl.java:62)
	at sun.reflect.DelegatingConstructorAccessorImpl.newInstance(DelegatingConstructorAccessorImpl.java:45)
	at java.lang.reflect.Constructor.newInstance(Constructor.java:423)
	at com.mysql.cj.exceptions.ExceptionFactory.createException(ExceptionFactory.java:61)
	at com.mysql.cj.exceptions.ExceptionFactory.createException(ExceptionFactory.java:104)
	at com.mysql.cj.exceptions.ExceptionFactory.createException(ExceptionFactory.java:149)
	at com.mysql.cj.exceptions.ExceptionFactory.createCommunicationsException(ExceptionFactory.java:165)
	at com.mysql.cj.protocol.a.NativeSocketConnection.connect(NativeSocketConnection.java:88)
	at com.mysql.cj.NativeSession.connect(NativeSession.java:120)
	at com.mysql.cj.jdbc.ConnectionImpl.connectOneTryOnly(ConnectionImpl.java:935)
	at com.mysql.cj.jdbc.ConnectionImpl.createNewIO(ConnectionImpl.java:805)
	... 135 common frames omitted
Caused by: java.net.UnknownHostException: mysql: Name does not resolve
	at java.net.Inet6AddressImpl.lookupAllHostAddr(Native Method)
	at java.net.InetAddress$2.lookupAllHostAddr(InetAddress.java:868)
	at java.net.InetAddress.getAddressesFromNameService(InetAddress.java:1303)
	at java.net.InetAddress$NameServiceAddresses.get(InetAddress.java:816)
	at java.net.InetAddress.getAllByName0(InetAddress.java:1292)
	at java.net.InetAddress.getAllByName(InetAddress.java:1145)
	at java.net.InetAddress.getAllByName(InetAddress.java:1066)
	at com.mysql.cj.protocol.StandardSocketFactory.connect(StandardSocketFactory.java:130)
	at com.mysql.cj.protocol.a.NativeSocketConnection.connect(NativeSocketConnection.java:62)
	... 138 common frames omitted
2025-06-05 10:15:46,047 INFO Starting Nacos v2.5.0 using Java 1.8.0_432 on a6f2a6cec1c3 with PID 1 (/home/nacos/target/nacos-server.jar started by root in /home/nacos)

2025-06-05 10:15:46,048 INFO The following 1 profile is active: "standalone"

2025-06-05 10:15:46,256 INFO Load Nacos package exclude filter success, package prefix com.alibaba.nacos.config.server, filter com.alibaba.nacos.config.server.filter.ConfigEnabledFilter

2025-06-05 10:15:46,256 INFO Load Nacos package exclude filter success, package prefix com.alibaba.nacos.naming, filter com.alibaba.nacos.naming.config.NamingEnabledFilter

2025-06-05 10:15:46,257 INFO Load Nacos package exclude filter success, package prefix com.alibaba.nacos.istio, filter com.alibaba.nacos.istio.config.IstioEnabledFilter

2025-06-05 10:15:46,495 INFO Skip @SpringBootApplication annotation for class com.alibaba.nacos.config.server.Config to avoid duplicate scan

2025-06-05 10:15:46,733 INFO Skip @SpringBootApplication annotation for class com.alibaba.nacos.naming.NamingApp to avoid duplicate scan

2025-06-05 10:15:46,760 INFO Skip @SpringBootApplication annotation for class com.alibaba.nacos.cmdb.CmdbApp to avoid duplicate scan

2025-06-05 10:15:46,784 WARN Istio module disabled because set nacos.extension.naming.istio.enabled as false

2025-06-05 10:15:46,784 WARN Istio module disabled because set nacos.extension.naming.istio.enabled as false

2025-06-05 10:15:46,786 WARN Istio module disabled because set nacos.extension.naming.istio.enabled as false

2025-06-05 10:15:46,786 WARN Istio module disabled because set nacos.extension.naming.istio.enabled as false

2025-06-05 10:15:46,787 WARN Istio module disabled because set nacos.extension.naming.istio.enabled as false

2025-06-05 10:15:46,788 WARN Istio module disabled because set nacos.extension.naming.istio.enabled as false

2025-06-05 10:15:46,788 WARN Istio module disabled because set nacos.extension.naming.istio.enabled as false

2025-06-05 10:15:46,790 WARN Istio module disabled because set nacos.extension.naming.istio.enabled as false

2025-06-05 10:15:46,791 WARN Istio module disabled because set nacos.extension.naming.istio.enabled as false

2025-06-05 10:15:46,792 WARN Istio module disabled because set nacos.extension.naming.istio.enabled as false

2025-06-05 10:15:46,792 WARN Istio module disabled because set nacos.extension.naming.istio.enabled as false

2025-06-05 10:15:46,793 WARN Istio module disabled because set nacos.extension.naming.istio.enabled as false

2025-06-05 10:15:46,793 WARN Istio module disabled because set nacos.extension.naming.istio.enabled as false

2025-06-05 10:15:46,794 WARN Istio module disabled because set nacos.extension.naming.istio.enabled as false

2025-06-05 10:15:46,794 WARN Istio module disabled because set nacos.extension.naming.istio.enabled as false

2025-06-05 10:15:46,795 WARN Istio module disabled because set nacos.extension.naming.istio.enabled as false

2025-06-05 10:15:46,796 WARN Istio module disabled because set nacos.extension.naming.istio.enabled as false

2025-06-05 10:15:46,796 WARN Istio module disabled because set nacos.extension.naming.istio.enabled as false

2025-06-05 10:15:46,797 WARN Istio module disabled because set nacos.extension.naming.istio.enabled as false

2025-06-05 10:15:46,797 WARN Istio module disabled because set nacos.extension.naming.istio.enabled as false

2025-06-05 10:15:46,798 WARN Istio module disabled because set nacos.extension.naming.istio.enabled as false

2025-06-05 10:15:46,799 WARN Istio module disabled because set nacos.extension.naming.istio.enabled as false

2025-06-05 10:15:46,800 WARN Istio module disabled because set nacos.extension.naming.istio.enabled as false

2025-06-05 10:15:46,800 WARN Istio module disabled because set nacos.extension.naming.istio.enabled as false

2025-06-05 10:15:46,801 WARN Istio module disabled because set nacos.extension.naming.istio.enabled as false

2025-06-05 10:15:46,802 INFO Skip @SpringBootApplication annotation for class com.alibaba.nacos.istio.IstioApp to avoid duplicate scan

2025-06-05 10:15:46,802 WARN Istio module disabled because set nacos.extension.naming.istio.enabled as false

2025-06-05 10:15:46,803 WARN Istio module disabled because set nacos.extension.naming.istio.enabled as false

2025-06-05 10:15:46,804 WARN Istio module disabled because set nacos.extension.naming.istio.enabled as false

2025-06-05 10:15:46,805 WARN Istio module disabled because set nacos.extension.naming.istio.enabled as false

2025-06-05 10:15:46,806 WARN Istio module disabled because set nacos.extension.naming.istio.enabled as false

2025-06-05 10:15:46,807 WARN Istio module disabled because set nacos.extension.naming.istio.enabled as false

2025-06-05 10:15:46,807 WARN Istio module disabled because set nacos.extension.naming.istio.enabled as false

2025-06-05 10:15:46,808 WARN Istio module disabled because set nacos.extension.naming.istio.enabled as false

2025-06-05 10:15:46,808 WARN Istio module disabled because set nacos.extension.naming.istio.enabled as false

2025-06-05 10:15:46,809 WARN Istio module disabled because set nacos.extension.naming.istio.enabled as false

2025-06-05 10:15:46,810 WARN Istio module disabled because set nacos.extension.naming.istio.enabled as false

2025-06-05 10:15:47,734 INFO Skip @SpringBootApplication annotation for class com.alibaba.nacos.prometheus.PrometheusApp to avoid duplicate scan

2025-06-05 10:15:50,849 INFO Tomcat initialized with port(s): 8848 (http)

2025-06-05 10:15:50,864 INFO Starting service [Tomcat]

2025-06-05 10:15:50,864 INFO Starting Servlet engine: [Apache Tomcat/9.0.98]

2025-06-05 10:15:50,973 INFO Initializing Spring embedded WebApplicationContext

2025-06-05 10:15:50,973 INFO Root WebApplicationContext: initialization completed in 4844 ms

2025-06-05 10:15:51,051 INFO Not found ServerIdentityChecker implementation from SPI, use default.

2025-06-05 10:15:51,490 INFO Nacos-related cluster resource initialization

2025-06-05 10:15:51,505 INFO Load com.alibaba.nacos.core.ability.RemoteAbilityInitializer for ServerAbilityInitializer

2025-06-05 10:15:51,505 INFO Load com.alibaba.nacos.naming.ability.NamingAbilityInitializer for ServerAbilityInitializer

2025-06-05 10:15:51,512 INFO The cluster resource is initialized

2025-06-05 10:15:51,828 INFO HikariPool-1 - Starting...

2025-06-05 10:15:53,002 ERROR HikariPool-1 - Exception during pool initialization.

com.mysql.cj.jdbc.exceptions.CommunicationsException: Communications link failure

The last packet sent successfully to the server was 0 milliseconds ago. The driver has not received any packets from the server.
	at com.mysql.cj.jdbc.exceptions.SQLError.createCommunicationsException(SQLError.java:174)
	at com.mysql.cj.jdbc.exceptions.SQLExceptionsMapping.translateException(SQLExceptionsMapping.java:64)
	at com.mysql.cj.jdbc.ConnectionImpl.createNewIO(ConnectionImpl.java:815)
	at com.mysql.cj.jdbc.ConnectionImpl.<init>(ConnectionImpl.java:438)
	at com.mysql.cj.jdbc.ConnectionImpl.getInstance(ConnectionImpl.java:241)
	at com.mysql.cj.jdbc.NonRegisteringDriver.connect(NonRegisteringDriver.java:189)
	at com.zaxxer.hikari.util.DriverDataSource.getConnection(DriverDataSource.java:138)
	at com.zaxxer.hikari.pool.PoolBase.newConnection(PoolBase.java:354)
	at com.zaxxer.hikari.pool.PoolBase.newPoolEntry(PoolBase.java:202)
	at com.zaxxer.hikari.pool.HikariPool.createPoolEntry(HikariPool.java:473)
	at com.zaxxer.hikari.pool.HikariPool.checkFailFast(HikariPool.java:554)
	at com.zaxxer.hikari.pool.HikariPool.<init>(HikariPool.java:115)
	at com.zaxxer.hikari.HikariDataSource.getConnection(HikariDataSource.java:112)
	at com.alibaba.nacos.persistence.utils.ConnectionCheckUtil.checkDataSourceConnection(ConnectionCheckUtil.java:34)
	at com.alibaba.nacos.persistence.datasource.ExternalDataSourceServiceImpl.lambda$reload$0(ExternalDataSourceServiceImpl.java:138)
	at com.alibaba.nacos.persistence.datasource.ExternalDataSourceProperties.build(ExternalDataSourceProperties.java:97)
	at com.alibaba.nacos.persistence.datasource.ExternalDataSourceServiceImpl.reload(ExternalDataSourceServiceImpl.java:136)
	at com.alibaba.nacos.persistence.datasource.ExternalDataSourceServiceImpl.init(ExternalDataSourceServiceImpl.java:116)
	at com.alibaba.nacos.persistence.datasource.DynamicDataSource.getDataSource(DynamicDataSource.java:55)
	at com.alibaba.nacos.plugin.auth.impl.persistence.ExternalUserPersistServiceImpl.init(ExternalUserPersistServiceImpl.java:55)
	at sun.reflect.NativeMethodAccessorImpl.invoke0(Native Method)
	at sun.reflect.NativeMethodAccessorImpl.invoke(NativeMethodAccessorImpl.java:62)
	at sun.reflect.DelegatingMethodAccessorImpl.invoke(DelegatingMethodAccessorImpl.java:43)
	at java.lang.reflect.Method.invoke(Method.java:498)
	at org.springframework.beans.factory.annotation.InitDestroyAnnotationBeanPostProcessor$LifecycleElement.invoke(InitDestroyAnnotationBeanPostProcessor.java:389)
	at org.springframework.beans.factory.annotation.InitDestroyAnnotationBeanPostProcessor$LifecycleMetadata.invokeInitMethods(InitDestroyAnnotationBeanPostProcessor.java:333)
	at org.springframework.beans.factory.annotation.InitDestroyAnnotationBeanPostProcessor.postProcessBeforeInitialization(InitDestroyAnnotationBeanPostProcessor.java:157)
	at org.springframework.beans.factory.support.AbstractAutowireCapableBeanFactory.applyBeanPostProcessorsBeforeInitialization(AbstractAutowireCapableBeanFactory.java:440)
	at org.springframework.beans.factory.support.AbstractAutowireCapableBeanFactory.initializeBean(AbstractAutowireCapableBeanFactory.java:1796)
	at org.springframework.beans.factory.support.AbstractAutowireCapableBeanFactory.doCreateBean(AbstractAutowireCapableBeanFactory.java:620)
	at org.springframework.beans.factory.support.AbstractAutowireCapableBeanFactory.createBean(AbstractAutowireCapableBeanFactory.java:542)
	at org.springframework.beans.factory.support.AbstractBeanFactory.lambda$doGetBean$0(AbstractBeanFactory.java:336)
	at org.springframework.beans.factory.support.DefaultSingletonBeanRegistry.getSingleton(DefaultSingletonBeanRegistry.java:234)
	at org.springframework.beans.factory.support.AbstractBeanFactory.doGetBean(AbstractBeanFactory.java:334)
	at org.springframework.beans.factory.support.AbstractBeanFactory.getBean(AbstractBeanFactory.java:209)
	at org.springframework.beans.factory.config.DependencyDescriptor.resolveCandidate(DependencyDescriptor.java:276)
	at org.springframework.beans.factory.support.DefaultListableBeanFactory.doResolveDependency(DefaultListableBeanFactory.java:1391)
	at org.springframework.beans.factory.support.DefaultListableBeanFactory.resolveDependency(DefaultListableBeanFactory.java:1311)
	at org.springframework.beans.factory.annotation.AutowiredAnnotationBeanPostProcessor$AutowiredFieldElement.resolveFieldValue(AutowiredAnnotationBeanPostProcessor.java:710)
	at org.springframework.beans.factory.annotation.AutowiredAnnotationBeanPostProcessor$AutowiredFieldElement.inject(AutowiredAnnotationBeanPostProcessor.java:693)
	at org.springframework.beans.factory.annotation.InjectionMetadata.inject(InjectionMetadata.java:119)
	at org.springframework.beans.factory.annotation.AutowiredAnnotationBeanPostProcessor.postProcessProperties(AutowiredAnnotationBeanPostProcessor.java:408)
	at org.springframework.beans.factory.support.AbstractAutowireCapableBeanFactory.populateBean(AbstractAutowireCapableBeanFactory.java:1431)
	at org.springframework.beans.factory.support.AbstractAutowireCapableBeanFactory.doCreateBean(AbstractAutowireCapableBeanFactory.java:619)
	at org.springframework.beans.factory.support.AbstractAutowireCapableBeanFactory.createBean(AbstractAutowireCapableBeanFactory.java:542)
	at org.springframework.beans.factory.support.AbstractBeanFactory.lambda$doGetBean$0(AbstractBeanFactory.java:336)
	at org.springframework.beans.factory.support.DefaultSingletonBeanRegistry.getSingleton(DefaultSingletonBeanRegistry.java:234)
	at org.springframework.beans.factory.support.AbstractBeanFactory.doGetBean(AbstractBeanFactory.java:334)
	at org.springframework.beans.factory.support.AbstractBeanFactory.getBean(AbstractBeanFactory.java:209)
	at org.springframework.beans.factory.config.DependencyDescriptor.resolveCandidate(DependencyDescriptor.java:276)
	at org.springframework.beans.factory.support.DefaultListableBeanFactory.doResolveDependency(DefaultListableBeanFactory.java:1391)
	at org.springframework.beans.factory.support.DefaultListableBeanFactory.resolveDependency(DefaultListableBeanFactory.java:1311)
	at org.springframework.beans.factory.support.ConstructorResolver.resolveAutowiredArgument(ConstructorResolver.java:904)
	at org.springframework.beans.factory.support.ConstructorResolver.createArgumentArray(ConstructorResolver.java:781)
	at org.springframework.beans.factory.support.ConstructorResolver.autowireConstructor(ConstructorResolver.java:220)
	at org.springframework.beans.factory.support.AbstractAutowireCapableBeanFactory.autowireConstructor(AbstractAutowireCapableBeanFactory.java:1372)
	at org.springframework.beans.factory.support.AbstractAutowireCapableBeanFactory.createBeanInstance(AbstractAutowireCapableBeanFactory.java:1222)
	at org.springframework.beans.factory.support.AbstractAutowireCapableBeanFactory.doCreateBean(AbstractAutowireCapableBeanFactory.java:582)
	at org.springframework.beans.factory.support.AbstractAutowireCapableBeanFactory.createBean(AbstractAutowireCapableBeanFactory.java:542)
	at org.springframework.beans.factory.support.AbstractBeanFactory.lambda$doGetBean$0(AbstractBeanFactory.java:336)
	at org.springframework.beans.factory.support.DefaultSingletonBeanRegistry.getSingleton(DefaultSingletonBeanRegistry.java:234)
	at org.springframework.beans.factory.support.AbstractBeanFactory.doGetBean(AbstractBeanFactory.java:334)
	at org.springframework.beans.factory.support.AbstractBeanFactory.getBean(AbstractBeanFactory.java:209)
	at org.springframework.beans.factory.support.ConstructorResolver.instantiateUsingFactoryMethod(ConstructorResolver.java:401)
	at org.springframework.beans.factory.support.AbstractAutowireCapableBeanFactory.instantiateUsingFactoryMethod(AbstractAutowireCapableBeanFactory.java:1352)
	at org.springframework.beans.factory.support.AbstractAutowireCapableBeanFactory.createBeanInstance(AbstractAutowireCapableBeanFactory.java:1195)
	at org.springframework.beans.factory.support.AbstractAutowireCapableBeanFactory.doCreateBean(AbstractAutowireCapableBeanFactory.java:582)
	at org.springframework.beans.factory.support.AbstractAutowireCapableBeanFactory.createBean(AbstractAutowireCapableBeanFactory.java:542)
	at org.springframework.beans.factory.support.AbstractBeanFactory.lambda$doGetBean$0(AbstractBeanFactory.java:336)
	at org.springframework.beans.factory.support.DefaultSingletonBeanRegistry.getSingleton(DefaultSingletonBeanRegistry.java:234)
	at org.springframework.beans.factory.support.AbstractBeanFactory.doGetBean(AbstractBeanFactory.java:334)
	at org.springframework.beans.factory.support.AbstractBeanFactory.getBean(AbstractBeanFactory.java:209)
	at org.springframework.beans.factory.config.DependencyDescriptor.resolveCandidate(DependencyDescriptor.java:276)
	at org.springframework.beans.factory.support.DefaultListableBeanFactory.doResolveDependency(DefaultListableBeanFactory.java:1391)
	at org.springframework.beans.factory.support.DefaultListableBeanFactory.resolveDependency(DefaultListableBeanFactory.java:1311)
	at org.springframework.beans.factory.support.ConstructorResolver.resolveAutowiredArgument(ConstructorResolver.java:904)
	at org.springframework.beans.factory.support.ConstructorResolver.createArgumentArray(ConstructorResolver.java:781)
	at org.springframework.beans.factory.support.ConstructorResolver.instantiateUsingFactoryMethod(ConstructorResolver.java:532)
	at org.springframework.beans.factory.support.AbstractAutowireCapableBeanFactory.instantiateUsingFactoryMethod(AbstractAutowireCapableBeanFactory.java:1352)
	at org.springframework.beans.factory.support.AbstractAutowireCapableBeanFactory.createBeanInstance(AbstractAutowireCapableBeanFactory.java:1195)
	at org.springframework.beans.factory.support.AbstractAutowireCapableBeanFactory.doCreateBean(AbstractAutowireCapableBeanFactory.java:582)
	at org.springframework.beans.factory.support.AbstractAutowireCapableBeanFactory.createBean(AbstractAutowireCapableBeanFactory.java:542)
	at org.springframework.beans.factory.support.AbstractBeanFactory.lambda$doGetBean$0(AbstractBeanFactory.java:336)
	at org.springframework.beans.factory.support.DefaultSingletonBeanRegistry.getSingleton(DefaultSingletonBeanRegistry.java:234)
	at org.springframework.beans.factory.support.AbstractBeanFactory.doGetBean(AbstractBeanFactory.java:334)
	at org.springframework.beans.factory.support.AbstractBeanFactory.getBean(AbstractBeanFactory.java:214)
	at org.springframework.boot.web.servlet.ServletContextInitializerBeans.getOrderedBeansOfType(ServletContextInitializerBeans.java:213)
	at org.springframework.boot.web.servlet.ServletContextInitializerBeans.getOrderedBeansOfType(ServletContextInitializerBeans.java:204)
	at org.springframework.boot.web.servlet.ServletContextInitializerBeans.addServletContextInitializerBeans(ServletContextInitializerBeans.java:98)
	at org.springframework.boot.web.servlet.ServletContextInitializerBeans.<init>(ServletContextInitializerBeans.java:86)
	at org.springframework.boot.web.servlet.context.ServletWebServerApplicationContext.getServletContextInitializerBeans(ServletWebServerApplicationContext.java:262)
	at org.springframework.boot.web.servlet.context.ServletWebServerApplicationContext.selfInitialize(ServletWebServerApplicationContext.java:236)
	at org.springframework.boot.web.embedded.tomcat.TomcatStarter.onStartup(TomcatStarter.java:53)
	at org.apache.catalina.core.StandardContext.startInternal(StandardContext.java:4450)
	at org.apache.catalina.util.LifecycleBase.start(LifecycleBase.java:164)
	at org.apache.catalina.core.ContainerBase$StartChild.call(ContainerBase.java:1203)
	at org.apache.catalina.core.ContainerBase$StartChild.call(ContainerBase.java:1193)
	at java.util.concurrent.FutureTask.run(FutureTask.java:266)
	at org.apache.tomcat.util.threads.InlineExecutorService.execute(InlineExecutorService.java:75)
	at java.util.concurrent.AbstractExecutorService.submit(AbstractExecutorService.java:134)
	at org.apache.catalina.core.ContainerBase.startInternal(ContainerBase.java:749)
	at org.apache.catalina.core.StandardHost.startInternal(StandardHost.java:721)
	at org.apache.catalina.util.LifecycleBase.start(LifecycleBase.java:164)
	at org.apache.catalina.core.ContainerBase$StartChild.call(ContainerBase.java:1203)
	at org.apache.catalina.core.ContainerBase$StartChild.call(ContainerBase.java:1193)
	at java.util.concurrent.FutureTask.run(FutureTask.java:266)
	at org.apache.tomcat.util.threads.InlineExecutorService.execute(InlineExecutorService.java:75)
	at java.util.concurrent.AbstractExecutorService.submit(AbstractExecutorService.java:134)
	at org.apache.catalina.core.ContainerBase.startInternal(ContainerBase.java:749)
	at org.apache.catalina.core.StandardEngine.startInternal(StandardEngine.java:211)
	at org.apache.catalina.util.LifecycleBase.start(LifecycleBase.java:164)
	at org.apache.catalina.core.StandardService.startInternal(StandardService.java:415)
	at org.apache.catalina.util.LifecycleBase.start(LifecycleBase.java:164)
	at org.apache.catalina.core.StandardServer.startInternal(StandardServer.java:874)
	at org.apache.catalina.util.LifecycleBase.start(LifecycleBase.java:164)
	at org.apache.catalina.startup.Tomcat.start(Tomcat.java:438)
	at org.springframework.boot.web.embedded.tomcat.TomcatWebServer.initialize(TomcatWebServer.java:123)
	at org.springframework.boot.web.embedded.tomcat.TomcatWebServer.<init>(TomcatWebServer.java:104)
	at org.springframework.boot.web.embedded.tomcat.TomcatServletWebServerFactory.getTomcatWebServer(TomcatServletWebServerFactory.java:481)
	at org.springframework.boot.web.embedded.tomcat.TomcatServletWebServerFactory.getWebServer(TomcatServletWebServerFactory.java:211)
	at org.springframework.boot.web.servlet.context.ServletWebServerApplicationContext.createWebServer(ServletWebServerApplicationContext.java:184)
	at org.springframework.boot.web.servlet.context.ServletWebServerApplicationContext.onRefresh(ServletWebServerApplicationContext.java:162)
	at org.springframework.context.support.AbstractApplicationContext.refresh(AbstractApplicationContext.java:585)
	at org.springframework.boot.web.servlet.context.ServletWebServerApplicationContext.refresh(ServletWebServerApplicationContext.java:147)
	at org.springframework.boot.SpringApplication.refresh(SpringApplication.java:732)
	at org.springframework.boot.SpringApplication.refreshContext(SpringApplication.java:409)
	at org.springframework.boot.SpringApplication.run(SpringApplication.java:308)
	at org.springframework.boot.SpringApplication.run(SpringApplication.java:1300)
	at org.springframework.boot.SpringApplication.run(SpringApplication.java:1289)
	at com.alibaba.nacos.Nacos.main(Nacos.java:46)
	at sun.reflect.NativeMethodAccessorImpl.invoke0(Native Method)
	at sun.reflect.NativeMethodAccessorImpl.invoke(NativeMethodAccessorImpl.java:62)
	at sun.reflect.DelegatingMethodAccessorImpl.invoke(DelegatingMethodAccessorImpl.java:43)
	at java.lang.reflect.Method.invoke(Method.java:498)
	at org.springframework.boot.loader.MainMethodRunner.run(MainMethodRunner.java:49)
	at org.springframework.boot.loader.Launcher.launch(Launcher.java:108)
	at org.springframework.boot.loader.Launcher.launch(Launcher.java:58)
	at org.springframework.boot.loader.PropertiesLauncher.main(PropertiesLauncher.java:467)
Caused by: com.mysql.cj.exceptions.CJCommunicationsException: Communications link failure

The last packet sent successfully to the server was 0 milliseconds ago. The driver has not received any packets from the server.
	at sun.reflect.NativeConstructorAccessorImpl.newInstance0(Native Method)
	at sun.reflect.NativeConstructorAccessorImpl.newInstance(NativeConstructorAccessorImpl.java:62)
	at sun.reflect.DelegatingConstructorAccessorImpl.newInstance(DelegatingConstructorAccessorImpl.java:45)
	at java.lang.reflect.Constructor.newInstance(Constructor.java:423)
	at com.mysql.cj.exceptions.ExceptionFactory.createException(ExceptionFactory.java:61)
	at com.mysql.cj.exceptions.ExceptionFactory.createException(ExceptionFactory.java:104)
	at com.mysql.cj.exceptions.ExceptionFactory.createException(ExceptionFactory.java:149)
	at com.mysql.cj.exceptions.ExceptionFactory.createCommunicationsException(ExceptionFactory.java:165)
	at com.mysql.cj.protocol.a.NativeSocketConnection.connect(NativeSocketConnection.java:88)
	at com.mysql.cj.NativeSession.connect(NativeSession.java:120)
	at com.mysql.cj.jdbc.ConnectionImpl.connectOneTryOnly(ConnectionImpl.java:935)
	at com.mysql.cj.jdbc.ConnectionImpl.createNewIO(ConnectionImpl.java:805)
	... 135 common frames omitted
Caused by: java.net.UnknownHostException: mysql: Name does not resolve
	at java.net.Inet6AddressImpl.lookupAllHostAddr(Native Method)
	at java.net.InetAddress$2.lookupAllHostAddr(InetAddress.java:868)
	at java.net.InetAddress.getAddressesFromNameService(InetAddress.java:1303)
	at java.net.InetAddress$NameServiceAddresses.get(InetAddress.java:816)
	at java.net.InetAddress.getAllByName0(InetAddress.java:1292)
	at java.net.InetAddress.getAllByName(InetAddress.java:1145)
	at java.net.InetAddress.getAllByName(InetAddress.java:1066)
	at com.mysql.cj.protocol.StandardSocketFactory.connect(StandardSocketFactory.java:130)
	at com.mysql.cj.protocol.a.NativeSocketConnection.connect(NativeSocketConnection.java:62)
	... 138 common frames omitted
2025-06-05 10:15:53,015 ERROR Error starting Tomcat context. Exception: org.springframework.beans.factory.UnsatisfiedDependencyException. Message: Error creating bean with name 'basicAuthenticationFilter' defined in class path resource [com/alibaba/nacos/prometheus/filter/PrometheusAuthFilter.class]: Unsatisfied dependency expressed through method 'basicAuthenticationFilter' parameter 0; nested exception is org.springframework.beans.factory.UnsatisfiedDependencyException: Error creating bean with name 'nacosAuthConfig' defined in URL [jar:file:/home/nacos/target/nacos-server.jar!/BOOT-INF/lib/default-auth-plugin-2.5.0.jar!/com/alibaba/nacos/plugin/auth/impl/NacosAuthConfig.class]: Unsatisfied dependency expressed through constructor parameter 3; nested exception is org.springframework.beans.factory.UnsatisfiedDependencyException: Error creating bean with name 'nacosUserDetailsServiceImpl': Unsatisfied dependency expressed through field 'userPersistService'; nested exception is org.springframework.beans.factory.BeanCreationException: Error creating bean with name 'externalUserPersistServiceImpl': Invocation of init method failed; nested exception is java.lang.RuntimeException: java.lang.RuntimeException: [db-load-error]load jdbc.properties error

2025-06-05 10:15:53,043 INFO Stopping service [Tomcat]

2025-06-05 10:15:53,047 WARN The web application [nacos] appears to have started a thread named [nacos.publisher-com.alibaba.nacos.common.event.ServerConfigChangeEvent] but has failed to stop it. This is very likely to create a memory leak. Stack trace of thread:
 sun.misc.Unsafe.park(Native Method)
 java.util.concurrent.locks.LockSupport.park(LockSupport.java:175)
 java.util.concurrent.locks.AbstractQueuedSynchronizer$ConditionObject.await(AbstractQueuedSynchronizer.java:2039)
 java.util.concurrent.ArrayBlockingQueue.take(ArrayBlockingQueue.java:403)
 com.alibaba.nacos.common.notify.DefaultPublisher.openEventHandler(DefaultPublisher.java:111)
 com.alibaba.nacos.common.notify.DefaultPublisher.run(DefaultPublisher.java:95)

2025-06-05 10:15:53,051 WARN The web application [nacos] appears to have started a thread named [nacos-http-async-client.0] but has failed to stop it. This is very likely to create a memory leak. Stack trace of thread:
 sun.nio.ch.EPollArrayWrapper.epollWait(Native Method)
 sun.nio.ch.EPollArrayWrapper.poll(EPollArrayWrapper.java:269)
 sun.nio.ch.EPollSelectorImpl.doSelect(EPollSelectorImpl.java:93)
 sun.nio.ch.SelectorImpl.lockAndDoSelect(SelectorImpl.java:86)
 sun.nio.ch.SelectorImpl.select(SelectorImpl.java:97)
 org.apache.http.impl.nio.reactor.AbstractMultiworkerIOReactor.execute(AbstractMultiworkerIOReactor.java:343)
 org.apache.http.impl.nio.conn.PoolingNHttpClientConnectionManager.execute(PoolingNHttpClientConnectionManager.java:221)
 org.apache.http.impl.nio.client.CloseableHttpAsyncClientBase$1.run(CloseableHttpAsyncClientBase.java:64)
 java.lang.Thread.run(Thread.java:750)

2025-06-05 10:15:53,051 WARN The web application [nacos] appears to have started a thread named [nacos.publisher-com.alibaba.nacos.core.cluster.MembersChangeEvent] but has failed to stop it. This is very likely to create a memory leak. Stack trace of thread:
 sun.misc.Unsafe.park(Native Method)
 java.util.concurrent.locks.LockSupport.park(LockSupport.java:175)
 java.util.concurrent.locks.AbstractQueuedSynchronizer$ConditionObject.await(AbstractQueuedSynchronizer.java:2039)
 java.util.concurrent.ArrayBlockingQueue.take(ArrayBlockingQueue.java:403)
 com.alibaba.nacos.common.notify.DefaultPublisher.openEventHandler(DefaultPublisher.java:111)
 com.alibaba.nacos.common.notify.DefaultPublisher.run(DefaultPublisher.java:95)

2025-06-05 10:15:53,053 WARN The web application [nacos] appears to have started a thread named [nacos-http-async-client#I/O Reactor.0] but has failed to stop it. This is very likely to create a memory leak. Stack trace of thread:
 sun.nio.ch.EPollArrayWrapper.epollWait(Native Method)
 sun.nio.ch.EPollArrayWrapper.poll(EPollArrayWrapper.java:269)
 sun.nio.ch.EPollSelectorImpl.doSelect(EPollSelectorImpl.java:93)
 sun.nio.ch.SelectorImpl.lockAndDoSelect(SelectorImpl.java:86)
 sun.nio.ch.SelectorImpl.select(SelectorImpl.java:97)
 org.apache.http.impl.nio.reactor.AbstractIOReactor.execute(AbstractIOReactor.java:255)
 org.apache.http.impl.nio.reactor.BaseIOReactor.execute(BaseIOReactor.java:104)
 org.apache.http.impl.nio.reactor.AbstractMultiworkerIOReactor$Worker.run(AbstractMultiworkerIOReactor.java:591)
 java.lang.Thread.run(Thread.java:750)

2025-06-05 10:15:53,057 WARN The web application [nacos] appears to have started a thread named [nacos-http-async-client#I/O Reactor.1] but has failed to stop it. This is very likely to create a memory leak. Stack trace of thread:
 sun.nio.ch.EPollArrayWrapper.epollWait(Native Method)
 sun.nio.ch.EPollArrayWrapper.poll(EPollArrayWrapper.java:269)
 sun.nio.ch.EPollSelectorImpl.doSelect(EPollSelectorImpl.java:93)
 sun.nio.ch.SelectorImpl.lockAndDoSelect(SelectorImpl.java:86)
 sun.nio.ch.SelectorImpl.select(SelectorImpl.java:97)
 org.apache.http.impl.nio.reactor.AbstractIOReactor.execute(AbstractIOReactor.java:255)
 org.apache.http.impl.nio.reactor.BaseIOReactor.execute(BaseIOReactor.java:104)
 org.apache.http.impl.nio.reactor.AbstractMultiworkerIOReactor$Worker.run(AbstractMultiworkerIOReactor.java:591)
 java.lang.Thread.run(Thread.java:750)

2025-06-05 10:15:53,058 WARN The web application [nacos] appears to have started a thread named [nacos-http-async-client#I/O Reactor.2] but has failed to stop it. This is very likely to create a memory leak. Stack trace of thread:
 sun.nio.ch.EPollArrayWrapper.epollWait(Native Method)
 sun.nio.ch.EPollArrayWrapper.poll(EPollArrayWrapper.java:269)
 sun.nio.ch.EPollSelectorImpl.doSelect(EPollSelectorImpl.java:93)
 sun.nio.ch.SelectorImpl.lockAndDoSelect(SelectorImpl.java:86)
 sun.nio.ch.SelectorImpl.select(SelectorImpl.java:97)
 org.apache.http.impl.nio.reactor.AbstractIOReactor.execute(AbstractIOReactor.java:255)
 org.apache.http.impl.nio.reactor.BaseIOReactor.execute(BaseIOReactor.java:104)
 org.apache.http.impl.nio.reactor.AbstractMultiworkerIOReactor$Worker.run(AbstractMultiworkerIOReactor.java:591)
 java.lang.Thread.run(Thread.java:750)

2025-06-05 10:15:53,059 WARN The web application [nacos] appears to have started a thread named [nacos-http-async-client#I/O Reactor.3] but has failed to stop it. This is very likely to create a memory leak. Stack trace of thread:
 sun.nio.ch.EPollArrayWrapper.epollWait(Native Method)
 sun.nio.ch.EPollArrayWrapper.poll(EPollArrayWrapper.java:269)
 sun.nio.ch.EPollSelectorImpl.doSelect(EPollSelectorImpl.java:93)
 sun.nio.ch.SelectorImpl.lockAndDoSelect(SelectorImpl.java:86)
 sun.nio.ch.SelectorImpl.select(SelectorImpl.java:97)
 org.apache.http.impl.nio.reactor.AbstractIOReactor.execute(AbstractIOReactor.java:255)
 org.apache.http.impl.nio.reactor.BaseIOReactor.execute(BaseIOReactor.java:104)
 org.apache.http.impl.nio.reactor.AbstractMultiworkerIOReactor$Worker.run(AbstractMultiworkerIOReactor.java:591)
 java.lang.Thread.run(Thread.java:750)

2025-06-05 10:15:53,060 WARN The web application [nacos] appears to have started a thread named [com.alibaba.nacos.core.distributed.distro.task.delay.DistroDelayTaskExecuteEngine.0] but has failed to stop it. This is very likely to create a memory leak. Stack trace of thread:
 sun.misc.Unsafe.park(Native Method)
 java.util.concurrent.locks.LockSupport.parkNanos(LockSupport.java:215)
 java.util.concurrent.locks.AbstractQueuedSynchronizer$ConditionObject.awaitNanos(AbstractQueuedSynchronizer.java:2078)
 java.util.concurrent.ScheduledThreadPoolExecutor$DelayedWorkQueue.take(ScheduledThreadPoolExecutor.java:1093)
 java.util.concurrent.ScheduledThreadPoolExecutor$DelayedWorkQueue.take(ScheduledThreadPoolExecutor.java:809)
 java.util.concurrent.ThreadPoolExecutor.getTask(ThreadPoolExecutor.java:1074)
 java.util.concurrent.ThreadPoolExecutor.runWorker(ThreadPoolExecutor.java:1134)
 java.util.concurrent.ThreadPoolExecutor$Worker.run(ThreadPoolExecutor.java:624)
 java.lang.Thread.run(Thread.java:750)

2025-06-05 10:15:53,061 WARN The web application [nacos] appears to have started a thread named [DistroExecuteTaskExecuteEngine_0%4] but has failed to stop it. This is very likely to create a memory leak. Stack trace of thread:
 sun.misc.Unsafe.park(Native Method)
 java.util.concurrent.locks.LockSupport.park(LockSupport.java:175)
 java.util.concurrent.locks.AbstractQueuedSynchronizer$ConditionObject.await(AbstractQueuedSynchronizer.java:2039)
 java.util.concurrent.ArrayBlockingQueue.take(ArrayBlockingQueue.java:403)
 com.alibaba.nacos.common.task.engine.TaskExecuteWorker$InnerWorker.run(TaskExecuteWorker.java:118)

2025-06-05 10:15:53,062 WARN The web application [nacos] appears to have started a thread named [DistroExecuteTaskExecuteEngine_1%4] but has failed to stop it. This is very likely to create a memory leak. Stack trace of thread:
 sun.misc.Unsafe.park(Native Method)
 java.util.concurrent.locks.LockSupport.park(LockSupport.java:175)
 java.util.concurrent.locks.AbstractQueuedSynchronizer$ConditionObject.await(AbstractQueuedSynchronizer.java:2039)
 java.util.concurrent.ArrayBlockingQueue.take(ArrayBlockingQueue.java:403)
 com.alibaba.nacos.common.task.engine.TaskExecuteWorker$InnerWorker.run(TaskExecuteWorker.java:118)

2025-06-05 10:15:53,063 WARN The web application [nacos] appears to have started a thread named [DistroExecuteTaskExecuteEngine_2%4] but has failed to stop it. This is very likely to create a memory leak. Stack trace of thread:
 sun.misc.Unsafe.park(Native Method)
 java.util.concurrent.locks.LockSupport.park(LockSupport.java:175)
 java.util.concurrent.locks.AbstractQueuedSynchronizer$ConditionObject.await(AbstractQueuedSynchronizer.java:2039)
 java.util.concurrent.ArrayBlockingQueue.take(ArrayBlockingQueue.java:403)
 com.alibaba.nacos.common.task.engine.TaskExecuteWorker$InnerWorker.run(TaskExecuteWorker.java:118)

2025-06-05 10:15:53,064 WARN The web application [nacos] appears to have started a thread named [DistroExecuteTaskExecuteEngine_3%4] but has failed to stop it. This is very likely to create a memory leak. Stack trace of thread:
 sun.misc.Unsafe.park(Native Method)
 java.util.concurrent.locks.LockSupport.park(LockSupport.java:175)
 java.util.concurrent.locks.AbstractQueuedSynchronizer$ConditionObject.await(AbstractQueuedSynchronizer.java:2039)
 java.util.concurrent.ArrayBlockingQueue.take(ArrayBlockingQueue.java:403)
 com.alibaba.nacos.common.task.engine.TaskExecuteWorker$InnerWorker.run(TaskExecuteWorker.java:118)

2025-06-05 10:15:53,065 WARN The web application [nacos] appears to have started a thread named [com.alibaba.nacos.naming.timer.0] but has failed to stop it. This is very likely to create a memory leak. Stack trace of thread:
 sun.misc.Unsafe.park(Native Method)
 java.util.concurrent.locks.LockSupport.parkNanos(LockSupport.java:215)
 java.util.concurrent.locks.AbstractQueuedSynchronizer$ConditionObject.awaitNanos(AbstractQueuedSynchronizer.java:2078)
 java.util.concurrent.ScheduledThreadPoolExecutor$DelayedWorkQueue.take(ScheduledThreadPoolExecutor.java:1093)
 java.util.concurrent.ScheduledThreadPoolExecutor$DelayedWorkQueue.take(ScheduledThreadPoolExecutor.java:809)
 java.util.concurrent.ThreadPoolExecutor.getTask(ThreadPoolExecutor.java:1074)
 java.util.concurrent.ThreadPoolExecutor.runWorker(ThreadPoolExecutor.java:1134)
 java.util.concurrent.ThreadPoolExecutor$Worker.run(ThreadPoolExecutor.java:624)
 java.lang.Thread.run(Thread.java:750)

2025-06-05 10:15:53,067 WARN The web application [nacos] appears to have started a thread named [com.alibaba.nacos.naming.timer.1] but has failed to stop it. This is very likely to create a memory leak. Stack trace of thread:
 sun.misc.Unsafe.park(Native Method)
 java.util.concurrent.locks.LockSupport.park(LockSupport.java:175)
 java.util.concurrent.locks.AbstractQueuedSynchronizer$ConditionObject.await(AbstractQueuedSynchronizer.java:2039)
 java.util.concurrent.ScheduledThreadPoolExecutor$DelayedWorkQueue.take(ScheduledThreadPoolExecutor.java:1088)
 java.util.concurrent.ScheduledThreadPoolExecutor$DelayedWorkQueue.take(ScheduledThreadPoolExecutor.java:809)
 java.util.concurrent.ThreadPoolExecutor.getTask(ThreadPoolExecutor.java:1074)
 java.util.concurrent.ThreadPoolExecutor.runWorker(ThreadPoolExecutor.java:1134)
 java.util.concurrent.ThreadPoolExecutor$Worker.run(ThreadPoolExecutor.java:624)
 java.lang.Thread.run(Thread.java:750)

2025-06-05 10:15:53,067 WARN The web application [nacos] appears to have started a thread named [naming.publisher-ClientOperationEvent] but has failed to stop it. This is very likely to create a memory leak. Stack trace of thread:
 sun.misc.Unsafe.park(Native Method)
 java.util.concurrent.locks.LockSupport.park(LockSupport.java:175)
 java.util.concurrent.locks.AbstractQueuedSynchronizer$ConditionObject.await(AbstractQueuedSynchronizer.java:2039)
 java.util.concurrent.ArrayBlockingQueue.take(ArrayBlockingQueue.java:403)
 com.alibaba.nacos.naming.core.v2.event.publisher.NamingEventPublisher.handleEvents(NamingEventPublisher.java:156)
 com.alibaba.nacos.naming.core.v2.event.publisher.NamingEventPublisher.run(NamingEventPublisher.java:135)

2025-06-05 10:15:53,068 WARN The web application [nacos] appears to have started a thread named [naming.publisher-MetadataEvent] but has failed to stop it. This is very likely to create a memory leak. Stack trace of thread:
 sun.misc.Unsafe.park(Native Method)
 java.util.concurrent.locks.LockSupport.park(LockSupport.java:175)
 java.util.concurrent.locks.AbstractQueuedSynchronizer$ConditionObject.await(AbstractQueuedSynchronizer.java:2039)
 java.util.concurrent.ArrayBlockingQueue.take(ArrayBlockingQueue.java:403)
 com.alibaba.nacos.naming.core.v2.event.publisher.NamingEventPublisher.handleEvents(NamingEventPublisher.java:156)
 com.alibaba.nacos.naming.core.v2.event.publisher.NamingEventPublisher.run(NamingEventPublisher.java:135)

2025-06-05 10:15:53,069 WARN The web application [nacos] appears to have started a thread named [naming.publisher-ClientEvent] but has failed to stop it. This is very likely to create a memory leak. Stack trace of thread:
 sun.misc.Unsafe.park(Native Method)
 java.util.concurrent.locks.LockSupport.park(LockSupport.java:175)
 java.util.concurrent.locks.AbstractQueuedSynchronizer$ConditionObject.await(AbstractQueuedSynchronizer.java:2039)
 java.util.concurrent.ArrayBlockingQueue.take(ArrayBlockingQueue.java:403)
 com.alibaba.nacos.naming.core.v2.event.publisher.NamingEventPublisher.handleEvents(NamingEventPublisher.java:156)
 com.alibaba.nacos.naming.core.v2.event.publisher.NamingEventPublisher.run(NamingEventPublisher.java:135)

2025-06-05 10:15:53,070 WARN The web application [nacos] appears to have started a thread named [com.alibaba.nacos.naming.remote-connection-manager.0] but has failed to stop it. This is very likely to create a memory leak. Stack trace of thread:
 sun.misc.Unsafe.park(Native Method)
 java.util.concurrent.locks.LockSupport.parkNanos(LockSupport.java:215)
 java.util.concurrent.locks.AbstractQueuedSynchronizer$ConditionObject.awaitNanos(AbstractQueuedSynchronizer.java:2078)
 java.util.concurrent.ScheduledThreadPoolExecutor$DelayedWorkQueue.take(ScheduledThreadPoolExecutor.java:1093)
 java.util.concurrent.ScheduledThreadPoolExecutor$DelayedWorkQueue.take(ScheduledThreadPoolExecutor.java:809)
 java.util.concurrent.ThreadPoolExecutor.getTask(ThreadPoolExecutor.java:1074)
 java.util.concurrent.ThreadPoolExecutor.runWorker(ThreadPoolExecutor.java:1134)
 java.util.concurrent.ThreadPoolExecutor$Worker.run(ThreadPoolExecutor.java:624)
 java.lang.Thread.run(Thread.java:750)

2025-06-05 10:15:53,073 WARN Exception encountered during context initialization - cancelling refresh attempt: org.springframework.context.ApplicationContextException: Unable to start web server; nested exception is org.springframework.boot.web.server.WebServerException: Unable to start embedded Tomcat

2025-06-05 10:15:53,084 INFO Nacos Log files: /home/nacos/logs

2025-06-05 10:15:53,085 INFO Nacos Log files: /home/nacos/conf

2025-06-05 10:15:53,085 INFO Nacos Log files: /home/nacos/data

2025-06-05 10:15:53,087 ERROR Startup errors : 

org.springframework.context.ApplicationContextException: Unable to start web server; nested exception is org.springframework.boot.web.server.WebServerException: Unable to start embedded Tomcat
	at org.springframework.boot.web.servlet.context.ServletWebServerApplicationContext.onRefresh(ServletWebServerApplicationContext.java:165)
	at org.springframework.context.support.AbstractApplicationContext.refresh(AbstractApplicationContext.java:585)
	at org.springframework.boot.web.servlet.context.ServletWebServerApplicationContext.refresh(ServletWebServerApplicationContext.java:147)
	at org.springframework.boot.SpringApplication.refresh(SpringApplication.java:732)
	at org.springframework.boot.SpringApplication.refreshContext(SpringApplication.java:409)
	at org.springframework.boot.SpringApplication.run(SpringApplication.java:308)
	at org.springframework.boot.SpringApplication.run(SpringApplication.java:1300)
	at org.springframework.boot.SpringApplication.run(SpringApplication.java:1289)
	at com.alibaba.nacos.Nacos.main(Nacos.java:46)
	at sun.reflect.NativeMethodAccessorImpl.invoke0(Native Method)
	at sun.reflect.NativeMethodAccessorImpl.invoke(NativeMethodAccessorImpl.java:62)
	at sun.reflect.DelegatingMethodAccessorImpl.invoke(DelegatingMethodAccessorImpl.java:43)
	at java.lang.reflect.Method.invoke(Method.java:498)
	at org.springframework.boot.loader.MainMethodRunner.run(MainMethodRunner.java:49)
	at org.springframework.boot.loader.Launcher.launch(Launcher.java:108)
	at org.springframework.boot.loader.Launcher.launch(Launcher.java:58)
	at org.springframework.boot.loader.PropertiesLauncher.main(PropertiesLauncher.java:467)
Caused by: org.springframework.boot.web.server.WebServerException: Unable to start embedded Tomcat
	at org.springframework.boot.web.embedded.tomcat.TomcatWebServer.initialize(TomcatWebServer.java:142)
	at org.springframework.boot.web.embedded.tomcat.TomcatWebServer.<init>(TomcatWebServer.java:104)
	at org.springframework.boot.web.embedded.tomcat.TomcatServletWebServerFactory.getTomcatWebServer(TomcatServletWebServerFactory.java:481)
	at org.springframework.boot.web.embedded.tomcat.TomcatServletWebServerFactory.getWebServer(TomcatServletWebServerFactory.java:211)
	at org.springframework.boot.web.servlet.context.ServletWebServerApplicationContext.createWebServer(ServletWebServerApplicationContext.java:184)
	at org.springframework.boot.web.servlet.context.ServletWebServerApplicationContext.onRefresh(ServletWebServerApplicationContext.java:162)
	... 16 common frames omitted
Caused by: org.springframework.beans.factory.UnsatisfiedDependencyException: Error creating bean with name 'basicAuthenticationFilter' defined in class path resource [com/alibaba/nacos/prometheus/filter/PrometheusAuthFilter.class]: Unsatisfied dependency expressed through method 'basicAuthenticationFilter' parameter 0; nested exception is org.springframework.beans.factory.UnsatisfiedDependencyException: Error creating bean with name 'nacosAuthConfig' defined in URL [jar:file:/home/nacos/target/nacos-server.jar!/BOOT-INF/lib/default-auth-plugin-2.5.0.jar!/com/alibaba/nacos/plugin/auth/impl/NacosAuthConfig.class]: Unsatisfied dependency expressed through constructor parameter 3; nested exception is org.springframework.beans.factory.UnsatisfiedDependencyException: Error creating bean with name 'nacosUserDetailsServiceImpl': Unsatisfied dependency expressed through field 'userPersistService'; nested exception is org.springframework.beans.factory.BeanCreationException: Error creating bean with name 'externalUserPersistServiceImpl': Invocation of init method failed; nested exception is java.lang.RuntimeException: java.lang.RuntimeException: [db-load-error]load jdbc.properties error
	at org.springframework.beans.factory.support.ConstructorResolver.createArgumentArray(ConstructorResolver.java:794)
	at org.springframework.beans.factory.support.ConstructorResolver.instantiateUsingFactoryMethod(ConstructorResolver.java:532)
	at org.springframework.beans.factory.support.AbstractAutowireCapableBeanFactory.instantiateUsingFactoryMethod(AbstractAutowireCapableBeanFactory.java:1352)
	at org.springframework.beans.factory.support.AbstractAutowireCapableBeanFactory.createBeanInstance(AbstractAutowireCapableBeanFactory.java:1195)
	at org.springframework.beans.factory.support.AbstractAutowireCapableBeanFactory.doCreateBean(AbstractAutowireCapableBeanFactory.java:582)
	at org.springframework.beans.factory.support.AbstractAutowireCapableBeanFactory.createBean(AbstractAutowireCapableBeanFactory.java:542)
	at org.springframework.beans.factory.support.AbstractBeanFactory.lambda$doGetBean$0(AbstractBeanFactory.java:336)
	at org.springframework.beans.factory.support.DefaultSingletonBeanRegistry.getSingleton(DefaultSingletonBeanRegistry.java:234)
	at org.springframework.beans.factory.support.AbstractBeanFactory.doGetBean(AbstractBeanFactory.java:334)
	at org.springframework.beans.factory.support.AbstractBeanFactory.getBean(AbstractBeanFactory.java:214)
	at org.springframework.boot.web.servlet.ServletContextInitializerBeans.getOrderedBeansOfType(ServletContextInitializerBeans.java:213)
	at org.springframework.boot.web.servlet.ServletContextInitializerBeans.getOrderedBeansOfType(ServletContextInitializerBeans.java:204)
	at org.springframework.boot.web.servlet.ServletContextInitializerBeans.addServletContextInitializerBeans(ServletContextInitializerBeans.java:98)
	at org.springframework.boot.web.servlet.ServletContextInitializerBeans.<init>(ServletContextInitializerBeans.java:86)
	at org.springframework.boot.web.servlet.context.ServletWebServerApplicationContext.getServletContextInitializerBeans(ServletWebServerApplicationContext.java:262)
	at org.springframework.boot.web.servlet.context.ServletWebServerApplicationContext.selfInitialize(ServletWebServerApplicationContext.java:236)
	at org.springframework.boot.web.embedded.tomcat.TomcatStarter.onStartup(TomcatStarter.java:53)
	at org.apache.catalina.core.StandardContext.startInternal(StandardContext.java:4450)
	at org.apache.catalina.util.LifecycleBase.start(LifecycleBase.java:164)
	at org.apache.catalina.core.ContainerBase$StartChild.call(ContainerBase.java:1203)
	at org.apache.catalina.core.ContainerBase$StartChild.call(ContainerBase.java:1193)
	at java.util.concurrent.FutureTask.run(FutureTask.java:266)
	at org.apache.tomcat.util.threads.InlineExecutorService.execute(InlineExecutorService.java:75)
	at java.util.concurrent.AbstractExecutorService.submit(AbstractExecutorService.java:134)
	at org.apache.catalina.core.ContainerBase.startInternal(ContainerBase.java:749)
	at org.apache.catalina.core.StandardHost.startInternal(StandardHost.java:721)
	at org.apache.catalina.util.LifecycleBase.start(LifecycleBase.java:164)
	at org.apache.catalina.core.ContainerBase$StartChild.call(ContainerBase.java:1203)
	at org.apache.catalina.core.ContainerBase$StartChild.call(ContainerBase.java:1193)
	at java.util.concurrent.FutureTask.run(FutureTask.java:266)
	at org.apache.tomcat.util.threads.InlineExecutorService.execute(InlineExecutorService.java:75)
	at java.util.concurrent.AbstractExecutorService.submit(AbstractExecutorService.java:134)
	at org.apache.catalina.core.ContainerBase.startInternal(ContainerBase.java:749)
	at org.apache.catalina.core.StandardEngine.startInternal(StandardEngine.java:211)
	at org.apache.catalina.util.LifecycleBase.start(LifecycleBase.java:164)
	at org.apache.catalina.core.StandardService.startInternal(StandardService.java:415)
	at org.apache.catalina.util.LifecycleBase.start(LifecycleBase.java:164)
	at org.apache.catalina.core.StandardServer.startInternal(StandardServer.java:874)
	at org.apache.catalina.util.LifecycleBase.start(LifecycleBase.java:164)
	at org.apache.catalina.startup.Tomcat.start(Tomcat.java:438)
	at org.springframework.boot.web.embedded.tomcat.TomcatWebServer.initialize(TomcatWebServer.java:123)
	... 21 common frames omitted
Caused by: org.springframework.beans.factory.UnsatisfiedDependencyException: Error creating bean with name 'nacosAuthConfig' defined in URL [jar:file:/home/nacos/target/nacos-server.jar!/BOOT-INF/lib/default-auth-plugin-2.5.0.jar!/com/alibaba/nacos/plugin/auth/impl/NacosAuthConfig.class]: Unsatisfied dependency expressed through constructor parameter 3; nested exception is org.springframework.beans.factory.UnsatisfiedDependencyException: Error creating bean with name 'nacosUserDetailsServiceImpl': Unsatisfied dependency expressed through field 'userPersistService'; nested exception is org.springframework.beans.factory.BeanCreationException: Error creating bean with name 'externalUserPersistServiceImpl': Invocation of init method failed; nested exception is java.lang.RuntimeException: java.lang.RuntimeException: [db-load-error]load jdbc.properties error
	at org.springframework.beans.factory.support.ConstructorResolver.createArgumentArray(ConstructorResolver.java:794)
	at org.springframework.beans.factory.support.ConstructorResolver.autowireConstructor(ConstructorResolver.java:220)
	at org.springframework.beans.factory.support.AbstractAutowireCapableBeanFactory.autowireConstructor(AbstractAutowireCapableBeanFactory.java:1372)
	at org.springframework.beans.factory.support.AbstractAutowireCapableBeanFactory.createBeanInstance(AbstractAutowireCapableBeanFactory.java:1222)
	at org.springframework.beans.factory.support.AbstractAutowireCapableBeanFactory.doCreateBean(AbstractAutowireCapableBeanFactory.java:582)
	at org.springframework.beans.factory.support.AbstractAutowireCapableBeanFactory.createBean(AbstractAutowireCapableBeanFactory.java:542)
	at org.springframework.beans.factory.support.AbstractBeanFactory.lambda$doGetBean$0(AbstractBeanFactory.java:336)
	at org.springframework.beans.factory.support.DefaultSingletonBeanRegistry.getSingleton(DefaultSingletonBeanRegistry.java:234)
	at org.springframework.beans.factory.support.AbstractBeanFactory.doGetBean(AbstractBeanFactory.java:334)
	at org.springframework.beans.factory.support.AbstractBeanFactory.getBean(AbstractBeanFactory.java:209)
	at org.springframework.beans.factory.support.ConstructorResolver.instantiateUsingFactoryMethod(ConstructorResolver.java:401)
	at org.springframework.beans.factory.support.AbstractAutowireCapableBeanFactory.instantiateUsingFactoryMethod(AbstractAutowireCapableBeanFactory.java:1352)
	at org.springframework.beans.factory.support.AbstractAutowireCapableBeanFactory.createBeanInstance(AbstractAutowireCapableBeanFactory.java:1195)
	at org.springframework.beans.factory.support.AbstractAutowireCapableBeanFactory.doCreateBean(AbstractAutowireCapableBeanFactory.java:582)
	at org.springframework.beans.factory.support.AbstractAutowireCapableBeanFactory.createBean(AbstractAutowireCapableBeanFactory.java:542)
	at org.springframework.beans.factory.support.AbstractBeanFactory.lambda$doGetBean$0(AbstractBeanFactory.java:336)
	at org.springframework.beans.factory.support.DefaultSingletonBeanRegistry.getSingleton(DefaultSingletonBeanRegistry.java:234)
	at org.springframework.beans.factory.support.AbstractBeanFactory.doGetBean(AbstractBeanFactory.java:334)
	at org.springframework.beans.factory.support.AbstractBeanFactory.getBean(AbstractBeanFactory.java:209)
	at org.springframework.beans.factory.config.DependencyDescriptor.resolveCandidate(DependencyDescriptor.java:276)
	at org.springframework.beans.factory.support.DefaultListableBeanFactory.doResolveDependency(DefaultListableBeanFactory.java:1391)
	at org.springframework.beans.factory.support.DefaultListableBeanFactory.resolveDependency(DefaultListableBeanFactory.java:1311)
	at org.springframework.beans.factory.support.ConstructorResolver.resolveAutowiredArgument(ConstructorResolver.java:904)
	at org.springframework.beans.factory.support.ConstructorResolver.createArgumentArray(ConstructorResolver.java:781)
	... 61 common frames omitted
Caused by: org.springframework.beans.factory.UnsatisfiedDependencyException: Error creating bean with name 'nacosUserDetailsServiceImpl': Unsatisfied dependency expressed through field 'userPersistService'; nested exception is org.springframework.beans.factory.BeanCreationException: Error creating bean with name 'externalUserPersistServiceImpl': Invocation of init method failed; nested exception is java.lang.RuntimeException: java.lang.RuntimeException: [db-load-error]load jdbc.properties error
	at org.springframework.beans.factory.annotation.AutowiredAnnotationBeanPostProcessor$AutowiredFieldElement.resolveFieldValue(AutowiredAnnotationBeanPostProcessor.java:713)
	at org.springframework.beans.factory.annotation.AutowiredAnnotationBeanPostProcessor$AutowiredFieldElement.inject(AutowiredAnnotationBeanPostProcessor.java:693)
	at org.springframework.beans.factory.annotation.InjectionMetadata.inject(InjectionMetadata.java:119)
	at org.springframework.beans.factory.annotation.AutowiredAnnotationBeanPostProcessor.postProcessProperties(AutowiredAnnotationBeanPostProcessor.java:408)
	at org.springframework.beans.factory.support.AbstractAutowireCapableBeanFactory.populateBean(AbstractAutowireCapableBeanFactory.java:1431)
	at org.springframework.beans.factory.support.AbstractAutowireCapableBeanFactory.doCreateBean(AbstractAutowireCapableBeanFactory.java:619)
	at org.springframework.beans.factory.support.AbstractAutowireCapableBeanFactory.createBean(AbstractAutowireCapableBeanFactory.java:542)
	at org.springframework.beans.factory.support.AbstractBeanFactory.lambda$doGetBean$0(AbstractBeanFactory.java:336)
	at org.springframework.beans.factory.support.DefaultSingletonBeanRegistry.getSingleton(DefaultSingletonBeanRegistry.java:234)
	at org.springframework.beans.factory.support.AbstractBeanFactory.doGetBean(AbstractBeanFactory.java:334)
	at org.springframework.beans.factory.support.AbstractBeanFactory.getBean(AbstractBeanFactory.java:209)
	at org.springframework.beans.factory.config.DependencyDescriptor.resolveCandidate(DependencyDescriptor.java:276)
	at org.springframework.beans.factory.support.DefaultListableBeanFactory.doResolveDependency(DefaultListableBeanFactory.java:1391)
	at org.springframework.beans.factory.support.DefaultListableBeanFactory.resolveDependency(DefaultListableBeanFactory.java:1311)
	at org.springframework.beans.factory.support.ConstructorResolver.resolveAutowiredArgument(ConstructorResolver.java:904)
	at org.springframework.beans.factory.support.ConstructorResolver.createArgumentArray(ConstructorResolver.java:781)
	... 84 common frames omitted
Caused by: org.springframework.beans.factory.BeanCreationException: Error creating bean with name 'externalUserPersistServiceImpl': Invocation of init method failed; nested exception is java.lang.RuntimeException: java.lang.RuntimeException: [db-load-error]load jdbc.properties error
	at org.springframework.beans.factory.annotation.InitDestroyAnnotationBeanPostProcessor.postProcessBeforeInitialization(InitDestroyAnnotationBeanPostProcessor.java:160)
	at org.springframework.beans.factory.support.AbstractAutowireCapableBeanFactory.applyBeanPostProcessorsBeforeInitialization(AbstractAutowireCapableBeanFactory.java:440)
	at org.springframework.beans.factory.support.AbstractAutowireCapableBeanFactory.initializeBean(AbstractAutowireCapableBeanFactory.java:1796)
	at org.springframework.beans.factory.support.AbstractAutowireCapableBeanFactory.doCreateBean(AbstractAutowireCapableBeanFactory.java:620)
	at org.springframework.beans.factory.support.AbstractAutowireCapableBeanFactory.createBean(AbstractAutowireCapableBeanFactory.java:542)
	at org.springframework.beans.factory.support.AbstractBeanFactory.lambda$doGetBean$0(AbstractBeanFactory.java:336)
	at org.springframework.beans.factory.support.DefaultSingletonBeanRegistry.getSingleton(DefaultSingletonBeanRegistry.java:234)
	at org.springframework.beans.factory.support.AbstractBeanFactory.doGetBean(AbstractBeanFactory.java:334)
	at org.springframework.beans.factory.support.AbstractBeanFactory.getBean(AbstractBeanFactory.java:209)
	at org.springframework.beans.factory.config.DependencyDescriptor.resolveCandidate(DependencyDescriptor.java:276)
	at org.springframework.beans.factory.support.DefaultListableBeanFactory.doResolveDependency(DefaultListableBeanFactory.java:1391)
	at org.springframework.beans.factory.support.DefaultListableBeanFactory.resolveDependency(DefaultListableBeanFactory.java:1311)
	at org.springframework.beans.factory.annotation.AutowiredAnnotationBeanPostProcessor$AutowiredFieldElement.resolveFieldValue(AutowiredAnnotationBeanPostProcessor.java:710)
	... 99 common frames omitted
Caused by: java.lang.RuntimeException: java.lang.RuntimeException: [db-load-error]load jdbc.properties error
	at com.alibaba.nacos.persistence.datasource.DynamicDataSource.getDataSource(DynamicDataSource.java:60)
	at com.alibaba.nacos.plugin.auth.impl.persistence.ExternalUserPersistServiceImpl.init(ExternalUserPersistServiceImpl.java:55)
	at sun.reflect.NativeMethodAccessorImpl.invoke0(Native Method)
	at sun.reflect.NativeMethodAccessorImpl.invoke(NativeMethodAccessorImpl.java:62)
	at sun.reflect.DelegatingMethodAccessorImpl.invoke(DelegatingMethodAccessorImpl.java:43)
	at java.lang.reflect.Method.invoke(Method.java:498)
	at org.springframework.beans.factory.annotation.InitDestroyAnnotationBeanPostProcessor$LifecycleElement.invoke(InitDestroyAnnotationBeanPostProcessor.java:389)
	at org.springframework.beans.factory.annotation.InitDestroyAnnotationBeanPostProcessor$LifecycleMetadata.invokeInitMethods(InitDestroyAnnotationBeanPostProcessor.java:333)
	at org.springframework.beans.factory.annotation.InitDestroyAnnotationBeanPostProcessor.postProcessBeforeInitialization(InitDestroyAnnotationBeanPostProcessor.java:157)
	... 111 common frames omitted
Caused by: java.lang.RuntimeException: [db-load-error]load jdbc.properties error
	at com.alibaba.nacos.persistence.datasource.ExternalDataSourceServiceImpl.init(ExternalDataSourceServiceImpl.java:119)
	at com.alibaba.nacos.persistence.datasource.DynamicDataSource.getDataSource(DynamicDataSource.java:55)
	... 119 common frames omitted
Caused by: java.io.IOException: java.lang.RuntimeException: com.mysql.cj.jdbc.exceptions.CommunicationsException: Communications link failure

The last packet sent successfully to the server was 0 milliseconds ago. The driver has not received any packets from the server.
	at com.alibaba.nacos.persistence.datasource.ExternalDataSourceServiceImpl.reload(ExternalDataSourceServiceImpl.java:168)
	at com.alibaba.nacos.persistence.datasource.ExternalDataSourceServiceImpl.init(ExternalDataSourceServiceImpl.java:116)
	... 120 common frames omitted
Caused by: java.lang.RuntimeException: com.mysql.cj.jdbc.exceptions.CommunicationsException: Communications link failure

The last packet sent successfully to the server was 0 milliseconds ago. The driver has not received any packets from the server.
	at com.alibaba.nacos.persistence.utils.ConnectionCheckUtil.checkDataSourceConnection(ConnectionCheckUtil.java:37)
	at com.alibaba.nacos.persistence.datasource.ExternalDataSourceServiceImpl.lambda$reload$0(ExternalDataSourceServiceImpl.java:138)
	at com.alibaba.nacos.persistence.datasource.ExternalDataSourceProperties.build(ExternalDataSourceProperties.java:97)
	at com.alibaba.nacos.persistence.datasource.ExternalDataSourceServiceImpl.reload(ExternalDataSourceServiceImpl.java:136)
	... 121 common frames omitted
Caused by: com.mysql.cj.jdbc.exceptions.CommunicationsException: Communications link failure

The last packet sent successfully to the server was 0 milliseconds ago. The driver has not received any packets from the server.
	at com.mysql.cj.jdbc.exceptions.SQLError.createCommunicationsException(SQLError.java:174)
	at com.mysql.cj.jdbc.exceptions.SQLExceptionsMapping.translateException(SQLExceptionsMapping.java:64)
	at com.mysql.cj.jdbc.ConnectionImpl.createNewIO(ConnectionImpl.java:815)
	at com.mysql.cj.jdbc.ConnectionImpl.<init>(ConnectionImpl.java:438)
	at com.mysql.cj.jdbc.ConnectionImpl.getInstance(ConnectionImpl.java:241)
	at com.mysql.cj.jdbc.NonRegisteringDriver.connect(NonRegisteringDriver.java:189)
	at com.zaxxer.hikari.util.DriverDataSource.getConnection(DriverDataSource.java:138)
	at com.zaxxer.hikari.pool.PoolBase.newConnection(PoolBase.java:354)
	at com.zaxxer.hikari.pool.PoolBase.newPoolEntry(PoolBase.java:202)
	at com.zaxxer.hikari.pool.HikariPool.createPoolEntry(HikariPool.java:473)
	at com.zaxxer.hikari.pool.HikariPool.checkFailFast(HikariPool.java:554)
	at com.zaxxer.hikari.pool.HikariPool.<init>(HikariPool.java:115)
	at com.zaxxer.hikari.HikariDataSource.getConnection(HikariDataSource.java:112)
	at com.alibaba.nacos.persistence.utils.ConnectionCheckUtil.checkDataSourceConnection(ConnectionCheckUtil.java:34)
	... 124 common frames omitted
Caused by: com.mysql.cj.exceptions.CJCommunicationsException: Communications link failure

The last packet sent successfully to the server was 0 milliseconds ago. The driver has not received any packets from the server.
	at sun.reflect.NativeConstructorAccessorImpl.newInstance0(Native Method)
	at sun.reflect.NativeConstructorAccessorImpl.newInstance(NativeConstructorAccessorImpl.java:62)
	at sun.reflect.DelegatingConstructorAccessorImpl.newInstance(DelegatingConstructorAccessorImpl.java:45)
	at java.lang.reflect.Constructor.newInstance(Constructor.java:423)
	at com.mysql.cj.exceptions.ExceptionFactory.createException(ExceptionFactory.java:61)
	at com.mysql.cj.exceptions.ExceptionFactory.createException(ExceptionFactory.java:104)
	at com.mysql.cj.exceptions.ExceptionFactory.createException(ExceptionFactory.java:149)
	at com.mysql.cj.exceptions.ExceptionFactory.createCommunicationsException(ExceptionFactory.java:165)
	at com.mysql.cj.protocol.a.NativeSocketConnection.connect(NativeSocketConnection.java:88)
	at com.mysql.cj.NativeSession.connect(NativeSession.java:120)
	at com.mysql.cj.jdbc.ConnectionImpl.connectOneTryOnly(ConnectionImpl.java:935)
	at com.mysql.cj.jdbc.ConnectionImpl.createNewIO(ConnectionImpl.java:805)
	... 135 common frames omitted
Caused by: java.net.UnknownHostException: mysql: Name does not resolve
	at java.net.Inet6AddressImpl.lookupAllHostAddr(Native Method)
	at java.net.InetAddress$2.lookupAllHostAddr(InetAddress.java:868)
	at java.net.InetAddress.getAddressesFromNameService(InetAddress.java:1303)
	at java.net.InetAddress$NameServiceAddresses.get(InetAddress.java:816)
	at java.net.InetAddress.getAllByName0(InetAddress.java:1292)
	at java.net.InetAddress.getAllByName(InetAddress.java:1145)
	at java.net.InetAddress.getAllByName(InetAddress.java:1066)
	at com.mysql.cj.protocol.StandardSocketFactory.connect(StandardSocketFactory.java:130)
	at com.mysql.cj.protocol.a.NativeSocketConnection.connect(NativeSocketConnection.java:62)
	... 138 common frames omitted
2025-06-05 10:15:53,091 WARN [WatchFileCenter] start close

2025-06-05 10:15:53,091 WARN [WatchFileCenter] start to shutdown this watcher which is watch : /home/nacos/conf

2025-06-05 10:15:53,092 WARN [WatchFileCenter] already closed

2025-06-05 10:15:53,092 INFO [NotifyCenter] Start destroying Publisher

2025-06-05 10:15:53,093 INFO [NotifyCenter] Completed destruction of Publisher

2025-06-05 10:15:53,093 ERROR Nacos failed to start, please see /home/nacos/logs/nacos.log for more details.

2025-06-05 10:15:53,111 INFO 

Error starting ApplicationContext. To display the conditions report re-run your application with 'debug' enabled.

2025-06-05 10:15:53,140 ERROR Application run failed

org.springframework.context.ApplicationContextException: Unable to start web server; nested exception is org.springframework.boot.web.server.WebServerException: Unable to start embedded Tomcat
	at org.springframework.boot.web.servlet.context.ServletWebServerApplicationContext.onRefresh(ServletWebServerApplicationContext.java:165)
	at org.springframework.context.support.AbstractApplicationContext.refresh(AbstractApplicationContext.java:585)
	at org.springframework.boot.web.servlet.context.ServletWebServerApplicationContext.refresh(ServletWebServerApplicationContext.java:147)
	at org.springframework.boot.SpringApplication.refresh(SpringApplication.java:732)
	at org.springframework.boot.SpringApplication.refreshContext(SpringApplication.java:409)
	at org.springframework.boot.SpringApplication.run(SpringApplication.java:308)
	at org.springframework.boot.SpringApplication.run(SpringApplication.java:1300)
	at org.springframework.boot.SpringApplication.run(SpringApplication.java:1289)
	at com.alibaba.nacos.Nacos.main(Nacos.java:46)
	at sun.reflect.NativeMethodAccessorImpl.invoke0(Native Method)
	at sun.reflect.NativeMethodAccessorImpl.invoke(NativeMethodAccessorImpl.java:62)
	at sun.reflect.DelegatingMethodAccessorImpl.invoke(DelegatingMethodAccessorImpl.java:43)
	at java.lang.reflect.Method.invoke(Method.java:498)
	at org.springframework.boot.loader.MainMethodRunner.run(MainMethodRunner.java:49)
	at org.springframework.boot.loader.Launcher.launch(Launcher.java:108)
	at org.springframework.boot.loader.Launcher.launch(Launcher.java:58)
	at org.springframework.boot.loader.PropertiesLauncher.main(PropertiesLauncher.java:467)
Caused by: org.springframework.boot.web.server.WebServerException: Unable to start embedded Tomcat
	at org.springframework.boot.web.embedded.tomcat.TomcatWebServer.initialize(TomcatWebServer.java:142)
	at org.springframework.boot.web.embedded.tomcat.TomcatWebServer.<init>(TomcatWebServer.java:104)
	at org.springframework.boot.web.embedded.tomcat.TomcatServletWebServerFactory.getTomcatWebServer(TomcatServletWebServerFactory.java:481)
	at org.springframework.boot.web.embedded.tomcat.TomcatServletWebServerFactory.getWebServer(TomcatServletWebServerFactory.java:211)
	at org.springframework.boot.web.servlet.context.ServletWebServerApplicationContext.createWebServer(ServletWebServerApplicationContext.java:184)
	at org.springframework.boot.web.servlet.context.ServletWebServerApplicationContext.onRefresh(ServletWebServerApplicationContext.java:162)
	... 16 common frames omitted
Caused by: org.springframework.beans.factory.UnsatisfiedDependencyException: Error creating bean with name 'basicAuthenticationFilter' defined in class path resource [com/alibaba/nacos/prometheus/filter/PrometheusAuthFilter.class]: Unsatisfied dependency expressed through method 'basicAuthenticationFilter' parameter 0; nested exception is org.springframework.beans.factory.UnsatisfiedDependencyException: Error creating bean with name 'nacosAuthConfig' defined in URL [jar:file:/home/nacos/target/nacos-server.jar!/BOOT-INF/lib/default-auth-plugin-2.5.0.jar!/com/alibaba/nacos/plugin/auth/impl/NacosAuthConfig.class]: Unsatisfied dependency expressed through constructor parameter 3; nested exception is org.springframework.beans.factory.UnsatisfiedDependencyException: Error creating bean with name 'nacosUserDetailsServiceImpl': Unsatisfied dependency expressed through field 'userPersistService'; nested exception is org.springframework.beans.factory.BeanCreationException: Error creating bean with name 'externalUserPersistServiceImpl': Invocation of init method failed; nested exception is java.lang.RuntimeException: java.lang.RuntimeException: [db-load-error]load jdbc.properties error
	at org.springframework.beans.factory.support.ConstructorResolver.createArgumentArray(ConstructorResolver.java:794)
	at org.springframework.beans.factory.support.ConstructorResolver.instantiateUsingFactoryMethod(ConstructorResolver.java:532)
	at org.springframework.beans.factory.support.AbstractAutowireCapableBeanFactory.instantiateUsingFactoryMethod(AbstractAutowireCapableBeanFactory.java:1352)
	at org.springframework.beans.factory.support.AbstractAutowireCapableBeanFactory.createBeanInstance(AbstractAutowireCapableBeanFactory.java:1195)
	at org.springframework.beans.factory.support.AbstractAutowireCapableBeanFactory.doCreateBean(AbstractAutowireCapableBeanFactory.java:582)
	at org.springframework.beans.factory.support.AbstractAutowireCapableBeanFactory.createBean(AbstractAutowireCapableBeanFactory.java:542)
	at org.springframework.beans.factory.support.AbstractBeanFactory.lambda$doGetBean$0(AbstractBeanFactory.java:336)
	at org.springframework.beans.factory.support.DefaultSingletonBeanRegistry.getSingleton(DefaultSingletonBeanRegistry.java:234)
	at org.springframework.beans.factory.support.AbstractBeanFactory.doGetBean(AbstractBeanFactory.java:334)
	at org.springframework.beans.factory.support.AbstractBeanFactory.getBean(AbstractBeanFactory.java:214)
	at org.springframework.boot.web.servlet.ServletContextInitializerBeans.getOrderedBeansOfType(ServletContextInitializerBeans.java:213)
	at org.springframework.boot.web.servlet.ServletContextInitializerBeans.getOrderedBeansOfType(ServletContextInitializerBeans.java:204)
	at org.springframework.boot.web.servlet.ServletContextInitializerBeans.addServletContextInitializerBeans(ServletContextInitializerBeans.java:98)
	at org.springframework.boot.web.servlet.ServletContextInitializerBeans.<init>(ServletContextInitializerBeans.java:86)
	at org.springframework.boot.web.servlet.context.ServletWebServerApplicationContext.getServletContextInitializerBeans(ServletWebServerApplicationContext.java:262)
	at org.springframework.boot.web.servlet.context.ServletWebServerApplicationContext.selfInitialize(ServletWebServerApplicationContext.java:236)
	at org.springframework.boot.web.embedded.tomcat.TomcatStarter.onStartup(TomcatStarter.java:53)
	at org.apache.catalina.core.StandardContext.startInternal(StandardContext.java:4450)
	at org.apache.catalina.util.LifecycleBase.start(LifecycleBase.java:164)
	at org.apache.catalina.core.ContainerBase$StartChild.call(ContainerBase.java:1203)
	at org.apache.catalina.core.ContainerBase$StartChild.call(ContainerBase.java:1193)
	at java.util.concurrent.FutureTask.run(FutureTask.java:266)
	at org.apache.tomcat.util.threads.InlineExecutorService.execute(InlineExecutorService.java:75)
	at java.util.concurrent.AbstractExecutorService.submit(AbstractExecutorService.java:134)
	at org.apache.catalina.core.ContainerBase.startInternal(ContainerBase.java:749)
	at org.apache.catalina.core.StandardHost.startInternal(StandardHost.java:721)
	at org.apache.catalina.util.LifecycleBase.start(LifecycleBase.java:164)
	at org.apache.catalina.core.ContainerBase$StartChild.call(ContainerBase.java:1203)
	at org.apache.catalina.core.ContainerBase$StartChild.call(ContainerBase.java:1193)
	at java.util.concurrent.FutureTask.run(FutureTask.java:266)
	at org.apache.tomcat.util.threads.InlineExecutorService.execute(InlineExecutorService.java:75)
	at java.util.concurrent.AbstractExecutorService.submit(AbstractExecutorService.java:134)
	at org.apache.catalina.core.ContainerBase.startInternal(ContainerBase.java:749)
	at org.apache.catalina.core.StandardEngine.startInternal(StandardEngine.java:211)
	at org.apache.catalina.util.LifecycleBase.start(LifecycleBase.java:164)
	at org.apache.catalina.core.StandardService.startInternal(StandardService.java:415)
	at org.apache.catalina.util.LifecycleBase.start(LifecycleBase.java:164)
	at org.apache.catalina.core.StandardServer.startInternal(StandardServer.java:874)
	at org.apache.catalina.util.LifecycleBase.start(LifecycleBase.java:164)
	at org.apache.catalina.startup.Tomcat.start(Tomcat.java:438)
	at org.springframework.boot.web.embedded.tomcat.TomcatWebServer.initialize(TomcatWebServer.java:123)
	... 21 common frames omitted
Caused by: org.springframework.beans.factory.UnsatisfiedDependencyException: Error creating bean with name 'nacosAuthConfig' defined in URL [jar:file:/home/nacos/target/nacos-server.jar!/BOOT-INF/lib/default-auth-plugin-2.5.0.jar!/com/alibaba/nacos/plugin/auth/impl/NacosAuthConfig.class]: Unsatisfied dependency expressed through constructor parameter 3; nested exception is org.springframework.beans.factory.UnsatisfiedDependencyException: Error creating bean with name 'nacosUserDetailsServiceImpl': Unsatisfied dependency expressed through field 'userPersistService'; nested exception is org.springframework.beans.factory.BeanCreationException: Error creating bean with name 'externalUserPersistServiceImpl': Invocation of init method failed; nested exception is java.lang.RuntimeException: java.lang.RuntimeException: [db-load-error]load jdbc.properties error
	at org.springframework.beans.factory.support.ConstructorResolver.createArgumentArray(ConstructorResolver.java:794)
	at org.springframework.beans.factory.support.ConstructorResolver.autowireConstructor(ConstructorResolver.java:220)
	at org.springframework.beans.factory.support.AbstractAutowireCapableBeanFactory.autowireConstructor(AbstractAutowireCapableBeanFactory.java:1372)
	at org.springframework.beans.factory.support.AbstractAutowireCapableBeanFactory.createBeanInstance(AbstractAutowireCapableBeanFactory.java:1222)
	at org.springframework.beans.factory.support.AbstractAutowireCapableBeanFactory.doCreateBean(AbstractAutowireCapableBeanFactory.java:582)
	at org.springframework.beans.factory.support.AbstractAutowireCapableBeanFactory.createBean(AbstractAutowireCapableBeanFactory.java:542)
	at org.springframework.beans.factory.support.AbstractBeanFactory.lambda$doGetBean$0(AbstractBeanFactory.java:336)
	at org.springframework.beans.factory.support.DefaultSingletonBeanRegistry.getSingleton(DefaultSingletonBeanRegistry.java:234)
	at org.springframework.beans.factory.support.AbstractBeanFactory.doGetBean(AbstractBeanFactory.java:334)
	at org.springframework.beans.factory.support.AbstractBeanFactory.getBean(AbstractBeanFactory.java:209)
	at org.springframework.beans.factory.support.ConstructorResolver.instantiateUsingFactoryMethod(ConstructorResolver.java:401)
	at org.springframework.beans.factory.support.AbstractAutowireCapableBeanFactory.instantiateUsingFactoryMethod(AbstractAutowireCapableBeanFactory.java:1352)
	at org.springframework.beans.factory.support.AbstractAutowireCapableBeanFactory.createBeanInstance(AbstractAutowireCapableBeanFactory.java:1195)
	at org.springframework.beans.factory.support.AbstractAutowireCapableBeanFactory.doCreateBean(AbstractAutowireCapableBeanFactory.java:582)
	at org.springframework.beans.factory.support.AbstractAutowireCapableBeanFactory.createBean(AbstractAutowireCapableBeanFactory.java:542)
	at org.springframework.beans.factory.support.AbstractBeanFactory.lambda$doGetBean$0(AbstractBeanFactory.java:336)
	at org.springframework.beans.factory.support.DefaultSingletonBeanRegistry.getSingleton(DefaultSingletonBeanRegistry.java:234)
	at org.springframework.beans.factory.support.AbstractBeanFactory.doGetBean(AbstractBeanFactory.java:334)
	at org.springframework.beans.factory.support.AbstractBeanFactory.getBean(AbstractBeanFactory.java:209)
	at org.springframework.beans.factory.config.DependencyDescriptor.resolveCandidate(DependencyDescriptor.java:276)
	at org.springframework.beans.factory.support.DefaultListableBeanFactory.doResolveDependency(DefaultListableBeanFactory.java:1391)
	at org.springframework.beans.factory.support.DefaultListableBeanFactory.resolveDependency(DefaultListableBeanFactory.java:1311)
	at org.springframework.beans.factory.support.ConstructorResolver.resolveAutowiredArgument(ConstructorResolver.java:904)
	at org.springframework.beans.factory.support.ConstructorResolver.createArgumentArray(ConstructorResolver.java:781)
	... 61 common frames omitted
Caused by: org.springframework.beans.factory.UnsatisfiedDependencyException: Error creating bean with name 'nacosUserDetailsServiceImpl': Unsatisfied dependency expressed through field 'userPersistService'; nested exception is org.springframework.beans.factory.BeanCreationException: Error creating bean with name 'externalUserPersistServiceImpl': Invocation of init method failed; nested exception is java.lang.RuntimeException: java.lang.RuntimeException: [db-load-error]load jdbc.properties error
	at org.springframework.beans.factory.annotation.AutowiredAnnotationBeanPostProcessor$AutowiredFieldElement.resolveFieldValue(AutowiredAnnotationBeanPostProcessor.java:713)
	at org.springframework.beans.factory.annotation.AutowiredAnnotationBeanPostProcessor$AutowiredFieldElement.inject(AutowiredAnnotationBeanPostProcessor.java:693)
	at org.springframework.beans.factory.annotation.InjectionMetadata.inject(InjectionMetadata.java:119)
	at org.springframework.beans.factory.annotation.AutowiredAnnotationBeanPostProcessor.postProcessProperties(AutowiredAnnotationBeanPostProcessor.java:408)
	at org.springframework.beans.factory.support.AbstractAutowireCapableBeanFactory.populateBean(AbstractAutowireCapableBeanFactory.java:1431)
	at org.springframework.beans.factory.support.AbstractAutowireCapableBeanFactory.doCreateBean(AbstractAutowireCapableBeanFactory.java:619)
	at org.springframework.beans.factory.support.AbstractAutowireCapableBeanFactory.createBean(AbstractAutowireCapableBeanFactory.java:542)
	at org.springframework.beans.factory.support.AbstractBeanFactory.lambda$doGetBean$0(AbstractBeanFactory.java:336)
	at org.springframework.beans.factory.support.DefaultSingletonBeanRegistry.getSingleton(DefaultSingletonBeanRegistry.java:234)
	at org.springframework.beans.factory.support.AbstractBeanFactory.doGetBean(AbstractBeanFactory.java:334)
	at org.springframework.beans.factory.support.AbstractBeanFactory.getBean(AbstractBeanFactory.java:209)
	at org.springframework.beans.factory.config.DependencyDescriptor.resolveCandidate(DependencyDescriptor.java:276)
	at org.springframework.beans.factory.support.DefaultListableBeanFactory.doResolveDependency(DefaultListableBeanFactory.java:1391)
	at org.springframework.beans.factory.support.DefaultListableBeanFactory.resolveDependency(DefaultListableBeanFactory.java:1311)
	at org.springframework.beans.factory.support.ConstructorResolver.resolveAutowiredArgument(ConstructorResolver.java:904)
	at org.springframework.beans.factory.support.ConstructorResolver.createArgumentArray(ConstructorResolver.java:781)
	... 84 common frames omitted
Caused by: org.springframework.beans.factory.BeanCreationException: Error creating bean with name 'externalUserPersistServiceImpl': Invocation of init method failed; nested exception is java.lang.RuntimeException: java.lang.RuntimeException: [db-load-error]load jdbc.properties error
	at org.springframework.beans.factory.annotation.InitDestroyAnnotationBeanPostProcessor.postProcessBeforeInitialization(InitDestroyAnnotationBeanPostProcessor.java:160)
	at org.springframework.beans.factory.support.AbstractAutowireCapableBeanFactory.applyBeanPostProcessorsBeforeInitialization(AbstractAutowireCapableBeanFactory.java:440)
	at org.springframework.beans.factory.support.AbstractAutowireCapableBeanFactory.initializeBean(AbstractAutowireCapableBeanFactory.java:1796)
	at org.springframework.beans.factory.support.AbstractAutowireCapableBeanFactory.doCreateBean(AbstractAutowireCapableBeanFactory.java:620)
	at org.springframework.beans.factory.support.AbstractAutowireCapableBeanFactory.createBean(AbstractAutowireCapableBeanFactory.java:542)
	at org.springframework.beans.factory.support.AbstractBeanFactory.lambda$doGetBean$0(AbstractBeanFactory.java:336)
	at org.springframework.beans.factory.support.DefaultSingletonBeanRegistry.getSingleton(DefaultSingletonBeanRegistry.java:234)
	at org.springframework.beans.factory.support.AbstractBeanFactory.doGetBean(AbstractBeanFactory.java:334)
	at org.springframework.beans.factory.support.AbstractBeanFactory.getBean(AbstractBeanFactory.java:209)
	at org.springframework.beans.factory.config.DependencyDescriptor.resolveCandidate(DependencyDescriptor.java:276)
	at org.springframework.beans.factory.support.DefaultListableBeanFactory.doResolveDependency(DefaultListableBeanFactory.java:1391)
	at org.springframework.beans.factory.support.DefaultListableBeanFactory.resolveDependency(DefaultListableBeanFactory.java:1311)
	at org.springframework.beans.factory.annotation.AutowiredAnnotationBeanPostProcessor$AutowiredFieldElement.resolveFieldValue(AutowiredAnnotationBeanPostProcessor.java:710)
	... 99 common frames omitted
Caused by: java.lang.RuntimeException: java.lang.RuntimeException: [db-load-error]load jdbc.properties error
	at com.alibaba.nacos.persistence.datasource.DynamicDataSource.getDataSource(DynamicDataSource.java:60)
	at com.alibaba.nacos.plugin.auth.impl.persistence.ExternalUserPersistServiceImpl.init(ExternalUserPersistServiceImpl.java:55)
	at sun.reflect.NativeMethodAccessorImpl.invoke0(Native Method)
	at sun.reflect.NativeMethodAccessorImpl.invoke(NativeMethodAccessorImpl.java:62)
	at sun.reflect.DelegatingMethodAccessorImpl.invoke(DelegatingMethodAccessorImpl.java:43)
	at java.lang.reflect.Method.invoke(Method.java:498)
	at org.springframework.beans.factory.annotation.InitDestroyAnnotationBeanPostProcessor$LifecycleElement.invoke(InitDestroyAnnotationBeanPostProcessor.java:389)
	at org.springframework.beans.factory.annotation.InitDestroyAnnotationBeanPostProcessor$LifecycleMetadata.invokeInitMethods(InitDestroyAnnotationBeanPostProcessor.java:333)
	at org.springframework.beans.factory.annotation.InitDestroyAnnotationBeanPostProcessor.postProcessBeforeInitialization(InitDestroyAnnotationBeanPostProcessor.java:157)
	... 111 common frames omitted
Caused by: java.lang.RuntimeException: [db-load-error]load jdbc.properties error
	at com.alibaba.nacos.persistence.datasource.ExternalDataSourceServiceImpl.init(ExternalDataSourceServiceImpl.java:119)
	at com.alibaba.nacos.persistence.datasource.DynamicDataSource.getDataSource(DynamicDataSource.java:55)
	... 119 common frames omitted
Caused by: java.io.IOException: java.lang.RuntimeException: com.mysql.cj.jdbc.exceptions.CommunicationsException: Communications link failure

The last packet sent successfully to the server was 0 milliseconds ago. The driver has not received any packets from the server.
	at com.alibaba.nacos.persistence.datasource.ExternalDataSourceServiceImpl.reload(ExternalDataSourceServiceImpl.java:168)
	at com.alibaba.nacos.persistence.datasource.ExternalDataSourceServiceImpl.init(ExternalDataSourceServiceImpl.java:116)
	... 120 common frames omitted
Caused by: java.lang.RuntimeException: com.mysql.cj.jdbc.exceptions.CommunicationsException: Communications link failure

The last packet sent successfully to the server was 0 milliseconds ago. The driver has not received any packets from the server.
	at com.alibaba.nacos.persistence.utils.ConnectionCheckUtil.checkDataSourceConnection(ConnectionCheckUtil.java:37)
	at com.alibaba.nacos.persistence.datasource.ExternalDataSourceServiceImpl.lambda$reload$0(ExternalDataSourceServiceImpl.java:138)
	at com.alibaba.nacos.persistence.datasource.ExternalDataSourceProperties.build(ExternalDataSourceProperties.java:97)
	at com.alibaba.nacos.persistence.datasource.ExternalDataSourceServiceImpl.reload(ExternalDataSourceServiceImpl.java:136)
	... 121 common frames omitted
Caused by: com.mysql.cj.jdbc.exceptions.CommunicationsException: Communications link failure

The last packet sent successfully to the server was 0 milliseconds ago. The driver has not received any packets from the server.
	at com.mysql.cj.jdbc.exceptions.SQLError.createCommunicationsException(SQLError.java:174)
	at com.mysql.cj.jdbc.exceptions.SQLExceptionsMapping.translateException(SQLExceptionsMapping.java:64)
	at com.mysql.cj.jdbc.ConnectionImpl.createNewIO(ConnectionImpl.java:815)
	at com.mysql.cj.jdbc.ConnectionImpl.<init>(ConnectionImpl.java:438)
	at com.mysql.cj.jdbc.ConnectionImpl.getInstance(ConnectionImpl.java:241)
	at com.mysql.cj.jdbc.NonRegisteringDriver.connect(NonRegisteringDriver.java:189)
	at com.zaxxer.hikari.util.DriverDataSource.getConnection(DriverDataSource.java:138)
	at com.zaxxer.hikari.pool.PoolBase.newConnection(PoolBase.java:354)
	at com.zaxxer.hikari.pool.PoolBase.newPoolEntry(PoolBase.java:202)
	at com.zaxxer.hikari.pool.HikariPool.createPoolEntry(HikariPool.java:473)
	at com.zaxxer.hikari.pool.HikariPool.checkFailFast(HikariPool.java:554)
	at com.zaxxer.hikari.pool.HikariPool.<init>(HikariPool.java:115)
	at com.zaxxer.hikari.HikariDataSource.getConnection(HikariDataSource.java:112)
	at com.alibaba.nacos.persistence.utils.ConnectionCheckUtil.checkDataSourceConnection(ConnectionCheckUtil.java:34)
	... 124 common frames omitted
Caused by: com.mysql.cj.exceptions.CJCommunicationsException: Communications link failure

The last packet sent successfully to the server was 0 milliseconds ago. The driver has not received any packets from the server.
	at sun.reflect.NativeConstructorAccessorImpl.newInstance0(Native Method)
	at sun.reflect.NativeConstructorAccessorImpl.newInstance(NativeConstructorAccessorImpl.java:62)
	at sun.reflect.DelegatingConstructorAccessorImpl.newInstance(DelegatingConstructorAccessorImpl.java:45)
	at java.lang.reflect.Constructor.newInstance(Constructor.java:423)
	at com.mysql.cj.exceptions.ExceptionFactory.createException(ExceptionFactory.java:61)
	at com.mysql.cj.exceptions.ExceptionFactory.createException(ExceptionFactory.java:104)
	at com.mysql.cj.exceptions.ExceptionFactory.createException(ExceptionFactory.java:149)
	at com.mysql.cj.exceptions.ExceptionFactory.createCommunicationsException(ExceptionFactory.java:165)
	at com.mysql.cj.protocol.a.NativeSocketConnection.connect(NativeSocketConnection.java:88)
	at com.mysql.cj.NativeSession.connect(NativeSession.java:120)
	at com.mysql.cj.jdbc.ConnectionImpl.connectOneTryOnly(ConnectionImpl.java:935)
	at com.mysql.cj.jdbc.ConnectionImpl.createNewIO(ConnectionImpl.java:805)
	... 135 common frames omitted
Caused by: java.net.UnknownHostException: mysql: Name does not resolve
	at java.net.Inet6AddressImpl.lookupAllHostAddr(Native Method)
	at java.net.InetAddress$2.lookupAllHostAddr(InetAddress.java:868)
	at java.net.InetAddress.getAddressesFromNameService(InetAddress.java:1303)
	at java.net.InetAddress$NameServiceAddresses.get(InetAddress.java:816)
	at java.net.InetAddress.getAllByName0(InetAddress.java:1292)
	at java.net.InetAddress.getAllByName(InetAddress.java:1145)
	at java.net.InetAddress.getAllByName(InetAddress.java:1066)
	at com.mysql.cj.protocol.StandardSocketFactory.connect(StandardSocketFactory.java:130)
	at com.mysql.cj.protocol.a.NativeSocketConnection.connect(NativeSocketConnection.java:62)
	... 138 common frames omitted
2025-06-05 10:15:53,143 INFO [HttpClientBeanHolder] Start destroying common HttpClient

2025-06-05 10:15:53,144 INFO [ThreadPoolManager] Start destroying ThreadPool

2025-06-05 10:15:56,236 INFO Starting Nacos v2.5.0 using Java 1.8.0_432 on a6f2a6cec1c3 with PID 1 (/home/nacos/target/nacos-server.jar started by root in /home/nacos)

2025-06-05 10:15:56,239 INFO The following 1 profile is active: "standalone"

2025-06-05 10:15:56,445 INFO Load Nacos package exclude filter success, package prefix com.alibaba.nacos.config.server, filter com.alibaba.nacos.config.server.filter.ConfigEnabledFilter

2025-06-05 10:15:56,447 INFO Load Nacos package exclude filter success, package prefix com.alibaba.nacos.naming, filter com.alibaba.nacos.naming.config.NamingEnabledFilter

2025-06-05 10:15:56,447 INFO Load Nacos package exclude filter success, package prefix com.alibaba.nacos.istio, filter com.alibaba.nacos.istio.config.IstioEnabledFilter

2025-06-05 10:15:56,742 INFO Skip @SpringBootApplication annotation for class com.alibaba.nacos.config.server.Config to avoid duplicate scan

2025-06-05 10:15:57,049 INFO Skip @SpringBootApplication annotation for class com.alibaba.nacos.naming.NamingApp to avoid duplicate scan

2025-06-05 10:15:57,076 INFO Skip @SpringBootApplication annotation for class com.alibaba.nacos.cmdb.CmdbApp to avoid duplicate scan

2025-06-05 10:15:57,103 WARN Istio module disabled because set nacos.extension.naming.istio.enabled as false

2025-06-05 10:15:57,103 WARN Istio module disabled because set nacos.extension.naming.istio.enabled as false

2025-06-05 10:15:57,104 WARN Istio module disabled because set nacos.extension.naming.istio.enabled as false

2025-06-05 10:15:57,105 WARN Istio module disabled because set nacos.extension.naming.istio.enabled as false

2025-06-05 10:15:57,106 WARN Istio module disabled because set nacos.extension.naming.istio.enabled as false

2025-06-05 10:15:57,107 WARN Istio module disabled because set nacos.extension.naming.istio.enabled as false

2025-06-05 10:15:57,108 WARN Istio module disabled because set nacos.extension.naming.istio.enabled as false

2025-06-05 10:15:57,108 WARN Istio module disabled because set nacos.extension.naming.istio.enabled as false

2025-06-05 10:15:57,112 WARN Istio module disabled because set nacos.extension.naming.istio.enabled as false

2025-06-05 10:15:57,112 WARN Istio module disabled because set nacos.extension.naming.istio.enabled as false

2025-06-05 10:15:57,113 WARN Istio module disabled because set nacos.extension.naming.istio.enabled as false

2025-06-05 10:15:57,114 WARN Istio module disabled because set nacos.extension.naming.istio.enabled as false

2025-06-05 10:15:57,114 WARN Istio module disabled because set nacos.extension.naming.istio.enabled as false

2025-06-05 10:15:57,116 WARN Istio module disabled because set nacos.extension.naming.istio.enabled as false

2025-06-05 10:15:57,116 WARN Istio module disabled because set nacos.extension.naming.istio.enabled as false

2025-06-05 10:15:57,117 WARN Istio module disabled because set nacos.extension.naming.istio.enabled as false

2025-06-05 10:15:57,118 WARN Istio module disabled because set nacos.extension.naming.istio.enabled as false

2025-06-05 10:15:57,118 WARN Istio module disabled because set nacos.extension.naming.istio.enabled as false

2025-06-05 10:15:57,119 WARN Istio module disabled because set nacos.extension.naming.istio.enabled as false

2025-06-05 10:15:57,122 WARN Istio module disabled because set nacos.extension.naming.istio.enabled as false

2025-06-05 10:15:57,123 WARN Istio module disabled because set nacos.extension.naming.istio.enabled as false

2025-06-05 10:15:57,124 WARN Istio module disabled because set nacos.extension.naming.istio.enabled as false

2025-06-05 10:15:57,124 WARN Istio module disabled because set nacos.extension.naming.istio.enabled as false

2025-06-05 10:15:57,125 WARN Istio module disabled because set nacos.extension.naming.istio.enabled as false

2025-06-05 10:15:57,126 WARN Istio module disabled because set nacos.extension.naming.istio.enabled as false

2025-06-05 10:15:57,127 INFO Skip @SpringBootApplication annotation for class com.alibaba.nacos.istio.IstioApp to avoid duplicate scan

2025-06-05 10:15:57,127 WARN Istio module disabled because set nacos.extension.naming.istio.enabled as false

2025-06-05 10:15:57,128 WARN Istio module disabled because set nacos.extension.naming.istio.enabled as false

2025-06-05 10:15:57,128 WARN Istio module disabled because set nacos.extension.naming.istio.enabled as false

2025-06-05 10:15:57,129 WARN Istio module disabled because set nacos.extension.naming.istio.enabled as false

2025-06-05 10:15:57,130 WARN Istio module disabled because set nacos.extension.naming.istio.enabled as false

2025-06-05 10:15:57,130 WARN Istio module disabled because set nacos.extension.naming.istio.enabled as false

2025-06-05 10:15:57,131 WARN Istio module disabled because set nacos.extension.naming.istio.enabled as false

2025-06-05 10:15:57,132 WARN Istio module disabled because set nacos.extension.naming.istio.enabled as false

2025-06-05 10:15:57,133 WARN Istio module disabled because set nacos.extension.naming.istio.enabled as false

2025-06-05 10:15:57,134 WARN Istio module disabled because set nacos.extension.naming.istio.enabled as false

2025-06-05 10:15:57,134 WARN Istio module disabled because set nacos.extension.naming.istio.enabled as false

2025-06-05 10:15:57,898 INFO Skip @SpringBootApplication annotation for class com.alibaba.nacos.prometheus.PrometheusApp to avoid duplicate scan

2025-06-05 10:16:00,816 INFO Tomcat initialized with port(s): 8848 (http)

2025-06-05 10:16:00,829 INFO Starting service [Tomcat]

2025-06-05 10:16:00,830 INFO Starting Servlet engine: [Apache Tomcat/9.0.98]

2025-06-05 10:16:00,923 INFO Initializing Spring embedded WebApplicationContext

2025-06-05 10:16:00,925 INFO Root WebApplicationContext: initialization completed in 4601 ms

2025-06-05 10:16:01,002 INFO Not found ServerIdentityChecker implementation from SPI, use default.

2025-06-05 10:16:01,341 INFO Nacos-related cluster resource initialization

2025-06-05 10:16:01,397 INFO Load com.alibaba.nacos.core.ability.RemoteAbilityInitializer for ServerAbilityInitializer

2025-06-05 10:16:01,398 INFO Load com.alibaba.nacos.naming.ability.NamingAbilityInitializer for ServerAbilityInitializer

2025-06-05 10:16:01,405 INFO The cluster resource is initialized

2025-06-05 10:16:01,705 INFO HikariPool-1 - Starting...

2025-06-05 10:16:02,868 ERROR HikariPool-1 - Exception during pool initialization.

com.mysql.cj.jdbc.exceptions.CommunicationsException: Communications link failure

The last packet sent successfully to the server was 0 milliseconds ago. The driver has not received any packets from the server.
	at com.mysql.cj.jdbc.exceptions.SQLError.createCommunicationsException(SQLError.java:174)
	at com.mysql.cj.jdbc.exceptions.SQLExceptionsMapping.translateException(SQLExceptionsMapping.java:64)
	at com.mysql.cj.jdbc.ConnectionImpl.createNewIO(ConnectionImpl.java:815)
	at com.mysql.cj.jdbc.ConnectionImpl.<init>(ConnectionImpl.java:438)
	at com.mysql.cj.jdbc.ConnectionImpl.getInstance(ConnectionImpl.java:241)
	at com.mysql.cj.jdbc.NonRegisteringDriver.connect(NonRegisteringDriver.java:189)
	at com.zaxxer.hikari.util.DriverDataSource.getConnection(DriverDataSource.java:138)
	at com.zaxxer.hikari.pool.PoolBase.newConnection(PoolBase.java:354)
	at com.zaxxer.hikari.pool.PoolBase.newPoolEntry(PoolBase.java:202)
	at com.zaxxer.hikari.pool.HikariPool.createPoolEntry(HikariPool.java:473)
	at com.zaxxer.hikari.pool.HikariPool.checkFailFast(HikariPool.java:554)
	at com.zaxxer.hikari.pool.HikariPool.<init>(HikariPool.java:115)
	at com.zaxxer.hikari.HikariDataSource.getConnection(HikariDataSource.java:112)
	at com.alibaba.nacos.persistence.utils.ConnectionCheckUtil.checkDataSourceConnection(ConnectionCheckUtil.java:34)
	at com.alibaba.nacos.persistence.datasource.ExternalDataSourceServiceImpl.lambda$reload$0(ExternalDataSourceServiceImpl.java:138)
	at com.alibaba.nacos.persistence.datasource.ExternalDataSourceProperties.build(ExternalDataSourceProperties.java:97)
	at com.alibaba.nacos.persistence.datasource.ExternalDataSourceServiceImpl.reload(ExternalDataSourceServiceImpl.java:136)
	at com.alibaba.nacos.persistence.datasource.ExternalDataSourceServiceImpl.init(ExternalDataSourceServiceImpl.java:116)
	at com.alibaba.nacos.persistence.datasource.DynamicDataSource.getDataSource(DynamicDataSource.java:55)
	at com.alibaba.nacos.plugin.auth.impl.persistence.ExternalUserPersistServiceImpl.init(ExternalUserPersistServiceImpl.java:55)
	at sun.reflect.NativeMethodAccessorImpl.invoke0(Native Method)
	at sun.reflect.NativeMethodAccessorImpl.invoke(NativeMethodAccessorImpl.java:62)
	at sun.reflect.DelegatingMethodAccessorImpl.invoke(DelegatingMethodAccessorImpl.java:43)
	at java.lang.reflect.Method.invoke(Method.java:498)
	at org.springframework.beans.factory.annotation.InitDestroyAnnotationBeanPostProcessor$LifecycleElement.invoke(InitDestroyAnnotationBeanPostProcessor.java:389)
	at org.springframework.beans.factory.annotation.InitDestroyAnnotationBeanPostProcessor$LifecycleMetadata.invokeInitMethods(InitDestroyAnnotationBeanPostProcessor.java:333)
	at org.springframework.beans.factory.annotation.InitDestroyAnnotationBeanPostProcessor.postProcessBeforeInitialization(InitDestroyAnnotationBeanPostProcessor.java:157)
	at org.springframework.beans.factory.support.AbstractAutowireCapableBeanFactory.applyBeanPostProcessorsBeforeInitialization(AbstractAutowireCapableBeanFactory.java:440)
	at org.springframework.beans.factory.support.AbstractAutowireCapableBeanFactory.initializeBean(AbstractAutowireCapableBeanFactory.java:1796)
	at org.springframework.beans.factory.support.AbstractAutowireCapableBeanFactory.doCreateBean(AbstractAutowireCapableBeanFactory.java:620)
	at org.springframework.beans.factory.support.AbstractAutowireCapableBeanFactory.createBean(AbstractAutowireCapableBeanFactory.java:542)
	at org.springframework.beans.factory.support.AbstractBeanFactory.lambda$doGetBean$0(AbstractBeanFactory.java:336)
	at org.springframework.beans.factory.support.DefaultSingletonBeanRegistry.getSingleton(DefaultSingletonBeanRegistry.java:234)
	at org.springframework.beans.factory.support.AbstractBeanFactory.doGetBean(AbstractBeanFactory.java:334)
	at org.springframework.beans.factory.support.AbstractBeanFactory.getBean(AbstractBeanFactory.java:209)
	at org.springframework.beans.factory.config.DependencyDescriptor.resolveCandidate(DependencyDescriptor.java:276)
	at org.springframework.beans.factory.support.DefaultListableBeanFactory.doResolveDependency(DefaultListableBeanFactory.java:1391)
	at org.springframework.beans.factory.support.DefaultListableBeanFactory.resolveDependency(DefaultListableBeanFactory.java:1311)
	at org.springframework.beans.factory.annotation.AutowiredAnnotationBeanPostProcessor$AutowiredFieldElement.resolveFieldValue(AutowiredAnnotationBeanPostProcessor.java:710)
	at org.springframework.beans.factory.annotation.AutowiredAnnotationBeanPostProcessor$AutowiredFieldElement.inject(AutowiredAnnotationBeanPostProcessor.java:693)
	at org.springframework.beans.factory.annotation.InjectionMetadata.inject(InjectionMetadata.java:119)
	at org.springframework.beans.factory.annotation.AutowiredAnnotationBeanPostProcessor.postProcessProperties(AutowiredAnnotationBeanPostProcessor.java:408)
	at org.springframework.beans.factory.support.AbstractAutowireCapableBeanFactory.populateBean(AbstractAutowireCapableBeanFactory.java:1431)
	at org.springframework.beans.factory.support.AbstractAutowireCapableBeanFactory.doCreateBean(AbstractAutowireCapableBeanFactory.java:619)
	at org.springframework.beans.factory.support.AbstractAutowireCapableBeanFactory.createBean(AbstractAutowireCapableBeanFactory.java:542)
	at org.springframework.beans.factory.support.AbstractBeanFactory.lambda$doGetBean$0(AbstractBeanFactory.java:336)
	at org.springframework.beans.factory.support.DefaultSingletonBeanRegistry.getSingleton(DefaultSingletonBeanRegistry.java:234)
	at org.springframework.beans.factory.support.AbstractBeanFactory.doGetBean(AbstractBeanFactory.java:334)
	at org.springframework.beans.factory.support.AbstractBeanFactory.getBean(AbstractBeanFactory.java:209)
	at org.springframework.beans.factory.config.DependencyDescriptor.resolveCandidate(DependencyDescriptor.java:276)
	at org.springframework.beans.factory.support.DefaultListableBeanFactory.doResolveDependency(DefaultListableBeanFactory.java:1391)
	at org.springframework.beans.factory.support.DefaultListableBeanFactory.resolveDependency(DefaultListableBeanFactory.java:1311)
	at org.springframework.beans.factory.support.ConstructorResolver.resolveAutowiredArgument(ConstructorResolver.java:904)
	at org.springframework.beans.factory.support.ConstructorResolver.createArgumentArray(ConstructorResolver.java:781)
	at org.springframework.beans.factory.support.ConstructorResolver.autowireConstructor(ConstructorResolver.java:220)
	at org.springframework.beans.factory.support.AbstractAutowireCapableBeanFactory.autowireConstructor(AbstractAutowireCapableBeanFactory.java:1372)
	at org.springframework.beans.factory.support.AbstractAutowireCapableBeanFactory.createBeanInstance(AbstractAutowireCapableBeanFactory.java:1222)
	at org.springframework.beans.factory.support.AbstractAutowireCapableBeanFactory.doCreateBean(AbstractAutowireCapableBeanFactory.java:582)
	at org.springframework.beans.factory.support.AbstractAutowireCapableBeanFactory.createBean(AbstractAutowireCapableBeanFactory.java:542)
	at org.springframework.beans.factory.support.AbstractBeanFactory.lambda$doGetBean$0(AbstractBeanFactory.java:336)
	at org.springframework.beans.factory.support.DefaultSingletonBeanRegistry.getSingleton(DefaultSingletonBeanRegistry.java:234)
	at org.springframework.beans.factory.support.AbstractBeanFactory.doGetBean(AbstractBeanFactory.java:334)
	at org.springframework.beans.factory.support.AbstractBeanFactory.getBean(AbstractBeanFactory.java:209)
	at org.springframework.beans.factory.support.ConstructorResolver.instantiateUsingFactoryMethod(ConstructorResolver.java:401)
	at org.springframework.beans.factory.support.AbstractAutowireCapableBeanFactory.instantiateUsingFactoryMethod(AbstractAutowireCapableBeanFactory.java:1352)
	at org.springframework.beans.factory.support.AbstractAutowireCapableBeanFactory.createBeanInstance(AbstractAutowireCapableBeanFactory.java:1195)
	at org.springframework.beans.factory.support.AbstractAutowireCapableBeanFactory.doCreateBean(AbstractAutowireCapableBeanFactory.java:582)
	at org.springframework.beans.factory.support.AbstractAutowireCapableBeanFactory.createBean(AbstractAutowireCapableBeanFactory.java:542)
	at org.springframework.beans.factory.support.AbstractBeanFactory.lambda$doGetBean$0(AbstractBeanFactory.java:336)
	at org.springframework.beans.factory.support.DefaultSingletonBeanRegistry.getSingleton(DefaultSingletonBeanRegistry.java:234)
	at org.springframework.beans.factory.support.AbstractBeanFactory.doGetBean(AbstractBeanFactory.java:334)
	at org.springframework.beans.factory.support.AbstractBeanFactory.getBean(AbstractBeanFactory.java:209)
	at org.springframework.beans.factory.config.DependencyDescriptor.resolveCandidate(DependencyDescriptor.java:276)
	at org.springframework.beans.factory.support.DefaultListableBeanFactory.doResolveDependency(DefaultListableBeanFactory.java:1391)
	at org.springframework.beans.factory.support.DefaultListableBeanFactory.resolveDependency(DefaultListableBeanFactory.java:1311)
	at org.springframework.beans.factory.support.ConstructorResolver.resolveAutowiredArgument(ConstructorResolver.java:904)
	at org.springframework.beans.factory.support.ConstructorResolver.createArgumentArray(ConstructorResolver.java:781)
	at org.springframework.beans.factory.support.ConstructorResolver.instantiateUsingFactoryMethod(ConstructorResolver.java:532)
	at org.springframework.beans.factory.support.AbstractAutowireCapableBeanFactory.instantiateUsingFactoryMethod(AbstractAutowireCapableBeanFactory.java:1352)
	at org.springframework.beans.factory.support.AbstractAutowireCapableBeanFactory.createBeanInstance(AbstractAutowireCapableBeanFactory.java:1195)
	at org.springframework.beans.factory.support.AbstractAutowireCapableBeanFactory.doCreateBean(AbstractAutowireCapableBeanFactory.java:582)
	at org.springframework.beans.factory.support.AbstractAutowireCapableBeanFactory.createBean(AbstractAutowireCapableBeanFactory.java:542)
	at org.springframework.beans.factory.support.AbstractBeanFactory.lambda$doGetBean$0(AbstractBeanFactory.java:336)
	at org.springframework.beans.factory.support.DefaultSingletonBeanRegistry.getSingleton(DefaultSingletonBeanRegistry.java:234)
	at org.springframework.beans.factory.support.AbstractBeanFactory.doGetBean(AbstractBeanFactory.java:334)
	at org.springframework.beans.factory.support.AbstractBeanFactory.getBean(AbstractBeanFactory.java:214)
	at org.springframework.boot.web.servlet.ServletContextInitializerBeans.getOrderedBeansOfType(ServletContextInitializerBeans.java:213)
	at org.springframework.boot.web.servlet.ServletContextInitializerBeans.getOrderedBeansOfType(ServletContextInitializerBeans.java:204)
	at org.springframework.boot.web.servlet.ServletContextInitializerBeans.addServletContextInitializerBeans(ServletContextInitializerBeans.java:98)
	at org.springframework.boot.web.servlet.ServletContextInitializerBeans.<init>(ServletContextInitializerBeans.java:86)
	at org.springframework.boot.web.servlet.context.ServletWebServerApplicationContext.getServletContextInitializerBeans(ServletWebServerApplicationContext.java:262)
	at org.springframework.boot.web.servlet.context.ServletWebServerApplicationContext.selfInitialize(ServletWebServerApplicationContext.java:236)
	at org.springframework.boot.web.embedded.tomcat.TomcatStarter.onStartup(TomcatStarter.java:53)
	at org.apache.catalina.core.StandardContext.startInternal(StandardContext.java:4450)
	at org.apache.catalina.util.LifecycleBase.start(LifecycleBase.java:164)
	at org.apache.catalina.core.ContainerBase$StartChild.call(ContainerBase.java:1203)
	at org.apache.catalina.core.ContainerBase$StartChild.call(ContainerBase.java:1193)
	at java.util.concurrent.FutureTask.run(FutureTask.java:266)
	at org.apache.tomcat.util.threads.InlineExecutorService.execute(InlineExecutorService.java:75)
	at java.util.concurrent.AbstractExecutorService.submit(AbstractExecutorService.java:134)
	at org.apache.catalina.core.ContainerBase.startInternal(ContainerBase.java:749)
	at org.apache.catalina.core.StandardHost.startInternal(StandardHost.java:721)
	at org.apache.catalina.util.LifecycleBase.start(LifecycleBase.java:164)
	at org.apache.catalina.core.ContainerBase$StartChild.call(ContainerBase.java:1203)
	at org.apache.catalina.core.ContainerBase$StartChild.call(ContainerBase.java:1193)
	at java.util.concurrent.FutureTask.run(FutureTask.java:266)
	at org.apache.tomcat.util.threads.InlineExecutorService.execute(InlineExecutorService.java:75)
	at java.util.concurrent.AbstractExecutorService.submit(AbstractExecutorService.java:134)
	at org.apache.catalina.core.ContainerBase.startInternal(ContainerBase.java:749)
	at org.apache.catalina.core.StandardEngine.startInternal(StandardEngine.java:211)
	at org.apache.catalina.util.LifecycleBase.start(LifecycleBase.java:164)
	at org.apache.catalina.core.StandardService.startInternal(StandardService.java:415)
	at org.apache.catalina.util.LifecycleBase.start(LifecycleBase.java:164)
	at org.apache.catalina.core.StandardServer.startInternal(StandardServer.java:874)
	at org.apache.catalina.util.LifecycleBase.start(LifecycleBase.java:164)
	at org.apache.catalina.startup.Tomcat.start(Tomcat.java:438)
	at org.springframework.boot.web.embedded.tomcat.TomcatWebServer.initialize(TomcatWebServer.java:123)
	at org.springframework.boot.web.embedded.tomcat.TomcatWebServer.<init>(TomcatWebServer.java:104)
	at org.springframework.boot.web.embedded.tomcat.TomcatServletWebServerFactory.getTomcatWebServer(TomcatServletWebServerFactory.java:481)
	at org.springframework.boot.web.embedded.tomcat.TomcatServletWebServerFactory.getWebServer(TomcatServletWebServerFactory.java:211)
	at org.springframework.boot.web.servlet.context.ServletWebServerApplicationContext.createWebServer(ServletWebServerApplicationContext.java:184)
	at org.springframework.boot.web.servlet.context.ServletWebServerApplicationContext.onRefresh(ServletWebServerApplicationContext.java:162)
	at org.springframework.context.support.AbstractApplicationContext.refresh(AbstractApplicationContext.java:585)
	at org.springframework.boot.web.servlet.context.ServletWebServerApplicationContext.refresh(ServletWebServerApplicationContext.java:147)
	at org.springframework.boot.SpringApplication.refresh(SpringApplication.java:732)
	at org.springframework.boot.SpringApplication.refreshContext(SpringApplication.java:409)
	at org.springframework.boot.SpringApplication.run(SpringApplication.java:308)
	at org.springframework.boot.SpringApplication.run(SpringApplication.java:1300)
	at org.springframework.boot.SpringApplication.run(SpringApplication.java:1289)
	at com.alibaba.nacos.Nacos.main(Nacos.java:46)
	at sun.reflect.NativeMethodAccessorImpl.invoke0(Native Method)
	at sun.reflect.NativeMethodAccessorImpl.invoke(NativeMethodAccessorImpl.java:62)
	at sun.reflect.DelegatingMethodAccessorImpl.invoke(DelegatingMethodAccessorImpl.java:43)
	at java.lang.reflect.Method.invoke(Method.java:498)
	at org.springframework.boot.loader.MainMethodRunner.run(MainMethodRunner.java:49)
	at org.springframework.boot.loader.Launcher.launch(Launcher.java:108)
	at org.springframework.boot.loader.Launcher.launch(Launcher.java:58)
	at org.springframework.boot.loader.PropertiesLauncher.main(PropertiesLauncher.java:467)
Caused by: com.mysql.cj.exceptions.CJCommunicationsException: Communications link failure

The last packet sent successfully to the server was 0 milliseconds ago. The driver has not received any packets from the server.
	at sun.reflect.NativeConstructorAccessorImpl.newInstance0(Native Method)
	at sun.reflect.NativeConstructorAccessorImpl.newInstance(NativeConstructorAccessorImpl.java:62)
	at sun.reflect.DelegatingConstructorAccessorImpl.newInstance(DelegatingConstructorAccessorImpl.java:45)
	at java.lang.reflect.Constructor.newInstance(Constructor.java:423)
	at com.mysql.cj.exceptions.ExceptionFactory.createException(ExceptionFactory.java:61)
	at com.mysql.cj.exceptions.ExceptionFactory.createException(ExceptionFactory.java:104)
	at com.mysql.cj.exceptions.ExceptionFactory.createException(ExceptionFactory.java:149)
	at com.mysql.cj.exceptions.ExceptionFactory.createCommunicationsException(ExceptionFactory.java:165)
	at com.mysql.cj.protocol.a.NativeSocketConnection.connect(NativeSocketConnection.java:88)
	at com.mysql.cj.NativeSession.connect(NativeSession.java:120)
	at com.mysql.cj.jdbc.ConnectionImpl.connectOneTryOnly(ConnectionImpl.java:935)
	at com.mysql.cj.jdbc.ConnectionImpl.createNewIO(ConnectionImpl.java:805)
	... 135 common frames omitted
Caused by: java.net.UnknownHostException: mysql: Name does not resolve
	at java.net.Inet6AddressImpl.lookupAllHostAddr(Native Method)
	at java.net.InetAddress$2.lookupAllHostAddr(InetAddress.java:868)
	at java.net.InetAddress.getAddressesFromNameService(InetAddress.java:1303)
	at java.net.InetAddress$NameServiceAddresses.get(InetAddress.java:816)
	at java.net.InetAddress.getAllByName0(InetAddress.java:1292)
	at java.net.InetAddress.getAllByName(InetAddress.java:1145)
	at java.net.InetAddress.getAllByName(InetAddress.java:1066)
	at com.mysql.cj.protocol.StandardSocketFactory.connect(StandardSocketFactory.java:130)
	at com.mysql.cj.protocol.a.NativeSocketConnection.connect(NativeSocketConnection.java:62)
	... 138 common frames omitted
2025-06-05 10:16:02,878 ERROR Error starting Tomcat context. Exception: org.springframework.beans.factory.UnsatisfiedDependencyException. Message: Error creating bean with name 'basicAuthenticationFilter' defined in class path resource [com/alibaba/nacos/prometheus/filter/PrometheusAuthFilter.class]: Unsatisfied dependency expressed through method 'basicAuthenticationFilter' parameter 0; nested exception is org.springframework.beans.factory.UnsatisfiedDependencyException: Error creating bean with name 'nacosAuthConfig' defined in URL [jar:file:/home/nacos/target/nacos-server.jar!/BOOT-INF/lib/default-auth-plugin-2.5.0.jar!/com/alibaba/nacos/plugin/auth/impl/NacosAuthConfig.class]: Unsatisfied dependency expressed through constructor parameter 3; nested exception is org.springframework.beans.factory.UnsatisfiedDependencyException: Error creating bean with name 'nacosUserDetailsServiceImpl': Unsatisfied dependency expressed through field 'userPersistService'; nested exception is org.springframework.beans.factory.BeanCreationException: Error creating bean with name 'externalUserPersistServiceImpl': Invocation of init method failed; nested exception is java.lang.RuntimeException: java.lang.RuntimeException: [db-load-error]load jdbc.properties error

2025-06-05 10:16:02,912 INFO Stopping service [Tomcat]

2025-06-05 10:16:02,917 WARN The web application [nacos] appears to have started a thread named [nacos.publisher-com.alibaba.nacos.common.event.ServerConfigChangeEvent] but has failed to stop it. This is very likely to create a memory leak. Stack trace of thread:
 sun.misc.Unsafe.park(Native Method)
 java.util.concurrent.locks.LockSupport.park(LockSupport.java:175)
 java.util.concurrent.locks.AbstractQueuedSynchronizer$ConditionObject.await(AbstractQueuedSynchronizer.java:2039)
 java.util.concurrent.ArrayBlockingQueue.take(ArrayBlockingQueue.java:403)
 com.alibaba.nacos.common.notify.DefaultPublisher.openEventHandler(DefaultPublisher.java:111)
 com.alibaba.nacos.common.notify.DefaultPublisher.run(DefaultPublisher.java:95)

2025-06-05 10:16:02,919 WARN The web application [nacos] appears to have started a thread named [nacos-http-async-client.0] but has failed to stop it. This is very likely to create a memory leak. Stack trace of thread:
 sun.nio.ch.EPollArrayWrapper.epollWait(Native Method)
 sun.nio.ch.EPollArrayWrapper.poll(EPollArrayWrapper.java:269)
 sun.nio.ch.EPollSelectorImpl.doSelect(EPollSelectorImpl.java:93)
 sun.nio.ch.SelectorImpl.lockAndDoSelect(SelectorImpl.java:86)
 sun.nio.ch.SelectorImpl.select(SelectorImpl.java:97)
 org.apache.http.impl.nio.reactor.AbstractMultiworkerIOReactor.execute(AbstractMultiworkerIOReactor.java:343)
 org.apache.http.impl.nio.conn.PoolingNHttpClientConnectionManager.execute(PoolingNHttpClientConnectionManager.java:221)
 org.apache.http.impl.nio.client.CloseableHttpAsyncClientBase$1.run(CloseableHttpAsyncClientBase.java:64)
 java.lang.Thread.run(Thread.java:750)

2025-06-05 10:16:02,920 WARN The web application [nacos] appears to have started a thread named [nacos-http-async-client#I/O Reactor.0] but has failed to stop it. This is very likely to create a memory leak. Stack trace of thread:
 sun.nio.ch.EPollArrayWrapper.epollWait(Native Method)
 sun.nio.ch.EPollArrayWrapper.poll(EPollArrayWrapper.java:269)
 sun.nio.ch.EPollSelectorImpl.doSelect(EPollSelectorImpl.java:93)
 sun.nio.ch.SelectorImpl.lockAndDoSelect(SelectorImpl.java:86)
 sun.nio.ch.SelectorImpl.select(SelectorImpl.java:97)
 org.apache.http.impl.nio.reactor.AbstractIOReactor.execute(AbstractIOReactor.java:255)
 org.apache.http.impl.nio.reactor.BaseIOReactor.execute(BaseIOReactor.java:104)
 org.apache.http.impl.nio.reactor.AbstractMultiworkerIOReactor$Worker.run(AbstractMultiworkerIOReactor.java:591)
 java.lang.Thread.run(Thread.java:750)

2025-06-05 10:16:02,921 WARN The web application [nacos] appears to have started a thread named [nacos-http-async-client#I/O Reactor.1] but has failed to stop it. This is very likely to create a memory leak. Stack trace of thread:
 sun.nio.ch.EPollArrayWrapper.epollWait(Native Method)
 sun.nio.ch.EPollArrayWrapper.poll(EPollArrayWrapper.java:269)
 sun.nio.ch.EPollSelectorImpl.doSelect(EPollSelectorImpl.java:93)
 sun.nio.ch.SelectorImpl.lockAndDoSelect(SelectorImpl.java:86)
 sun.nio.ch.SelectorImpl.select(SelectorImpl.java:97)
 org.apache.http.impl.nio.reactor.AbstractIOReactor.execute(AbstractIOReactor.java:255)
 org.apache.http.impl.nio.reactor.BaseIOReactor.execute(BaseIOReactor.java:104)
 org.apache.http.impl.nio.reactor.AbstractMultiworkerIOReactor$Worker.run(AbstractMultiworkerIOReactor.java:591)
 java.lang.Thread.run(Thread.java:750)

2025-06-05 10:16:02,922 WARN The web application [nacos] appears to have started a thread named [nacos-http-async-client#I/O Reactor.2] but has failed to stop it. This is very likely to create a memory leak. Stack trace of thread:
 sun.nio.ch.EPollArrayWrapper.epollWait(Native Method)
 sun.nio.ch.EPollArrayWrapper.poll(EPollArrayWrapper.java:269)
 sun.nio.ch.EPollSelectorImpl.doSelect(EPollSelectorImpl.java:93)
 sun.nio.ch.SelectorImpl.lockAndDoSelect(SelectorImpl.java:86)
 sun.nio.ch.SelectorImpl.select(SelectorImpl.java:97)
 org.apache.http.impl.nio.reactor.AbstractIOReactor.execute(AbstractIOReactor.java:255)
 org.apache.http.impl.nio.reactor.BaseIOReactor.execute(BaseIOReactor.java:104)
 org.apache.http.impl.nio.reactor.AbstractMultiworkerIOReactor$Worker.run(AbstractMultiworkerIOReactor.java:591)
 java.lang.Thread.run(Thread.java:750)

2025-06-05 10:16:02,923 WARN The web application [nacos] appears to have started a thread named [nacos-http-async-client#I/O Reactor.3] but has failed to stop it. This is very likely to create a memory leak. Stack trace of thread:
 sun.nio.ch.EPollArrayWrapper.epollWait(Native Method)
 sun.nio.ch.EPollArrayWrapper.poll(EPollArrayWrapper.java:269)
 sun.nio.ch.EPollSelectorImpl.doSelect(EPollSelectorImpl.java:93)
 sun.nio.ch.SelectorImpl.lockAndDoSelect(SelectorImpl.java:86)
 sun.nio.ch.SelectorImpl.select(SelectorImpl.java:97)
 org.apache.http.impl.nio.reactor.AbstractIOReactor.execute(AbstractIOReactor.java:255)
 org.apache.http.impl.nio.reactor.BaseIOReactor.execute(BaseIOReactor.java:104)
 org.apache.http.impl.nio.reactor.AbstractMultiworkerIOReactor$Worker.run(AbstractMultiworkerIOReactor.java:591)
 java.lang.Thread.run(Thread.java:750)

2025-06-05 10:16:02,925 WARN The web application [nacos] appears to have started a thread named [nacos.publisher-com.alibaba.nacos.core.cluster.MembersChangeEvent] but has failed to stop it. This is very likely to create a memory leak. Stack trace of thread:
 sun.misc.Unsafe.park(Native Method)
 java.util.concurrent.locks.LockSupport.park(LockSupport.java:175)
 java.util.concurrent.locks.AbstractQueuedSynchronizer$ConditionObject.await(AbstractQueuedSynchronizer.java:2039)
 java.util.concurrent.ArrayBlockingQueue.take(ArrayBlockingQueue.java:403)
 com.alibaba.nacos.common.notify.DefaultPublisher.openEventHandler(DefaultPublisher.java:111)
 com.alibaba.nacos.common.notify.DefaultPublisher.run(DefaultPublisher.java:95)

2025-06-05 10:16:02,926 WARN The web application [nacos] appears to have started a thread named [com.alibaba.nacos.core.distributed.distro.task.delay.DistroDelayTaskExecuteEngine.0] but has failed to stop it. This is very likely to create a memory leak. Stack trace of thread:
 sun.misc.Unsafe.park(Native Method)
 java.util.concurrent.locks.LockSupport.parkNanos(LockSupport.java:215)
 java.util.concurrent.locks.AbstractQueuedSynchronizer$ConditionObject.awaitNanos(AbstractQueuedSynchronizer.java:2078)
 java.util.concurrent.ScheduledThreadPoolExecutor$DelayedWorkQueue.take(ScheduledThreadPoolExecutor.java:1093)
 java.util.concurrent.ScheduledThreadPoolExecutor$DelayedWorkQueue.take(ScheduledThreadPoolExecutor.java:809)
 java.util.concurrent.ThreadPoolExecutor.getTask(ThreadPoolExecutor.java:1074)
 java.util.concurrent.ThreadPoolExecutor.runWorker(ThreadPoolExecutor.java:1134)
 java.util.concurrent.ThreadPoolExecutor$Worker.run(ThreadPoolExecutor.java:624)
 java.lang.Thread.run(Thread.java:750)

2025-06-05 10:16:02,927 WARN The web application [nacos] appears to have started a thread named [DistroExecuteTaskExecuteEngine_0%4] but has failed to stop it. This is very likely to create a memory leak. Stack trace of thread:
 sun.misc.Unsafe.park(Native Method)
 java.util.concurrent.locks.LockSupport.park(LockSupport.java:175)
 java.util.concurrent.locks.AbstractQueuedSynchronizer$ConditionObject.await(AbstractQueuedSynchronizer.java:2039)
 java.util.concurrent.ArrayBlockingQueue.take(ArrayBlockingQueue.java:403)
 com.alibaba.nacos.common.task.engine.TaskExecuteWorker$InnerWorker.run(TaskExecuteWorker.java:118)

2025-06-05 10:16:02,928 WARN The web application [nacos] appears to have started a thread named [DistroExecuteTaskExecuteEngine_1%4] but has failed to stop it. This is very likely to create a memory leak. Stack trace of thread:
 sun.misc.Unsafe.park(Native Method)
 java.util.concurrent.locks.LockSupport.park(LockSupport.java:175)
 java.util.concurrent.locks.AbstractQueuedSynchronizer$ConditionObject.await(AbstractQueuedSynchronizer.java:2039)
 java.util.concurrent.ArrayBlockingQueue.take(ArrayBlockingQueue.java:403)
 com.alibaba.nacos.common.task.engine.TaskExecuteWorker$InnerWorker.run(TaskExecuteWorker.java:118)

2025-06-05 10:16:02,929 WARN The web application [nacos] appears to have started a thread named [DistroExecuteTaskExecuteEngine_2%4] but has failed to stop it. This is very likely to create a memory leak. Stack trace of thread:
 sun.misc.Unsafe.park(Native Method)
 java.util.concurrent.locks.LockSupport.park(LockSupport.java:175)
 java.util.concurrent.locks.AbstractQueuedSynchronizer$ConditionObject.await(AbstractQueuedSynchronizer.java:2039)
 java.util.concurrent.ArrayBlockingQueue.take(ArrayBlockingQueue.java:403)
 com.alibaba.nacos.common.task.engine.TaskExecuteWorker$InnerWorker.run(TaskExecuteWorker.java:118)

2025-06-05 10:16:02,930 WARN The web application [nacos] appears to have started a thread named [DistroExecuteTaskExecuteEngine_3%4] but has failed to stop it. This is very likely to create a memory leak. Stack trace of thread:
 sun.misc.Unsafe.park(Native Method)
 java.util.concurrent.locks.LockSupport.park(LockSupport.java:175)
 java.util.concurrent.locks.AbstractQueuedSynchronizer$ConditionObject.await(AbstractQueuedSynchronizer.java:2039)
 java.util.concurrent.ArrayBlockingQueue.take(ArrayBlockingQueue.java:403)
 com.alibaba.nacos.common.task.engine.TaskExecuteWorker$InnerWorker.run(TaskExecuteWorker.java:118)

2025-06-05 10:16:02,931 WARN The web application [nacos] appears to have started a thread named [com.alibaba.nacos.naming.timer.0] but has failed to stop it. This is very likely to create a memory leak. Stack trace of thread:
 sun.misc.Unsafe.park(Native Method)
 java.util.concurrent.locks.LockSupport.parkNanos(LockSupport.java:215)
 java.util.concurrent.locks.AbstractQueuedSynchronizer$ConditionObject.awaitNanos(AbstractQueuedSynchronizer.java:2078)
 java.util.concurrent.ScheduledThreadPoolExecutor$DelayedWorkQueue.take(ScheduledThreadPoolExecutor.java:1093)
 java.util.concurrent.ScheduledThreadPoolExecutor$DelayedWorkQueue.take(ScheduledThreadPoolExecutor.java:809)
 java.util.concurrent.ThreadPoolExecutor.getTask(ThreadPoolExecutor.java:1074)
 java.util.concurrent.ThreadPoolExecutor.runWorker(ThreadPoolExecutor.java:1134)
 java.util.concurrent.ThreadPoolExecutor$Worker.run(ThreadPoolExecutor.java:624)
 java.lang.Thread.run(Thread.java:750)

2025-06-05 10:16:02,932 WARN The web application [nacos] appears to have started a thread named [com.alibaba.nacos.naming.timer.1] but has failed to stop it. This is very likely to create a memory leak. Stack trace of thread:
 sun.misc.Unsafe.park(Native Method)
 java.util.concurrent.locks.LockSupport.park(LockSupport.java:175)
 java.util.concurrent.locks.AbstractQueuedSynchronizer$ConditionObject.await(AbstractQueuedSynchronizer.java:2039)
 java.util.concurrent.ScheduledThreadPoolExecutor$DelayedWorkQueue.take(ScheduledThreadPoolExecutor.java:1088)
 java.util.concurrent.ScheduledThreadPoolExecutor$DelayedWorkQueue.take(ScheduledThreadPoolExecutor.java:809)
 java.util.concurrent.ThreadPoolExecutor.getTask(ThreadPoolExecutor.java:1074)
 java.util.concurrent.ThreadPoolExecutor.runWorker(ThreadPoolExecutor.java:1134)
 java.util.concurrent.ThreadPoolExecutor$Worker.run(ThreadPoolExecutor.java:624)
 java.lang.Thread.run(Thread.java:750)

2025-06-05 10:16:02,933 WARN The web application [nacos] appears to have started a thread named [naming.publisher-ClientOperationEvent] but has failed to stop it. This is very likely to create a memory leak. Stack trace of thread:
 sun.misc.Unsafe.park(Native Method)
 java.util.concurrent.locks.LockSupport.park(LockSupport.java:175)
 java.util.concurrent.locks.AbstractQueuedSynchronizer$ConditionObject.await(AbstractQueuedSynchronizer.java:2039)
 java.util.concurrent.ArrayBlockingQueue.take(ArrayBlockingQueue.java:403)
 com.alibaba.nacos.naming.core.v2.event.publisher.NamingEventPublisher.handleEvents(NamingEventPublisher.java:156)
 com.alibaba.nacos.naming.core.v2.event.publisher.NamingEventPublisher.run(NamingEventPublisher.java:135)

2025-06-05 10:16:02,933 WARN The web application [nacos] appears to have started a thread named [naming.publisher-MetadataEvent] but has failed to stop it. This is very likely to create a memory leak. Stack trace of thread:
 sun.misc.Unsafe.park(Native Method)
 java.util.concurrent.locks.LockSupport.park(LockSupport.java:175)
 java.util.concurrent.locks.AbstractQueuedSynchronizer$ConditionObject.await(AbstractQueuedSynchronizer.java:2039)
 java.util.concurrent.ArrayBlockingQueue.take(ArrayBlockingQueue.java:403)
 com.alibaba.nacos.naming.core.v2.event.publisher.NamingEventPublisher.handleEvents(NamingEventPublisher.java:156)
 com.alibaba.nacos.naming.core.v2.event.publisher.NamingEventPublisher.run(NamingEventPublisher.java:135)

2025-06-05 10:16:02,934 WARN The web application [nacos] appears to have started a thread named [naming.publisher-ClientEvent] but has failed to stop it. This is very likely to create a memory leak. Stack trace of thread:
 sun.misc.Unsafe.park(Native Method)
 java.util.concurrent.locks.LockSupport.park(LockSupport.java:175)
 java.util.concurrent.locks.AbstractQueuedSynchronizer$ConditionObject.await(AbstractQueuedSynchronizer.java:2039)
 java.util.concurrent.ArrayBlockingQueue.take(ArrayBlockingQueue.java:403)
 com.alibaba.nacos.naming.core.v2.event.publisher.NamingEventPublisher.handleEvents(NamingEventPublisher.java:156)
 com.alibaba.nacos.naming.core.v2.event.publisher.NamingEventPublisher.run(NamingEventPublisher.java:135)

2025-06-05 10:16:02,935 WARN The web application [nacos] appears to have started a thread named [com.alibaba.nacos.naming.remote-connection-manager.0] but has failed to stop it. This is very likely to create a memory leak. Stack trace of thread:
 sun.misc.Unsafe.park(Native Method)
 java.util.concurrent.locks.LockSupport.parkNanos(LockSupport.java:215)
 java.util.concurrent.locks.AbstractQueuedSynchronizer$ConditionObject.awaitNanos(AbstractQueuedSynchronizer.java:2078)
 java.util.concurrent.ScheduledThreadPoolExecutor$DelayedWorkQueue.take(ScheduledThreadPoolExecutor.java:1093)
 java.util.concurrent.ScheduledThreadPoolExecutor$DelayedWorkQueue.take(ScheduledThreadPoolExecutor.java:809)
 java.util.concurrent.ThreadPoolExecutor.getTask(ThreadPoolExecutor.java:1074)
 java.util.concurrent.ThreadPoolExecutor.runWorker(ThreadPoolExecutor.java:1134)
 java.util.concurrent.ThreadPoolExecutor$Worker.run(ThreadPoolExecutor.java:624)
 java.lang.Thread.run(Thread.java:750)

2025-06-05 10:16:02,937 WARN Exception encountered during context initialization - cancelling refresh attempt: org.springframework.context.ApplicationContextException: Unable to start web server; nested exception is org.springframework.boot.web.server.WebServerException: Unable to start embedded Tomcat

2025-06-05 10:16:02,946 INFO Nacos Log files: /home/nacos/logs

2025-06-05 10:16:02,947 INFO Nacos Log files: /home/nacos/conf

2025-06-05 10:16:02,947 INFO Nacos Log files: /home/nacos/data

2025-06-05 10:16:02,949 ERROR Startup errors : 

org.springframework.context.ApplicationContextException: Unable to start web server; nested exception is org.springframework.boot.web.server.WebServerException: Unable to start embedded Tomcat
	at org.springframework.boot.web.servlet.context.ServletWebServerApplicationContext.onRefresh(ServletWebServerApplicationContext.java:165)
	at org.springframework.context.support.AbstractApplicationContext.refresh(AbstractApplicationContext.java:585)
	at org.springframework.boot.web.servlet.context.ServletWebServerApplicationContext.refresh(ServletWebServerApplicationContext.java:147)
	at org.springframework.boot.SpringApplication.refresh(SpringApplication.java:732)
	at org.springframework.boot.SpringApplication.refreshContext(SpringApplication.java:409)
	at org.springframework.boot.SpringApplication.run(SpringApplication.java:308)
	at org.springframework.boot.SpringApplication.run(SpringApplication.java:1300)
	at org.springframework.boot.SpringApplication.run(SpringApplication.java:1289)
	at com.alibaba.nacos.Nacos.main(Nacos.java:46)
	at sun.reflect.NativeMethodAccessorImpl.invoke0(Native Method)
	at sun.reflect.NativeMethodAccessorImpl.invoke(NativeMethodAccessorImpl.java:62)
	at sun.reflect.DelegatingMethodAccessorImpl.invoke(DelegatingMethodAccessorImpl.java:43)
	at java.lang.reflect.Method.invoke(Method.java:498)
	at org.springframework.boot.loader.MainMethodRunner.run(MainMethodRunner.java:49)
	at org.springframework.boot.loader.Launcher.launch(Launcher.java:108)
	at org.springframework.boot.loader.Launcher.launch(Launcher.java:58)
	at org.springframework.boot.loader.PropertiesLauncher.main(PropertiesLauncher.java:467)
Caused by: org.springframework.boot.web.server.WebServerException: Unable to start embedded Tomcat
	at org.springframework.boot.web.embedded.tomcat.TomcatWebServer.initialize(TomcatWebServer.java:142)
	at org.springframework.boot.web.embedded.tomcat.TomcatWebServer.<init>(TomcatWebServer.java:104)
	at org.springframework.boot.web.embedded.tomcat.TomcatServletWebServerFactory.getTomcatWebServer(TomcatServletWebServerFactory.java:481)
	at org.springframework.boot.web.embedded.tomcat.TomcatServletWebServerFactory.getWebServer(TomcatServletWebServerFactory.java:211)
	at org.springframework.boot.web.servlet.context.ServletWebServerApplicationContext.createWebServer(ServletWebServerApplicationContext.java:184)
	at org.springframework.boot.web.servlet.context.ServletWebServerApplicationContext.onRefresh(ServletWebServerApplicationContext.java:162)
	... 16 common frames omitted
Caused by: org.springframework.beans.factory.UnsatisfiedDependencyException: Error creating bean with name 'basicAuthenticationFilter' defined in class path resource [com/alibaba/nacos/prometheus/filter/PrometheusAuthFilter.class]: Unsatisfied dependency expressed through method 'basicAuthenticationFilter' parameter 0; nested exception is org.springframework.beans.factory.UnsatisfiedDependencyException: Error creating bean with name 'nacosAuthConfig' defined in URL [jar:file:/home/nacos/target/nacos-server.jar!/BOOT-INF/lib/default-auth-plugin-2.5.0.jar!/com/alibaba/nacos/plugin/auth/impl/NacosAuthConfig.class]: Unsatisfied dependency expressed through constructor parameter 3; nested exception is org.springframework.beans.factory.UnsatisfiedDependencyException: Error creating bean with name 'nacosUserDetailsServiceImpl': Unsatisfied dependency expressed through field 'userPersistService'; nested exception is org.springframework.beans.factory.BeanCreationException: Error creating bean with name 'externalUserPersistServiceImpl': Invocation of init method failed; nested exception is java.lang.RuntimeException: java.lang.RuntimeException: [db-load-error]load jdbc.properties error
	at org.springframework.beans.factory.support.ConstructorResolver.createArgumentArray(ConstructorResolver.java:794)
	at org.springframework.beans.factory.support.ConstructorResolver.instantiateUsingFactoryMethod(ConstructorResolver.java:532)
	at org.springframework.beans.factory.support.AbstractAutowireCapableBeanFactory.instantiateUsingFactoryMethod(AbstractAutowireCapableBeanFactory.java:1352)
	at org.springframework.beans.factory.support.AbstractAutowireCapableBeanFactory.createBeanInstance(AbstractAutowireCapableBeanFactory.java:1195)
	at org.springframework.beans.factory.support.AbstractAutowireCapableBeanFactory.doCreateBean(AbstractAutowireCapableBeanFactory.java:582)
	at org.springframework.beans.factory.support.AbstractAutowireCapableBeanFactory.createBean(AbstractAutowireCapableBeanFactory.java:542)
	at org.springframework.beans.factory.support.AbstractBeanFactory.lambda$doGetBean$0(AbstractBeanFactory.java:336)
	at org.springframework.beans.factory.support.DefaultSingletonBeanRegistry.getSingleton(DefaultSingletonBeanRegistry.java:234)
	at org.springframework.beans.factory.support.AbstractBeanFactory.doGetBean(AbstractBeanFactory.java:334)
	at org.springframework.beans.factory.support.AbstractBeanFactory.getBean(AbstractBeanFactory.java:214)
	at org.springframework.boot.web.servlet.ServletContextInitializerBeans.getOrderedBeansOfType(ServletContextInitializerBeans.java:213)
	at org.springframework.boot.web.servlet.ServletContextInitializerBeans.getOrderedBeansOfType(ServletContextInitializerBeans.java:204)
	at org.springframework.boot.web.servlet.ServletContextInitializerBeans.addServletContextInitializerBeans(ServletContextInitializerBeans.java:98)
	at org.springframework.boot.web.servlet.ServletContextInitializerBeans.<init>(ServletContextInitializerBeans.java:86)
	at org.springframework.boot.web.servlet.context.ServletWebServerApplicationContext.getServletContextInitializerBeans(ServletWebServerApplicationContext.java:262)
	at org.springframework.boot.web.servlet.context.ServletWebServerApplicationContext.selfInitialize(ServletWebServerApplicationContext.java:236)
	at org.springframework.boot.web.embedded.tomcat.TomcatStarter.onStartup(TomcatStarter.java:53)
	at org.apache.catalina.core.StandardContext.startInternal(StandardContext.java:4450)
	at org.apache.catalina.util.LifecycleBase.start(LifecycleBase.java:164)
	at org.apache.catalina.core.ContainerBase$StartChild.call(ContainerBase.java:1203)
	at org.apache.catalina.core.ContainerBase$StartChild.call(ContainerBase.java:1193)
	at java.util.concurrent.FutureTask.run(FutureTask.java:266)
	at org.apache.tomcat.util.threads.InlineExecutorService.execute(InlineExecutorService.java:75)
	at java.util.concurrent.AbstractExecutorService.submit(AbstractExecutorService.java:134)
	at org.apache.catalina.core.ContainerBase.startInternal(ContainerBase.java:749)
	at org.apache.catalina.core.StandardHost.startInternal(StandardHost.java:721)
	at org.apache.catalina.util.LifecycleBase.start(LifecycleBase.java:164)
	at org.apache.catalina.core.ContainerBase$StartChild.call(ContainerBase.java:1203)
	at org.apache.catalina.core.ContainerBase$StartChild.call(ContainerBase.java:1193)
	at java.util.concurrent.FutureTask.run(FutureTask.java:266)
	at org.apache.tomcat.util.threads.InlineExecutorService.execute(InlineExecutorService.java:75)
	at java.util.concurrent.AbstractExecutorService.submit(AbstractExecutorService.java:134)
	at org.apache.catalina.core.ContainerBase.startInternal(ContainerBase.java:749)
	at org.apache.catalina.core.StandardEngine.startInternal(StandardEngine.java:211)
	at org.apache.catalina.util.LifecycleBase.start(LifecycleBase.java:164)
	at org.apache.catalina.core.StandardService.startInternal(StandardService.java:415)
	at org.apache.catalina.util.LifecycleBase.start(LifecycleBase.java:164)
	at org.apache.catalina.core.StandardServer.startInternal(StandardServer.java:874)
	at org.apache.catalina.util.LifecycleBase.start(LifecycleBase.java:164)
	at org.apache.catalina.startup.Tomcat.start(Tomcat.java:438)
	at org.springframework.boot.web.embedded.tomcat.TomcatWebServer.initialize(TomcatWebServer.java:123)
	... 21 common frames omitted
Caused by: org.springframework.beans.factory.UnsatisfiedDependencyException: Error creating bean with name 'nacosAuthConfig' defined in URL [jar:file:/home/nacos/target/nacos-server.jar!/BOOT-INF/lib/default-auth-plugin-2.5.0.jar!/com/alibaba/nacos/plugin/auth/impl/NacosAuthConfig.class]: Unsatisfied dependency expressed through constructor parameter 3; nested exception is org.springframework.beans.factory.UnsatisfiedDependencyException: Error creating bean with name 'nacosUserDetailsServiceImpl': Unsatisfied dependency expressed through field 'userPersistService'; nested exception is org.springframework.beans.factory.BeanCreationException: Error creating bean with name 'externalUserPersistServiceImpl': Invocation of init method failed; nested exception is java.lang.RuntimeException: java.lang.RuntimeException: [db-load-error]load jdbc.properties error
	at org.springframework.beans.factory.support.ConstructorResolver.createArgumentArray(ConstructorResolver.java:794)
	at org.springframework.beans.factory.support.ConstructorResolver.autowireConstructor(ConstructorResolver.java:220)
	at org.springframework.beans.factory.support.AbstractAutowireCapableBeanFactory.autowireConstructor(AbstractAutowireCapableBeanFactory.java:1372)
	at org.springframework.beans.factory.support.AbstractAutowireCapableBeanFactory.createBeanInstance(AbstractAutowireCapableBeanFactory.java:1222)
	at org.springframework.beans.factory.support.AbstractAutowireCapableBeanFactory.doCreateBean(AbstractAutowireCapableBeanFactory.java:582)
	at org.springframework.beans.factory.support.AbstractAutowireCapableBeanFactory.createBean(AbstractAutowireCapableBeanFactory.java:542)
	at org.springframework.beans.factory.support.AbstractBeanFactory.lambda$doGetBean$0(AbstractBeanFactory.java:336)
	at org.springframework.beans.factory.support.DefaultSingletonBeanRegistry.getSingleton(DefaultSingletonBeanRegistry.java:234)
	at org.springframework.beans.factory.support.AbstractBeanFactory.doGetBean(AbstractBeanFactory.java:334)
	at org.springframework.beans.factory.support.AbstractBeanFactory.getBean(AbstractBeanFactory.java:209)
	at org.springframework.beans.factory.support.ConstructorResolver.instantiateUsingFactoryMethod(ConstructorResolver.java:401)
	at org.springframework.beans.factory.support.AbstractAutowireCapableBeanFactory.instantiateUsingFactoryMethod(AbstractAutowireCapableBeanFactory.java:1352)
	at org.springframework.beans.factory.support.AbstractAutowireCapableBeanFactory.createBeanInstance(AbstractAutowireCapableBeanFactory.java:1195)
	at org.springframework.beans.factory.support.AbstractAutowireCapableBeanFactory.doCreateBean(AbstractAutowireCapableBeanFactory.java:582)
	at org.springframework.beans.factory.support.AbstractAutowireCapableBeanFactory.createBean(AbstractAutowireCapableBeanFactory.java:542)
	at org.springframework.beans.factory.support.AbstractBeanFactory.lambda$doGetBean$0(AbstractBeanFactory.java:336)
	at org.springframework.beans.factory.support.DefaultSingletonBeanRegistry.getSingleton(DefaultSingletonBeanRegistry.java:234)
	at org.springframework.beans.factory.support.AbstractBeanFactory.doGetBean(AbstractBeanFactory.java:334)
	at org.springframework.beans.factory.support.AbstractBeanFactory.getBean(AbstractBeanFactory.java:209)
	at org.springframework.beans.factory.config.DependencyDescriptor.resolveCandidate(DependencyDescriptor.java:276)
	at org.springframework.beans.factory.support.DefaultListableBeanFactory.doResolveDependency(DefaultListableBeanFactory.java:1391)
	at org.springframework.beans.factory.support.DefaultListableBeanFactory.resolveDependency(DefaultListableBeanFactory.java:1311)
	at org.springframework.beans.factory.support.ConstructorResolver.resolveAutowiredArgument(ConstructorResolver.java:904)
	at org.springframework.beans.factory.support.ConstructorResolver.createArgumentArray(ConstructorResolver.java:781)
	... 61 common frames omitted
Caused by: org.springframework.beans.factory.UnsatisfiedDependencyException: Error creating bean with name 'nacosUserDetailsServiceImpl': Unsatisfied dependency expressed through field 'userPersistService'; nested exception is org.springframework.beans.factory.BeanCreationException: Error creating bean with name 'externalUserPersistServiceImpl': Invocation of init method failed; nested exception is java.lang.RuntimeException: java.lang.RuntimeException: [db-load-error]load jdbc.properties error
	at org.springframework.beans.factory.annotation.AutowiredAnnotationBeanPostProcessor$AutowiredFieldElement.resolveFieldValue(AutowiredAnnotationBeanPostProcessor.java:713)
	at org.springframework.beans.factory.annotation.AutowiredAnnotationBeanPostProcessor$AutowiredFieldElement.inject(AutowiredAnnotationBeanPostProcessor.java:693)
	at org.springframework.beans.factory.annotation.InjectionMetadata.inject(InjectionMetadata.java:119)
	at org.springframework.beans.factory.annotation.AutowiredAnnotationBeanPostProcessor.postProcessProperties(AutowiredAnnotationBeanPostProcessor.java:408)
	at org.springframework.beans.factory.support.AbstractAutowireCapableBeanFactory.populateBean(AbstractAutowireCapableBeanFactory.java:1431)
	at org.springframework.beans.factory.support.AbstractAutowireCapableBeanFactory.doCreateBean(AbstractAutowireCapableBeanFactory.java:619)
	at org.springframework.beans.factory.support.AbstractAutowireCapableBeanFactory.createBean(AbstractAutowireCapableBeanFactory.java:542)
	at org.springframework.beans.factory.support.AbstractBeanFactory.lambda$doGetBean$0(AbstractBeanFactory.java:336)
	at org.springframework.beans.factory.support.DefaultSingletonBeanRegistry.getSingleton(DefaultSingletonBeanRegistry.java:234)
	at org.springframework.beans.factory.support.AbstractBeanFactory.doGetBean(AbstractBeanFactory.java:334)
	at org.springframework.beans.factory.support.AbstractBeanFactory.getBean(AbstractBeanFactory.java:209)
	at org.springframework.beans.factory.config.DependencyDescriptor.resolveCandidate(DependencyDescriptor.java:276)
	at org.springframework.beans.factory.support.DefaultListableBeanFactory.doResolveDependency(DefaultListableBeanFactory.java:1391)
	at org.springframework.beans.factory.support.DefaultListableBeanFactory.resolveDependency(DefaultListableBeanFactory.java:1311)
	at org.springframework.beans.factory.support.ConstructorResolver.resolveAutowiredArgument(ConstructorResolver.java:904)
	at org.springframework.beans.factory.support.ConstructorResolver.createArgumentArray(ConstructorResolver.java:781)
	... 84 common frames omitted
Caused by: org.springframework.beans.factory.BeanCreationException: Error creating bean with name 'externalUserPersistServiceImpl': Invocation of init method failed; nested exception is java.lang.RuntimeException: java.lang.RuntimeException: [db-load-error]load jdbc.properties error
	at org.springframework.beans.factory.annotation.InitDestroyAnnotationBeanPostProcessor.postProcessBeforeInitialization(InitDestroyAnnotationBeanPostProcessor.java:160)
	at org.springframework.beans.factory.support.AbstractAutowireCapableBeanFactory.applyBeanPostProcessorsBeforeInitialization(AbstractAutowireCapableBeanFactory.java:440)
	at org.springframework.beans.factory.support.AbstractAutowireCapableBeanFactory.initializeBean(AbstractAutowireCapableBeanFactory.java:1796)
	at org.springframework.beans.factory.support.AbstractAutowireCapableBeanFactory.doCreateBean(AbstractAutowireCapableBeanFactory.java:620)
	at org.springframework.beans.factory.support.AbstractAutowireCapableBeanFactory.createBean(AbstractAutowireCapableBeanFactory.java:542)
	at org.springframework.beans.factory.support.AbstractBeanFactory.lambda$doGetBean$0(AbstractBeanFactory.java:336)
	at org.springframework.beans.factory.support.DefaultSingletonBeanRegistry.getSingleton(DefaultSingletonBeanRegistry.java:234)
	at org.springframework.beans.factory.support.AbstractBeanFactory.doGetBean(AbstractBeanFactory.java:334)
	at org.springframework.beans.factory.support.AbstractBeanFactory.getBean(AbstractBeanFactory.java:209)
	at org.springframework.beans.factory.config.DependencyDescriptor.resolveCandidate(DependencyDescriptor.java:276)
	at org.springframework.beans.factory.support.DefaultListableBeanFactory.doResolveDependency(DefaultListableBeanFactory.java:1391)
	at org.springframework.beans.factory.support.DefaultListableBeanFactory.resolveDependency(DefaultListableBeanFactory.java:1311)
	at org.springframework.beans.factory.annotation.AutowiredAnnotationBeanPostProcessor$AutowiredFieldElement.resolveFieldValue(AutowiredAnnotationBeanPostProcessor.java:710)
	... 99 common frames omitted
Caused by: java.lang.RuntimeException: java.lang.RuntimeException: [db-load-error]load jdbc.properties error
	at com.alibaba.nacos.persistence.datasource.DynamicDataSource.getDataSource(DynamicDataSource.java:60)
	at com.alibaba.nacos.plugin.auth.impl.persistence.ExternalUserPersistServiceImpl.init(ExternalUserPersistServiceImpl.java:55)
	at sun.reflect.NativeMethodAccessorImpl.invoke0(Native Method)
	at sun.reflect.NativeMethodAccessorImpl.invoke(NativeMethodAccessorImpl.java:62)
	at sun.reflect.DelegatingMethodAccessorImpl.invoke(DelegatingMethodAccessorImpl.java:43)
	at java.lang.reflect.Method.invoke(Method.java:498)
	at org.springframework.beans.factory.annotation.InitDestroyAnnotationBeanPostProcessor$LifecycleElement.invoke(InitDestroyAnnotationBeanPostProcessor.java:389)
	at org.springframework.beans.factory.annotation.InitDestroyAnnotationBeanPostProcessor$LifecycleMetadata.invokeInitMethods(InitDestroyAnnotationBeanPostProcessor.java:333)
	at org.springframework.beans.factory.annotation.InitDestroyAnnotationBeanPostProcessor.postProcessBeforeInitialization(InitDestroyAnnotationBeanPostProcessor.java:157)
	... 111 common frames omitted
Caused by: java.lang.RuntimeException: [db-load-error]load jdbc.properties error
	at com.alibaba.nacos.persistence.datasource.ExternalDataSourceServiceImpl.init(ExternalDataSourceServiceImpl.java:119)
	at com.alibaba.nacos.persistence.datasource.DynamicDataSource.getDataSource(DynamicDataSource.java:55)
	... 119 common frames omitted
Caused by: java.io.IOException: java.lang.RuntimeException: com.mysql.cj.jdbc.exceptions.CommunicationsException: Communications link failure

The last packet sent successfully to the server was 0 milliseconds ago. The driver has not received any packets from the server.
	at com.alibaba.nacos.persistence.datasource.ExternalDataSourceServiceImpl.reload(ExternalDataSourceServiceImpl.java:168)
	at com.alibaba.nacos.persistence.datasource.ExternalDataSourceServiceImpl.init(ExternalDataSourceServiceImpl.java:116)
	... 120 common frames omitted
Caused by: java.lang.RuntimeException: com.mysql.cj.jdbc.exceptions.CommunicationsException: Communications link failure

The last packet sent successfully to the server was 0 milliseconds ago. The driver has not received any packets from the server.
	at com.alibaba.nacos.persistence.utils.ConnectionCheckUtil.checkDataSourceConnection(ConnectionCheckUtil.java:37)
	at com.alibaba.nacos.persistence.datasource.ExternalDataSourceServiceImpl.lambda$reload$0(ExternalDataSourceServiceImpl.java:138)
	at com.alibaba.nacos.persistence.datasource.ExternalDataSourceProperties.build(ExternalDataSourceProperties.java:97)
	at com.alibaba.nacos.persistence.datasource.ExternalDataSourceServiceImpl.reload(ExternalDataSourceServiceImpl.java:136)
	... 121 common frames omitted
Caused by: com.mysql.cj.jdbc.exceptions.CommunicationsException: Communications link failure

The last packet sent successfully to the server was 0 milliseconds ago. The driver has not received any packets from the server.
	at com.mysql.cj.jdbc.exceptions.SQLError.createCommunicationsException(SQLError.java:174)
	at com.mysql.cj.jdbc.exceptions.SQLExceptionsMapping.translateException(SQLExceptionsMapping.java:64)
	at com.mysql.cj.jdbc.ConnectionImpl.createNewIO(ConnectionImpl.java:815)
	at com.mysql.cj.jdbc.ConnectionImpl.<init>(ConnectionImpl.java:438)
	at com.mysql.cj.jdbc.ConnectionImpl.getInstance(ConnectionImpl.java:241)
	at com.mysql.cj.jdbc.NonRegisteringDriver.connect(NonRegisteringDriver.java:189)
	at com.zaxxer.hikari.util.DriverDataSource.getConnection(DriverDataSource.java:138)
	at com.zaxxer.hikari.pool.PoolBase.newConnection(PoolBase.java:354)
	at com.zaxxer.hikari.pool.PoolBase.newPoolEntry(PoolBase.java:202)
	at com.zaxxer.hikari.pool.HikariPool.createPoolEntry(HikariPool.java:473)
	at com.zaxxer.hikari.pool.HikariPool.checkFailFast(HikariPool.java:554)
	at com.zaxxer.hikari.pool.HikariPool.<init>(HikariPool.java:115)
	at com.zaxxer.hikari.HikariDataSource.getConnection(HikariDataSource.java:112)
	at com.alibaba.nacos.persistence.utils.ConnectionCheckUtil.checkDataSourceConnection(ConnectionCheckUtil.java:34)
	... 124 common frames omitted
Caused by: com.mysql.cj.exceptions.CJCommunicationsException: Communications link failure

The last packet sent successfully to the server was 0 milliseconds ago. The driver has not received any packets from the server.
	at sun.reflect.NativeConstructorAccessorImpl.newInstance0(Native Method)
	at sun.reflect.NativeConstructorAccessorImpl.newInstance(NativeConstructorAccessorImpl.java:62)
	at sun.reflect.DelegatingConstructorAccessorImpl.newInstance(DelegatingConstructorAccessorImpl.java:45)
	at java.lang.reflect.Constructor.newInstance(Constructor.java:423)
	at com.mysql.cj.exceptions.ExceptionFactory.createException(ExceptionFactory.java:61)
	at com.mysql.cj.exceptions.ExceptionFactory.createException(ExceptionFactory.java:104)
	at com.mysql.cj.exceptions.ExceptionFactory.createException(ExceptionFactory.java:149)
	at com.mysql.cj.exceptions.ExceptionFactory.createCommunicationsException(ExceptionFactory.java:165)
	at com.mysql.cj.protocol.a.NativeSocketConnection.connect(NativeSocketConnection.java:88)
	at com.mysql.cj.NativeSession.connect(NativeSession.java:120)
	at com.mysql.cj.jdbc.ConnectionImpl.connectOneTryOnly(ConnectionImpl.java:935)
	at com.mysql.cj.jdbc.ConnectionImpl.createNewIO(ConnectionImpl.java:805)
	... 135 common frames omitted
Caused by: java.net.UnknownHostException: mysql: Name does not resolve
	at java.net.Inet6AddressImpl.lookupAllHostAddr(Native Method)
	at java.net.InetAddress$2.lookupAllHostAddr(InetAddress.java:868)
	at java.net.InetAddress.getAddressesFromNameService(InetAddress.java:1303)
	at java.net.InetAddress$NameServiceAddresses.get(InetAddress.java:816)
	at java.net.InetAddress.getAllByName0(InetAddress.java:1292)
	at java.net.InetAddress.getAllByName(InetAddress.java:1145)
	at java.net.InetAddress.getAllByName(InetAddress.java:1066)
	at com.mysql.cj.protocol.StandardSocketFactory.connect(StandardSocketFactory.java:130)
	at com.mysql.cj.protocol.a.NativeSocketConnection.connect(NativeSocketConnection.java:62)
	... 138 common frames omitted
2025-06-05 10:16:02,954 WARN [WatchFileCenter] start close

2025-06-05 10:16:02,954 WARN [WatchFileCenter] start to shutdown this watcher which is watch : /home/nacos/conf

2025-06-05 10:16:02,956 WARN [WatchFileCenter] already closed

2025-06-05 10:16:02,957 INFO [NotifyCenter] Start destroying Publisher

2025-06-05 10:16:02,957 INFO [NotifyCenter] Completed destruction of Publisher

2025-06-05 10:16:02,957 ERROR Nacos failed to start, please see /home/nacos/logs/nacos.log for more details.

2025-06-05 10:16:02,976 INFO 

Error starting ApplicationContext. To display the conditions report re-run your application with 'debug' enabled.

2025-06-05 10:16:03,019 ERROR Application run failed

org.springframework.context.ApplicationContextException: Unable to start web server; nested exception is org.springframework.boot.web.server.WebServerException: Unable to start embedded Tomcat
	at org.springframework.boot.web.servlet.context.ServletWebServerApplicationContext.onRefresh(ServletWebServerApplicationContext.java:165)
	at org.springframework.context.support.AbstractApplicationContext.refresh(AbstractApplicationContext.java:585)
	at org.springframework.boot.web.servlet.context.ServletWebServerApplicationContext.refresh(ServletWebServerApplicationContext.java:147)
	at org.springframework.boot.SpringApplication.refresh(SpringApplication.java:732)
	at org.springframework.boot.SpringApplication.refreshContext(SpringApplication.java:409)
	at org.springframework.boot.SpringApplication.run(SpringApplication.java:308)
	at org.springframework.boot.SpringApplication.run(SpringApplication.java:1300)
	at org.springframework.boot.SpringApplication.run(SpringApplication.java:1289)
	at com.alibaba.nacos.Nacos.main(Nacos.java:46)
	at sun.reflect.NativeMethodAccessorImpl.invoke0(Native Method)
	at sun.reflect.NativeMethodAccessorImpl.invoke(NativeMethodAccessorImpl.java:62)
	at sun.reflect.DelegatingMethodAccessorImpl.invoke(DelegatingMethodAccessorImpl.java:43)
	at java.lang.reflect.Method.invoke(Method.java:498)
	at org.springframework.boot.loader.MainMethodRunner.run(MainMethodRunner.java:49)
	at org.springframework.boot.loader.Launcher.launch(Launcher.java:108)
	at org.springframework.boot.loader.Launcher.launch(Launcher.java:58)
	at org.springframework.boot.loader.PropertiesLauncher.main(PropertiesLauncher.java:467)
Caused by: org.springframework.boot.web.server.WebServerException: Unable to start embedded Tomcat
	at org.springframework.boot.web.embedded.tomcat.TomcatWebServer.initialize(TomcatWebServer.java:142)
	at org.springframework.boot.web.embedded.tomcat.TomcatWebServer.<init>(TomcatWebServer.java:104)
	at org.springframework.boot.web.embedded.tomcat.TomcatServletWebServerFactory.getTomcatWebServer(TomcatServletWebServerFactory.java:481)
	at org.springframework.boot.web.embedded.tomcat.TomcatServletWebServerFactory.getWebServer(TomcatServletWebServerFactory.java:211)
	at org.springframework.boot.web.servlet.context.ServletWebServerApplicationContext.createWebServer(ServletWebServerApplicationContext.java:184)
	at org.springframework.boot.web.servlet.context.ServletWebServerApplicationContext.onRefresh(ServletWebServerApplicationContext.java:162)
	... 16 common frames omitted
Caused by: org.springframework.beans.factory.UnsatisfiedDependencyException: Error creating bean with name 'basicAuthenticationFilter' defined in class path resource [com/alibaba/nacos/prometheus/filter/PrometheusAuthFilter.class]: Unsatisfied dependency expressed through method 'basicAuthenticationFilter' parameter 0; nested exception is org.springframework.beans.factory.UnsatisfiedDependencyException: Error creating bean with name 'nacosAuthConfig' defined in URL [jar:file:/home/nacos/target/nacos-server.jar!/BOOT-INF/lib/default-auth-plugin-2.5.0.jar!/com/alibaba/nacos/plugin/auth/impl/NacosAuthConfig.class]: Unsatisfied dependency expressed through constructor parameter 3; nested exception is org.springframework.beans.factory.UnsatisfiedDependencyException: Error creating bean with name 'nacosUserDetailsServiceImpl': Unsatisfied dependency expressed through field 'userPersistService'; nested exception is org.springframework.beans.factory.BeanCreationException: Error creating bean with name 'externalUserPersistServiceImpl': Invocation of init method failed; nested exception is java.lang.RuntimeException: java.lang.RuntimeException: [db-load-error]load jdbc.properties error
	at org.springframework.beans.factory.support.ConstructorResolver.createArgumentArray(ConstructorResolver.java:794)
	at org.springframework.beans.factory.support.ConstructorResolver.instantiateUsingFactoryMethod(ConstructorResolver.java:532)
	at org.springframework.beans.factory.support.AbstractAutowireCapableBeanFactory.instantiateUsingFactoryMethod(AbstractAutowireCapableBeanFactory.java:1352)
	at org.springframework.beans.factory.support.AbstractAutowireCapableBeanFactory.createBeanInstance(AbstractAutowireCapableBeanFactory.java:1195)
	at org.springframework.beans.factory.support.AbstractAutowireCapableBeanFactory.doCreateBean(AbstractAutowireCapableBeanFactory.java:582)
	at org.springframework.beans.factory.support.AbstractAutowireCapableBeanFactory.createBean(AbstractAutowireCapableBeanFactory.java:542)
	at org.springframework.beans.factory.support.AbstractBeanFactory.lambda$doGetBean$0(AbstractBeanFactory.java:336)
	at org.springframework.beans.factory.support.DefaultSingletonBeanRegistry.getSingleton(DefaultSingletonBeanRegistry.java:234)
	at org.springframework.beans.factory.support.AbstractBeanFactory.doGetBean(AbstractBeanFactory.java:334)
	at org.springframework.beans.factory.support.AbstractBeanFactory.getBean(AbstractBeanFactory.java:214)
	at org.springframework.boot.web.servlet.ServletContextInitializerBeans.getOrderedBeansOfType(ServletContextInitializerBeans.java:213)
	at org.springframework.boot.web.servlet.ServletContextInitializerBeans.getOrderedBeansOfType(ServletContextInitializerBeans.java:204)
	at org.springframework.boot.web.servlet.ServletContextInitializerBeans.addServletContextInitializerBeans(ServletContextInitializerBeans.java:98)
	at org.springframework.boot.web.servlet.ServletContextInitializerBeans.<init>(ServletContextInitializerBeans.java:86)
	at org.springframework.boot.web.servlet.context.ServletWebServerApplicationContext.getServletContextInitializerBeans(ServletWebServerApplicationContext.java:262)
	at org.springframework.boot.web.servlet.context.ServletWebServerApplicationContext.selfInitialize(ServletWebServerApplicationContext.java:236)
	at org.springframework.boot.web.embedded.tomcat.TomcatStarter.onStartup(TomcatStarter.java:53)
	at org.apache.catalina.core.StandardContext.startInternal(StandardContext.java:4450)
	at org.apache.catalina.util.LifecycleBase.start(LifecycleBase.java:164)
	at org.apache.catalina.core.ContainerBase$StartChild.call(ContainerBase.java:1203)
	at org.apache.catalina.core.ContainerBase$StartChild.call(ContainerBase.java:1193)
	at java.util.concurrent.FutureTask.run(FutureTask.java:266)
	at org.apache.tomcat.util.threads.InlineExecutorService.execute(InlineExecutorService.java:75)
	at java.util.concurrent.AbstractExecutorService.submit(AbstractExecutorService.java:134)
	at org.apache.catalina.core.ContainerBase.startInternal(ContainerBase.java:749)
	at org.apache.catalina.core.StandardHost.startInternal(StandardHost.java:721)
	at org.apache.catalina.util.LifecycleBase.start(LifecycleBase.java:164)
	at org.apache.catalina.core.ContainerBase$StartChild.call(ContainerBase.java:1203)
	at org.apache.catalina.core.ContainerBase$StartChild.call(ContainerBase.java:1193)
	at java.util.concurrent.FutureTask.run(FutureTask.java:266)
	at org.apache.tomcat.util.threads.InlineExecutorService.execute(InlineExecutorService.java:75)
	at java.util.concurrent.AbstractExecutorService.submit(AbstractExecutorService.java:134)
	at org.apache.catalina.core.ContainerBase.startInternal(ContainerBase.java:749)
	at org.apache.catalina.core.StandardEngine.startInternal(StandardEngine.java:211)
	at org.apache.catalina.util.LifecycleBase.start(LifecycleBase.java:164)
	at org.apache.catalina.core.StandardService.startInternal(StandardService.java:415)
	at org.apache.catalina.util.LifecycleBase.start(LifecycleBase.java:164)
	at org.apache.catalina.core.StandardServer.startInternal(StandardServer.java:874)
	at org.apache.catalina.util.LifecycleBase.start(LifecycleBase.java:164)
	at org.apache.catalina.startup.Tomcat.start(Tomcat.java:438)
	at org.springframework.boot.web.embedded.tomcat.TomcatWebServer.initialize(TomcatWebServer.java:123)
	... 21 common frames omitted
Caused by: org.springframework.beans.factory.UnsatisfiedDependencyException: Error creating bean with name 'nacosAuthConfig' defined in URL [jar:file:/home/nacos/target/nacos-server.jar!/BOOT-INF/lib/default-auth-plugin-2.5.0.jar!/com/alibaba/nacos/plugin/auth/impl/NacosAuthConfig.class]: Unsatisfied dependency expressed through constructor parameter 3; nested exception is org.springframework.beans.factory.UnsatisfiedDependencyException: Error creating bean with name 'nacosUserDetailsServiceImpl': Unsatisfied dependency expressed through field 'userPersistService'; nested exception is org.springframework.beans.factory.BeanCreationException: Error creating bean with name 'externalUserPersistServiceImpl': Invocation of init method failed; nested exception is java.lang.RuntimeException: java.lang.RuntimeException: [db-load-error]load jdbc.properties error
	at org.springframework.beans.factory.support.ConstructorResolver.createArgumentArray(ConstructorResolver.java:794)
	at org.springframework.beans.factory.support.ConstructorResolver.autowireConstructor(ConstructorResolver.java:220)
	at org.springframework.beans.factory.support.AbstractAutowireCapableBeanFactory.autowireConstructor(AbstractAutowireCapableBeanFactory.java:1372)
	at org.springframework.beans.factory.support.AbstractAutowireCapableBeanFactory.createBeanInstance(AbstractAutowireCapableBeanFactory.java:1222)
	at org.springframework.beans.factory.support.AbstractAutowireCapableBeanFactory.doCreateBean(AbstractAutowireCapableBeanFactory.java:582)
	at org.springframework.beans.factory.support.AbstractAutowireCapableBeanFactory.createBean(AbstractAutowireCapableBeanFactory.java:542)
	at org.springframework.beans.factory.support.AbstractBeanFactory.lambda$doGetBean$0(AbstractBeanFactory.java:336)
	at org.springframework.beans.factory.support.DefaultSingletonBeanRegistry.getSingleton(DefaultSingletonBeanRegistry.java:234)
	at org.springframework.beans.factory.support.AbstractBeanFactory.doGetBean(AbstractBeanFactory.java:334)
	at org.springframework.beans.factory.support.AbstractBeanFactory.getBean(AbstractBeanFactory.java:209)
	at org.springframework.beans.factory.support.ConstructorResolver.instantiateUsingFactoryMethod(ConstructorResolver.java:401)
	at org.springframework.beans.factory.support.AbstractAutowireCapableBeanFactory.instantiateUsingFactoryMethod(AbstractAutowireCapableBeanFactory.java:1352)
	at org.springframework.beans.factory.support.AbstractAutowireCapableBeanFactory.createBeanInstance(AbstractAutowireCapableBeanFactory.java:1195)
	at org.springframework.beans.factory.support.AbstractAutowireCapableBeanFactory.doCreateBean(AbstractAutowireCapableBeanFactory.java:582)
	at org.springframework.beans.factory.support.AbstractAutowireCapableBeanFactory.createBean(AbstractAutowireCapableBeanFactory.java:542)
	at org.springframework.beans.factory.support.AbstractBeanFactory.lambda$doGetBean$0(AbstractBeanFactory.java:336)
	at org.springframework.beans.factory.support.DefaultSingletonBeanRegistry.getSingleton(DefaultSingletonBeanRegistry.java:234)
	at org.springframework.beans.factory.support.AbstractBeanFactory.doGetBean(AbstractBeanFactory.java:334)
	at org.springframework.beans.factory.support.AbstractBeanFactory.getBean(AbstractBeanFactory.java:209)
	at org.springframework.beans.factory.config.DependencyDescriptor.resolveCandidate(DependencyDescriptor.java:276)
	at org.springframework.beans.factory.support.DefaultListableBeanFactory.doResolveDependency(DefaultListableBeanFactory.java:1391)
	at org.springframework.beans.factory.support.DefaultListableBeanFactory.resolveDependency(DefaultListableBeanFactory.java:1311)
	at org.springframework.beans.factory.support.ConstructorResolver.resolveAutowiredArgument(ConstructorResolver.java:904)
	at org.springframework.beans.factory.support.ConstructorResolver.createArgumentArray(ConstructorResolver.java:781)
	... 61 common frames omitted
Caused by: org.springframework.beans.factory.UnsatisfiedDependencyException: Error creating bean with name 'nacosUserDetailsServiceImpl': Unsatisfied dependency expressed through field 'userPersistService'; nested exception is org.springframework.beans.factory.BeanCreationException: Error creating bean with name 'externalUserPersistServiceImpl': Invocation of init method failed; nested exception is java.lang.RuntimeException: java.lang.RuntimeException: [db-load-error]load jdbc.properties error
	at org.springframework.beans.factory.annotation.AutowiredAnnotationBeanPostProcessor$AutowiredFieldElement.resolveFieldValue(AutowiredAnnotationBeanPostProcessor.java:713)
	at org.springframework.beans.factory.annotation.AutowiredAnnotationBeanPostProcessor$AutowiredFieldElement.inject(AutowiredAnnotationBeanPostProcessor.java:693)
	at org.springframework.beans.factory.annotation.InjectionMetadata.inject(InjectionMetadata.java:119)
	at org.springframework.beans.factory.annotation.AutowiredAnnotationBeanPostProcessor.postProcessProperties(AutowiredAnnotationBeanPostProcessor.java:408)
	at org.springframework.beans.factory.support.AbstractAutowireCapableBeanFactory.populateBean(AbstractAutowireCapableBeanFactory.java:1431)
	at org.springframework.beans.factory.support.AbstractAutowireCapableBeanFactory.doCreateBean(AbstractAutowireCapableBeanFactory.java:619)
	at org.springframework.beans.factory.support.AbstractAutowireCapableBeanFactory.createBean(AbstractAutowireCapableBeanFactory.java:542)
	at org.springframework.beans.factory.support.AbstractBeanFactory.lambda$doGetBean$0(AbstractBeanFactory.java:336)
	at org.springframework.beans.factory.support.DefaultSingletonBeanRegistry.getSingleton(DefaultSingletonBeanRegistry.java:234)
	at org.springframework.beans.factory.support.AbstractBeanFactory.doGetBean(AbstractBeanFactory.java:334)
	at org.springframework.beans.factory.support.AbstractBeanFactory.getBean(AbstractBeanFactory.java:209)
	at org.springframework.beans.factory.config.DependencyDescriptor.resolveCandidate(DependencyDescriptor.java:276)
	at org.springframework.beans.factory.support.DefaultListableBeanFactory.doResolveDependency(DefaultListableBeanFactory.java:1391)
	at org.springframework.beans.factory.support.DefaultListableBeanFactory.resolveDependency(DefaultListableBeanFactory.java:1311)
	at org.springframework.beans.factory.support.ConstructorResolver.resolveAutowiredArgument(ConstructorResolver.java:904)
	at org.springframework.beans.factory.support.ConstructorResolver.createArgumentArray(ConstructorResolver.java:781)
	... 84 common frames omitted
Caused by: org.springframework.beans.factory.BeanCreationException: Error creating bean with name 'externalUserPersistServiceImpl': Invocation of init method failed; nested exception is java.lang.RuntimeException: java.lang.RuntimeException: [db-load-error]load jdbc.properties error
	at org.springframework.beans.factory.annotation.InitDestroyAnnotationBeanPostProcessor.postProcessBeforeInitialization(InitDestroyAnnotationBeanPostProcessor.java:160)
	at org.springframework.beans.factory.support.AbstractAutowireCapableBeanFactory.applyBeanPostProcessorsBeforeInitialization(AbstractAutowireCapableBeanFactory.java:440)
	at org.springframework.beans.factory.support.AbstractAutowireCapableBeanFactory.initializeBean(AbstractAutowireCapableBeanFactory.java:1796)
	at org.springframework.beans.factory.support.AbstractAutowireCapableBeanFactory.doCreateBean(AbstractAutowireCapableBeanFactory.java:620)
	at org.springframework.beans.factory.support.AbstractAutowireCapableBeanFactory.createBean(AbstractAutowireCapableBeanFactory.java:542)
	at org.springframework.beans.factory.support.AbstractBeanFactory.lambda$doGetBean$0(AbstractBeanFactory.java:336)
	at org.springframework.beans.factory.support.DefaultSingletonBeanRegistry.getSingleton(DefaultSingletonBeanRegistry.java:234)
	at org.springframework.beans.factory.support.AbstractBeanFactory.doGetBean(AbstractBeanFactory.java:334)
	at org.springframework.beans.factory.support.AbstractBeanFactory.getBean(AbstractBeanFactory.java:209)
	at org.springframework.beans.factory.config.DependencyDescriptor.resolveCandidate(DependencyDescriptor.java:276)
	at org.springframework.beans.factory.support.DefaultListableBeanFactory.doResolveDependency(DefaultListableBeanFactory.java:1391)
	at org.springframework.beans.factory.support.DefaultListableBeanFactory.resolveDependency(DefaultListableBeanFactory.java:1311)
	at org.springframework.beans.factory.annotation.AutowiredAnnotationBeanPostProcessor$AutowiredFieldElement.resolveFieldValue(AutowiredAnnotationBeanPostProcessor.java:710)
	... 99 common frames omitted
Caused by: java.lang.RuntimeException: java.lang.RuntimeException: [db-load-error]load jdbc.properties error
	at com.alibaba.nacos.persistence.datasource.DynamicDataSource.getDataSource(DynamicDataSource.java:60)
	at com.alibaba.nacos.plugin.auth.impl.persistence.ExternalUserPersistServiceImpl.init(ExternalUserPersistServiceImpl.java:55)
	at sun.reflect.NativeMethodAccessorImpl.invoke0(Native Method)
	at sun.reflect.NativeMethodAccessorImpl.invoke(NativeMethodAccessorImpl.java:62)
	at sun.reflect.DelegatingMethodAccessorImpl.invoke(DelegatingMethodAccessorImpl.java:43)
	at java.lang.reflect.Method.invoke(Method.java:498)
	at org.springframework.beans.factory.annotation.InitDestroyAnnotationBeanPostProcessor$LifecycleElement.invoke(InitDestroyAnnotationBeanPostProcessor.java:389)
	at org.springframework.beans.factory.annotation.InitDestroyAnnotationBeanPostProcessor$LifecycleMetadata.invokeInitMethods(InitDestroyAnnotationBeanPostProcessor.java:333)
	at org.springframework.beans.factory.annotation.InitDestroyAnnotationBeanPostProcessor.postProcessBeforeInitialization(InitDestroyAnnotationBeanPostProcessor.java:157)
	... 111 common frames omitted
Caused by: java.lang.RuntimeException: [db-load-error]load jdbc.properties error
	at com.alibaba.nacos.persistence.datasource.ExternalDataSourceServiceImpl.init(ExternalDataSourceServiceImpl.java:119)
	at com.alibaba.nacos.persistence.datasource.DynamicDataSource.getDataSource(DynamicDataSource.java:55)
	... 119 common frames omitted
Caused by: java.io.IOException: java.lang.RuntimeException: com.mysql.cj.jdbc.exceptions.CommunicationsException: Communications link failure

The last packet sent successfully to the server was 0 milliseconds ago. The driver has not received any packets from the server.
	at com.alibaba.nacos.persistence.datasource.ExternalDataSourceServiceImpl.reload(ExternalDataSourceServiceImpl.java:168)
	at com.alibaba.nacos.persistence.datasource.ExternalDataSourceServiceImpl.init(ExternalDataSourceServiceImpl.java:116)
	... 120 common frames omitted
Caused by: java.lang.RuntimeException: com.mysql.cj.jdbc.exceptions.CommunicationsException: Communications link failure

The last packet sent successfully to the server was 0 milliseconds ago. The driver has not received any packets from the server.
	at com.alibaba.nacos.persistence.utils.ConnectionCheckUtil.checkDataSourceConnection(ConnectionCheckUtil.java:37)
	at com.alibaba.nacos.persistence.datasource.ExternalDataSourceServiceImpl.lambda$reload$0(ExternalDataSourceServiceImpl.java:138)
	at com.alibaba.nacos.persistence.datasource.ExternalDataSourceProperties.build(ExternalDataSourceProperties.java:97)
	at com.alibaba.nacos.persistence.datasource.ExternalDataSourceServiceImpl.reload(ExternalDataSourceServiceImpl.java:136)
	... 121 common frames omitted
Caused by: com.mysql.cj.jdbc.exceptions.CommunicationsException: Communications link failure

The last packet sent successfully to the server was 0 milliseconds ago. The driver has not received any packets from the server.
	at com.mysql.cj.jdbc.exceptions.SQLError.createCommunicationsException(SQLError.java:174)
	at com.mysql.cj.jdbc.exceptions.SQLExceptionsMapping.translateException(SQLExceptionsMapping.java:64)
	at com.mysql.cj.jdbc.ConnectionImpl.createNewIO(ConnectionImpl.java:815)
	at com.mysql.cj.jdbc.ConnectionImpl.<init>(ConnectionImpl.java:438)
	at com.mysql.cj.jdbc.ConnectionImpl.getInstance(ConnectionImpl.java:241)
	at com.mysql.cj.jdbc.NonRegisteringDriver.connect(NonRegisteringDriver.java:189)
	at com.zaxxer.hikari.util.DriverDataSource.getConnection(DriverDataSource.java:138)
	at com.zaxxer.hikari.pool.PoolBase.newConnection(PoolBase.java:354)
	at com.zaxxer.hikari.pool.PoolBase.newPoolEntry(PoolBase.java:202)
	at com.zaxxer.hikari.pool.HikariPool.createPoolEntry(HikariPool.java:473)
	at com.zaxxer.hikari.pool.HikariPool.checkFailFast(HikariPool.java:554)
	at com.zaxxer.hikari.pool.HikariPool.<init>(HikariPool.java:115)
	at com.zaxxer.hikari.HikariDataSource.getConnection(HikariDataSource.java:112)
	at com.alibaba.nacos.persistence.utils.ConnectionCheckUtil.checkDataSourceConnection(ConnectionCheckUtil.java:34)
	... 124 common frames omitted
Caused by: com.mysql.cj.exceptions.CJCommunicationsException: Communications link failure

The last packet sent successfully to the server was 0 milliseconds ago. The driver has not received any packets from the server.
	at sun.reflect.NativeConstructorAccessorImpl.newInstance0(Native Method)
	at sun.reflect.NativeConstructorAccessorImpl.newInstance(NativeConstructorAccessorImpl.java:62)
	at sun.reflect.DelegatingConstructorAccessorImpl.newInstance(DelegatingConstructorAccessorImpl.java:45)
	at java.lang.reflect.Constructor.newInstance(Constructor.java:423)
	at com.mysql.cj.exceptions.ExceptionFactory.createException(ExceptionFactory.java:61)
	at com.mysql.cj.exceptions.ExceptionFactory.createException(ExceptionFactory.java:104)
	at com.mysql.cj.exceptions.ExceptionFactory.createException(ExceptionFactory.java:149)
	at com.mysql.cj.exceptions.ExceptionFactory.createCommunicationsException(ExceptionFactory.java:165)
	at com.mysql.cj.protocol.a.NativeSocketConnection.connect(NativeSocketConnection.java:88)
	at com.mysql.cj.NativeSession.connect(NativeSession.java:120)
	at com.mysql.cj.jdbc.ConnectionImpl.connectOneTryOnly(ConnectionImpl.java:935)
	at com.mysql.cj.jdbc.ConnectionImpl.createNewIO(ConnectionImpl.java:805)
	... 135 common frames omitted
Caused by: java.net.UnknownHostException: mysql: Name does not resolve
	at java.net.Inet6AddressImpl.lookupAllHostAddr(Native Method)
	at java.net.InetAddress$2.lookupAllHostAddr(InetAddress.java:868)
	at java.net.InetAddress.getAddressesFromNameService(InetAddress.java:1303)
	at java.net.InetAddress$NameServiceAddresses.get(InetAddress.java:816)
	at java.net.InetAddress.getAllByName0(InetAddress.java:1292)
	at java.net.InetAddress.getAllByName(InetAddress.java:1145)
	at java.net.InetAddress.getAllByName(InetAddress.java:1066)
	at com.mysql.cj.protocol.StandardSocketFactory.connect(StandardSocketFactory.java:130)
	at com.mysql.cj.protocol.a.NativeSocketConnection.connect(NativeSocketConnection.java:62)
	... 138 common frames omitted
2025-06-05 10:16:03,024 INFO [HttpClientBeanHolder] Start destroying common HttpClient

2025-06-05 10:16:03,025 INFO [ThreadPoolManager] Start destroying ThreadPool

2025-06-05 10:16:03,025 INFO [ThreadPoolManager] Completed destruction of ThreadPool

2025-06-05 10:16:06,965 INFO Starting Nacos v2.5.0 using Java 1.8.0_432 on a6f2a6cec1c3 with PID 1 (/home/nacos/target/nacos-server.jar started by root in /home/nacos)

2025-06-05 10:16:06,968 INFO The following 1 profile is active: "standalone"

2025-06-05 10:16:07,257 INFO Load Nacos package exclude filter success, package prefix com.alibaba.nacos.config.server, filter com.alibaba.nacos.config.server.filter.ConfigEnabledFilter

2025-06-05 10:16:07,258 INFO Load Nacos package exclude filter success, package prefix com.alibaba.nacos.naming, filter com.alibaba.nacos.naming.config.NamingEnabledFilter

2025-06-05 10:16:07,258 INFO Load Nacos package exclude filter success, package prefix com.alibaba.nacos.istio, filter com.alibaba.nacos.istio.config.IstioEnabledFilter

2025-06-05 10:16:07,529 INFO Skip @SpringBootApplication annotation for class com.alibaba.nacos.config.server.Config to avoid duplicate scan

2025-06-05 10:16:07,896 INFO Skip @SpringBootApplication annotation for class com.alibaba.nacos.naming.NamingApp to avoid duplicate scan

2025-06-05 10:16:07,918 INFO Skip @SpringBootApplication annotation for class com.alibaba.nacos.cmdb.CmdbApp to avoid duplicate scan

2025-06-05 10:16:07,941 WARN Istio module disabled because set nacos.extension.naming.istio.enabled as false

2025-06-05 10:16:07,942 WARN Istio module disabled because set nacos.extension.naming.istio.enabled as false

2025-06-05 10:16:07,942 WARN Istio module disabled because set nacos.extension.naming.istio.enabled as false

2025-06-05 10:16:07,943 WARN Istio module disabled because set nacos.extension.naming.istio.enabled as false

2025-06-05 10:16:07,943 WARN Istio module disabled because set nacos.extension.naming.istio.enabled as false

2025-06-05 10:16:07,944 WARN Istio module disabled because set nacos.extension.naming.istio.enabled as false

2025-06-05 10:16:07,944 WARN Istio module disabled because set nacos.extension.naming.istio.enabled as false

2025-06-05 10:16:07,945 WARN Istio module disabled because set nacos.extension.naming.istio.enabled as false

2025-06-05 10:16:07,945 WARN Istio module disabled because set nacos.extension.naming.istio.enabled as false

2025-06-05 10:16:07,946 WARN Istio module disabled because set nacos.extension.naming.istio.enabled as false

2025-06-05 10:16:07,946 WARN Istio module disabled because set nacos.extension.naming.istio.enabled as false

2025-06-05 10:16:07,947 WARN Istio module disabled because set nacos.extension.naming.istio.enabled as false

2025-06-05 10:16:07,947 WARN Istio module disabled because set nacos.extension.naming.istio.enabled as false

2025-06-05 10:16:07,948 WARN Istio module disabled because set nacos.extension.naming.istio.enabled as false

2025-06-05 10:16:07,948 WARN Istio module disabled because set nacos.extension.naming.istio.enabled as false

2025-06-05 10:16:07,949 WARN Istio module disabled because set nacos.extension.naming.istio.enabled as false

2025-06-05 10:16:07,949 WARN Istio module disabled because set nacos.extension.naming.istio.enabled as false

2025-06-05 10:16:07,950 WARN Istio module disabled because set nacos.extension.naming.istio.enabled as false

2025-06-05 10:16:07,951 WARN Istio module disabled because set nacos.extension.naming.istio.enabled as false

2025-06-05 10:16:07,951 WARN Istio module disabled because set nacos.extension.naming.istio.enabled as false

2025-06-05 10:16:07,952 WARN Istio module disabled because set nacos.extension.naming.istio.enabled as false

2025-06-05 10:16:07,952 WARN Istio module disabled because set nacos.extension.naming.istio.enabled as false

2025-06-05 10:16:07,953 WARN Istio module disabled because set nacos.extension.naming.istio.enabled as false

2025-06-05 10:16:07,953 WARN Istio module disabled because set nacos.extension.naming.istio.enabled as false

2025-06-05 10:16:07,954 WARN Istio module disabled because set nacos.extension.naming.istio.enabled as false

2025-06-05 10:16:07,954 INFO Skip @SpringBootApplication annotation for class com.alibaba.nacos.istio.IstioApp to avoid duplicate scan

2025-06-05 10:16:07,955 WARN Istio module disabled because set nacos.extension.naming.istio.enabled as false

2025-06-05 10:16:07,955 WARN Istio module disabled because set nacos.extension.naming.istio.enabled as false

2025-06-05 10:16:07,956 WARN Istio module disabled because set nacos.extension.naming.istio.enabled as false

2025-06-05 10:16:07,956 WARN Istio module disabled because set nacos.extension.naming.istio.enabled as false

2025-06-05 10:16:07,957 WARN Istio module disabled because set nacos.extension.naming.istio.enabled as false

2025-06-05 10:16:07,957 WARN Istio module disabled because set nacos.extension.naming.istio.enabled as false

2025-06-05 10:16:07,958 WARN Istio module disabled because set nacos.extension.naming.istio.enabled as false

2025-06-05 10:16:07,958 WARN Istio module disabled because set nacos.extension.naming.istio.enabled as false

2025-06-05 10:16:07,959 WARN Istio module disabled because set nacos.extension.naming.istio.enabled as false

2025-06-05 10:16:07,959 WARN Istio module disabled because set nacos.extension.naming.istio.enabled as false

2025-06-05 10:16:07,960 WARN Istio module disabled because set nacos.extension.naming.istio.enabled as false

2025-06-05 10:16:08,733 INFO Skip @SpringBootApplication annotation for class com.alibaba.nacos.prometheus.PrometheusApp to avoid duplicate scan

2025-06-05 10:16:11,700 INFO Tomcat initialized with port(s): 8848 (http)

2025-06-05 10:16:11,722 INFO Starting service [Tomcat]

2025-06-05 10:16:11,724 INFO Starting Servlet engine: [Apache Tomcat/9.0.98]

2025-06-05 10:16:11,849 INFO Initializing Spring embedded WebApplicationContext

2025-06-05 10:16:11,849 INFO Root WebApplicationContext: initialization completed in 4758 ms

2025-06-05 10:16:11,928 INFO Not found ServerIdentityChecker implementation from SPI, use default.

2025-06-05 10:16:12,313 INFO Nacos-related cluster resource initialization

2025-06-05 10:16:12,327 INFO Load com.alibaba.nacos.core.ability.RemoteAbilityInitializer for ServerAbilityInitializer

2025-06-05 10:16:12,328 INFO Load com.alibaba.nacos.naming.ability.NamingAbilityInitializer for ServerAbilityInitializer

2025-06-05 10:16:12,336 INFO The cluster resource is initialized

2025-06-05 10:16:12,593 INFO HikariPool-1 - Starting...

2025-06-05 10:16:13,760 ERROR HikariPool-1 - Exception during pool initialization.

com.mysql.cj.jdbc.exceptions.CommunicationsException: Communications link failure

The last packet sent successfully to the server was 0 milliseconds ago. The driver has not received any packets from the server.
	at com.mysql.cj.jdbc.exceptions.SQLError.createCommunicationsException(SQLError.java:174)
	at com.mysql.cj.jdbc.exceptions.SQLExceptionsMapping.translateException(SQLExceptionsMapping.java:64)
	at com.mysql.cj.jdbc.ConnectionImpl.createNewIO(ConnectionImpl.java:815)
	at com.mysql.cj.jdbc.ConnectionImpl.<init>(ConnectionImpl.java:438)
	at com.mysql.cj.jdbc.ConnectionImpl.getInstance(ConnectionImpl.java:241)
	at com.mysql.cj.jdbc.NonRegisteringDriver.connect(NonRegisteringDriver.java:189)
	at com.zaxxer.hikari.util.DriverDataSource.getConnection(DriverDataSource.java:138)
	at com.zaxxer.hikari.pool.PoolBase.newConnection(PoolBase.java:354)
	at com.zaxxer.hikari.pool.PoolBase.newPoolEntry(PoolBase.java:202)
	at com.zaxxer.hikari.pool.HikariPool.createPoolEntry(HikariPool.java:473)
	at com.zaxxer.hikari.pool.HikariPool.checkFailFast(HikariPool.java:554)
	at com.zaxxer.hikari.pool.HikariPool.<init>(HikariPool.java:115)
	at com.zaxxer.hikari.HikariDataSource.getConnection(HikariDataSource.java:112)
	at com.alibaba.nacos.persistence.utils.ConnectionCheckUtil.checkDataSourceConnection(ConnectionCheckUtil.java:34)
	at com.alibaba.nacos.persistence.datasource.ExternalDataSourceServiceImpl.lambda$reload$0(ExternalDataSourceServiceImpl.java:138)
	at com.alibaba.nacos.persistence.datasource.ExternalDataSourceProperties.build(ExternalDataSourceProperties.java:97)
	at com.alibaba.nacos.persistence.datasource.ExternalDataSourceServiceImpl.reload(ExternalDataSourceServiceImpl.java:136)
	at com.alibaba.nacos.persistence.datasource.ExternalDataSourceServiceImpl.init(ExternalDataSourceServiceImpl.java:116)
	at com.alibaba.nacos.persistence.datasource.DynamicDataSource.getDataSource(DynamicDataSource.java:55)
	at com.alibaba.nacos.plugin.auth.impl.persistence.ExternalUserPersistServiceImpl.init(ExternalUserPersistServiceImpl.java:55)
	at sun.reflect.NativeMethodAccessorImpl.invoke0(Native Method)
	at sun.reflect.NativeMethodAccessorImpl.invoke(NativeMethodAccessorImpl.java:62)
	at sun.reflect.DelegatingMethodAccessorImpl.invoke(DelegatingMethodAccessorImpl.java:43)
	at java.lang.reflect.Method.invoke(Method.java:498)
	at org.springframework.beans.factory.annotation.InitDestroyAnnotationBeanPostProcessor$LifecycleElement.invoke(InitDestroyAnnotationBeanPostProcessor.java:389)
	at org.springframework.beans.factory.annotation.InitDestroyAnnotationBeanPostProcessor$LifecycleMetadata.invokeInitMethods(InitDestroyAnnotationBeanPostProcessor.java:333)
	at org.springframework.beans.factory.annotation.InitDestroyAnnotationBeanPostProcessor.postProcessBeforeInitialization(InitDestroyAnnotationBeanPostProcessor.java:157)
	at org.springframework.beans.factory.support.AbstractAutowireCapableBeanFactory.applyBeanPostProcessorsBeforeInitialization(AbstractAutowireCapableBeanFactory.java:440)
	at org.springframework.beans.factory.support.AbstractAutowireCapableBeanFactory.initializeBean(AbstractAutowireCapableBeanFactory.java:1796)
	at org.springframework.beans.factory.support.AbstractAutowireCapableBeanFactory.doCreateBean(AbstractAutowireCapableBeanFactory.java:620)
	at org.springframework.beans.factory.support.AbstractAutowireCapableBeanFactory.createBean(AbstractAutowireCapableBeanFactory.java:542)
	at org.springframework.beans.factory.support.AbstractBeanFactory.lambda$doGetBean$0(AbstractBeanFactory.java:336)
	at org.springframework.beans.factory.support.DefaultSingletonBeanRegistry.getSingleton(DefaultSingletonBeanRegistry.java:234)
	at org.springframework.beans.factory.support.AbstractBeanFactory.doGetBean(AbstractBeanFactory.java:334)
	at org.springframework.beans.factory.support.AbstractBeanFactory.getBean(AbstractBeanFactory.java:209)
	at org.springframework.beans.factory.config.DependencyDescriptor.resolveCandidate(DependencyDescriptor.java:276)
	at org.springframework.beans.factory.support.DefaultListableBeanFactory.doResolveDependency(DefaultListableBeanFactory.java:1391)
	at org.springframework.beans.factory.support.DefaultListableBeanFactory.resolveDependency(DefaultListableBeanFactory.java:1311)
	at org.springframework.beans.factory.annotation.AutowiredAnnotationBeanPostProcessor$AutowiredFieldElement.resolveFieldValue(AutowiredAnnotationBeanPostProcessor.java:710)
	at org.springframework.beans.factory.annotation.AutowiredAnnotationBeanPostProcessor$AutowiredFieldElement.inject(AutowiredAnnotationBeanPostProcessor.java:693)
	at org.springframework.beans.factory.annotation.InjectionMetadata.inject(InjectionMetadata.java:119)
	at org.springframework.beans.factory.annotation.AutowiredAnnotationBeanPostProcessor.postProcessProperties(AutowiredAnnotationBeanPostProcessor.java:408)
	at org.springframework.beans.factory.support.AbstractAutowireCapableBeanFactory.populateBean(AbstractAutowireCapableBeanFactory.java:1431)
	at org.springframework.beans.factory.support.AbstractAutowireCapableBeanFactory.doCreateBean(AbstractAutowireCapableBeanFactory.java:619)
	at org.springframework.beans.factory.support.AbstractAutowireCapableBeanFactory.createBean(AbstractAutowireCapableBeanFactory.java:542)
	at org.springframework.beans.factory.support.AbstractBeanFactory.lambda$doGetBean$0(AbstractBeanFactory.java:336)
	at org.springframework.beans.factory.support.DefaultSingletonBeanRegistry.getSingleton(DefaultSingletonBeanRegistry.java:234)
	at org.springframework.beans.factory.support.AbstractBeanFactory.doGetBean(AbstractBeanFactory.java:334)
	at org.springframework.beans.factory.support.AbstractBeanFactory.getBean(AbstractBeanFactory.java:209)
	at org.springframework.beans.factory.config.DependencyDescriptor.resolveCandidate(DependencyDescriptor.java:276)
	at org.springframework.beans.factory.support.DefaultListableBeanFactory.doResolveDependency(DefaultListableBeanFactory.java:1391)
	at org.springframework.beans.factory.support.DefaultListableBeanFactory.resolveDependency(DefaultListableBeanFactory.java:1311)
	at org.springframework.beans.factory.support.ConstructorResolver.resolveAutowiredArgument(ConstructorResolver.java:904)
	at org.springframework.beans.factory.support.ConstructorResolver.createArgumentArray(ConstructorResolver.java:781)
	at org.springframework.beans.factory.support.ConstructorResolver.autowireConstructor(ConstructorResolver.java:220)
	at org.springframework.beans.factory.support.AbstractAutowireCapableBeanFactory.autowireConstructor(AbstractAutowireCapableBeanFactory.java:1372)
	at org.springframework.beans.factory.support.AbstractAutowireCapableBeanFactory.createBeanInstance(AbstractAutowireCapableBeanFactory.java:1222)
	at org.springframework.beans.factory.support.AbstractAutowireCapableBeanFactory.doCreateBean(AbstractAutowireCapableBeanFactory.java:582)
	at org.springframework.beans.factory.support.AbstractAutowireCapableBeanFactory.createBean(AbstractAutowireCapableBeanFactory.java:542)
	at org.springframework.beans.factory.support.AbstractBeanFactory.lambda$doGetBean$0(AbstractBeanFactory.java:336)
	at org.springframework.beans.factory.support.DefaultSingletonBeanRegistry.getSingleton(DefaultSingletonBeanRegistry.java:234)
	at org.springframework.beans.factory.support.AbstractBeanFactory.doGetBean(AbstractBeanFactory.java:334)
	at org.springframework.beans.factory.support.AbstractBeanFactory.getBean(AbstractBeanFactory.java:209)
	at org.springframework.beans.factory.support.ConstructorResolver.instantiateUsingFactoryMethod(ConstructorResolver.java:401)
	at org.springframework.beans.factory.support.AbstractAutowireCapableBeanFactory.instantiateUsingFactoryMethod(AbstractAutowireCapableBeanFactory.java:1352)
	at org.springframework.beans.factory.support.AbstractAutowireCapableBeanFactory.createBeanInstance(AbstractAutowireCapableBeanFactory.java:1195)
	at org.springframework.beans.factory.support.AbstractAutowireCapableBeanFactory.doCreateBean(AbstractAutowireCapableBeanFactory.java:582)
	at org.springframework.beans.factory.support.AbstractAutowireCapableBeanFactory.createBean(AbstractAutowireCapableBeanFactory.java:542)
	at org.springframework.beans.factory.support.AbstractBeanFactory.lambda$doGetBean$0(AbstractBeanFactory.java:336)
	at org.springframework.beans.factory.support.DefaultSingletonBeanRegistry.getSingleton(DefaultSingletonBeanRegistry.java:234)
	at org.springframework.beans.factory.support.AbstractBeanFactory.doGetBean(AbstractBeanFactory.java:334)
	at org.springframework.beans.factory.support.AbstractBeanFactory.getBean(AbstractBeanFactory.java:209)
	at org.springframework.beans.factory.config.DependencyDescriptor.resolveCandidate(DependencyDescriptor.java:276)
	at org.springframework.beans.factory.support.DefaultListableBeanFactory.doResolveDependency(DefaultListableBeanFactory.java:1391)
	at org.springframework.beans.factory.support.DefaultListableBeanFactory.resolveDependency(DefaultListableBeanFactory.java:1311)
	at org.springframework.beans.factory.support.ConstructorResolver.resolveAutowiredArgument(ConstructorResolver.java:904)
	at org.springframework.beans.factory.support.ConstructorResolver.createArgumentArray(ConstructorResolver.java:781)
	at org.springframework.beans.factory.support.ConstructorResolver.instantiateUsingFactoryMethod(ConstructorResolver.java:532)
	at org.springframework.beans.factory.support.AbstractAutowireCapableBeanFactory.instantiateUsingFactoryMethod(AbstractAutowireCapableBeanFactory.java:1352)
	at org.springframework.beans.factory.support.AbstractAutowireCapableBeanFactory.createBeanInstance(AbstractAutowireCapableBeanFactory.java:1195)
	at org.springframework.beans.factory.support.AbstractAutowireCapableBeanFactory.doCreateBean(AbstractAutowireCapableBeanFactory.java:582)
	at org.springframework.beans.factory.support.AbstractAutowireCapableBeanFactory.createBean(AbstractAutowireCapableBeanFactory.java:542)
	at org.springframework.beans.factory.support.AbstractBeanFactory.lambda$doGetBean$0(AbstractBeanFactory.java:336)
	at org.springframework.beans.factory.support.DefaultSingletonBeanRegistry.getSingleton(DefaultSingletonBeanRegistry.java:234)
	at org.springframework.beans.factory.support.AbstractBeanFactory.doGetBean(AbstractBeanFactory.java:334)
	at org.springframework.beans.factory.support.AbstractBeanFactory.getBean(AbstractBeanFactory.java:214)
	at org.springframework.boot.web.servlet.ServletContextInitializerBeans.getOrderedBeansOfType(ServletContextInitializerBeans.java:213)
	at org.springframework.boot.web.servlet.ServletContextInitializerBeans.getOrderedBeansOfType(ServletContextInitializerBeans.java:204)
	at org.springframework.boot.web.servlet.ServletContextInitializerBeans.addServletContextInitializerBeans(ServletContextInitializerBeans.java:98)
	at org.springframework.boot.web.servlet.ServletContextInitializerBeans.<init>(ServletContextInitializerBeans.java:86)
	at org.springframework.boot.web.servlet.context.ServletWebServerApplicationContext.getServletContextInitializerBeans(ServletWebServerApplicationContext.java:262)
	at org.springframework.boot.web.servlet.context.ServletWebServerApplicationContext.selfInitialize(ServletWebServerApplicationContext.java:236)
	at org.springframework.boot.web.embedded.tomcat.TomcatStarter.onStartup(TomcatStarter.java:53)
	at org.apache.catalina.core.StandardContext.startInternal(StandardContext.java:4450)
	at org.apache.catalina.util.LifecycleBase.start(LifecycleBase.java:164)
	at org.apache.catalina.core.ContainerBase$StartChild.call(ContainerBase.java:1203)
	at org.apache.catalina.core.ContainerBase$StartChild.call(ContainerBase.java:1193)
	at java.util.concurrent.FutureTask.run(FutureTask.java:266)
	at org.apache.tomcat.util.threads.InlineExecutorService.execute(InlineExecutorService.java:75)
	at java.util.concurrent.AbstractExecutorService.submit(AbstractExecutorService.java:134)
	at org.apache.catalina.core.ContainerBase.startInternal(ContainerBase.java:749)
	at org.apache.catalina.core.StandardHost.startInternal(StandardHost.java:721)
	at org.apache.catalina.util.LifecycleBase.start(LifecycleBase.java:164)
	at org.apache.catalina.core.ContainerBase$StartChild.call(ContainerBase.java:1203)
	at org.apache.catalina.core.ContainerBase$StartChild.call(ContainerBase.java:1193)
	at java.util.concurrent.FutureTask.run(FutureTask.java:266)
	at org.apache.tomcat.util.threads.InlineExecutorService.execute(InlineExecutorService.java:75)
	at java.util.concurrent.AbstractExecutorService.submit(AbstractExecutorService.java:134)
	at org.apache.catalina.core.ContainerBase.startInternal(ContainerBase.java:749)
	at org.apache.catalina.core.StandardEngine.startInternal(StandardEngine.java:211)
	at org.apache.catalina.util.LifecycleBase.start(LifecycleBase.java:164)
	at org.apache.catalina.core.StandardService.startInternal(StandardService.java:415)
	at org.apache.catalina.util.LifecycleBase.start(LifecycleBase.java:164)
	at org.apache.catalina.core.StandardServer.startInternal(StandardServer.java:874)
	at org.apache.catalina.util.LifecycleBase.start(LifecycleBase.java:164)
	at org.apache.catalina.startup.Tomcat.start(Tomcat.java:438)
	at org.springframework.boot.web.embedded.tomcat.TomcatWebServer.initialize(TomcatWebServer.java:123)
	at org.springframework.boot.web.embedded.tomcat.TomcatWebServer.<init>(TomcatWebServer.java:104)
	at org.springframework.boot.web.embedded.tomcat.TomcatServletWebServerFactory.getTomcatWebServer(TomcatServletWebServerFactory.java:481)
	at org.springframework.boot.web.embedded.tomcat.TomcatServletWebServerFactory.getWebServer(TomcatServletWebServerFactory.java:211)
	at org.springframework.boot.web.servlet.context.ServletWebServerApplicationContext.createWebServer(ServletWebServerApplicationContext.java:184)
	at org.springframework.boot.web.servlet.context.ServletWebServerApplicationContext.onRefresh(ServletWebServerApplicationContext.java:162)
	at org.springframework.context.support.AbstractApplicationContext.refresh(AbstractApplicationContext.java:585)
	at org.springframework.boot.web.servlet.context.ServletWebServerApplicationContext.refresh(ServletWebServerApplicationContext.java:147)
	at org.springframework.boot.SpringApplication.refresh(SpringApplication.java:732)
	at org.springframework.boot.SpringApplication.refreshContext(SpringApplication.java:409)
	at org.springframework.boot.SpringApplication.run(SpringApplication.java:308)
	at org.springframework.boot.SpringApplication.run(SpringApplication.java:1300)
	at org.springframework.boot.SpringApplication.run(SpringApplication.java:1289)
	at com.alibaba.nacos.Nacos.main(Nacos.java:46)
	at sun.reflect.NativeMethodAccessorImpl.invoke0(Native Method)
	at sun.reflect.NativeMethodAccessorImpl.invoke(NativeMethodAccessorImpl.java:62)
	at sun.reflect.DelegatingMethodAccessorImpl.invoke(DelegatingMethodAccessorImpl.java:43)
	at java.lang.reflect.Method.invoke(Method.java:498)
	at org.springframework.boot.loader.MainMethodRunner.run(MainMethodRunner.java:49)
	at org.springframework.boot.loader.Launcher.launch(Launcher.java:108)
	at org.springframework.boot.loader.Launcher.launch(Launcher.java:58)
	at org.springframework.boot.loader.PropertiesLauncher.main(PropertiesLauncher.java:467)
Caused by: com.mysql.cj.exceptions.CJCommunicationsException: Communications link failure

The last packet sent successfully to the server was 0 milliseconds ago. The driver has not received any packets from the server.
	at sun.reflect.NativeConstructorAccessorImpl.newInstance0(Native Method)
	at sun.reflect.NativeConstructorAccessorImpl.newInstance(NativeConstructorAccessorImpl.java:62)
	at sun.reflect.DelegatingConstructorAccessorImpl.newInstance(DelegatingConstructorAccessorImpl.java:45)
	at java.lang.reflect.Constructor.newInstance(Constructor.java:423)
	at com.mysql.cj.exceptions.ExceptionFactory.createException(ExceptionFactory.java:61)
	at com.mysql.cj.exceptions.ExceptionFactory.createException(ExceptionFactory.java:104)
	at com.mysql.cj.exceptions.ExceptionFactory.createException(ExceptionFactory.java:149)
	at com.mysql.cj.exceptions.ExceptionFactory.createCommunicationsException(ExceptionFactory.java:165)
	at com.mysql.cj.protocol.a.NativeSocketConnection.connect(NativeSocketConnection.java:88)
	at com.mysql.cj.NativeSession.connect(NativeSession.java:120)
	at com.mysql.cj.jdbc.ConnectionImpl.connectOneTryOnly(ConnectionImpl.java:935)
	at com.mysql.cj.jdbc.ConnectionImpl.createNewIO(ConnectionImpl.java:805)
	... 135 common frames omitted
Caused by: java.net.UnknownHostException: mysql: Name does not resolve
	at java.net.Inet6AddressImpl.lookupAllHostAddr(Native Method)
	at java.net.InetAddress$2.lookupAllHostAddr(InetAddress.java:868)
	at java.net.InetAddress.getAddressesFromNameService(InetAddress.java:1303)
	at java.net.InetAddress$NameServiceAddresses.get(InetAddress.java:816)
	at java.net.InetAddress.getAllByName0(InetAddress.java:1292)
	at java.net.InetAddress.getAllByName(InetAddress.java:1145)
	at java.net.InetAddress.getAllByName(InetAddress.java:1066)
	at com.mysql.cj.protocol.StandardSocketFactory.connect(StandardSocketFactory.java:130)
	at com.mysql.cj.protocol.a.NativeSocketConnection.connect(NativeSocketConnection.java:62)
	... 138 common frames omitted
2025-06-05 10:16:13,772 ERROR Error starting Tomcat context. Exception: org.springframework.beans.factory.UnsatisfiedDependencyException. Message: Error creating bean with name 'basicAuthenticationFilter' defined in class path resource [com/alibaba/nacos/prometheus/filter/PrometheusAuthFilter.class]: Unsatisfied dependency expressed through method 'basicAuthenticationFilter' parameter 0; nested exception is org.springframework.beans.factory.UnsatisfiedDependencyException: Error creating bean with name 'nacosAuthConfig' defined in URL [jar:file:/home/nacos/target/nacos-server.jar!/BOOT-INF/lib/default-auth-plugin-2.5.0.jar!/com/alibaba/nacos/plugin/auth/impl/NacosAuthConfig.class]: Unsatisfied dependency expressed through constructor parameter 3; nested exception is org.springframework.beans.factory.UnsatisfiedDependencyException: Error creating bean with name 'nacosUserDetailsServiceImpl': Unsatisfied dependency expressed through field 'userPersistService'; nested exception is org.springframework.beans.factory.BeanCreationException: Error creating bean with name 'externalUserPersistServiceImpl': Invocation of init method failed; nested exception is java.lang.RuntimeException: java.lang.RuntimeException: [db-load-error]load jdbc.properties error

2025-06-05 10:16:13,807 INFO Stopping service [Tomcat]

2025-06-05 10:16:13,811 WARN The web application [nacos] appears to have started a thread named [nacos.publisher-com.alibaba.nacos.common.event.ServerConfigChangeEvent] but has failed to stop it. This is very likely to create a memory leak. Stack trace of thread:
 sun.misc.Unsafe.park(Native Method)
 java.util.concurrent.locks.LockSupport.park(LockSupport.java:175)
 java.util.concurrent.locks.AbstractQueuedSynchronizer$ConditionObject.await(AbstractQueuedSynchronizer.java:2039)
 java.util.concurrent.ArrayBlockingQueue.take(ArrayBlockingQueue.java:403)
 com.alibaba.nacos.common.notify.DefaultPublisher.openEventHandler(DefaultPublisher.java:111)
 com.alibaba.nacos.common.notify.DefaultPublisher.run(DefaultPublisher.java:95)

2025-06-05 10:16:13,811 WARN The web application [nacos] appears to have started a thread named [nacos-http-async-client.0] but has failed to stop it. This is very likely to create a memory leak. Stack trace of thread:
 sun.nio.ch.EPollArrayWrapper.epollWait(Native Method)
 sun.nio.ch.EPollArrayWrapper.poll(EPollArrayWrapper.java:269)
 sun.nio.ch.EPollSelectorImpl.doSelect(EPollSelectorImpl.java:93)
 sun.nio.ch.SelectorImpl.lockAndDoSelect(SelectorImpl.java:86)
 sun.nio.ch.SelectorImpl.select(SelectorImpl.java:97)
 org.apache.http.impl.nio.reactor.AbstractMultiworkerIOReactor.execute(AbstractMultiworkerIOReactor.java:343)
 org.apache.http.impl.nio.conn.PoolingNHttpClientConnectionManager.execute(PoolingNHttpClientConnectionManager.java:221)
 org.apache.http.impl.nio.client.CloseableHttpAsyncClientBase$1.run(CloseableHttpAsyncClientBase.java:64)
 java.lang.Thread.run(Thread.java:750)

2025-06-05 10:16:13,813 WARN The web application [nacos] appears to have started a thread named [nacos-http-async-client#I/O Reactor.0] but has failed to stop it. This is very likely to create a memory leak. Stack trace of thread:
 sun.nio.ch.EPollArrayWrapper.epollWait(Native Method)
 sun.nio.ch.EPollArrayWrapper.poll(EPollArrayWrapper.java:269)
 sun.nio.ch.EPollSelectorImpl.doSelect(EPollSelectorImpl.java:93)
 sun.nio.ch.SelectorImpl.lockAndDoSelect(SelectorImpl.java:86)
 sun.nio.ch.SelectorImpl.select(SelectorImpl.java:97)
 org.apache.http.impl.nio.reactor.AbstractIOReactor.execute(AbstractIOReactor.java:255)
 org.apache.http.impl.nio.reactor.BaseIOReactor.execute(BaseIOReactor.java:104)
 org.apache.http.impl.nio.reactor.AbstractMultiworkerIOReactor$Worker.run(AbstractMultiworkerIOReactor.java:591)
 java.lang.Thread.run(Thread.java:750)

2025-06-05 10:16:13,817 WARN The web application [nacos] appears to have started a thread named [nacos-http-async-client#I/O Reactor.1] but has failed to stop it. This is very likely to create a memory leak. Stack trace of thread:
 sun.nio.ch.EPollArrayWrapper.epollWait(Native Method)
 sun.nio.ch.EPollArrayWrapper.poll(EPollArrayWrapper.java:269)
 sun.nio.ch.EPollSelectorImpl.doSelect(EPollSelectorImpl.java:93)
 sun.nio.ch.SelectorImpl.lockAndDoSelect(SelectorImpl.java:86)
 sun.nio.ch.SelectorImpl.select(SelectorImpl.java:97)
 org.apache.http.impl.nio.reactor.AbstractIOReactor.execute(AbstractIOReactor.java:255)
 org.apache.http.impl.nio.reactor.BaseIOReactor.execute(BaseIOReactor.java:104)
 org.apache.http.impl.nio.reactor.AbstractMultiworkerIOReactor$Worker.run(AbstractMultiworkerIOReactor.java:591)
 java.lang.Thread.run(Thread.java:750)

2025-06-05 10:16:13,819 WARN The web application [nacos] appears to have started a thread named [nacos-http-async-client#I/O Reactor.2] but has failed to stop it. This is very likely to create a memory leak. Stack trace of thread:
 sun.nio.ch.EPollArrayWrapper.epollWait(Native Method)
 sun.nio.ch.EPollArrayWrapper.poll(EPollArrayWrapper.java:269)
 sun.nio.ch.EPollSelectorImpl.doSelect(EPollSelectorImpl.java:93)
 sun.nio.ch.SelectorImpl.lockAndDoSelect(SelectorImpl.java:86)
 sun.nio.ch.SelectorImpl.select(SelectorImpl.java:97)
 org.apache.http.impl.nio.reactor.AbstractIOReactor.execute(AbstractIOReactor.java:255)
 org.apache.http.impl.nio.reactor.BaseIOReactor.execute(BaseIOReactor.java:104)
 org.apache.http.impl.nio.reactor.AbstractMultiworkerIOReactor$Worker.run(AbstractMultiworkerIOReactor.java:591)
 java.lang.Thread.run(Thread.java:750)

2025-06-05 10:16:13,820 WARN The web application [nacos] appears to have started a thread named [nacos-http-async-client#I/O Reactor.3] but has failed to stop it. This is very likely to create a memory leak. Stack trace of thread:
 sun.nio.ch.EPollArrayWrapper.epollWait(Native Method)
 sun.nio.ch.EPollArrayWrapper.poll(EPollArrayWrapper.java:269)
 sun.nio.ch.EPollSelectorImpl.doSelect(EPollSelectorImpl.java:93)
 sun.nio.ch.SelectorImpl.lockAndDoSelect(SelectorImpl.java:86)
 sun.nio.ch.SelectorImpl.select(SelectorImpl.java:97)
 org.apache.http.impl.nio.reactor.AbstractIOReactor.execute(AbstractIOReactor.java:255)
 org.apache.http.impl.nio.reactor.BaseIOReactor.execute(BaseIOReactor.java:104)
 org.apache.http.impl.nio.reactor.AbstractMultiworkerIOReactor$Worker.run(AbstractMultiworkerIOReactor.java:591)
 java.lang.Thread.run(Thread.java:750)

2025-06-05 10:16:13,821 WARN The web application [nacos] appears to have started a thread named [nacos.publisher-com.alibaba.nacos.core.cluster.MembersChangeEvent] but has failed to stop it. This is very likely to create a memory leak. Stack trace of thread:
 sun.misc.Unsafe.park(Native Method)
 java.util.concurrent.locks.LockSupport.park(LockSupport.java:175)
 java.util.concurrent.locks.AbstractQueuedSynchronizer$ConditionObject.await(AbstractQueuedSynchronizer.java:2039)
 java.util.concurrent.ArrayBlockingQueue.take(ArrayBlockingQueue.java:403)
 com.alibaba.nacos.common.notify.DefaultPublisher.openEventHandler(DefaultPublisher.java:111)
 com.alibaba.nacos.common.notify.DefaultPublisher.run(DefaultPublisher.java:95)

2025-06-05 10:16:13,822 WARN The web application [nacos] appears to have started a thread named [com.alibaba.nacos.core.distributed.distro.task.delay.DistroDelayTaskExecuteEngine.0] but has failed to stop it. This is very likely to create a memory leak. Stack trace of thread:
 sun.misc.Unsafe.park(Native Method)
 java.util.concurrent.locks.LockSupport.parkNanos(LockSupport.java:215)
 java.util.concurrent.locks.AbstractQueuedSynchronizer$ConditionObject.awaitNanos(AbstractQueuedSynchronizer.java:2078)
 java.util.concurrent.ScheduledThreadPoolExecutor$DelayedWorkQueue.take(ScheduledThreadPoolExecutor.java:1093)
 java.util.concurrent.ScheduledThreadPoolExecutor$DelayedWorkQueue.take(ScheduledThreadPoolExecutor.java:809)
 java.util.concurrent.ThreadPoolExecutor.getTask(ThreadPoolExecutor.java:1074)
 java.util.concurrent.ThreadPoolExecutor.runWorker(ThreadPoolExecutor.java:1134)
 java.util.concurrent.ThreadPoolExecutor$Worker.run(ThreadPoolExecutor.java:624)
 java.lang.Thread.run(Thread.java:750)

2025-06-05 10:16:13,824 WARN The web application [nacos] appears to have started a thread named [DistroExecuteTaskExecuteEngine_0%4] but has failed to stop it. This is very likely to create a memory leak. Stack trace of thread:
 sun.misc.Unsafe.park(Native Method)
 java.util.concurrent.locks.LockSupport.park(LockSupport.java:175)
 java.util.concurrent.locks.AbstractQueuedSynchronizer$ConditionObject.await(AbstractQueuedSynchronizer.java:2039)
 java.util.concurrent.ArrayBlockingQueue.take(ArrayBlockingQueue.java:403)
 com.alibaba.nacos.common.task.engine.TaskExecuteWorker$InnerWorker.run(TaskExecuteWorker.java:118)

2025-06-05 10:16:13,826 WARN The web application [nacos] appears to have started a thread named [DistroExecuteTaskExecuteEngine_1%4] but has failed to stop it. This is very likely to create a memory leak. Stack trace of thread:
 sun.misc.Unsafe.park(Native Method)
 java.util.concurrent.locks.LockSupport.park(LockSupport.java:175)
 java.util.concurrent.locks.AbstractQueuedSynchronizer$ConditionObject.await(AbstractQueuedSynchronizer.java:2039)
 java.util.concurrent.ArrayBlockingQueue.take(ArrayBlockingQueue.java:403)
 com.alibaba.nacos.common.task.engine.TaskExecuteWorker$InnerWorker.run(TaskExecuteWorker.java:118)

2025-06-05 10:16:13,827 WARN The web application [nacos] appears to have started a thread named [DistroExecuteTaskExecuteEngine_2%4] but has failed to stop it. This is very likely to create a memory leak. Stack trace of thread:
 sun.misc.Unsafe.park(Native Method)
 java.util.concurrent.locks.LockSupport.park(LockSupport.java:175)
 java.util.concurrent.locks.AbstractQueuedSynchronizer$ConditionObject.await(AbstractQueuedSynchronizer.java:2039)
 java.util.concurrent.ArrayBlockingQueue.take(ArrayBlockingQueue.java:403)
 com.alibaba.nacos.common.task.engine.TaskExecuteWorker$InnerWorker.run(TaskExecuteWorker.java:118)

2025-06-05 10:16:13,828 WARN The web application [nacos] appears to have started a thread named [DistroExecuteTaskExecuteEngine_3%4] but has failed to stop it. This is very likely to create a memory leak. Stack trace of thread:
 sun.misc.Unsafe.park(Native Method)
 java.util.concurrent.locks.LockSupport.park(LockSupport.java:175)
 java.util.concurrent.locks.AbstractQueuedSynchronizer$ConditionObject.await(AbstractQueuedSynchronizer.java:2039)
 java.util.concurrent.ArrayBlockingQueue.take(ArrayBlockingQueue.java:403)
 com.alibaba.nacos.common.task.engine.TaskExecuteWorker$InnerWorker.run(TaskExecuteWorker.java:118)

2025-06-05 10:16:13,834 WARN The web application [nacos] appears to have started a thread named [com.alibaba.nacos.naming.timer.0] but has failed to stop it. This is very likely to create a memory leak. Stack trace of thread:
 sun.misc.Unsafe.park(Native Method)
 java.util.concurrent.locks.LockSupport.parkNanos(LockSupport.java:215)
 java.util.concurrent.locks.AbstractQueuedSynchronizer$ConditionObject.awaitNanos(AbstractQueuedSynchronizer.java:2078)
 java.util.concurrent.ScheduledThreadPoolExecutor$DelayedWorkQueue.take(ScheduledThreadPoolExecutor.java:1093)
 java.util.concurrent.ScheduledThreadPoolExecutor$DelayedWorkQueue.take(ScheduledThreadPoolExecutor.java:809)
 java.util.concurrent.ThreadPoolExecutor.getTask(ThreadPoolExecutor.java:1074)
 java.util.concurrent.ThreadPoolExecutor.runWorker(ThreadPoolExecutor.java:1134)
 java.util.concurrent.ThreadPoolExecutor$Worker.run(ThreadPoolExecutor.java:624)
 java.lang.Thread.run(Thread.java:750)

2025-06-05 10:16:13,835 WARN The web application [nacos] appears to have started a thread named [com.alibaba.nacos.naming.timer.1] but has failed to stop it. This is very likely to create a memory leak. Stack trace of thread:
 sun.misc.Unsafe.park(Native Method)
 java.util.concurrent.locks.LockSupport.park(LockSupport.java:175)
 java.util.concurrent.locks.AbstractQueuedSynchronizer$ConditionObject.await(AbstractQueuedSynchronizer.java:2039)
 java.util.concurrent.ScheduledThreadPoolExecutor$DelayedWorkQueue.take(ScheduledThreadPoolExecutor.java:1088)
 java.util.concurrent.ScheduledThreadPoolExecutor$DelayedWorkQueue.take(ScheduledThreadPoolExecutor.java:809)
 java.util.concurrent.ThreadPoolExecutor.getTask(ThreadPoolExecutor.java:1074)
 java.util.concurrent.ThreadPoolExecutor.runWorker(ThreadPoolExecutor.java:1134)
 java.util.concurrent.ThreadPoolExecutor$Worker.run(ThreadPoolExecutor.java:624)
 java.lang.Thread.run(Thread.java:750)

2025-06-05 10:16:13,837 WARN The web application [nacos] appears to have started a thread named [naming.publisher-ClientOperationEvent] but has failed to stop it. This is very likely to create a memory leak. Stack trace of thread:
 sun.misc.Unsafe.park(Native Method)
 java.util.concurrent.locks.LockSupport.park(LockSupport.java:175)
 java.util.concurrent.locks.AbstractQueuedSynchronizer$ConditionObject.await(AbstractQueuedSynchronizer.java:2039)
 java.util.concurrent.ArrayBlockingQueue.take(ArrayBlockingQueue.java:403)
 com.alibaba.nacos.naming.core.v2.event.publisher.NamingEventPublisher.handleEvents(NamingEventPublisher.java:156)
 com.alibaba.nacos.naming.core.v2.event.publisher.NamingEventPublisher.run(NamingEventPublisher.java:135)

2025-06-05 10:16:13,838 WARN The web application [nacos] appears to have started a thread named [naming.publisher-MetadataEvent] but has failed to stop it. This is very likely to create a memory leak. Stack trace of thread:
 sun.misc.Unsafe.park(Native Method)
 java.util.concurrent.locks.LockSupport.park(LockSupport.java:175)
 java.util.concurrent.locks.AbstractQueuedSynchronizer$ConditionObject.await(AbstractQueuedSynchronizer.java:2039)
 java.util.concurrent.ArrayBlockingQueue.take(ArrayBlockingQueue.java:403)
 com.alibaba.nacos.naming.core.v2.event.publisher.NamingEventPublisher.handleEvents(NamingEventPublisher.java:156)
 com.alibaba.nacos.naming.core.v2.event.publisher.NamingEventPublisher.run(NamingEventPublisher.java:135)

2025-06-05 10:16:13,839 WARN The web application [nacos] appears to have started a thread named [naming.publisher-ClientEvent] but has failed to stop it. This is very likely to create a memory leak. Stack trace of thread:
 sun.misc.Unsafe.park(Native Method)
 java.util.concurrent.locks.LockSupport.park(LockSupport.java:175)
 java.util.concurrent.locks.AbstractQueuedSynchronizer$ConditionObject.await(AbstractQueuedSynchronizer.java:2039)
 java.util.concurrent.ArrayBlockingQueue.take(ArrayBlockingQueue.java:403)
 com.alibaba.nacos.naming.core.v2.event.publisher.NamingEventPublisher.handleEvents(NamingEventPublisher.java:156)
 com.alibaba.nacos.naming.core.v2.event.publisher.NamingEventPublisher.run(NamingEventPublisher.java:135)

2025-06-05 10:16:13,840 WARN The web application [nacos] appears to have started a thread named [com.alibaba.nacos.naming.remote-connection-manager.0] but has failed to stop it. This is very likely to create a memory leak. Stack trace of thread:
 sun.misc.Unsafe.park(Native Method)
 java.util.concurrent.locks.LockSupport.parkNanos(LockSupport.java:215)
 java.util.concurrent.locks.AbstractQueuedSynchronizer$ConditionObject.awaitNanos(AbstractQueuedSynchronizer.java:2078)
 java.util.concurrent.ScheduledThreadPoolExecutor$DelayedWorkQueue.take(ScheduledThreadPoolExecutor.java:1093)
 java.util.concurrent.ScheduledThreadPoolExecutor$DelayedWorkQueue.take(ScheduledThreadPoolExecutor.java:809)
 java.util.concurrent.ThreadPoolExecutor.getTask(ThreadPoolExecutor.java:1074)
 java.util.concurrent.ThreadPoolExecutor.runWorker(ThreadPoolExecutor.java:1134)
 java.util.concurrent.ThreadPoolExecutor$Worker.run(ThreadPoolExecutor.java:624)
 java.lang.Thread.run(Thread.java:750)

2025-06-05 10:16:13,842 WARN Exception encountered during context initialization - cancelling refresh attempt: org.springframework.context.ApplicationContextException: Unable to start web server; nested exception is org.springframework.boot.web.server.WebServerException: Unable to start embedded Tomcat

2025-06-05 10:16:13,853 INFO Nacos Log files: /home/nacos/logs

2025-06-05 10:16:13,853 INFO Nacos Log files: /home/nacos/conf

2025-06-05 10:16:13,855 INFO Nacos Log files: /home/nacos/data

2025-06-05 10:16:13,856 ERROR Startup errors : 

org.springframework.context.ApplicationContextException: Unable to start web server; nested exception is org.springframework.boot.web.server.WebServerException: Unable to start embedded Tomcat
	at org.springframework.boot.web.servlet.context.ServletWebServerApplicationContext.onRefresh(ServletWebServerApplicationContext.java:165)
	at org.springframework.context.support.AbstractApplicationContext.refresh(AbstractApplicationContext.java:585)
	at org.springframework.boot.web.servlet.context.ServletWebServerApplicationContext.refresh(ServletWebServerApplicationContext.java:147)
	at org.springframework.boot.SpringApplication.refresh(SpringApplication.java:732)
	at org.springframework.boot.SpringApplication.refreshContext(SpringApplication.java:409)
	at org.springframework.boot.SpringApplication.run(SpringApplication.java:308)
	at org.springframework.boot.SpringApplication.run(SpringApplication.java:1300)
	at org.springframework.boot.SpringApplication.run(SpringApplication.java:1289)
	at com.alibaba.nacos.Nacos.main(Nacos.java:46)
	at sun.reflect.NativeMethodAccessorImpl.invoke0(Native Method)
	at sun.reflect.NativeMethodAccessorImpl.invoke(NativeMethodAccessorImpl.java:62)
	at sun.reflect.DelegatingMethodAccessorImpl.invoke(DelegatingMethodAccessorImpl.java:43)
	at java.lang.reflect.Method.invoke(Method.java:498)
	at org.springframework.boot.loader.MainMethodRunner.run(MainMethodRunner.java:49)
	at org.springframework.boot.loader.Launcher.launch(Launcher.java:108)
	at org.springframework.boot.loader.Launcher.launch(Launcher.java:58)
	at org.springframework.boot.loader.PropertiesLauncher.main(PropertiesLauncher.java:467)
Caused by: org.springframework.boot.web.server.WebServerException: Unable to start embedded Tomcat
	at org.springframework.boot.web.embedded.tomcat.TomcatWebServer.initialize(TomcatWebServer.java:142)
	at org.springframework.boot.web.embedded.tomcat.TomcatWebServer.<init>(TomcatWebServer.java:104)
	at org.springframework.boot.web.embedded.tomcat.TomcatServletWebServerFactory.getTomcatWebServer(TomcatServletWebServerFactory.java:481)
	at org.springframework.boot.web.embedded.tomcat.TomcatServletWebServerFactory.getWebServer(TomcatServletWebServerFactory.java:211)
	at org.springframework.boot.web.servlet.context.ServletWebServerApplicationContext.createWebServer(ServletWebServerApplicationContext.java:184)
	at org.springframework.boot.web.servlet.context.ServletWebServerApplicationContext.onRefresh(ServletWebServerApplicationContext.java:162)
	... 16 common frames omitted
Caused by: org.springframework.beans.factory.UnsatisfiedDependencyException: Error creating bean with name 'basicAuthenticationFilter' defined in class path resource [com/alibaba/nacos/prometheus/filter/PrometheusAuthFilter.class]: Unsatisfied dependency expressed through method 'basicAuthenticationFilter' parameter 0; nested exception is org.springframework.beans.factory.UnsatisfiedDependencyException: Error creating bean with name 'nacosAuthConfig' defined in URL [jar:file:/home/nacos/target/nacos-server.jar!/BOOT-INF/lib/default-auth-plugin-2.5.0.jar!/com/alibaba/nacos/plugin/auth/impl/NacosAuthConfig.class]: Unsatisfied dependency expressed through constructor parameter 3; nested exception is org.springframework.beans.factory.UnsatisfiedDependencyException: Error creating bean with name 'nacosUserDetailsServiceImpl': Unsatisfied dependency expressed through field 'userPersistService'; nested exception is org.springframework.beans.factory.BeanCreationException: Error creating bean with name 'externalUserPersistServiceImpl': Invocation of init method failed; nested exception is java.lang.RuntimeException: java.lang.RuntimeException: [db-load-error]load jdbc.properties error
	at org.springframework.beans.factory.support.ConstructorResolver.createArgumentArray(ConstructorResolver.java:794)
	at org.springframework.beans.factory.support.ConstructorResolver.instantiateUsingFactoryMethod(ConstructorResolver.java:532)
	at org.springframework.beans.factory.support.AbstractAutowireCapableBeanFactory.instantiateUsingFactoryMethod(AbstractAutowireCapableBeanFactory.java:1352)
	at org.springframework.beans.factory.support.AbstractAutowireCapableBeanFactory.createBeanInstance(AbstractAutowireCapableBeanFactory.java:1195)
	at org.springframework.beans.factory.support.AbstractAutowireCapableBeanFactory.doCreateBean(AbstractAutowireCapableBeanFactory.java:582)
	at org.springframework.beans.factory.support.AbstractAutowireCapableBeanFactory.createBean(AbstractAutowireCapableBeanFactory.java:542)
	at org.springframework.beans.factory.support.AbstractBeanFactory.lambda$doGetBean$0(AbstractBeanFactory.java:336)
	at org.springframework.beans.factory.support.DefaultSingletonBeanRegistry.getSingleton(DefaultSingletonBeanRegistry.java:234)
	at org.springframework.beans.factory.support.AbstractBeanFactory.doGetBean(AbstractBeanFactory.java:334)
	at org.springframework.beans.factory.support.AbstractBeanFactory.getBean(AbstractBeanFactory.java:214)
	at org.springframework.boot.web.servlet.ServletContextInitializerBeans.getOrderedBeansOfType(ServletContextInitializerBeans.java:213)
	at org.springframework.boot.web.servlet.ServletContextInitializerBeans.getOrderedBeansOfType(ServletContextInitializerBeans.java:204)
	at org.springframework.boot.web.servlet.ServletContextInitializerBeans.addServletContextInitializerBeans(ServletContextInitializerBeans.java:98)
	at org.springframework.boot.web.servlet.ServletContextInitializerBeans.<init>(ServletContextInitializerBeans.java:86)
	at org.springframework.boot.web.servlet.context.ServletWebServerApplicationContext.getServletContextInitializerBeans(ServletWebServerApplicationContext.java:262)
	at org.springframework.boot.web.servlet.context.ServletWebServerApplicationContext.selfInitialize(ServletWebServerApplicationContext.java:236)
	at org.springframework.boot.web.embedded.tomcat.TomcatStarter.onStartup(TomcatStarter.java:53)
	at org.apache.catalina.core.StandardContext.startInternal(StandardContext.java:4450)
	at org.apache.catalina.util.LifecycleBase.start(LifecycleBase.java:164)
	at org.apache.catalina.core.ContainerBase$StartChild.call(ContainerBase.java:1203)
	at org.apache.catalina.core.ContainerBase$StartChild.call(ContainerBase.java:1193)
	at java.util.concurrent.FutureTask.run(FutureTask.java:266)
	at org.apache.tomcat.util.threads.InlineExecutorService.execute(InlineExecutorService.java:75)
	at java.util.concurrent.AbstractExecutorService.submit(AbstractExecutorService.java:134)
	at org.apache.catalina.core.ContainerBase.startInternal(ContainerBase.java:749)
	at org.apache.catalina.core.StandardHost.startInternal(StandardHost.java:721)
	at org.apache.catalina.util.LifecycleBase.start(LifecycleBase.java:164)
	at org.apache.catalina.core.ContainerBase$StartChild.call(ContainerBase.java:1203)
	at org.apache.catalina.core.ContainerBase$StartChild.call(ContainerBase.java:1193)
	at java.util.concurrent.FutureTask.run(FutureTask.java:266)
	at org.apache.tomcat.util.threads.InlineExecutorService.execute(InlineExecutorService.java:75)
	at java.util.concurrent.AbstractExecutorService.submit(AbstractExecutorService.java:134)
	at org.apache.catalina.core.ContainerBase.startInternal(ContainerBase.java:749)
	at org.apache.catalina.core.StandardEngine.startInternal(StandardEngine.java:211)
	at org.apache.catalina.util.LifecycleBase.start(LifecycleBase.java:164)
	at org.apache.catalina.core.StandardService.startInternal(StandardService.java:415)
	at org.apache.catalina.util.LifecycleBase.start(LifecycleBase.java:164)
	at org.apache.catalina.core.StandardServer.startInternal(StandardServer.java:874)
	at org.apache.catalina.util.LifecycleBase.start(LifecycleBase.java:164)
	at org.apache.catalina.startup.Tomcat.start(Tomcat.java:438)
	at org.springframework.boot.web.embedded.tomcat.TomcatWebServer.initialize(TomcatWebServer.java:123)
	... 21 common frames omitted
Caused by: org.springframework.beans.factory.UnsatisfiedDependencyException: Error creating bean with name 'nacosAuthConfig' defined in URL [jar:file:/home/nacos/target/nacos-server.jar!/BOOT-INF/lib/default-auth-plugin-2.5.0.jar!/com/alibaba/nacos/plugin/auth/impl/NacosAuthConfig.class]: Unsatisfied dependency expressed through constructor parameter 3; nested exception is org.springframework.beans.factory.UnsatisfiedDependencyException: Error creating bean with name 'nacosUserDetailsServiceImpl': Unsatisfied dependency expressed through field 'userPersistService'; nested exception is org.springframework.beans.factory.BeanCreationException: Error creating bean with name 'externalUserPersistServiceImpl': Invocation of init method failed; nested exception is java.lang.RuntimeException: java.lang.RuntimeException: [db-load-error]load jdbc.properties error
	at org.springframework.beans.factory.support.ConstructorResolver.createArgumentArray(ConstructorResolver.java:794)
	at org.springframework.beans.factory.support.ConstructorResolver.autowireConstructor(ConstructorResolver.java:220)
	at org.springframework.beans.factory.support.AbstractAutowireCapableBeanFactory.autowireConstructor(AbstractAutowireCapableBeanFactory.java:1372)
	at org.springframework.beans.factory.support.AbstractAutowireCapableBeanFactory.createBeanInstance(AbstractAutowireCapableBeanFactory.java:1222)
	at org.springframework.beans.factory.support.AbstractAutowireCapableBeanFactory.doCreateBean(AbstractAutowireCapableBeanFactory.java:582)
	at org.springframework.beans.factory.support.AbstractAutowireCapableBeanFactory.createBean(AbstractAutowireCapableBeanFactory.java:542)
	at org.springframework.beans.factory.support.AbstractBeanFactory.lambda$doGetBean$0(AbstractBeanFactory.java:336)
	at org.springframework.beans.factory.support.DefaultSingletonBeanRegistry.getSingleton(DefaultSingletonBeanRegistry.java:234)
	at org.springframework.beans.factory.support.AbstractBeanFactory.doGetBean(AbstractBeanFactory.java:334)
	at org.springframework.beans.factory.support.AbstractBeanFactory.getBean(AbstractBeanFactory.java:209)
	at org.springframework.beans.factory.support.ConstructorResolver.instantiateUsingFactoryMethod(ConstructorResolver.java:401)
	at org.springframework.beans.factory.support.AbstractAutowireCapableBeanFactory.instantiateUsingFactoryMethod(AbstractAutowireCapableBeanFactory.java:1352)
	at org.springframework.beans.factory.support.AbstractAutowireCapableBeanFactory.createBeanInstance(AbstractAutowireCapableBeanFactory.java:1195)
	at org.springframework.beans.factory.support.AbstractAutowireCapableBeanFactory.doCreateBean(AbstractAutowireCapableBeanFactory.java:582)
	at org.springframework.beans.factory.support.AbstractAutowireCapableBeanFactory.createBean(AbstractAutowireCapableBeanFactory.java:542)
	at org.springframework.beans.factory.support.AbstractBeanFactory.lambda$doGetBean$0(AbstractBeanFactory.java:336)
	at org.springframework.beans.factory.support.DefaultSingletonBeanRegistry.getSingleton(DefaultSingletonBeanRegistry.java:234)
	at org.springframework.beans.factory.support.AbstractBeanFactory.doGetBean(AbstractBeanFactory.java:334)
	at org.springframework.beans.factory.support.AbstractBeanFactory.getBean(AbstractBeanFactory.java:209)
	at org.springframework.beans.factory.config.DependencyDescriptor.resolveCandidate(DependencyDescriptor.java:276)
	at org.springframework.beans.factory.support.DefaultListableBeanFactory.doResolveDependency(DefaultListableBeanFactory.java:1391)
	at org.springframework.beans.factory.support.DefaultListableBeanFactory.resolveDependency(DefaultListableBeanFactory.java:1311)
	at org.springframework.beans.factory.support.ConstructorResolver.resolveAutowiredArgument(ConstructorResolver.java:904)
	at org.springframework.beans.factory.support.ConstructorResolver.createArgumentArray(ConstructorResolver.java:781)
	... 61 common frames omitted
Caused by: org.springframework.beans.factory.UnsatisfiedDependencyException: Error creating bean with name 'nacosUserDetailsServiceImpl': Unsatisfied dependency expressed through field 'userPersistService'; nested exception is org.springframework.beans.factory.BeanCreationException: Error creating bean with name 'externalUserPersistServiceImpl': Invocation of init method failed; nested exception is java.lang.RuntimeException: java.lang.RuntimeException: [db-load-error]load jdbc.properties error
	at org.springframework.beans.factory.annotation.AutowiredAnnotationBeanPostProcessor$AutowiredFieldElement.resolveFieldValue(AutowiredAnnotationBeanPostProcessor.java:713)
	at org.springframework.beans.factory.annotation.AutowiredAnnotationBeanPostProcessor$AutowiredFieldElement.inject(AutowiredAnnotationBeanPostProcessor.java:693)
	at org.springframework.beans.factory.annotation.InjectionMetadata.inject(InjectionMetadata.java:119)
	at org.springframework.beans.factory.annotation.AutowiredAnnotationBeanPostProcessor.postProcessProperties(AutowiredAnnotationBeanPostProcessor.java:408)
	at org.springframework.beans.factory.support.AbstractAutowireCapableBeanFactory.populateBean(AbstractAutowireCapableBeanFactory.java:1431)
	at org.springframework.beans.factory.support.AbstractAutowireCapableBeanFactory.doCreateBean(AbstractAutowireCapableBeanFactory.java:619)
	at org.springframework.beans.factory.support.AbstractAutowireCapableBeanFactory.createBean(AbstractAutowireCapableBeanFactory.java:542)
	at org.springframework.beans.factory.support.AbstractBeanFactory.lambda$doGetBean$0(AbstractBeanFactory.java:336)
	at org.springframework.beans.factory.support.DefaultSingletonBeanRegistry.getSingleton(DefaultSingletonBeanRegistry.java:234)
	at org.springframework.beans.factory.support.AbstractBeanFactory.doGetBean(AbstractBeanFactory.java:334)
	at org.springframework.beans.factory.support.AbstractBeanFactory.getBean(AbstractBeanFactory.java:209)
	at org.springframework.beans.factory.config.DependencyDescriptor.resolveCandidate(DependencyDescriptor.java:276)
	at org.springframework.beans.factory.support.DefaultListableBeanFactory.doResolveDependency(DefaultListableBeanFactory.java:1391)
	at org.springframework.beans.factory.support.DefaultListableBeanFactory.resolveDependency(DefaultListableBeanFactory.java:1311)
	at org.springframework.beans.factory.support.ConstructorResolver.resolveAutowiredArgument(ConstructorResolver.java:904)
	at org.springframework.beans.factory.support.ConstructorResolver.createArgumentArray(ConstructorResolver.java:781)
	... 84 common frames omitted
Caused by: org.springframework.beans.factory.BeanCreationException: Error creating bean with name 'externalUserPersistServiceImpl': Invocation of init method failed; nested exception is java.lang.RuntimeException: java.lang.RuntimeException: [db-load-error]load jdbc.properties error
	at org.springframework.beans.factory.annotation.InitDestroyAnnotationBeanPostProcessor.postProcessBeforeInitialization(InitDestroyAnnotationBeanPostProcessor.java:160)
	at org.springframework.beans.factory.support.AbstractAutowireCapableBeanFactory.applyBeanPostProcessorsBeforeInitialization(AbstractAutowireCapableBeanFactory.java:440)
	at org.springframework.beans.factory.support.AbstractAutowireCapableBeanFactory.initializeBean(AbstractAutowireCapableBeanFactory.java:1796)
	at org.springframework.beans.factory.support.AbstractAutowireCapableBeanFactory.doCreateBean(AbstractAutowireCapableBeanFactory.java:620)
	at org.springframework.beans.factory.support.AbstractAutowireCapableBeanFactory.createBean(AbstractAutowireCapableBeanFactory.java:542)
	at org.springframework.beans.factory.support.AbstractBeanFactory.lambda$doGetBean$0(AbstractBeanFactory.java:336)
	at org.springframework.beans.factory.support.DefaultSingletonBeanRegistry.getSingleton(DefaultSingletonBeanRegistry.java:234)
	at org.springframework.beans.factory.support.AbstractBeanFactory.doGetBean(AbstractBeanFactory.java:334)
	at org.springframework.beans.factory.support.AbstractBeanFactory.getBean(AbstractBeanFactory.java:209)
	at org.springframework.beans.factory.config.DependencyDescriptor.resolveCandidate(DependencyDescriptor.java:276)
	at org.springframework.beans.factory.support.DefaultListableBeanFactory.doResolveDependency(DefaultListableBeanFactory.java:1391)
	at org.springframework.beans.factory.support.DefaultListableBeanFactory.resolveDependency(DefaultListableBeanFactory.java:1311)
	at org.springframework.beans.factory.annotation.AutowiredAnnotationBeanPostProcessor$AutowiredFieldElement.resolveFieldValue(AutowiredAnnotationBeanPostProcessor.java:710)
	... 99 common frames omitted
Caused by: java.lang.RuntimeException: java.lang.RuntimeException: [db-load-error]load jdbc.properties error
	at com.alibaba.nacos.persistence.datasource.DynamicDataSource.getDataSource(DynamicDataSource.java:60)
	at com.alibaba.nacos.plugin.auth.impl.persistence.ExternalUserPersistServiceImpl.init(ExternalUserPersistServiceImpl.java:55)
	at sun.reflect.NativeMethodAccessorImpl.invoke0(Native Method)
	at sun.reflect.NativeMethodAccessorImpl.invoke(NativeMethodAccessorImpl.java:62)
	at sun.reflect.DelegatingMethodAccessorImpl.invoke(DelegatingMethodAccessorImpl.java:43)
	at java.lang.reflect.Method.invoke(Method.java:498)
	at org.springframework.beans.factory.annotation.InitDestroyAnnotationBeanPostProcessor$LifecycleElement.invoke(InitDestroyAnnotationBeanPostProcessor.java:389)
	at org.springframework.beans.factory.annotation.InitDestroyAnnotationBeanPostProcessor$LifecycleMetadata.invokeInitMethods(InitDestroyAnnotationBeanPostProcessor.java:333)
	at org.springframework.beans.factory.annotation.InitDestroyAnnotationBeanPostProcessor.postProcessBeforeInitialization(InitDestroyAnnotationBeanPostProcessor.java:157)
	... 111 common frames omitted
Caused by: java.lang.RuntimeException: [db-load-error]load jdbc.properties error
	at com.alibaba.nacos.persistence.datasource.ExternalDataSourceServiceImpl.init(ExternalDataSourceServiceImpl.java:119)
	at com.alibaba.nacos.persistence.datasource.DynamicDataSource.getDataSource(DynamicDataSource.java:55)
	... 119 common frames omitted
Caused by: java.io.IOException: java.lang.RuntimeException: com.mysql.cj.jdbc.exceptions.CommunicationsException: Communications link failure

The last packet sent successfully to the server was 0 milliseconds ago. The driver has not received any packets from the server.
	at com.alibaba.nacos.persistence.datasource.ExternalDataSourceServiceImpl.reload(ExternalDataSourceServiceImpl.java:168)
	at com.alibaba.nacos.persistence.datasource.ExternalDataSourceServiceImpl.init(ExternalDataSourceServiceImpl.java:116)
	... 120 common frames omitted
Caused by: java.lang.RuntimeException: com.mysql.cj.jdbc.exceptions.CommunicationsException: Communications link failure

The last packet sent successfully to the server was 0 milliseconds ago. The driver has not received any packets from the server.
	at com.alibaba.nacos.persistence.utils.ConnectionCheckUtil.checkDataSourceConnection(ConnectionCheckUtil.java:37)
	at com.alibaba.nacos.persistence.datasource.ExternalDataSourceServiceImpl.lambda$reload$0(ExternalDataSourceServiceImpl.java:138)
	at com.alibaba.nacos.persistence.datasource.ExternalDataSourceProperties.build(ExternalDataSourceProperties.java:97)
	at com.alibaba.nacos.persistence.datasource.ExternalDataSourceServiceImpl.reload(ExternalDataSourceServiceImpl.java:136)
	... 121 common frames omitted
Caused by: com.mysql.cj.jdbc.exceptions.CommunicationsException: Communications link failure

The last packet sent successfully to the server was 0 milliseconds ago. The driver has not received any packets from the server.
	at com.mysql.cj.jdbc.exceptions.SQLError.createCommunicationsException(SQLError.java:174)
	at com.mysql.cj.jdbc.exceptions.SQLExceptionsMapping.translateException(SQLExceptionsMapping.java:64)
	at com.mysql.cj.jdbc.ConnectionImpl.createNewIO(ConnectionImpl.java:815)
	at com.mysql.cj.jdbc.ConnectionImpl.<init>(ConnectionImpl.java:438)
	at com.mysql.cj.jdbc.ConnectionImpl.getInstance(ConnectionImpl.java:241)
	at com.mysql.cj.jdbc.NonRegisteringDriver.connect(NonRegisteringDriver.java:189)
	at com.zaxxer.hikari.util.DriverDataSource.getConnection(DriverDataSource.java:138)
	at com.zaxxer.hikari.pool.PoolBase.newConnection(PoolBase.java:354)
	at com.zaxxer.hikari.pool.PoolBase.newPoolEntry(PoolBase.java:202)
	at com.zaxxer.hikari.pool.HikariPool.createPoolEntry(HikariPool.java:473)
	at com.zaxxer.hikari.pool.HikariPool.checkFailFast(HikariPool.java:554)
	at com.zaxxer.hikari.pool.HikariPool.<init>(HikariPool.java:115)
	at com.zaxxer.hikari.HikariDataSource.getConnection(HikariDataSource.java:112)
	at com.alibaba.nacos.persistence.utils.ConnectionCheckUtil.checkDataSourceConnection(ConnectionCheckUtil.java:34)
	... 124 common frames omitted
Caused by: com.mysql.cj.exceptions.CJCommunicationsException: Communications link failure

The last packet sent successfully to the server was 0 milliseconds ago. The driver has not received any packets from the server.
	at sun.reflect.NativeConstructorAccessorImpl.newInstance0(Native Method)
	at sun.reflect.NativeConstructorAccessorImpl.newInstance(NativeConstructorAccessorImpl.java:62)
	at sun.reflect.DelegatingConstructorAccessorImpl.newInstance(DelegatingConstructorAccessorImpl.java:45)
	at java.lang.reflect.Constructor.newInstance(Constructor.java:423)
	at com.mysql.cj.exceptions.ExceptionFactory.createException(ExceptionFactory.java:61)
	at com.mysql.cj.exceptions.ExceptionFactory.createException(ExceptionFactory.java:104)
	at com.mysql.cj.exceptions.ExceptionFactory.createException(ExceptionFactory.java:149)
	at com.mysql.cj.exceptions.ExceptionFactory.createCommunicationsException(ExceptionFactory.java:165)
	at com.mysql.cj.protocol.a.NativeSocketConnection.connect(NativeSocketConnection.java:88)
	at com.mysql.cj.NativeSession.connect(NativeSession.java:120)
	at com.mysql.cj.jdbc.ConnectionImpl.connectOneTryOnly(ConnectionImpl.java:935)
	at com.mysql.cj.jdbc.ConnectionImpl.createNewIO(ConnectionImpl.java:805)
	... 135 common frames omitted
Caused by: java.net.UnknownHostException: mysql: Name does not resolve
	at java.net.Inet6AddressImpl.lookupAllHostAddr(Native Method)
	at java.net.InetAddress$2.lookupAllHostAddr(InetAddress.java:868)
	at java.net.InetAddress.getAddressesFromNameService(InetAddress.java:1303)
	at java.net.InetAddress$NameServiceAddresses.get(InetAddress.java:816)
	at java.net.InetAddress.getAllByName0(InetAddress.java:1292)
	at java.net.InetAddress.getAllByName(InetAddress.java:1145)
	at java.net.InetAddress.getAllByName(InetAddress.java:1066)
	at com.mysql.cj.protocol.StandardSocketFactory.connect(StandardSocketFactory.java:130)
	at com.mysql.cj.protocol.a.NativeSocketConnection.connect(NativeSocketConnection.java:62)
	... 138 common frames omitted
2025-06-05 10:16:13,860 WARN [WatchFileCenter] start close

2025-06-05 10:16:13,860 WARN [WatchFileCenter] start to shutdown this watcher which is watch : /home/nacos/conf

2025-06-05 10:16:13,865 WARN [WatchFileCenter] already closed

2025-06-05 10:16:13,865 INFO [NotifyCenter] Start destroying Publisher

2025-06-05 10:16:13,866 INFO [NotifyCenter] Completed destruction of Publisher

2025-06-05 10:16:13,866 ERROR Nacos failed to start, please see /home/nacos/logs/nacos.log for more details.

2025-06-05 10:16:13,884 INFO 

Error starting ApplicationContext. To display the conditions report re-run your application with 'debug' enabled.

2025-06-05 10:16:13,922 ERROR Application run failed

org.springframework.context.ApplicationContextException: Unable to start web server; nested exception is org.springframework.boot.web.server.WebServerException: Unable to start embedded Tomcat
	at org.springframework.boot.web.servlet.context.ServletWebServerApplicationContext.onRefresh(ServletWebServerApplicationContext.java:165)
	at org.springframework.context.support.AbstractApplicationContext.refresh(AbstractApplicationContext.java:585)
	at org.springframework.boot.web.servlet.context.ServletWebServerApplicationContext.refresh(ServletWebServerApplicationContext.java:147)
	at org.springframework.boot.SpringApplication.refresh(SpringApplication.java:732)
	at org.springframework.boot.SpringApplication.refreshContext(SpringApplication.java:409)
	at org.springframework.boot.SpringApplication.run(SpringApplication.java:308)
	at org.springframework.boot.SpringApplication.run(SpringApplication.java:1300)
	at org.springframework.boot.SpringApplication.run(SpringApplication.java:1289)
	at com.alibaba.nacos.Nacos.main(Nacos.java:46)
	at sun.reflect.NativeMethodAccessorImpl.invoke0(Native Method)
	at sun.reflect.NativeMethodAccessorImpl.invoke(NativeMethodAccessorImpl.java:62)
	at sun.reflect.DelegatingMethodAccessorImpl.invoke(DelegatingMethodAccessorImpl.java:43)
	at java.lang.reflect.Method.invoke(Method.java:498)
	at org.springframework.boot.loader.MainMethodRunner.run(MainMethodRunner.java:49)
	at org.springframework.boot.loader.Launcher.launch(Launcher.java:108)
	at org.springframework.boot.loader.Launcher.launch(Launcher.java:58)
	at org.springframework.boot.loader.PropertiesLauncher.main(PropertiesLauncher.java:467)
Caused by: org.springframework.boot.web.server.WebServerException: Unable to start embedded Tomcat
	at org.springframework.boot.web.embedded.tomcat.TomcatWebServer.initialize(TomcatWebServer.java:142)
	at org.springframework.boot.web.embedded.tomcat.TomcatWebServer.<init>(TomcatWebServer.java:104)
	at org.springframework.boot.web.embedded.tomcat.TomcatServletWebServerFactory.getTomcatWebServer(TomcatServletWebServerFactory.java:481)
	at org.springframework.boot.web.embedded.tomcat.TomcatServletWebServerFactory.getWebServer(TomcatServletWebServerFactory.java:211)
	at org.springframework.boot.web.servlet.context.ServletWebServerApplicationContext.createWebServer(ServletWebServerApplicationContext.java:184)
	at org.springframework.boot.web.servlet.context.ServletWebServerApplicationContext.onRefresh(ServletWebServerApplicationContext.java:162)
	... 16 common frames omitted
Caused by: org.springframework.beans.factory.UnsatisfiedDependencyException: Error creating bean with name 'basicAuthenticationFilter' defined in class path resource [com/alibaba/nacos/prometheus/filter/PrometheusAuthFilter.class]: Unsatisfied dependency expressed through method 'basicAuthenticationFilter' parameter 0; nested exception is org.springframework.beans.factory.UnsatisfiedDependencyException: Error creating bean with name 'nacosAuthConfig' defined in URL [jar:file:/home/nacos/target/nacos-server.jar!/BOOT-INF/lib/default-auth-plugin-2.5.0.jar!/com/alibaba/nacos/plugin/auth/impl/NacosAuthConfig.class]: Unsatisfied dependency expressed through constructor parameter 3; nested exception is org.springframework.beans.factory.UnsatisfiedDependencyException: Error creating bean with name 'nacosUserDetailsServiceImpl': Unsatisfied dependency expressed through field 'userPersistService'; nested exception is org.springframework.beans.factory.BeanCreationException: Error creating bean with name 'externalUserPersistServiceImpl': Invocation of init method failed; nested exception is java.lang.RuntimeException: java.lang.RuntimeException: [db-load-error]load jdbc.properties error
	at org.springframework.beans.factory.support.ConstructorResolver.createArgumentArray(ConstructorResolver.java:794)
	at org.springframework.beans.factory.support.ConstructorResolver.instantiateUsingFactoryMethod(ConstructorResolver.java:532)
	at org.springframework.beans.factory.support.AbstractAutowireCapableBeanFactory.instantiateUsingFactoryMethod(AbstractAutowireCapableBeanFactory.java:1352)
	at org.springframework.beans.factory.support.AbstractAutowireCapableBeanFactory.createBeanInstance(AbstractAutowireCapableBeanFactory.java:1195)
	at org.springframework.beans.factory.support.AbstractAutowireCapableBeanFactory.doCreateBean(AbstractAutowireCapableBeanFactory.java:582)
	at org.springframework.beans.factory.support.AbstractAutowireCapableBeanFactory.createBean(AbstractAutowireCapableBeanFactory.java:542)
	at org.springframework.beans.factory.support.AbstractBeanFactory.lambda$doGetBean$0(AbstractBeanFactory.java:336)
	at org.springframework.beans.factory.support.DefaultSingletonBeanRegistry.getSingleton(DefaultSingletonBeanRegistry.java:234)
	at org.springframework.beans.factory.support.AbstractBeanFactory.doGetBean(AbstractBeanFactory.java:334)
	at org.springframework.beans.factory.support.AbstractBeanFactory.getBean(AbstractBeanFactory.java:214)
	at org.springframework.boot.web.servlet.ServletContextInitializerBeans.getOrderedBeansOfType(ServletContextInitializerBeans.java:213)
	at org.springframework.boot.web.servlet.ServletContextInitializerBeans.getOrderedBeansOfType(ServletContextInitializerBeans.java:204)
	at org.springframework.boot.web.servlet.ServletContextInitializerBeans.addServletContextInitializerBeans(ServletContextInitializerBeans.java:98)
	at org.springframework.boot.web.servlet.ServletContextInitializerBeans.<init>(ServletContextInitializerBeans.java:86)
	at org.springframework.boot.web.servlet.context.ServletWebServerApplicationContext.getServletContextInitializerBeans(ServletWebServerApplicationContext.java:262)
	at org.springframework.boot.web.servlet.context.ServletWebServerApplicationContext.selfInitialize(ServletWebServerApplicationContext.java:236)
	at org.springframework.boot.web.embedded.tomcat.TomcatStarter.onStartup(TomcatStarter.java:53)
	at org.apache.catalina.core.StandardContext.startInternal(StandardContext.java:4450)
	at org.apache.catalina.util.LifecycleBase.start(LifecycleBase.java:164)
	at org.apache.catalina.core.ContainerBase$StartChild.call(ContainerBase.java:1203)
	at org.apache.catalina.core.ContainerBase$StartChild.call(ContainerBase.java:1193)
	at java.util.concurrent.FutureTask.run(FutureTask.java:266)
	at org.apache.tomcat.util.threads.InlineExecutorService.execute(InlineExecutorService.java:75)
	at java.util.concurrent.AbstractExecutorService.submit(AbstractExecutorService.java:134)
	at org.apache.catalina.core.ContainerBase.startInternal(ContainerBase.java:749)
	at org.apache.catalina.core.StandardHost.startInternal(StandardHost.java:721)
	at org.apache.catalina.util.LifecycleBase.start(LifecycleBase.java:164)
	at org.apache.catalina.core.ContainerBase$StartChild.call(ContainerBase.java:1203)
	at org.apache.catalina.core.ContainerBase$StartChild.call(ContainerBase.java:1193)
	at java.util.concurrent.FutureTask.run(FutureTask.java:266)
	at org.apache.tomcat.util.threads.InlineExecutorService.execute(InlineExecutorService.java:75)
	at java.util.concurrent.AbstractExecutorService.submit(AbstractExecutorService.java:134)
	at org.apache.catalina.core.ContainerBase.startInternal(ContainerBase.java:749)
	at org.apache.catalina.core.StandardEngine.startInternal(StandardEngine.java:211)
	at org.apache.catalina.util.LifecycleBase.start(LifecycleBase.java:164)
	at org.apache.catalina.core.StandardService.startInternal(StandardService.java:415)
	at org.apache.catalina.util.LifecycleBase.start(LifecycleBase.java:164)
	at org.apache.catalina.core.StandardServer.startInternal(StandardServer.java:874)
	at org.apache.catalina.util.LifecycleBase.start(LifecycleBase.java:164)
	at org.apache.catalina.startup.Tomcat.start(Tomcat.java:438)
	at org.springframework.boot.web.embedded.tomcat.TomcatWebServer.initialize(TomcatWebServer.java:123)
	... 21 common frames omitted
Caused by: org.springframework.beans.factory.UnsatisfiedDependencyException: Error creating bean with name 'nacosAuthConfig' defined in URL [jar:file:/home/nacos/target/nacos-server.jar!/BOOT-INF/lib/default-auth-plugin-2.5.0.jar!/com/alibaba/nacos/plugin/auth/impl/NacosAuthConfig.class]: Unsatisfied dependency expressed through constructor parameter 3; nested exception is org.springframework.beans.factory.UnsatisfiedDependencyException: Error creating bean with name 'nacosUserDetailsServiceImpl': Unsatisfied dependency expressed through field 'userPersistService'; nested exception is org.springframework.beans.factory.BeanCreationException: Error creating bean with name 'externalUserPersistServiceImpl': Invocation of init method failed; nested exception is java.lang.RuntimeException: java.lang.RuntimeException: [db-load-error]load jdbc.properties error
	at org.springframework.beans.factory.support.ConstructorResolver.createArgumentArray(ConstructorResolver.java:794)
	at org.springframework.beans.factory.support.ConstructorResolver.autowireConstructor(ConstructorResolver.java:220)
	at org.springframework.beans.factory.support.AbstractAutowireCapableBeanFactory.autowireConstructor(AbstractAutowireCapableBeanFactory.java:1372)
	at org.springframework.beans.factory.support.AbstractAutowireCapableBeanFactory.createBeanInstance(AbstractAutowireCapableBeanFactory.java:1222)
	at org.springframework.beans.factory.support.AbstractAutowireCapableBeanFactory.doCreateBean(AbstractAutowireCapableBeanFactory.java:582)
	at org.springframework.beans.factory.support.AbstractAutowireCapableBeanFactory.createBean(AbstractAutowireCapableBeanFactory.java:542)
	at org.springframework.beans.factory.support.AbstractBeanFactory.lambda$doGetBean$0(AbstractBeanFactory.java:336)
	at org.springframework.beans.factory.support.DefaultSingletonBeanRegistry.getSingleton(DefaultSingletonBeanRegistry.java:234)
	at org.springframework.beans.factory.support.AbstractBeanFactory.doGetBean(AbstractBeanFactory.java:334)
	at org.springframework.beans.factory.support.AbstractBeanFactory.getBean(AbstractBeanFactory.java:209)
	at org.springframework.beans.factory.support.ConstructorResolver.instantiateUsingFactoryMethod(ConstructorResolver.java:401)
	at org.springframework.beans.factory.support.AbstractAutowireCapableBeanFactory.instantiateUsingFactoryMethod(AbstractAutowireCapableBeanFactory.java:1352)
	at org.springframework.beans.factory.support.AbstractAutowireCapableBeanFactory.createBeanInstance(AbstractAutowireCapableBeanFactory.java:1195)
	at org.springframework.beans.factory.support.AbstractAutowireCapableBeanFactory.doCreateBean(AbstractAutowireCapableBeanFactory.java:582)
	at org.springframework.beans.factory.support.AbstractAutowireCapableBeanFactory.createBean(AbstractAutowireCapableBeanFactory.java:542)
	at org.springframework.beans.factory.support.AbstractBeanFactory.lambda$doGetBean$0(AbstractBeanFactory.java:336)
	at org.springframework.beans.factory.support.DefaultSingletonBeanRegistry.getSingleton(DefaultSingletonBeanRegistry.java:234)
	at org.springframework.beans.factory.support.AbstractBeanFactory.doGetBean(AbstractBeanFactory.java:334)
	at org.springframework.beans.factory.support.AbstractBeanFactory.getBean(AbstractBeanFactory.java:209)
	at org.springframework.beans.factory.config.DependencyDescriptor.resolveCandidate(DependencyDescriptor.java:276)
	at org.springframework.beans.factory.support.DefaultListableBeanFactory.doResolveDependency(DefaultListableBeanFactory.java:1391)
	at org.springframework.beans.factory.support.DefaultListableBeanFactory.resolveDependency(DefaultListableBeanFactory.java:1311)
	at org.springframework.beans.factory.support.ConstructorResolver.resolveAutowiredArgument(ConstructorResolver.java:904)
	at org.springframework.beans.factory.support.ConstructorResolver.createArgumentArray(ConstructorResolver.java:781)
	... 61 common frames omitted
Caused by: org.springframework.beans.factory.UnsatisfiedDependencyException: Error creating bean with name 'nacosUserDetailsServiceImpl': Unsatisfied dependency expressed through field 'userPersistService'; nested exception is org.springframework.beans.factory.BeanCreationException: Error creating bean with name 'externalUserPersistServiceImpl': Invocation of init method failed; nested exception is java.lang.RuntimeException: java.lang.RuntimeException: [db-load-error]load jdbc.properties error
	at org.springframework.beans.factory.annotation.AutowiredAnnotationBeanPostProcessor$AutowiredFieldElement.resolveFieldValue(AutowiredAnnotationBeanPostProcessor.java:713)
	at org.springframework.beans.factory.annotation.AutowiredAnnotationBeanPostProcessor$AutowiredFieldElement.inject(AutowiredAnnotationBeanPostProcessor.java:693)
	at org.springframework.beans.factory.annotation.InjectionMetadata.inject(InjectionMetadata.java:119)
	at org.springframework.beans.factory.annotation.AutowiredAnnotationBeanPostProcessor.postProcessProperties(AutowiredAnnotationBeanPostProcessor.java:408)
	at org.springframework.beans.factory.support.AbstractAutowireCapableBeanFactory.populateBean(AbstractAutowireCapableBeanFactory.java:1431)
	at org.springframework.beans.factory.support.AbstractAutowireCapableBeanFactory.doCreateBean(AbstractAutowireCapableBeanFactory.java:619)
	at org.springframework.beans.factory.support.AbstractAutowireCapableBeanFactory.createBean(AbstractAutowireCapableBeanFactory.java:542)
	at org.springframework.beans.factory.support.AbstractBeanFactory.lambda$doGetBean$0(AbstractBeanFactory.java:336)
	at org.springframework.beans.factory.support.DefaultSingletonBeanRegistry.getSingleton(DefaultSingletonBeanRegistry.java:234)
	at org.springframework.beans.factory.support.AbstractBeanFactory.doGetBean(AbstractBeanFactory.java:334)
	at org.springframework.beans.factory.support.AbstractBeanFactory.getBean(AbstractBeanFactory.java:209)
	at org.springframework.beans.factory.config.DependencyDescriptor.resolveCandidate(DependencyDescriptor.java:276)
	at org.springframework.beans.factory.support.DefaultListableBeanFactory.doResolveDependency(DefaultListableBeanFactory.java:1391)
	at org.springframework.beans.factory.support.DefaultListableBeanFactory.resolveDependency(DefaultListableBeanFactory.java:1311)
	at org.springframework.beans.factory.support.ConstructorResolver.resolveAutowiredArgument(ConstructorResolver.java:904)
	at org.springframework.beans.factory.support.ConstructorResolver.createArgumentArray(ConstructorResolver.java:781)
	... 84 common frames omitted
Caused by: org.springframework.beans.factory.BeanCreationException: Error creating bean with name 'externalUserPersistServiceImpl': Invocation of init method failed; nested exception is java.lang.RuntimeException: java.lang.RuntimeException: [db-load-error]load jdbc.properties error
	at org.springframework.beans.factory.annotation.InitDestroyAnnotationBeanPostProcessor.postProcessBeforeInitialization(InitDestroyAnnotationBeanPostProcessor.java:160)
	at org.springframework.beans.factory.support.AbstractAutowireCapableBeanFactory.applyBeanPostProcessorsBeforeInitialization(AbstractAutowireCapableBeanFactory.java:440)
	at org.springframework.beans.factory.support.AbstractAutowireCapableBeanFactory.initializeBean(AbstractAutowireCapableBeanFactory.java:1796)
	at org.springframework.beans.factory.support.AbstractAutowireCapableBeanFactory.doCreateBean(AbstractAutowireCapableBeanFactory.java:620)
	at org.springframework.beans.factory.support.AbstractAutowireCapableBeanFactory.createBean(AbstractAutowireCapableBeanFactory.java:542)
	at org.springframework.beans.factory.support.AbstractBeanFactory.lambda$doGetBean$0(AbstractBeanFactory.java:336)
	at org.springframework.beans.factory.support.DefaultSingletonBeanRegistry.getSingleton(DefaultSingletonBeanRegistry.java:234)
	at org.springframework.beans.factory.support.AbstractBeanFactory.doGetBean(AbstractBeanFactory.java:334)
	at org.springframework.beans.factory.support.AbstractBeanFactory.getBean(AbstractBeanFactory.java:209)
	at org.springframework.beans.factory.config.DependencyDescriptor.resolveCandidate(DependencyDescriptor.java:276)
	at org.springframework.beans.factory.support.DefaultListableBeanFactory.doResolveDependency(DefaultListableBeanFactory.java:1391)
	at org.springframework.beans.factory.support.DefaultListableBeanFactory.resolveDependency(DefaultListableBeanFactory.java:1311)
	at org.springframework.beans.factory.annotation.AutowiredAnnotationBeanPostProcessor$AutowiredFieldElement.resolveFieldValue(AutowiredAnnotationBeanPostProcessor.java:710)
	... 99 common frames omitted
Caused by: java.lang.RuntimeException: java.lang.RuntimeException: [db-load-error]load jdbc.properties error
	at com.alibaba.nacos.persistence.datasource.DynamicDataSource.getDataSource(DynamicDataSource.java:60)
	at com.alibaba.nacos.plugin.auth.impl.persistence.ExternalUserPersistServiceImpl.init(ExternalUserPersistServiceImpl.java:55)
	at sun.reflect.NativeMethodAccessorImpl.invoke0(Native Method)
	at sun.reflect.NativeMethodAccessorImpl.invoke(NativeMethodAccessorImpl.java:62)
	at sun.reflect.DelegatingMethodAccessorImpl.invoke(DelegatingMethodAccessorImpl.java:43)
	at java.lang.reflect.Method.invoke(Method.java:498)
	at org.springframework.beans.factory.annotation.InitDestroyAnnotationBeanPostProcessor$LifecycleElement.invoke(InitDestroyAnnotationBeanPostProcessor.java:389)
	at org.springframework.beans.factory.annotation.InitDestroyAnnotationBeanPostProcessor$LifecycleMetadata.invokeInitMethods(InitDestroyAnnotationBeanPostProcessor.java:333)
	at org.springframework.beans.factory.annotation.InitDestroyAnnotationBeanPostProcessor.postProcessBeforeInitialization(InitDestroyAnnotationBeanPostProcessor.java:157)
	... 111 common frames omitted
Caused by: java.lang.RuntimeException: [db-load-error]load jdbc.properties error
	at com.alibaba.nacos.persistence.datasource.ExternalDataSourceServiceImpl.init(ExternalDataSourceServiceImpl.java:119)
	at com.alibaba.nacos.persistence.datasource.DynamicDataSource.getDataSource(DynamicDataSource.java:55)
	... 119 common frames omitted
Caused by: java.io.IOException: java.lang.RuntimeException: com.mysql.cj.jdbc.exceptions.CommunicationsException: Communications link failure

The last packet sent successfully to the server was 0 milliseconds ago. The driver has not received any packets from the server.
	at com.alibaba.nacos.persistence.datasource.ExternalDataSourceServiceImpl.reload(ExternalDataSourceServiceImpl.java:168)
	at com.alibaba.nacos.persistence.datasource.ExternalDataSourceServiceImpl.init(ExternalDataSourceServiceImpl.java:116)
	... 120 common frames omitted
Caused by: java.lang.RuntimeException: com.mysql.cj.jdbc.exceptions.CommunicationsException: Communications link failure

The last packet sent successfully to the server was 0 milliseconds ago. The driver has not received any packets from the server.
	at com.alibaba.nacos.persistence.utils.ConnectionCheckUtil.checkDataSourceConnection(ConnectionCheckUtil.java:37)
	at com.alibaba.nacos.persistence.datasource.ExternalDataSourceServiceImpl.lambda$reload$0(ExternalDataSourceServiceImpl.java:138)
	at com.alibaba.nacos.persistence.datasource.ExternalDataSourceProperties.build(ExternalDataSourceProperties.java:97)
	at com.alibaba.nacos.persistence.datasource.ExternalDataSourceServiceImpl.reload(ExternalDataSourceServiceImpl.java:136)
	... 121 common frames omitted
Caused by: com.mysql.cj.jdbc.exceptions.CommunicationsException: Communications link failure

The last packet sent successfully to the server was 0 milliseconds ago. The driver has not received any packets from the server.
	at com.mysql.cj.jdbc.exceptions.SQLError.createCommunicationsException(SQLError.java:174)
	at com.mysql.cj.jdbc.exceptions.SQLExceptionsMapping.translateException(SQLExceptionsMapping.java:64)
	at com.mysql.cj.jdbc.ConnectionImpl.createNewIO(ConnectionImpl.java:815)
	at com.mysql.cj.jdbc.ConnectionImpl.<init>(ConnectionImpl.java:438)
	at com.mysql.cj.jdbc.ConnectionImpl.getInstance(ConnectionImpl.java:241)
	at com.mysql.cj.jdbc.NonRegisteringDriver.connect(NonRegisteringDriver.java:189)
	at com.zaxxer.hikari.util.DriverDataSource.getConnection(DriverDataSource.java:138)
	at com.zaxxer.hikari.pool.PoolBase.newConnection(PoolBase.java:354)
	at com.zaxxer.hikari.pool.PoolBase.newPoolEntry(PoolBase.java:202)
	at com.zaxxer.hikari.pool.HikariPool.createPoolEntry(HikariPool.java:473)
	at com.zaxxer.hikari.pool.HikariPool.checkFailFast(HikariPool.java:554)
	at com.zaxxer.hikari.pool.HikariPool.<init>(HikariPool.java:115)
	at com.zaxxer.hikari.HikariDataSource.getConnection(HikariDataSource.java:112)
	at com.alibaba.nacos.persistence.utils.ConnectionCheckUtil.checkDataSourceConnection(ConnectionCheckUtil.java:34)
	... 124 common frames omitted
Caused by: com.mysql.cj.exceptions.CJCommunicationsException: Communications link failure

The last packet sent successfully to the server was 0 milliseconds ago. The driver has not received any packets from the server.
	at sun.reflect.NativeConstructorAccessorImpl.newInstance0(Native Method)
	at sun.reflect.NativeConstructorAccessorImpl.newInstance(NativeConstructorAccessorImpl.java:62)
	at sun.reflect.DelegatingConstructorAccessorImpl.newInstance(DelegatingConstructorAccessorImpl.java:45)
	at java.lang.reflect.Constructor.newInstance(Constructor.java:423)
	at com.mysql.cj.exceptions.ExceptionFactory.createException(ExceptionFactory.java:61)
	at com.mysql.cj.exceptions.ExceptionFactory.createException(ExceptionFactory.java:104)
	at com.mysql.cj.exceptions.ExceptionFactory.createException(ExceptionFactory.java:149)
	at com.mysql.cj.exceptions.ExceptionFactory.createCommunicationsException(ExceptionFactory.java:165)
	at com.mysql.cj.protocol.a.NativeSocketConnection.connect(NativeSocketConnection.java:88)
	at com.mysql.cj.NativeSession.connect(NativeSession.java:120)
	at com.mysql.cj.jdbc.ConnectionImpl.connectOneTryOnly(ConnectionImpl.java:935)
	at com.mysql.cj.jdbc.ConnectionImpl.createNewIO(ConnectionImpl.java:805)
	... 135 common frames omitted
Caused by: java.net.UnknownHostException: mysql: Name does not resolve
	at java.net.Inet6AddressImpl.lookupAllHostAddr(Native Method)
	at java.net.InetAddress$2.lookupAllHostAddr(InetAddress.java:868)
	at java.net.InetAddress.getAddressesFromNameService(InetAddress.java:1303)
	at java.net.InetAddress$NameServiceAddresses.get(InetAddress.java:816)
	at java.net.InetAddress.getAllByName0(InetAddress.java:1292)
	at java.net.InetAddress.getAllByName(InetAddress.java:1145)
	at java.net.InetAddress.getAllByName(InetAddress.java:1066)
	at com.mysql.cj.protocol.StandardSocketFactory.connect(StandardSocketFactory.java:130)
	at com.mysql.cj.protocol.a.NativeSocketConnection.connect(NativeSocketConnection.java:62)
	... 138 common frames omitted
2025-06-05 10:16:13,926 INFO [HttpClientBeanHolder] Start destroying common HttpClient

2025-06-05 10:16:13,928 INFO [ThreadPoolManager] Start destroying ThreadPool

2025-06-05 10:16:19,303 INFO Starting Nacos v2.5.0 using Java 1.8.0_432 on a6f2a6cec1c3 with PID 1 (/home/nacos/target/nacos-server.jar started by root in /home/nacos)

2025-06-05 10:16:19,303 INFO The following 1 profile is active: "standalone"

2025-06-05 10:16:19,498 INFO Load Nacos package exclude filter success, package prefix com.alibaba.nacos.config.server, filter com.alibaba.nacos.config.server.filter.ConfigEnabledFilter

2025-06-05 10:16:19,499 INFO Load Nacos package exclude filter success, package prefix com.alibaba.nacos.naming, filter com.alibaba.nacos.naming.config.NamingEnabledFilter

2025-06-05 10:16:19,502 INFO Load Nacos package exclude filter success, package prefix com.alibaba.nacos.istio, filter com.alibaba.nacos.istio.config.IstioEnabledFilter

2025-06-05 10:16:19,763 INFO Skip @SpringBootApplication annotation for class com.alibaba.nacos.config.server.Config to avoid duplicate scan

2025-06-05 10:16:20,071 INFO Skip @SpringBootApplication annotation for class com.alibaba.nacos.naming.NamingApp to avoid duplicate scan

2025-06-05 10:16:20,098 INFO Skip @SpringBootApplication annotation for class com.alibaba.nacos.cmdb.CmdbApp to avoid duplicate scan

2025-06-05 10:16:20,123 WARN Istio module disabled because set nacos.extension.naming.istio.enabled as false

2025-06-05 10:16:20,124 WARN Istio module disabled because set nacos.extension.naming.istio.enabled as false

2025-06-05 10:16:20,125 WARN Istio module disabled because set nacos.extension.naming.istio.enabled as false

2025-06-05 10:16:20,125 WARN Istio module disabled because set nacos.extension.naming.istio.enabled as false

2025-06-05 10:16:20,126 WARN Istio module disabled because set nacos.extension.naming.istio.enabled as false

2025-06-05 10:16:20,127 WARN Istio module disabled because set nacos.extension.naming.istio.enabled as false

2025-06-05 10:16:20,127 WARN Istio module disabled because set nacos.extension.naming.istio.enabled as false

2025-06-05 10:16:20,128 WARN Istio module disabled because set nacos.extension.naming.istio.enabled as false

2025-06-05 10:16:20,129 WARN Istio module disabled because set nacos.extension.naming.istio.enabled as false

2025-06-05 10:16:20,129 WARN Istio module disabled because set nacos.extension.naming.istio.enabled as false

2025-06-05 10:16:20,130 WARN Istio module disabled because set nacos.extension.naming.istio.enabled as false

2025-06-05 10:16:20,130 WARN Istio module disabled because set nacos.extension.naming.istio.enabled as false

2025-06-05 10:16:20,131 WARN Istio module disabled because set nacos.extension.naming.istio.enabled as false

2025-06-05 10:16:20,131 WARN Istio module disabled because set nacos.extension.naming.istio.enabled as false

2025-06-05 10:16:20,132 WARN Istio module disabled because set nacos.extension.naming.istio.enabled as false

2025-06-05 10:16:20,132 WARN Istio module disabled because set nacos.extension.naming.istio.enabled as false

2025-06-05 10:16:20,132 WARN Istio module disabled because set nacos.extension.naming.istio.enabled as false

2025-06-05 10:16:20,133 WARN Istio module disabled because set nacos.extension.naming.istio.enabled as false

2025-06-05 10:16:20,133 WARN Istio module disabled because set nacos.extension.naming.istio.enabled as false

2025-06-05 10:16:20,134 WARN Istio module disabled because set nacos.extension.naming.istio.enabled as false

2025-06-05 10:16:20,134 WARN Istio module disabled because set nacos.extension.naming.istio.enabled as false

2025-06-05 10:16:20,135 WARN Istio module disabled because set nacos.extension.naming.istio.enabled as false

2025-06-05 10:16:20,135 WARN Istio module disabled because set nacos.extension.naming.istio.enabled as false

2025-06-05 10:16:20,136 WARN Istio module disabled because set nacos.extension.naming.istio.enabled as false

2025-06-05 10:16:20,136 WARN Istio module disabled because set nacos.extension.naming.istio.enabled as false

2025-06-05 10:16:20,137 INFO Skip @SpringBootApplication annotation for class com.alibaba.nacos.istio.IstioApp to avoid duplicate scan

2025-06-05 10:16:20,137 WARN Istio module disabled because set nacos.extension.naming.istio.enabled as false

2025-06-05 10:16:20,138 WARN Istio module disabled because set nacos.extension.naming.istio.enabled as false

2025-06-05 10:16:20,138 WARN Istio module disabled because set nacos.extension.naming.istio.enabled as false

2025-06-05 10:16:20,139 WARN Istio module disabled because set nacos.extension.naming.istio.enabled as false

2025-06-05 10:16:20,139 WARN Istio module disabled because set nacos.extension.naming.istio.enabled as false

2025-06-05 10:16:20,140 WARN Istio module disabled because set nacos.extension.naming.istio.enabled as false

2025-06-05 10:16:20,140 WARN Istio module disabled because set nacos.extension.naming.istio.enabled as false

2025-06-05 10:16:20,141 WARN Istio module disabled because set nacos.extension.naming.istio.enabled as false

2025-06-05 10:16:20,141 WARN Istio module disabled because set nacos.extension.naming.istio.enabled as false

2025-06-05 10:16:20,142 WARN Istio module disabled because set nacos.extension.naming.istio.enabled as false

2025-06-05 10:16:20,142 WARN Istio module disabled because set nacos.extension.naming.istio.enabled as false

2025-06-05 10:16:20,896 INFO Skip @SpringBootApplication annotation for class com.alibaba.nacos.prometheus.PrometheusApp to avoid duplicate scan

2025-06-05 10:16:23,350 INFO Tomcat initialized with port(s): 8848 (http)

2025-06-05 10:16:23,369 INFO Starting service [Tomcat]

2025-06-05 10:16:23,369 INFO Starting Servlet engine: [Apache Tomcat/9.0.98]

2025-06-05 10:16:23,470 INFO Initializing Spring embedded WebApplicationContext

2025-06-05 10:16:23,470 INFO Root WebApplicationContext: initialization completed in 4082 ms

2025-06-05 10:16:23,533 INFO Not found ServerIdentityChecker implementation from SPI, use default.

2025-06-05 10:16:23,863 INFO Nacos-related cluster resource initialization

2025-06-05 10:16:23,870 INFO Load com.alibaba.nacos.core.ability.RemoteAbilityInitializer for ServerAbilityInitializer

2025-06-05 10:16:23,870 INFO Load com.alibaba.nacos.naming.ability.NamingAbilityInitializer for ServerAbilityInitializer

2025-06-05 10:16:23,873 INFO The cluster resource is initialized

2025-06-05 10:16:24,152 INFO HikariPool-1 - Starting...

2025-06-05 10:16:25,301 ERROR HikariPool-1 - Exception during pool initialization.

com.mysql.cj.jdbc.exceptions.CommunicationsException: Communications link failure

The last packet sent successfully to the server was 0 milliseconds ago. The driver has not received any packets from the server.
	at com.mysql.cj.jdbc.exceptions.SQLError.createCommunicationsException(SQLError.java:174)
	at com.mysql.cj.jdbc.exceptions.SQLExceptionsMapping.translateException(SQLExceptionsMapping.java:64)
	at com.mysql.cj.jdbc.ConnectionImpl.createNewIO(ConnectionImpl.java:815)
	at com.mysql.cj.jdbc.ConnectionImpl.<init>(ConnectionImpl.java:438)
	at com.mysql.cj.jdbc.ConnectionImpl.getInstance(ConnectionImpl.java:241)
	at com.mysql.cj.jdbc.NonRegisteringDriver.connect(NonRegisteringDriver.java:189)
	at com.zaxxer.hikari.util.DriverDataSource.getConnection(DriverDataSource.java:138)
	at com.zaxxer.hikari.pool.PoolBase.newConnection(PoolBase.java:354)
	at com.zaxxer.hikari.pool.PoolBase.newPoolEntry(PoolBase.java:202)
	at com.zaxxer.hikari.pool.HikariPool.createPoolEntry(HikariPool.java:473)
	at com.zaxxer.hikari.pool.HikariPool.checkFailFast(HikariPool.java:554)
	at com.zaxxer.hikari.pool.HikariPool.<init>(HikariPool.java:115)
	at com.zaxxer.hikari.HikariDataSource.getConnection(HikariDataSource.java:112)
	at com.alibaba.nacos.persistence.utils.ConnectionCheckUtil.checkDataSourceConnection(ConnectionCheckUtil.java:34)
	at com.alibaba.nacos.persistence.datasource.ExternalDataSourceServiceImpl.lambda$reload$0(ExternalDataSourceServiceImpl.java:138)
	at com.alibaba.nacos.persistence.datasource.ExternalDataSourceProperties.build(ExternalDataSourceProperties.java:97)
	at com.alibaba.nacos.persistence.datasource.ExternalDataSourceServiceImpl.reload(ExternalDataSourceServiceImpl.java:136)
	at com.alibaba.nacos.persistence.datasource.ExternalDataSourceServiceImpl.init(ExternalDataSourceServiceImpl.java:116)
	at com.alibaba.nacos.persistence.datasource.DynamicDataSource.getDataSource(DynamicDataSource.java:55)
	at com.alibaba.nacos.plugin.auth.impl.persistence.ExternalUserPersistServiceImpl.init(ExternalUserPersistServiceImpl.java:55)
	at sun.reflect.NativeMethodAccessorImpl.invoke0(Native Method)
	at sun.reflect.NativeMethodAccessorImpl.invoke(NativeMethodAccessorImpl.java:62)
	at sun.reflect.DelegatingMethodAccessorImpl.invoke(DelegatingMethodAccessorImpl.java:43)
	at java.lang.reflect.Method.invoke(Method.java:498)
	at org.springframework.beans.factory.annotation.InitDestroyAnnotationBeanPostProcessor$LifecycleElement.invoke(InitDestroyAnnotationBeanPostProcessor.java:389)
	at org.springframework.beans.factory.annotation.InitDestroyAnnotationBeanPostProcessor$LifecycleMetadata.invokeInitMethods(InitDestroyAnnotationBeanPostProcessor.java:333)
	at org.springframework.beans.factory.annotation.InitDestroyAnnotationBeanPostProcessor.postProcessBeforeInitialization(InitDestroyAnnotationBeanPostProcessor.java:157)
	at org.springframework.beans.factory.support.AbstractAutowireCapableBeanFactory.applyBeanPostProcessorsBeforeInitialization(AbstractAutowireCapableBeanFactory.java:440)
	at org.springframework.beans.factory.support.AbstractAutowireCapableBeanFactory.initializeBean(AbstractAutowireCapableBeanFactory.java:1796)
	at org.springframework.beans.factory.support.AbstractAutowireCapableBeanFactory.doCreateBean(AbstractAutowireCapableBeanFactory.java:620)
	at org.springframework.beans.factory.support.AbstractAutowireCapableBeanFactory.createBean(AbstractAutowireCapableBeanFactory.java:542)
	at org.springframework.beans.factory.support.AbstractBeanFactory.lambda$doGetBean$0(AbstractBeanFactory.java:336)
	at org.springframework.beans.factory.support.DefaultSingletonBeanRegistry.getSingleton(DefaultSingletonBeanRegistry.java:234)
	at org.springframework.beans.factory.support.AbstractBeanFactory.doGetBean(AbstractBeanFactory.java:334)
	at org.springframework.beans.factory.support.AbstractBeanFactory.getBean(AbstractBeanFactory.java:209)
	at org.springframework.beans.factory.config.DependencyDescriptor.resolveCandidate(DependencyDescriptor.java:276)
	at org.springframework.beans.factory.support.DefaultListableBeanFactory.doResolveDependency(DefaultListableBeanFactory.java:1391)
	at org.springframework.beans.factory.support.DefaultListableBeanFactory.resolveDependency(DefaultListableBeanFactory.java:1311)
	at org.springframework.beans.factory.annotation.AutowiredAnnotationBeanPostProcessor$AutowiredFieldElement.resolveFieldValue(AutowiredAnnotationBeanPostProcessor.java:710)
	at org.springframework.beans.factory.annotation.AutowiredAnnotationBeanPostProcessor$AutowiredFieldElement.inject(AutowiredAnnotationBeanPostProcessor.java:693)
	at org.springframework.beans.factory.annotation.InjectionMetadata.inject(InjectionMetadata.java:119)
	at org.springframework.beans.factory.annotation.AutowiredAnnotationBeanPostProcessor.postProcessProperties(AutowiredAnnotationBeanPostProcessor.java:408)
	at org.springframework.beans.factory.support.AbstractAutowireCapableBeanFactory.populateBean(AbstractAutowireCapableBeanFactory.java:1431)
	at org.springframework.beans.factory.support.AbstractAutowireCapableBeanFactory.doCreateBean(AbstractAutowireCapableBeanFactory.java:619)
	at org.springframework.beans.factory.support.AbstractAutowireCapableBeanFactory.createBean(AbstractAutowireCapableBeanFactory.java:542)
	at org.springframework.beans.factory.support.AbstractBeanFactory.lambda$doGetBean$0(AbstractBeanFactory.java:336)
	at org.springframework.beans.factory.support.DefaultSingletonBeanRegistry.getSingleton(DefaultSingletonBeanRegistry.java:234)
	at org.springframework.beans.factory.support.AbstractBeanFactory.doGetBean(AbstractBeanFactory.java:334)
	at org.springframework.beans.factory.support.AbstractBeanFactory.getBean(AbstractBeanFactory.java:209)
	at org.springframework.beans.factory.config.DependencyDescriptor.resolveCandidate(DependencyDescriptor.java:276)
	at org.springframework.beans.factory.support.DefaultListableBeanFactory.doResolveDependency(DefaultListableBeanFactory.java:1391)
	at org.springframework.beans.factory.support.DefaultListableBeanFactory.resolveDependency(DefaultListableBeanFactory.java:1311)
	at org.springframework.beans.factory.support.ConstructorResolver.resolveAutowiredArgument(ConstructorResolver.java:904)
	at org.springframework.beans.factory.support.ConstructorResolver.createArgumentArray(ConstructorResolver.java:781)
	at org.springframework.beans.factory.support.ConstructorResolver.autowireConstructor(ConstructorResolver.java:220)
	at org.springframework.beans.factory.support.AbstractAutowireCapableBeanFactory.autowireConstructor(AbstractAutowireCapableBeanFactory.java:1372)
	at org.springframework.beans.factory.support.AbstractAutowireCapableBeanFactory.createBeanInstance(AbstractAutowireCapableBeanFactory.java:1222)
	at org.springframework.beans.factory.support.AbstractAutowireCapableBeanFactory.doCreateBean(AbstractAutowireCapableBeanFactory.java:582)
	at org.springframework.beans.factory.support.AbstractAutowireCapableBeanFactory.createBean(AbstractAutowireCapableBeanFactory.java:542)
	at org.springframework.beans.factory.support.AbstractBeanFactory.lambda$doGetBean$0(AbstractBeanFactory.java:336)
	at org.springframework.beans.factory.support.DefaultSingletonBeanRegistry.getSingleton(DefaultSingletonBeanRegistry.java:234)
	at org.springframework.beans.factory.support.AbstractBeanFactory.doGetBean(AbstractBeanFactory.java:334)
	at org.springframework.beans.factory.support.AbstractBeanFactory.getBean(AbstractBeanFactory.java:209)
	at org.springframework.beans.factory.support.ConstructorResolver.instantiateUsingFactoryMethod(ConstructorResolver.java:401)
	at org.springframework.beans.factory.support.AbstractAutowireCapableBeanFactory.instantiateUsingFactoryMethod(AbstractAutowireCapableBeanFactory.java:1352)
	at org.springframework.beans.factory.support.AbstractAutowireCapableBeanFactory.createBeanInstance(AbstractAutowireCapableBeanFactory.java:1195)
	at org.springframework.beans.factory.support.AbstractAutowireCapableBeanFactory.doCreateBean(AbstractAutowireCapableBeanFactory.java:582)
	at org.springframework.beans.factory.support.AbstractAutowireCapableBeanFactory.createBean(AbstractAutowireCapableBeanFactory.java:542)
	at org.springframework.beans.factory.support.AbstractBeanFactory.lambda$doGetBean$0(AbstractBeanFactory.java:336)
	at org.springframework.beans.factory.support.DefaultSingletonBeanRegistry.getSingleton(DefaultSingletonBeanRegistry.java:234)
	at org.springframework.beans.factory.support.AbstractBeanFactory.doGetBean(AbstractBeanFactory.java:334)
	at org.springframework.beans.factory.support.AbstractBeanFactory.getBean(AbstractBeanFactory.java:209)
	at org.springframework.beans.factory.config.DependencyDescriptor.resolveCandidate(DependencyDescriptor.java:276)
	at org.springframework.beans.factory.support.DefaultListableBeanFactory.doResolveDependency(DefaultListableBeanFactory.java:1391)
	at org.springframework.beans.factory.support.DefaultListableBeanFactory.resolveDependency(DefaultListableBeanFactory.java:1311)
	at org.springframework.beans.factory.support.ConstructorResolver.resolveAutowiredArgument(ConstructorResolver.java:904)
	at org.springframework.beans.factory.support.ConstructorResolver.createArgumentArray(ConstructorResolver.java:781)
	at org.springframework.beans.factory.support.ConstructorResolver.instantiateUsingFactoryMethod(ConstructorResolver.java:532)
	at org.springframework.beans.factory.support.AbstractAutowireCapableBeanFactory.instantiateUsingFactoryMethod(AbstractAutowireCapableBeanFactory.java:1352)
	at org.springframework.beans.factory.support.AbstractAutowireCapableBeanFactory.createBeanInstance(AbstractAutowireCapableBeanFactory.java:1195)
	at org.springframework.beans.factory.support.AbstractAutowireCapableBeanFactory.doCreateBean(AbstractAutowireCapableBeanFactory.java:582)
	at org.springframework.beans.factory.support.AbstractAutowireCapableBeanFactory.createBean(AbstractAutowireCapableBeanFactory.java:542)
	at org.springframework.beans.factory.support.AbstractBeanFactory.lambda$doGetBean$0(AbstractBeanFactory.java:336)
	at org.springframework.beans.factory.support.DefaultSingletonBeanRegistry.getSingleton(DefaultSingletonBeanRegistry.java:234)
	at org.springframework.beans.factory.support.AbstractBeanFactory.doGetBean(AbstractBeanFactory.java:334)
	at org.springframework.beans.factory.support.AbstractBeanFactory.getBean(AbstractBeanFactory.java:214)
	at org.springframework.boot.web.servlet.ServletContextInitializerBeans.getOrderedBeansOfType(ServletContextInitializerBeans.java:213)
	at org.springframework.boot.web.servlet.ServletContextInitializerBeans.getOrderedBeansOfType(ServletContextInitializerBeans.java:204)
	at org.springframework.boot.web.servlet.ServletContextInitializerBeans.addServletContextInitializerBeans(ServletContextInitializerBeans.java:98)
	at org.springframework.boot.web.servlet.ServletContextInitializerBeans.<init>(ServletContextInitializerBeans.java:86)
	at org.springframework.boot.web.servlet.context.ServletWebServerApplicationContext.getServletContextInitializerBeans(ServletWebServerApplicationContext.java:262)
	at org.springframework.boot.web.servlet.context.ServletWebServerApplicationContext.selfInitialize(ServletWebServerApplicationContext.java:236)
	at org.springframework.boot.web.embedded.tomcat.TomcatStarter.onStartup(TomcatStarter.java:53)
	at org.apache.catalina.core.StandardContext.startInternal(StandardContext.java:4450)
	at org.apache.catalina.util.LifecycleBase.start(LifecycleBase.java:164)
	at org.apache.catalina.core.ContainerBase$StartChild.call(ContainerBase.java:1203)
	at org.apache.catalina.core.ContainerBase$StartChild.call(ContainerBase.java:1193)
	at java.util.concurrent.FutureTask.run(FutureTask.java:266)
	at org.apache.tomcat.util.threads.InlineExecutorService.execute(InlineExecutorService.java:75)
	at java.util.concurrent.AbstractExecutorService.submit(AbstractExecutorService.java:134)
	at org.apache.catalina.core.ContainerBase.startInternal(ContainerBase.java:749)
	at org.apache.catalina.core.StandardHost.startInternal(StandardHost.java:721)
	at org.apache.catalina.util.LifecycleBase.start(LifecycleBase.java:164)
	at org.apache.catalina.core.ContainerBase$StartChild.call(ContainerBase.java:1203)
	at org.apache.catalina.core.ContainerBase$StartChild.call(ContainerBase.java:1193)
	at java.util.concurrent.FutureTask.run(FutureTask.java:266)
	at org.apache.tomcat.util.threads.InlineExecutorService.execute(InlineExecutorService.java:75)
	at java.util.concurrent.AbstractExecutorService.submit(AbstractExecutorService.java:134)
	at org.apache.catalina.core.ContainerBase.startInternal(ContainerBase.java:749)
	at org.apache.catalina.core.StandardEngine.startInternal(StandardEngine.java:211)
	at org.apache.catalina.util.LifecycleBase.start(LifecycleBase.java:164)
	at org.apache.catalina.core.StandardService.startInternal(StandardService.java:415)
	at org.apache.catalina.util.LifecycleBase.start(LifecycleBase.java:164)
	at org.apache.catalina.core.StandardServer.startInternal(StandardServer.java:874)
	at org.apache.catalina.util.LifecycleBase.start(LifecycleBase.java:164)
	at org.apache.catalina.startup.Tomcat.start(Tomcat.java:438)
	at org.springframework.boot.web.embedded.tomcat.TomcatWebServer.initialize(TomcatWebServer.java:123)
	at org.springframework.boot.web.embedded.tomcat.TomcatWebServer.<init>(TomcatWebServer.java:104)
	at org.springframework.boot.web.embedded.tomcat.TomcatServletWebServerFactory.getTomcatWebServer(TomcatServletWebServerFactory.java:481)
	at org.springframework.boot.web.embedded.tomcat.TomcatServletWebServerFactory.getWebServer(TomcatServletWebServerFactory.java:211)
	at org.springframework.boot.web.servlet.context.ServletWebServerApplicationContext.createWebServer(ServletWebServerApplicationContext.java:184)
	at org.springframework.boot.web.servlet.context.ServletWebServerApplicationContext.onRefresh(ServletWebServerApplicationContext.java:162)
	at org.springframework.context.support.AbstractApplicationContext.refresh(AbstractApplicationContext.java:585)
	at org.springframework.boot.web.servlet.context.ServletWebServerApplicationContext.refresh(ServletWebServerApplicationContext.java:147)
	at org.springframework.boot.SpringApplication.refresh(SpringApplication.java:732)
	at org.springframework.boot.SpringApplication.refreshContext(SpringApplication.java:409)
	at org.springframework.boot.SpringApplication.run(SpringApplication.java:308)
	at org.springframework.boot.SpringApplication.run(SpringApplication.java:1300)
	at org.springframework.boot.SpringApplication.run(SpringApplication.java:1289)
	at com.alibaba.nacos.Nacos.main(Nacos.java:46)
	at sun.reflect.NativeMethodAccessorImpl.invoke0(Native Method)
	at sun.reflect.NativeMethodAccessorImpl.invoke(NativeMethodAccessorImpl.java:62)
	at sun.reflect.DelegatingMethodAccessorImpl.invoke(DelegatingMethodAccessorImpl.java:43)
	at java.lang.reflect.Method.invoke(Method.java:498)
	at org.springframework.boot.loader.MainMethodRunner.run(MainMethodRunner.java:49)
	at org.springframework.boot.loader.Launcher.launch(Launcher.java:108)
	at org.springframework.boot.loader.Launcher.launch(Launcher.java:58)
	at org.springframework.boot.loader.PropertiesLauncher.main(PropertiesLauncher.java:467)
Caused by: com.mysql.cj.exceptions.CJCommunicationsException: Communications link failure

The last packet sent successfully to the server was 0 milliseconds ago. The driver has not received any packets from the server.
	at sun.reflect.NativeConstructorAccessorImpl.newInstance0(Native Method)
	at sun.reflect.NativeConstructorAccessorImpl.newInstance(NativeConstructorAccessorImpl.java:62)
	at sun.reflect.DelegatingConstructorAccessorImpl.newInstance(DelegatingConstructorAccessorImpl.java:45)
	at java.lang.reflect.Constructor.newInstance(Constructor.java:423)
	at com.mysql.cj.exceptions.ExceptionFactory.createException(ExceptionFactory.java:61)
	at com.mysql.cj.exceptions.ExceptionFactory.createException(ExceptionFactory.java:104)
	at com.mysql.cj.exceptions.ExceptionFactory.createException(ExceptionFactory.java:149)
	at com.mysql.cj.exceptions.ExceptionFactory.createCommunicationsException(ExceptionFactory.java:165)
	at com.mysql.cj.protocol.a.NativeSocketConnection.connect(NativeSocketConnection.java:88)
	at com.mysql.cj.NativeSession.connect(NativeSession.java:120)
	at com.mysql.cj.jdbc.ConnectionImpl.connectOneTryOnly(ConnectionImpl.java:935)
	at com.mysql.cj.jdbc.ConnectionImpl.createNewIO(ConnectionImpl.java:805)
	... 135 common frames omitted
Caused by: java.net.UnknownHostException: mysql: Name does not resolve
	at java.net.Inet6AddressImpl.lookupAllHostAddr(Native Method)
	at java.net.InetAddress$2.lookupAllHostAddr(InetAddress.java:868)
	at java.net.InetAddress.getAddressesFromNameService(InetAddress.java:1303)
	at java.net.InetAddress$NameServiceAddresses.get(InetAddress.java:816)
	at java.net.InetAddress.getAllByName0(InetAddress.java:1292)
	at java.net.InetAddress.getAllByName(InetAddress.java:1145)
	at java.net.InetAddress.getAllByName(InetAddress.java:1066)
	at com.mysql.cj.protocol.StandardSocketFactory.connect(StandardSocketFactory.java:130)
	at com.mysql.cj.protocol.a.NativeSocketConnection.connect(NativeSocketConnection.java:62)
	... 138 common frames omitted
2025-06-05 10:16:25,313 ERROR Error starting Tomcat context. Exception: org.springframework.beans.factory.UnsatisfiedDependencyException. Message: Error creating bean with name 'basicAuthenticationFilter' defined in class path resource [com/alibaba/nacos/prometheus/filter/PrometheusAuthFilter.class]: Unsatisfied dependency expressed through method 'basicAuthenticationFilter' parameter 0; nested exception is org.springframework.beans.factory.UnsatisfiedDependencyException: Error creating bean with name 'nacosAuthConfig' defined in URL [jar:file:/home/nacos/target/nacos-server.jar!/BOOT-INF/lib/default-auth-plugin-2.5.0.jar!/com/alibaba/nacos/plugin/auth/impl/NacosAuthConfig.class]: Unsatisfied dependency expressed through constructor parameter 3; nested exception is org.springframework.beans.factory.UnsatisfiedDependencyException: Error creating bean with name 'nacosUserDetailsServiceImpl': Unsatisfied dependency expressed through field 'userPersistService'; nested exception is org.springframework.beans.factory.BeanCreationException: Error creating bean with name 'externalUserPersistServiceImpl': Invocation of init method failed; nested exception is java.lang.RuntimeException: java.lang.RuntimeException: [db-load-error]load jdbc.properties error

2025-06-05 10:16:25,343 INFO Stopping service [Tomcat]

2025-06-05 10:16:25,345 WARN The web application [nacos] appears to have started a thread named [nacos.publisher-com.alibaba.nacos.common.event.ServerConfigChangeEvent] but has failed to stop it. This is very likely to create a memory leak. Stack trace of thread:
 sun.misc.Unsafe.park(Native Method)
 java.util.concurrent.locks.LockSupport.park(LockSupport.java:175)
 java.util.concurrent.locks.AbstractQueuedSynchronizer$ConditionObject.await(AbstractQueuedSynchronizer.java:2039)
 java.util.concurrent.ArrayBlockingQueue.take(ArrayBlockingQueue.java:403)
 com.alibaba.nacos.common.notify.DefaultPublisher.openEventHandler(DefaultPublisher.java:111)
 com.alibaba.nacos.common.notify.DefaultPublisher.run(DefaultPublisher.java:95)

2025-06-05 10:16:25,346 WARN The web application [nacos] appears to have started a thread named [nacos-http-async-client.0] but has failed to stop it. This is very likely to create a memory leak. Stack trace of thread:
 sun.nio.ch.EPollArrayWrapper.epollWait(Native Method)
 sun.nio.ch.EPollArrayWrapper.poll(EPollArrayWrapper.java:269)
 sun.nio.ch.EPollSelectorImpl.doSelect(EPollSelectorImpl.java:93)
 sun.nio.ch.SelectorImpl.lockAndDoSelect(SelectorImpl.java:86)
 sun.nio.ch.SelectorImpl.select(SelectorImpl.java:97)
 org.apache.http.impl.nio.reactor.AbstractMultiworkerIOReactor.execute(AbstractMultiworkerIOReactor.java:343)
 org.apache.http.impl.nio.conn.PoolingNHttpClientConnectionManager.execute(PoolingNHttpClientConnectionManager.java:221)
 org.apache.http.impl.nio.client.CloseableHttpAsyncClientBase$1.run(CloseableHttpAsyncClientBase.java:64)
 java.lang.Thread.run(Thread.java:750)

2025-06-05 10:16:25,346 WARN The web application [nacos] appears to have started a thread named [nacos.publisher-com.alibaba.nacos.core.cluster.MembersChangeEvent] but has failed to stop it. This is very likely to create a memory leak. Stack trace of thread:
 sun.misc.Unsafe.park(Native Method)
 java.util.concurrent.locks.LockSupport.park(LockSupport.java:175)
 java.util.concurrent.locks.AbstractQueuedSynchronizer$ConditionObject.await(AbstractQueuedSynchronizer.java:2039)
 java.util.concurrent.ArrayBlockingQueue.take(ArrayBlockingQueue.java:403)
 com.alibaba.nacos.common.notify.DefaultPublisher.openEventHandler(DefaultPublisher.java:111)
 com.alibaba.nacos.common.notify.DefaultPublisher.run(DefaultPublisher.java:95)

2025-06-05 10:16:25,347 WARN The web application [nacos] appears to have started a thread named [nacos-http-async-client#I/O Reactor.0] but has failed to stop it. This is very likely to create a memory leak. Stack trace of thread:
 sun.nio.ch.EPollArrayWrapper.epollWait(Native Method)
 sun.nio.ch.EPollArrayWrapper.poll(EPollArrayWrapper.java:269)
 sun.nio.ch.EPollSelectorImpl.doSelect(EPollSelectorImpl.java:93)
 sun.nio.ch.SelectorImpl.lockAndDoSelect(SelectorImpl.java:86)
 sun.nio.ch.SelectorImpl.select(SelectorImpl.java:97)
 org.apache.http.impl.nio.reactor.AbstractIOReactor.execute(AbstractIOReactor.java:255)
 org.apache.http.impl.nio.reactor.BaseIOReactor.execute(BaseIOReactor.java:104)
 org.apache.http.impl.nio.reactor.AbstractMultiworkerIOReactor$Worker.run(AbstractMultiworkerIOReactor.java:591)
 java.lang.Thread.run(Thread.java:750)

2025-06-05 10:16:25,348 WARN The web application [nacos] appears to have started a thread named [nacos-http-async-client#I/O Reactor.1] but has failed to stop it. This is very likely to create a memory leak. Stack trace of thread:
 sun.nio.ch.EPollArrayWrapper.epollWait(Native Method)
 sun.nio.ch.EPollArrayWrapper.poll(EPollArrayWrapper.java:269)
 sun.nio.ch.EPollSelectorImpl.doSelect(EPollSelectorImpl.java:93)
 sun.nio.ch.SelectorImpl.lockAndDoSelect(SelectorImpl.java:86)
 sun.nio.ch.SelectorImpl.select(SelectorImpl.java:97)
 org.apache.http.impl.nio.reactor.AbstractIOReactor.execute(AbstractIOReactor.java:255)
 org.apache.http.impl.nio.reactor.BaseIOReactor.execute(BaseIOReactor.java:104)
 org.apache.http.impl.nio.reactor.AbstractMultiworkerIOReactor$Worker.run(AbstractMultiworkerIOReactor.java:591)
 java.lang.Thread.run(Thread.java:750)

2025-06-05 10:16:25,349 WARN The web application [nacos] appears to have started a thread named [nacos-http-async-client#I/O Reactor.2] but has failed to stop it. This is very likely to create a memory leak. Stack trace of thread:
 sun.nio.ch.EPollArrayWrapper.epollWait(Native Method)
 sun.nio.ch.EPollArrayWrapper.poll(EPollArrayWrapper.java:269)
 sun.nio.ch.EPollSelectorImpl.doSelect(EPollSelectorImpl.java:93)
 sun.nio.ch.SelectorImpl.lockAndDoSelect(SelectorImpl.java:86)
 sun.nio.ch.SelectorImpl.select(SelectorImpl.java:97)
 org.apache.http.impl.nio.reactor.AbstractIOReactor.execute(AbstractIOReactor.java:255)
 org.apache.http.impl.nio.reactor.BaseIOReactor.execute(BaseIOReactor.java:104)
 org.apache.http.impl.nio.reactor.AbstractMultiworkerIOReactor$Worker.run(AbstractMultiworkerIOReactor.java:591)
 java.lang.Thread.run(Thread.java:750)

2025-06-05 10:16:25,350 WARN The web application [nacos] appears to have started a thread named [nacos-http-async-client#I/O Reactor.3] but has failed to stop it. This is very likely to create a memory leak. Stack trace of thread:
 sun.nio.ch.EPollArrayWrapper.epollWait(Native Method)
 sun.nio.ch.EPollArrayWrapper.poll(EPollArrayWrapper.java:269)
 sun.nio.ch.EPollSelectorImpl.doSelect(EPollSelectorImpl.java:93)
 sun.nio.ch.SelectorImpl.lockAndDoSelect(SelectorImpl.java:86)
 sun.nio.ch.SelectorImpl.select(SelectorImpl.java:97)
 org.apache.http.impl.nio.reactor.AbstractIOReactor.execute(AbstractIOReactor.java:255)
 org.apache.http.impl.nio.reactor.BaseIOReactor.execute(BaseIOReactor.java:104)
 org.apache.http.impl.nio.reactor.AbstractMultiworkerIOReactor$Worker.run(AbstractMultiworkerIOReactor.java:591)
 java.lang.Thread.run(Thread.java:750)

2025-06-05 10:16:25,351 WARN The web application [nacos] appears to have started a thread named [com.alibaba.nacos.core.distributed.distro.task.delay.DistroDelayTaskExecuteEngine.0] but has failed to stop it. This is very likely to create a memory leak. Stack trace of thread:
 sun.misc.Unsafe.park(Native Method)
 java.util.concurrent.locks.LockSupport.parkNanos(LockSupport.java:215)
 java.util.concurrent.locks.AbstractQueuedSynchronizer$ConditionObject.awaitNanos(AbstractQueuedSynchronizer.java:2078)
 java.util.concurrent.ScheduledThreadPoolExecutor$DelayedWorkQueue.take(ScheduledThreadPoolExecutor.java:1093)
 java.util.concurrent.ScheduledThreadPoolExecutor$DelayedWorkQueue.take(ScheduledThreadPoolExecutor.java:809)
 java.util.concurrent.ThreadPoolExecutor.getTask(ThreadPoolExecutor.java:1074)
 java.util.concurrent.ThreadPoolExecutor.runWorker(ThreadPoolExecutor.java:1134)
 java.util.concurrent.ThreadPoolExecutor$Worker.run(ThreadPoolExecutor.java:624)
 java.lang.Thread.run(Thread.java:750)

2025-06-05 10:16:25,353 WARN The web application [nacos] appears to have started a thread named [DistroExecuteTaskExecuteEngine_0%4] but has failed to stop it. This is very likely to create a memory leak. Stack trace of thread:
 sun.misc.Unsafe.park(Native Method)
 java.util.concurrent.locks.LockSupport.park(LockSupport.java:175)
 java.util.concurrent.locks.AbstractQueuedSynchronizer$ConditionObject.await(AbstractQueuedSynchronizer.java:2039)
 java.util.concurrent.ArrayBlockingQueue.take(ArrayBlockingQueue.java:403)
 com.alibaba.nacos.common.task.engine.TaskExecuteWorker$InnerWorker.run(TaskExecuteWorker.java:118)

2025-06-05 10:16:25,356 WARN The web application [nacos] appears to have started a thread named [DistroExecuteTaskExecuteEngine_1%4] but has failed to stop it. This is very likely to create a memory leak. Stack trace of thread:
 sun.misc.Unsafe.park(Native Method)
 java.util.concurrent.locks.LockSupport.park(LockSupport.java:175)
 java.util.concurrent.locks.AbstractQueuedSynchronizer$ConditionObject.await(AbstractQueuedSynchronizer.java:2039)
 java.util.concurrent.ArrayBlockingQueue.take(ArrayBlockingQueue.java:403)
 com.alibaba.nacos.common.task.engine.TaskExecuteWorker$InnerWorker.run(TaskExecuteWorker.java:118)

2025-06-05 10:16:25,357 WARN The web application [nacos] appears to have started a thread named [DistroExecuteTaskExecuteEngine_2%4] but has failed to stop it. This is very likely to create a memory leak. Stack trace of thread:
 sun.misc.Unsafe.park(Native Method)
 java.util.concurrent.locks.LockSupport.park(LockSupport.java:175)
 java.util.concurrent.locks.AbstractQueuedSynchronizer$ConditionObject.await(AbstractQueuedSynchronizer.java:2039)
 java.util.concurrent.ArrayBlockingQueue.take(ArrayBlockingQueue.java:403)
 com.alibaba.nacos.common.task.engine.TaskExecuteWorker$InnerWorker.run(TaskExecuteWorker.java:118)

2025-06-05 10:16:25,358 WARN The web application [nacos] appears to have started a thread named [DistroExecuteTaskExecuteEngine_3%4] but has failed to stop it. This is very likely to create a memory leak. Stack trace of thread:
 sun.misc.Unsafe.park(Native Method)
 java.util.concurrent.locks.LockSupport.park(LockSupport.java:175)
 java.util.concurrent.locks.AbstractQueuedSynchronizer$ConditionObject.await(AbstractQueuedSynchronizer.java:2039)
 java.util.concurrent.ArrayBlockingQueue.take(ArrayBlockingQueue.java:403)
 com.alibaba.nacos.common.task.engine.TaskExecuteWorker$InnerWorker.run(TaskExecuteWorker.java:118)

2025-06-05 10:16:25,359 WARN The web application [nacos] appears to have started a thread named [com.alibaba.nacos.naming.timer.0] but has failed to stop it. This is very likely to create a memory leak. Stack trace of thread:
 sun.misc.Unsafe.park(Native Method)
 java.util.concurrent.locks.LockSupport.parkNanos(LockSupport.java:215)
 java.util.concurrent.locks.AbstractQueuedSynchronizer$ConditionObject.awaitNanos(AbstractQueuedSynchronizer.java:2078)
 java.util.concurrent.ScheduledThreadPoolExecutor$DelayedWorkQueue.take(ScheduledThreadPoolExecutor.java:1093)
 java.util.concurrent.ScheduledThreadPoolExecutor$DelayedWorkQueue.take(ScheduledThreadPoolExecutor.java:809)
 java.util.concurrent.ThreadPoolExecutor.getTask(ThreadPoolExecutor.java:1074)
 java.util.concurrent.ThreadPoolExecutor.runWorker(ThreadPoolExecutor.java:1134)
 java.util.concurrent.ThreadPoolExecutor$Worker.run(ThreadPoolExecutor.java:624)
 java.lang.Thread.run(Thread.java:750)

2025-06-05 10:16:25,360 WARN The web application [nacos] appears to have started a thread named [com.alibaba.nacos.naming.timer.1] but has failed to stop it. This is very likely to create a memory leak. Stack trace of thread:
 sun.misc.Unsafe.park(Native Method)
 java.util.concurrent.locks.LockSupport.park(LockSupport.java:175)
 java.util.concurrent.locks.AbstractQueuedSynchronizer$ConditionObject.await(AbstractQueuedSynchronizer.java:2039)
 java.util.concurrent.ScheduledThreadPoolExecutor$DelayedWorkQueue.take(ScheduledThreadPoolExecutor.java:1088)
 java.util.concurrent.ScheduledThreadPoolExecutor$DelayedWorkQueue.take(ScheduledThreadPoolExecutor.java:809)
 java.util.concurrent.ThreadPoolExecutor.getTask(ThreadPoolExecutor.java:1074)
 java.util.concurrent.ThreadPoolExecutor.runWorker(ThreadPoolExecutor.java:1134)
 java.util.concurrent.ThreadPoolExecutor$Worker.run(ThreadPoolExecutor.java:624)
 java.lang.Thread.run(Thread.java:750)

2025-06-05 10:16:25,362 WARN The web application [nacos] appears to have started a thread named [naming.publisher-ClientOperationEvent] but has failed to stop it. This is very likely to create a memory leak. Stack trace of thread:
 sun.misc.Unsafe.park(Native Method)
 java.util.concurrent.locks.LockSupport.park(LockSupport.java:175)
 java.util.concurrent.locks.AbstractQueuedSynchronizer$ConditionObject.await(AbstractQueuedSynchronizer.java:2039)
 java.util.concurrent.ArrayBlockingQueue.take(ArrayBlockingQueue.java:403)
 com.alibaba.nacos.naming.core.v2.event.publisher.NamingEventPublisher.handleEvents(NamingEventPublisher.java:156)
 com.alibaba.nacos.naming.core.v2.event.publisher.NamingEventPublisher.run(NamingEventPublisher.java:135)

2025-06-05 10:16:25,363 WARN The web application [nacos] appears to have started a thread named [naming.publisher-MetadataEvent] but has failed to stop it. This is very likely to create a memory leak. Stack trace of thread:
 sun.misc.Unsafe.park(Native Method)
 java.util.concurrent.locks.LockSupport.park(LockSupport.java:175)
 java.util.concurrent.locks.AbstractQueuedSynchronizer$ConditionObject.await(AbstractQueuedSynchronizer.java:2039)
 java.util.concurrent.ArrayBlockingQueue.take(ArrayBlockingQueue.java:403)
 com.alibaba.nacos.naming.core.v2.event.publisher.NamingEventPublisher.handleEvents(NamingEventPublisher.java:156)
 com.alibaba.nacos.naming.core.v2.event.publisher.NamingEventPublisher.run(NamingEventPublisher.java:135)

2025-06-05 10:16:25,364 WARN The web application [nacos] appears to have started a thread named [naming.publisher-ClientEvent] but has failed to stop it. This is very likely to create a memory leak. Stack trace of thread:
 sun.misc.Unsafe.park(Native Method)
 java.util.concurrent.locks.LockSupport.park(LockSupport.java:175)
 java.util.concurrent.locks.AbstractQueuedSynchronizer$ConditionObject.await(AbstractQueuedSynchronizer.java:2039)
 java.util.concurrent.ArrayBlockingQueue.take(ArrayBlockingQueue.java:403)
 com.alibaba.nacos.naming.core.v2.event.publisher.NamingEventPublisher.handleEvents(NamingEventPublisher.java:156)
 com.alibaba.nacos.naming.core.v2.event.publisher.NamingEventPublisher.run(NamingEventPublisher.java:135)

2025-06-05 10:16:25,365 WARN The web application [nacos] appears to have started a thread named [com.alibaba.nacos.naming.remote-connection-manager.0] but has failed to stop it. This is very likely to create a memory leak. Stack trace of thread:
 sun.misc.Unsafe.park(Native Method)
 java.util.concurrent.locks.LockSupport.parkNanos(LockSupport.java:215)
 java.util.concurrent.locks.AbstractQueuedSynchronizer$ConditionObject.awaitNanos(AbstractQueuedSynchronizer.java:2078)
 java.util.concurrent.ScheduledThreadPoolExecutor$DelayedWorkQueue.take(ScheduledThreadPoolExecutor.java:1093)
 java.util.concurrent.ScheduledThreadPoolExecutor$DelayedWorkQueue.take(ScheduledThreadPoolExecutor.java:809)
 java.util.concurrent.ThreadPoolExecutor.getTask(ThreadPoolExecutor.java:1074)
 java.util.concurrent.ThreadPoolExecutor.runWorker(ThreadPoolExecutor.java:1134)
 java.util.concurrent.ThreadPoolExecutor$Worker.run(ThreadPoolExecutor.java:624)
 java.lang.Thread.run(Thread.java:750)

2025-06-05 10:16:25,368 WARN Exception encountered during context initialization - cancelling refresh attempt: org.springframework.context.ApplicationContextException: Unable to start web server; nested exception is org.springframework.boot.web.server.WebServerException: Unable to start embedded Tomcat

2025-06-05 10:16:25,378 INFO Nacos Log files: /home/nacos/logs

2025-06-05 10:16:25,380 INFO Nacos Log files: /home/nacos/conf

2025-06-05 10:16:25,380 INFO Nacos Log files: /home/nacos/data

2025-06-05 10:16:25,382 ERROR Startup errors : 

org.springframework.context.ApplicationContextException: Unable to start web server; nested exception is org.springframework.boot.web.server.WebServerException: Unable to start embedded Tomcat
	at org.springframework.boot.web.servlet.context.ServletWebServerApplicationContext.onRefresh(ServletWebServerApplicationContext.java:165)
	at org.springframework.context.support.AbstractApplicationContext.refresh(AbstractApplicationContext.java:585)
	at org.springframework.boot.web.servlet.context.ServletWebServerApplicationContext.refresh(ServletWebServerApplicationContext.java:147)
	at org.springframework.boot.SpringApplication.refresh(SpringApplication.java:732)
	at org.springframework.boot.SpringApplication.refreshContext(SpringApplication.java:409)
	at org.springframework.boot.SpringApplication.run(SpringApplication.java:308)
	at org.springframework.boot.SpringApplication.run(SpringApplication.java:1300)
	at org.springframework.boot.SpringApplication.run(SpringApplication.java:1289)
	at com.alibaba.nacos.Nacos.main(Nacos.java:46)
	at sun.reflect.NativeMethodAccessorImpl.invoke0(Native Method)
	at sun.reflect.NativeMethodAccessorImpl.invoke(NativeMethodAccessorImpl.java:62)
	at sun.reflect.DelegatingMethodAccessorImpl.invoke(DelegatingMethodAccessorImpl.java:43)
	at java.lang.reflect.Method.invoke(Method.java:498)
	at org.springframework.boot.loader.MainMethodRunner.run(MainMethodRunner.java:49)
	at org.springframework.boot.loader.Launcher.launch(Launcher.java:108)
	at org.springframework.boot.loader.Launcher.launch(Launcher.java:58)
	at org.springframework.boot.loader.PropertiesLauncher.main(PropertiesLauncher.java:467)
Caused by: org.springframework.boot.web.server.WebServerException: Unable to start embedded Tomcat
	at org.springframework.boot.web.embedded.tomcat.TomcatWebServer.initialize(TomcatWebServer.java:142)
	at org.springframework.boot.web.embedded.tomcat.TomcatWebServer.<init>(TomcatWebServer.java:104)
	at org.springframework.boot.web.embedded.tomcat.TomcatServletWebServerFactory.getTomcatWebServer(TomcatServletWebServerFactory.java:481)
	at org.springframework.boot.web.embedded.tomcat.TomcatServletWebServerFactory.getWebServer(TomcatServletWebServerFactory.java:211)
	at org.springframework.boot.web.servlet.context.ServletWebServerApplicationContext.createWebServer(ServletWebServerApplicationContext.java:184)
	at org.springframework.boot.web.servlet.context.ServletWebServerApplicationContext.onRefresh(ServletWebServerApplicationContext.java:162)
	... 16 common frames omitted
Caused by: org.springframework.beans.factory.UnsatisfiedDependencyException: Error creating bean with name 'basicAuthenticationFilter' defined in class path resource [com/alibaba/nacos/prometheus/filter/PrometheusAuthFilter.class]: Unsatisfied dependency expressed through method 'basicAuthenticationFilter' parameter 0; nested exception is org.springframework.beans.factory.UnsatisfiedDependencyException: Error creating bean with name 'nacosAuthConfig' defined in URL [jar:file:/home/nacos/target/nacos-server.jar!/BOOT-INF/lib/default-auth-plugin-2.5.0.jar!/com/alibaba/nacos/plugin/auth/impl/NacosAuthConfig.class]: Unsatisfied dependency expressed through constructor parameter 3; nested exception is org.springframework.beans.factory.UnsatisfiedDependencyException: Error creating bean with name 'nacosUserDetailsServiceImpl': Unsatisfied dependency expressed through field 'userPersistService'; nested exception is org.springframework.beans.factory.BeanCreationException: Error creating bean with name 'externalUserPersistServiceImpl': Invocation of init method failed; nested exception is java.lang.RuntimeException: java.lang.RuntimeException: [db-load-error]load jdbc.properties error
	at org.springframework.beans.factory.support.ConstructorResolver.createArgumentArray(ConstructorResolver.java:794)
	at org.springframework.beans.factory.support.ConstructorResolver.instantiateUsingFactoryMethod(ConstructorResolver.java:532)
	at org.springframework.beans.factory.support.AbstractAutowireCapableBeanFactory.instantiateUsingFactoryMethod(AbstractAutowireCapableBeanFactory.java:1352)
	at org.springframework.beans.factory.support.AbstractAutowireCapableBeanFactory.createBeanInstance(AbstractAutowireCapableBeanFactory.java:1195)
	at org.springframework.beans.factory.support.AbstractAutowireCapableBeanFactory.doCreateBean(AbstractAutowireCapableBeanFactory.java:582)
	at org.springframework.beans.factory.support.AbstractAutowireCapableBeanFactory.createBean(AbstractAutowireCapableBeanFactory.java:542)
	at org.springframework.beans.factory.support.AbstractBeanFactory.lambda$doGetBean$0(AbstractBeanFactory.java:336)
	at org.springframework.beans.factory.support.DefaultSingletonBeanRegistry.getSingleton(DefaultSingletonBeanRegistry.java:234)
	at org.springframework.beans.factory.support.AbstractBeanFactory.doGetBean(AbstractBeanFactory.java:334)
	at org.springframework.beans.factory.support.AbstractBeanFactory.getBean(AbstractBeanFactory.java:214)
	at org.springframework.boot.web.servlet.ServletContextInitializerBeans.getOrderedBeansOfType(ServletContextInitializerBeans.java:213)
	at org.springframework.boot.web.servlet.ServletContextInitializerBeans.getOrderedBeansOfType(ServletContextInitializerBeans.java:204)
	at org.springframework.boot.web.servlet.ServletContextInitializerBeans.addServletContextInitializerBeans(ServletContextInitializerBeans.java:98)
	at org.springframework.boot.web.servlet.ServletContextInitializerBeans.<init>(ServletContextInitializerBeans.java:86)
	at org.springframework.boot.web.servlet.context.ServletWebServerApplicationContext.getServletContextInitializerBeans(ServletWebServerApplicationContext.java:262)
	at org.springframework.boot.web.servlet.context.ServletWebServerApplicationContext.selfInitialize(ServletWebServerApplicationContext.java:236)
	at org.springframework.boot.web.embedded.tomcat.TomcatStarter.onStartup(TomcatStarter.java:53)
	at org.apache.catalina.core.StandardContext.startInternal(StandardContext.java:4450)
	at org.apache.catalina.util.LifecycleBase.start(LifecycleBase.java:164)
	at org.apache.catalina.core.ContainerBase$StartChild.call(ContainerBase.java:1203)
	at org.apache.catalina.core.ContainerBase$StartChild.call(ContainerBase.java:1193)
	at java.util.concurrent.FutureTask.run(FutureTask.java:266)
	at org.apache.tomcat.util.threads.InlineExecutorService.execute(InlineExecutorService.java:75)
	at java.util.concurrent.AbstractExecutorService.submit(AbstractExecutorService.java:134)
	at org.apache.catalina.core.ContainerBase.startInternal(ContainerBase.java:749)
	at org.apache.catalina.core.StandardHost.startInternal(StandardHost.java:721)
	at org.apache.catalina.util.LifecycleBase.start(LifecycleBase.java:164)
	at org.apache.catalina.core.ContainerBase$StartChild.call(ContainerBase.java:1203)
	at org.apache.catalina.core.ContainerBase$StartChild.call(ContainerBase.java:1193)
	at java.util.concurrent.FutureTask.run(FutureTask.java:266)
	at org.apache.tomcat.util.threads.InlineExecutorService.execute(InlineExecutorService.java:75)
	at java.util.concurrent.AbstractExecutorService.submit(AbstractExecutorService.java:134)
	at org.apache.catalina.core.ContainerBase.startInternal(ContainerBase.java:749)
	at org.apache.catalina.core.StandardEngine.startInternal(StandardEngine.java:211)
	at org.apache.catalina.util.LifecycleBase.start(LifecycleBase.java:164)
	at org.apache.catalina.core.StandardService.startInternal(StandardService.java:415)
	at org.apache.catalina.util.LifecycleBase.start(LifecycleBase.java:164)
	at org.apache.catalina.core.StandardServer.startInternal(StandardServer.java:874)
	at org.apache.catalina.util.LifecycleBase.start(LifecycleBase.java:164)
	at org.apache.catalina.startup.Tomcat.start(Tomcat.java:438)
	at org.springframework.boot.web.embedded.tomcat.TomcatWebServer.initialize(TomcatWebServer.java:123)
	... 21 common frames omitted
Caused by: org.springframework.beans.factory.UnsatisfiedDependencyException: Error creating bean with name 'nacosAuthConfig' defined in URL [jar:file:/home/nacos/target/nacos-server.jar!/BOOT-INF/lib/default-auth-plugin-2.5.0.jar!/com/alibaba/nacos/plugin/auth/impl/NacosAuthConfig.class]: Unsatisfied dependency expressed through constructor parameter 3; nested exception is org.springframework.beans.factory.UnsatisfiedDependencyException: Error creating bean with name 'nacosUserDetailsServiceImpl': Unsatisfied dependency expressed through field 'userPersistService'; nested exception is org.springframework.beans.factory.BeanCreationException: Error creating bean with name 'externalUserPersistServiceImpl': Invocation of init method failed; nested exception is java.lang.RuntimeException: java.lang.RuntimeException: [db-load-error]load jdbc.properties error
	at org.springframework.beans.factory.support.ConstructorResolver.createArgumentArray(ConstructorResolver.java:794)
	at org.springframework.beans.factory.support.ConstructorResolver.autowireConstructor(ConstructorResolver.java:220)
	at org.springframework.beans.factory.support.AbstractAutowireCapableBeanFactory.autowireConstructor(AbstractAutowireCapableBeanFactory.java:1372)
	at org.springframework.beans.factory.support.AbstractAutowireCapableBeanFactory.createBeanInstance(AbstractAutowireCapableBeanFactory.java:1222)
	at org.springframework.beans.factory.support.AbstractAutowireCapableBeanFactory.doCreateBean(AbstractAutowireCapableBeanFactory.java:582)
	at org.springframework.beans.factory.support.AbstractAutowireCapableBeanFactory.createBean(AbstractAutowireCapableBeanFactory.java:542)
	at org.springframework.beans.factory.support.AbstractBeanFactory.lambda$doGetBean$0(AbstractBeanFactory.java:336)
	at org.springframework.beans.factory.support.DefaultSingletonBeanRegistry.getSingleton(DefaultSingletonBeanRegistry.java:234)
	at org.springframework.beans.factory.support.AbstractBeanFactory.doGetBean(AbstractBeanFactory.java:334)
	at org.springframework.beans.factory.support.AbstractBeanFactory.getBean(AbstractBeanFactory.java:209)
	at org.springframework.beans.factory.support.ConstructorResolver.instantiateUsingFactoryMethod(ConstructorResolver.java:401)
	at org.springframework.beans.factory.support.AbstractAutowireCapableBeanFactory.instantiateUsingFactoryMethod(AbstractAutowireCapableBeanFactory.java:1352)
	at org.springframework.beans.factory.support.AbstractAutowireCapableBeanFactory.createBeanInstance(AbstractAutowireCapableBeanFactory.java:1195)
	at org.springframework.beans.factory.support.AbstractAutowireCapableBeanFactory.doCreateBean(AbstractAutowireCapableBeanFactory.java:582)
	at org.springframework.beans.factory.support.AbstractAutowireCapableBeanFactory.createBean(AbstractAutowireCapableBeanFactory.java:542)
	at org.springframework.beans.factory.support.AbstractBeanFactory.lambda$doGetBean$0(AbstractBeanFactory.java:336)
	at org.springframework.beans.factory.support.DefaultSingletonBeanRegistry.getSingleton(DefaultSingletonBeanRegistry.java:234)
	at org.springframework.beans.factory.support.AbstractBeanFactory.doGetBean(AbstractBeanFactory.java:334)
	at org.springframework.beans.factory.support.AbstractBeanFactory.getBean(AbstractBeanFactory.java:209)
	at org.springframework.beans.factory.config.DependencyDescriptor.resolveCandidate(DependencyDescriptor.java:276)
	at org.springframework.beans.factory.support.DefaultListableBeanFactory.doResolveDependency(DefaultListableBeanFactory.java:1391)
	at org.springframework.beans.factory.support.DefaultListableBeanFactory.resolveDependency(DefaultListableBeanFactory.java:1311)
	at org.springframework.beans.factory.support.ConstructorResolver.resolveAutowiredArgument(ConstructorResolver.java:904)
	at org.springframework.beans.factory.support.ConstructorResolver.createArgumentArray(ConstructorResolver.java:781)
	... 61 common frames omitted
Caused by: org.springframework.beans.factory.UnsatisfiedDependencyException: Error creating bean with name 'nacosUserDetailsServiceImpl': Unsatisfied dependency expressed through field 'userPersistService'; nested exception is org.springframework.beans.factory.BeanCreationException: Error creating bean with name 'externalUserPersistServiceImpl': Invocation of init method failed; nested exception is java.lang.RuntimeException: java.lang.RuntimeException: [db-load-error]load jdbc.properties error
	at org.springframework.beans.factory.annotation.AutowiredAnnotationBeanPostProcessor$AutowiredFieldElement.resolveFieldValue(AutowiredAnnotationBeanPostProcessor.java:713)
	at org.springframework.beans.factory.annotation.AutowiredAnnotationBeanPostProcessor$AutowiredFieldElement.inject(AutowiredAnnotationBeanPostProcessor.java:693)
	at org.springframework.beans.factory.annotation.InjectionMetadata.inject(InjectionMetadata.java:119)
	at org.springframework.beans.factory.annotation.AutowiredAnnotationBeanPostProcessor.postProcessProperties(AutowiredAnnotationBeanPostProcessor.java:408)
	at org.springframework.beans.factory.support.AbstractAutowireCapableBeanFactory.populateBean(AbstractAutowireCapableBeanFactory.java:1431)
	at org.springframework.beans.factory.support.AbstractAutowireCapableBeanFactory.doCreateBean(AbstractAutowireCapableBeanFactory.java:619)
	at org.springframework.beans.factory.support.AbstractAutowireCapableBeanFactory.createBean(AbstractAutowireCapableBeanFactory.java:542)
	at org.springframework.beans.factory.support.AbstractBeanFactory.lambda$doGetBean$0(AbstractBeanFactory.java:336)
	at org.springframework.beans.factory.support.DefaultSingletonBeanRegistry.getSingleton(DefaultSingletonBeanRegistry.java:234)
	at org.springframework.beans.factory.support.AbstractBeanFactory.doGetBean(AbstractBeanFactory.java:334)
	at org.springframework.beans.factory.support.AbstractBeanFactory.getBean(AbstractBeanFactory.java:209)
	at org.springframework.beans.factory.config.DependencyDescriptor.resolveCandidate(DependencyDescriptor.java:276)
	at org.springframework.beans.factory.support.DefaultListableBeanFactory.doResolveDependency(DefaultListableBeanFactory.java:1391)
	at org.springframework.beans.factory.support.DefaultListableBeanFactory.resolveDependency(DefaultListableBeanFactory.java:1311)
	at org.springframework.beans.factory.support.ConstructorResolver.resolveAutowiredArgument(ConstructorResolver.java:904)
	at org.springframework.beans.factory.support.ConstructorResolver.createArgumentArray(ConstructorResolver.java:781)
	... 84 common frames omitted
Caused by: org.springframework.beans.factory.BeanCreationException: Error creating bean with name 'externalUserPersistServiceImpl': Invocation of init method failed; nested exception is java.lang.RuntimeException: java.lang.RuntimeException: [db-load-error]load jdbc.properties error
	at org.springframework.beans.factory.annotation.InitDestroyAnnotationBeanPostProcessor.postProcessBeforeInitialization(InitDestroyAnnotationBeanPostProcessor.java:160)
	at org.springframework.beans.factory.support.AbstractAutowireCapableBeanFactory.applyBeanPostProcessorsBeforeInitialization(AbstractAutowireCapableBeanFactory.java:440)
	at org.springframework.beans.factory.support.AbstractAutowireCapableBeanFactory.initializeBean(AbstractAutowireCapableBeanFactory.java:1796)
	at org.springframework.beans.factory.support.AbstractAutowireCapableBeanFactory.doCreateBean(AbstractAutowireCapableBeanFactory.java:620)
	at org.springframework.beans.factory.support.AbstractAutowireCapableBeanFactory.createBean(AbstractAutowireCapableBeanFactory.java:542)
	at org.springframework.beans.factory.support.AbstractBeanFactory.lambda$doGetBean$0(AbstractBeanFactory.java:336)
	at org.springframework.beans.factory.support.DefaultSingletonBeanRegistry.getSingleton(DefaultSingletonBeanRegistry.java:234)
	at org.springframework.beans.factory.support.AbstractBeanFactory.doGetBean(AbstractBeanFactory.java:334)
	at org.springframework.beans.factory.support.AbstractBeanFactory.getBean(AbstractBeanFactory.java:209)
	at org.springframework.beans.factory.config.DependencyDescriptor.resolveCandidate(DependencyDescriptor.java:276)
	at org.springframework.beans.factory.support.DefaultListableBeanFactory.doResolveDependency(DefaultListableBeanFactory.java:1391)
	at org.springframework.beans.factory.support.DefaultListableBeanFactory.resolveDependency(DefaultListableBeanFactory.java:1311)
	at org.springframework.beans.factory.annotation.AutowiredAnnotationBeanPostProcessor$AutowiredFieldElement.resolveFieldValue(AutowiredAnnotationBeanPostProcessor.java:710)
	... 99 common frames omitted
Caused by: java.lang.RuntimeException: java.lang.RuntimeException: [db-load-error]load jdbc.properties error
	at com.alibaba.nacos.persistence.datasource.DynamicDataSource.getDataSource(DynamicDataSource.java:60)
	at com.alibaba.nacos.plugin.auth.impl.persistence.ExternalUserPersistServiceImpl.init(ExternalUserPersistServiceImpl.java:55)
	at sun.reflect.NativeMethodAccessorImpl.invoke0(Native Method)
	at sun.reflect.NativeMethodAccessorImpl.invoke(NativeMethodAccessorImpl.java:62)
	at sun.reflect.DelegatingMethodAccessorImpl.invoke(DelegatingMethodAccessorImpl.java:43)
	at java.lang.reflect.Method.invoke(Method.java:498)
	at org.springframework.beans.factory.annotation.InitDestroyAnnotationBeanPostProcessor$LifecycleElement.invoke(InitDestroyAnnotationBeanPostProcessor.java:389)
	at org.springframework.beans.factory.annotation.InitDestroyAnnotationBeanPostProcessor$LifecycleMetadata.invokeInitMethods(InitDestroyAnnotationBeanPostProcessor.java:333)
	at org.springframework.beans.factory.annotation.InitDestroyAnnotationBeanPostProcessor.postProcessBeforeInitialization(InitDestroyAnnotationBeanPostProcessor.java:157)
	... 111 common frames omitted
Caused by: java.lang.RuntimeException: [db-load-error]load jdbc.properties error
	at com.alibaba.nacos.persistence.datasource.ExternalDataSourceServiceImpl.init(ExternalDataSourceServiceImpl.java:119)
	at com.alibaba.nacos.persistence.datasource.DynamicDataSource.getDataSource(DynamicDataSource.java:55)
	... 119 common frames omitted
Caused by: java.io.IOException: java.lang.RuntimeException: com.mysql.cj.jdbc.exceptions.CommunicationsException: Communications link failure

The last packet sent successfully to the server was 0 milliseconds ago. The driver has not received any packets from the server.
	at com.alibaba.nacos.persistence.datasource.ExternalDataSourceServiceImpl.reload(ExternalDataSourceServiceImpl.java:168)
	at com.alibaba.nacos.persistence.datasource.ExternalDataSourceServiceImpl.init(ExternalDataSourceServiceImpl.java:116)
	... 120 common frames omitted
Caused by: java.lang.RuntimeException: com.mysql.cj.jdbc.exceptions.CommunicationsException: Communications link failure

The last packet sent successfully to the server was 0 milliseconds ago. The driver has not received any packets from the server.
	at com.alibaba.nacos.persistence.utils.ConnectionCheckUtil.checkDataSourceConnection(ConnectionCheckUtil.java:37)
	at com.alibaba.nacos.persistence.datasource.ExternalDataSourceServiceImpl.lambda$reload$0(ExternalDataSourceServiceImpl.java:138)
	at com.alibaba.nacos.persistence.datasource.ExternalDataSourceProperties.build(ExternalDataSourceProperties.java:97)
	at com.alibaba.nacos.persistence.datasource.ExternalDataSourceServiceImpl.reload(ExternalDataSourceServiceImpl.java:136)
	... 121 common frames omitted
Caused by: com.mysql.cj.jdbc.exceptions.CommunicationsException: Communications link failure

The last packet sent successfully to the server was 0 milliseconds ago. The driver has not received any packets from the server.
	at com.mysql.cj.jdbc.exceptions.SQLError.createCommunicationsException(SQLError.java:174)
	at com.mysql.cj.jdbc.exceptions.SQLExceptionsMapping.translateException(SQLExceptionsMapping.java:64)
	at com.mysql.cj.jdbc.ConnectionImpl.createNewIO(ConnectionImpl.java:815)
	at com.mysql.cj.jdbc.ConnectionImpl.<init>(ConnectionImpl.java:438)
	at com.mysql.cj.jdbc.ConnectionImpl.getInstance(ConnectionImpl.java:241)
	at com.mysql.cj.jdbc.NonRegisteringDriver.connect(NonRegisteringDriver.java:189)
	at com.zaxxer.hikari.util.DriverDataSource.getConnection(DriverDataSource.java:138)
	at com.zaxxer.hikari.pool.PoolBase.newConnection(PoolBase.java:354)
	at com.zaxxer.hikari.pool.PoolBase.newPoolEntry(PoolBase.java:202)
	at com.zaxxer.hikari.pool.HikariPool.createPoolEntry(HikariPool.java:473)
	at com.zaxxer.hikari.pool.HikariPool.checkFailFast(HikariPool.java:554)
	at com.zaxxer.hikari.pool.HikariPool.<init>(HikariPool.java:115)
	at com.zaxxer.hikari.HikariDataSource.getConnection(HikariDataSource.java:112)
	at com.alibaba.nacos.persistence.utils.ConnectionCheckUtil.checkDataSourceConnection(ConnectionCheckUtil.java:34)
	... 124 common frames omitted
Caused by: com.mysql.cj.exceptions.CJCommunicationsException: Communications link failure

The last packet sent successfully to the server was 0 milliseconds ago. The driver has not received any packets from the server.
	at sun.reflect.NativeConstructorAccessorImpl.newInstance0(Native Method)
	at sun.reflect.NativeConstructorAccessorImpl.newInstance(NativeConstructorAccessorImpl.java:62)
	at sun.reflect.DelegatingConstructorAccessorImpl.newInstance(DelegatingConstructorAccessorImpl.java:45)
	at java.lang.reflect.Constructor.newInstance(Constructor.java:423)
	at com.mysql.cj.exceptions.ExceptionFactory.createException(ExceptionFactory.java:61)
	at com.mysql.cj.exceptions.ExceptionFactory.createException(ExceptionFactory.java:104)
	at com.mysql.cj.exceptions.ExceptionFactory.createException(ExceptionFactory.java:149)
	at com.mysql.cj.exceptions.ExceptionFactory.createCommunicationsException(ExceptionFactory.java:165)
	at com.mysql.cj.protocol.a.NativeSocketConnection.connect(NativeSocketConnection.java:88)
	at com.mysql.cj.NativeSession.connect(NativeSession.java:120)
	at com.mysql.cj.jdbc.ConnectionImpl.connectOneTryOnly(ConnectionImpl.java:935)
	at com.mysql.cj.jdbc.ConnectionImpl.createNewIO(ConnectionImpl.java:805)
	... 135 common frames omitted
Caused by: java.net.UnknownHostException: mysql: Name does not resolve
	at java.net.Inet6AddressImpl.lookupAllHostAddr(Native Method)
	at java.net.InetAddress$2.lookupAllHostAddr(InetAddress.java:868)
	at java.net.InetAddress.getAddressesFromNameService(InetAddress.java:1303)
	at java.net.InetAddress$NameServiceAddresses.get(InetAddress.java:816)
	at java.net.InetAddress.getAllByName0(InetAddress.java:1292)
	at java.net.InetAddress.getAllByName(InetAddress.java:1145)
	at java.net.InetAddress.getAllByName(InetAddress.java:1066)
	at com.mysql.cj.protocol.StandardSocketFactory.connect(StandardSocketFactory.java:130)
	at com.mysql.cj.protocol.a.NativeSocketConnection.connect(NativeSocketConnection.java:62)
	... 138 common frames omitted
2025-06-05 10:16:25,386 WARN [WatchFileCenter] start close

2025-06-05 10:16:25,387 WARN [WatchFileCenter] start to shutdown this watcher which is watch : /home/nacos/conf

2025-06-05 10:16:25,388 WARN [WatchFileCenter] already closed

2025-06-05 10:16:25,388 INFO [NotifyCenter] Start destroying Publisher

2025-06-05 10:16:25,389 INFO [NotifyCenter] Completed destruction of Publisher

2025-06-05 10:16:25,389 ERROR Nacos failed to start, please see /home/nacos/logs/nacos.log for more details.

2025-06-05 10:16:25,405 INFO 

Error starting ApplicationContext. To display the conditions report re-run your application with 'debug' enabled.

2025-06-05 10:16:25,437 ERROR Application run failed

org.springframework.context.ApplicationContextException: Unable to start web server; nested exception is org.springframework.boot.web.server.WebServerException: Unable to start embedded Tomcat
	at org.springframework.boot.web.servlet.context.ServletWebServerApplicationContext.onRefresh(ServletWebServerApplicationContext.java:165)
	at org.springframework.context.support.AbstractApplicationContext.refresh(AbstractApplicationContext.java:585)
	at org.springframework.boot.web.servlet.context.ServletWebServerApplicationContext.refresh(ServletWebServerApplicationContext.java:147)
	at org.springframework.boot.SpringApplication.refresh(SpringApplication.java:732)
	at org.springframework.boot.SpringApplication.refreshContext(SpringApplication.java:409)
	at org.springframework.boot.SpringApplication.run(SpringApplication.java:308)
	at org.springframework.boot.SpringApplication.run(SpringApplication.java:1300)
	at org.springframework.boot.SpringApplication.run(SpringApplication.java:1289)
	at com.alibaba.nacos.Nacos.main(Nacos.java:46)
	at sun.reflect.NativeMethodAccessorImpl.invoke0(Native Method)
	at sun.reflect.NativeMethodAccessorImpl.invoke(NativeMethodAccessorImpl.java:62)
	at sun.reflect.DelegatingMethodAccessorImpl.invoke(DelegatingMethodAccessorImpl.java:43)
	at java.lang.reflect.Method.invoke(Method.java:498)
	at org.springframework.boot.loader.MainMethodRunner.run(MainMethodRunner.java:49)
	at org.springframework.boot.loader.Launcher.launch(Launcher.java:108)
	at org.springframework.boot.loader.Launcher.launch(Launcher.java:58)
	at org.springframework.boot.loader.PropertiesLauncher.main(PropertiesLauncher.java:467)
Caused by: org.springframework.boot.web.server.WebServerException: Unable to start embedded Tomcat
	at org.springframework.boot.web.embedded.tomcat.TomcatWebServer.initialize(TomcatWebServer.java:142)
	at org.springframework.boot.web.embedded.tomcat.TomcatWebServer.<init>(TomcatWebServer.java:104)
	at org.springframework.boot.web.embedded.tomcat.TomcatServletWebServerFactory.getTomcatWebServer(TomcatServletWebServerFactory.java:481)
	at org.springframework.boot.web.embedded.tomcat.TomcatServletWebServerFactory.getWebServer(TomcatServletWebServerFactory.java:211)
	at org.springframework.boot.web.servlet.context.ServletWebServerApplicationContext.createWebServer(ServletWebServerApplicationContext.java:184)
	at org.springframework.boot.web.servlet.context.ServletWebServerApplicationContext.onRefresh(ServletWebServerApplicationContext.java:162)
	... 16 common frames omitted
Caused by: org.springframework.beans.factory.UnsatisfiedDependencyException: Error creating bean with name 'basicAuthenticationFilter' defined in class path resource [com/alibaba/nacos/prometheus/filter/PrometheusAuthFilter.class]: Unsatisfied dependency expressed through method 'basicAuthenticationFilter' parameter 0; nested exception is org.springframework.beans.factory.UnsatisfiedDependencyException: Error creating bean with name 'nacosAuthConfig' defined in URL [jar:file:/home/nacos/target/nacos-server.jar!/BOOT-INF/lib/default-auth-plugin-2.5.0.jar!/com/alibaba/nacos/plugin/auth/impl/NacosAuthConfig.class]: Unsatisfied dependency expressed through constructor parameter 3; nested exception is org.springframework.beans.factory.UnsatisfiedDependencyException: Error creating bean with name 'nacosUserDetailsServiceImpl': Unsatisfied dependency expressed through field 'userPersistService'; nested exception is org.springframework.beans.factory.BeanCreationException: Error creating bean with name 'externalUserPersistServiceImpl': Invocation of init method failed; nested exception is java.lang.RuntimeException: java.lang.RuntimeException: [db-load-error]load jdbc.properties error
	at org.springframework.beans.factory.support.ConstructorResolver.createArgumentArray(ConstructorResolver.java:794)
	at org.springframework.beans.factory.support.ConstructorResolver.instantiateUsingFactoryMethod(ConstructorResolver.java:532)
	at org.springframework.beans.factory.support.AbstractAutowireCapableBeanFactory.instantiateUsingFactoryMethod(AbstractAutowireCapableBeanFactory.java:1352)
	at org.springframework.beans.factory.support.AbstractAutowireCapableBeanFactory.createBeanInstance(AbstractAutowireCapableBeanFactory.java:1195)
	at org.springframework.beans.factory.support.AbstractAutowireCapableBeanFactory.doCreateBean(AbstractAutowireCapableBeanFactory.java:582)
	at org.springframework.beans.factory.support.AbstractAutowireCapableBeanFactory.createBean(AbstractAutowireCapableBeanFactory.java:542)
	at org.springframework.beans.factory.support.AbstractBeanFactory.lambda$doGetBean$0(AbstractBeanFactory.java:336)
	at org.springframework.beans.factory.support.DefaultSingletonBeanRegistry.getSingleton(DefaultSingletonBeanRegistry.java:234)
	at org.springframework.beans.factory.support.AbstractBeanFactory.doGetBean(AbstractBeanFactory.java:334)
	at org.springframework.beans.factory.support.AbstractBeanFactory.getBean(AbstractBeanFactory.java:214)
	at org.springframework.boot.web.servlet.ServletContextInitializerBeans.getOrderedBeansOfType(ServletContextInitializerBeans.java:213)
	at org.springframework.boot.web.servlet.ServletContextInitializerBeans.getOrderedBeansOfType(ServletContextInitializerBeans.java:204)
	at org.springframework.boot.web.servlet.ServletContextInitializerBeans.addServletContextInitializerBeans(ServletContextInitializerBeans.java:98)
	at org.springframework.boot.web.servlet.ServletContextInitializerBeans.<init>(ServletContextInitializerBeans.java:86)
	at org.springframework.boot.web.servlet.context.ServletWebServerApplicationContext.getServletContextInitializerBeans(ServletWebServerApplicationContext.java:262)
	at org.springframework.boot.web.servlet.context.ServletWebServerApplicationContext.selfInitialize(ServletWebServerApplicationContext.java:236)
	at org.springframework.boot.web.embedded.tomcat.TomcatStarter.onStartup(TomcatStarter.java:53)
	at org.apache.catalina.core.StandardContext.startInternal(StandardContext.java:4450)
	at org.apache.catalina.util.LifecycleBase.start(LifecycleBase.java:164)
	at org.apache.catalina.core.ContainerBase$StartChild.call(ContainerBase.java:1203)
	at org.apache.catalina.core.ContainerBase$StartChild.call(ContainerBase.java:1193)
	at java.util.concurrent.FutureTask.run(FutureTask.java:266)
	at org.apache.tomcat.util.threads.InlineExecutorService.execute(InlineExecutorService.java:75)
	at java.util.concurrent.AbstractExecutorService.submit(AbstractExecutorService.java:134)
	at org.apache.catalina.core.ContainerBase.startInternal(ContainerBase.java:749)
	at org.apache.catalina.core.StandardHost.startInternal(StandardHost.java:721)
	at org.apache.catalina.util.LifecycleBase.start(LifecycleBase.java:164)
	at org.apache.catalina.core.ContainerBase$StartChild.call(ContainerBase.java:1203)
	at org.apache.catalina.core.ContainerBase$StartChild.call(ContainerBase.java:1193)
	at java.util.concurrent.FutureTask.run(FutureTask.java:266)
	at org.apache.tomcat.util.threads.InlineExecutorService.execute(InlineExecutorService.java:75)
	at java.util.concurrent.AbstractExecutorService.submit(AbstractExecutorService.java:134)
	at org.apache.catalina.core.ContainerBase.startInternal(ContainerBase.java:749)
	at org.apache.catalina.core.StandardEngine.startInternal(StandardEngine.java:211)
	at org.apache.catalina.util.LifecycleBase.start(LifecycleBase.java:164)
	at org.apache.catalina.core.StandardService.startInternal(StandardService.java:415)
	at org.apache.catalina.util.LifecycleBase.start(LifecycleBase.java:164)
	at org.apache.catalina.core.StandardServer.startInternal(StandardServer.java:874)
	at org.apache.catalina.util.LifecycleBase.start(LifecycleBase.java:164)
	at org.apache.catalina.startup.Tomcat.start(Tomcat.java:438)
	at org.springframework.boot.web.embedded.tomcat.TomcatWebServer.initialize(TomcatWebServer.java:123)
	... 21 common frames omitted
Caused by: org.springframework.beans.factory.UnsatisfiedDependencyException: Error creating bean with name 'nacosAuthConfig' defined in URL [jar:file:/home/nacos/target/nacos-server.jar!/BOOT-INF/lib/default-auth-plugin-2.5.0.jar!/com/alibaba/nacos/plugin/auth/impl/NacosAuthConfig.class]: Unsatisfied dependency expressed through constructor parameter 3; nested exception is org.springframework.beans.factory.UnsatisfiedDependencyException: Error creating bean with name 'nacosUserDetailsServiceImpl': Unsatisfied dependency expressed through field 'userPersistService'; nested exception is org.springframework.beans.factory.BeanCreationException: Error creating bean with name 'externalUserPersistServiceImpl': Invocation of init method failed; nested exception is java.lang.RuntimeException: java.lang.RuntimeException: [db-load-error]load jdbc.properties error
	at org.springframework.beans.factory.support.ConstructorResolver.createArgumentArray(ConstructorResolver.java:794)
	at org.springframework.beans.factory.support.ConstructorResolver.autowireConstructor(ConstructorResolver.java:220)
	at org.springframework.beans.factory.support.AbstractAutowireCapableBeanFactory.autowireConstructor(AbstractAutowireCapableBeanFactory.java:1372)
	at org.springframework.beans.factory.support.AbstractAutowireCapableBeanFactory.createBeanInstance(AbstractAutowireCapableBeanFactory.java:1222)
	at org.springframework.beans.factory.support.AbstractAutowireCapableBeanFactory.doCreateBean(AbstractAutowireCapableBeanFactory.java:582)
	at org.springframework.beans.factory.support.AbstractAutowireCapableBeanFactory.createBean(AbstractAutowireCapableBeanFactory.java:542)
	at org.springframework.beans.factory.support.AbstractBeanFactory.lambda$doGetBean$0(AbstractBeanFactory.java:336)
	at org.springframework.beans.factory.support.DefaultSingletonBeanRegistry.getSingleton(DefaultSingletonBeanRegistry.java:234)
	at org.springframework.beans.factory.support.AbstractBeanFactory.doGetBean(AbstractBeanFactory.java:334)
	at org.springframework.beans.factory.support.AbstractBeanFactory.getBean(AbstractBeanFactory.java:209)
	at org.springframework.beans.factory.support.ConstructorResolver.instantiateUsingFactoryMethod(ConstructorResolver.java:401)
	at org.springframework.beans.factory.support.AbstractAutowireCapableBeanFactory.instantiateUsingFactoryMethod(AbstractAutowireCapableBeanFactory.java:1352)
	at org.springframework.beans.factory.support.AbstractAutowireCapableBeanFactory.createBeanInstance(AbstractAutowireCapableBeanFactory.java:1195)
	at org.springframework.beans.factory.support.AbstractAutowireCapableBeanFactory.doCreateBean(AbstractAutowireCapableBeanFactory.java:582)
	at org.springframework.beans.factory.support.AbstractAutowireCapableBeanFactory.createBean(AbstractAutowireCapableBeanFactory.java:542)
	at org.springframework.beans.factory.support.AbstractBeanFactory.lambda$doGetBean$0(AbstractBeanFactory.java:336)
	at org.springframework.beans.factory.support.DefaultSingletonBeanRegistry.getSingleton(DefaultSingletonBeanRegistry.java:234)
	at org.springframework.beans.factory.support.AbstractBeanFactory.doGetBean(AbstractBeanFactory.java:334)
	at org.springframework.beans.factory.support.AbstractBeanFactory.getBean(AbstractBeanFactory.java:209)
	at org.springframework.beans.factory.config.DependencyDescriptor.resolveCandidate(DependencyDescriptor.java:276)
	at org.springframework.beans.factory.support.DefaultListableBeanFactory.doResolveDependency(DefaultListableBeanFactory.java:1391)
	at org.springframework.beans.factory.support.DefaultListableBeanFactory.resolveDependency(DefaultListableBeanFactory.java:1311)
	at org.springframework.beans.factory.support.ConstructorResolver.resolveAutowiredArgument(ConstructorResolver.java:904)
	at org.springframework.beans.factory.support.ConstructorResolver.createArgumentArray(ConstructorResolver.java:781)
	... 61 common frames omitted
Caused by: org.springframework.beans.factory.UnsatisfiedDependencyException: Error creating bean with name 'nacosUserDetailsServiceImpl': Unsatisfied dependency expressed through field 'userPersistService'; nested exception is org.springframework.beans.factory.BeanCreationException: Error creating bean with name 'externalUserPersistServiceImpl': Invocation of init method failed; nested exception is java.lang.RuntimeException: java.lang.RuntimeException: [db-load-error]load jdbc.properties error
	at org.springframework.beans.factory.annotation.AutowiredAnnotationBeanPostProcessor$AutowiredFieldElement.resolveFieldValue(AutowiredAnnotationBeanPostProcessor.java:713)
	at org.springframework.beans.factory.annotation.AutowiredAnnotationBeanPostProcessor$AutowiredFieldElement.inject(AutowiredAnnotationBeanPostProcessor.java:693)
	at org.springframework.beans.factory.annotation.InjectionMetadata.inject(InjectionMetadata.java:119)
	at org.springframework.beans.factory.annotation.AutowiredAnnotationBeanPostProcessor.postProcessProperties(AutowiredAnnotationBeanPostProcessor.java:408)
	at org.springframework.beans.factory.support.AbstractAutowireCapableBeanFactory.populateBean(AbstractAutowireCapableBeanFactory.java:1431)
	at org.springframework.beans.factory.support.AbstractAutowireCapableBeanFactory.doCreateBean(AbstractAutowireCapableBeanFactory.java:619)
	at org.springframework.beans.factory.support.AbstractAutowireCapableBeanFactory.createBean(AbstractAutowireCapableBeanFactory.java:542)
	at org.springframework.beans.factory.support.AbstractBeanFactory.lambda$doGetBean$0(AbstractBeanFactory.java:336)
	at org.springframework.beans.factory.support.DefaultSingletonBeanRegistry.getSingleton(DefaultSingletonBeanRegistry.java:234)
	at org.springframework.beans.factory.support.AbstractBeanFactory.doGetBean(AbstractBeanFactory.java:334)
	at org.springframework.beans.factory.support.AbstractBeanFactory.getBean(AbstractBeanFactory.java:209)
	at org.springframework.beans.factory.config.DependencyDescriptor.resolveCandidate(DependencyDescriptor.java:276)
	at org.springframework.beans.factory.support.DefaultListableBeanFactory.doResolveDependency(DefaultListableBeanFactory.java:1391)
	at org.springframework.beans.factory.support.DefaultListableBeanFactory.resolveDependency(DefaultListableBeanFactory.java:1311)
	at org.springframework.beans.factory.support.ConstructorResolver.resolveAutowiredArgument(ConstructorResolver.java:904)
	at org.springframework.beans.factory.support.ConstructorResolver.createArgumentArray(ConstructorResolver.java:781)
	... 84 common frames omitted
Caused by: org.springframework.beans.factory.BeanCreationException: Error creating bean with name 'externalUserPersistServiceImpl': Invocation of init method failed; nested exception is java.lang.RuntimeException: java.lang.RuntimeException: [db-load-error]load jdbc.properties error
	at org.springframework.beans.factory.annotation.InitDestroyAnnotationBeanPostProcessor.postProcessBeforeInitialization(InitDestroyAnnotationBeanPostProcessor.java:160)
	at org.springframework.beans.factory.support.AbstractAutowireCapableBeanFactory.applyBeanPostProcessorsBeforeInitialization(AbstractAutowireCapableBeanFactory.java:440)
	at org.springframework.beans.factory.support.AbstractAutowireCapableBeanFactory.initializeBean(AbstractAutowireCapableBeanFactory.java:1796)
	at org.springframework.beans.factory.support.AbstractAutowireCapableBeanFactory.doCreateBean(AbstractAutowireCapableBeanFactory.java:620)
	at org.springframework.beans.factory.support.AbstractAutowireCapableBeanFactory.createBean(AbstractAutowireCapableBeanFactory.java:542)
	at org.springframework.beans.factory.support.AbstractBeanFactory.lambda$doGetBean$0(AbstractBeanFactory.java:336)
	at org.springframework.beans.factory.support.DefaultSingletonBeanRegistry.getSingleton(DefaultSingletonBeanRegistry.java:234)
	at org.springframework.beans.factory.support.AbstractBeanFactory.doGetBean(AbstractBeanFactory.java:334)
	at org.springframework.beans.factory.support.AbstractBeanFactory.getBean(AbstractBeanFactory.java:209)
	at org.springframework.beans.factory.config.DependencyDescriptor.resolveCandidate(DependencyDescriptor.java:276)
	at org.springframework.beans.factory.support.DefaultListableBeanFactory.doResolveDependency(DefaultListableBeanFactory.java:1391)
	at org.springframework.beans.factory.support.DefaultListableBeanFactory.resolveDependency(DefaultListableBeanFactory.java:1311)
	at org.springframework.beans.factory.annotation.AutowiredAnnotationBeanPostProcessor$AutowiredFieldElement.resolveFieldValue(AutowiredAnnotationBeanPostProcessor.java:710)
	... 99 common frames omitted
Caused by: java.lang.RuntimeException: java.lang.RuntimeException: [db-load-error]load jdbc.properties error
	at com.alibaba.nacos.persistence.datasource.DynamicDataSource.getDataSource(DynamicDataSource.java:60)
	at com.alibaba.nacos.plugin.auth.impl.persistence.ExternalUserPersistServiceImpl.init(ExternalUserPersistServiceImpl.java:55)
	at sun.reflect.NativeMethodAccessorImpl.invoke0(Native Method)
	at sun.reflect.NativeMethodAccessorImpl.invoke(NativeMethodAccessorImpl.java:62)
	at sun.reflect.DelegatingMethodAccessorImpl.invoke(DelegatingMethodAccessorImpl.java:43)
	at java.lang.reflect.Method.invoke(Method.java:498)
	at org.springframework.beans.factory.annotation.InitDestroyAnnotationBeanPostProcessor$LifecycleElement.invoke(InitDestroyAnnotationBeanPostProcessor.java:389)
	at org.springframework.beans.factory.annotation.InitDestroyAnnotationBeanPostProcessor$LifecycleMetadata.invokeInitMethods(InitDestroyAnnotationBeanPostProcessor.java:333)
	at org.springframework.beans.factory.annotation.InitDestroyAnnotationBeanPostProcessor.postProcessBeforeInitialization(InitDestroyAnnotationBeanPostProcessor.java:157)
	... 111 common frames omitted
Caused by: java.lang.RuntimeException: [db-load-error]load jdbc.properties error
	at com.alibaba.nacos.persistence.datasource.ExternalDataSourceServiceImpl.init(ExternalDataSourceServiceImpl.java:119)
	at com.alibaba.nacos.persistence.datasource.DynamicDataSource.getDataSource(DynamicDataSource.java:55)
	... 119 common frames omitted
Caused by: java.io.IOException: java.lang.RuntimeException: com.mysql.cj.jdbc.exceptions.CommunicationsException: Communications link failure

The last packet sent successfully to the server was 0 milliseconds ago. The driver has not received any packets from the server.
	at com.alibaba.nacos.persistence.datasource.ExternalDataSourceServiceImpl.reload(ExternalDataSourceServiceImpl.java:168)
	at com.alibaba.nacos.persistence.datasource.ExternalDataSourceServiceImpl.init(ExternalDataSourceServiceImpl.java:116)
	... 120 common frames omitted
Caused by: java.lang.RuntimeException: com.mysql.cj.jdbc.exceptions.CommunicationsException: Communications link failure

The last packet sent successfully to the server was 0 milliseconds ago. The driver has not received any packets from the server.
	at com.alibaba.nacos.persistence.utils.ConnectionCheckUtil.checkDataSourceConnection(ConnectionCheckUtil.java:37)
	at com.alibaba.nacos.persistence.datasource.ExternalDataSourceServiceImpl.lambda$reload$0(ExternalDataSourceServiceImpl.java:138)
	at com.alibaba.nacos.persistence.datasource.ExternalDataSourceProperties.build(ExternalDataSourceProperties.java:97)
	at com.alibaba.nacos.persistence.datasource.ExternalDataSourceServiceImpl.reload(ExternalDataSourceServiceImpl.java:136)
	... 121 common frames omitted
Caused by: com.mysql.cj.jdbc.exceptions.CommunicationsException: Communications link failure

The last packet sent successfully to the server was 0 milliseconds ago. The driver has not received any packets from the server.
	at com.mysql.cj.jdbc.exceptions.SQLError.createCommunicationsException(SQLError.java:174)
	at com.mysql.cj.jdbc.exceptions.SQLExceptionsMapping.translateException(SQLExceptionsMapping.java:64)
	at com.mysql.cj.jdbc.ConnectionImpl.createNewIO(ConnectionImpl.java:815)
	at com.mysql.cj.jdbc.ConnectionImpl.<init>(ConnectionImpl.java:438)
	at com.mysql.cj.jdbc.ConnectionImpl.getInstance(ConnectionImpl.java:241)
	at com.mysql.cj.jdbc.NonRegisteringDriver.connect(NonRegisteringDriver.java:189)
	at com.zaxxer.hikari.util.DriverDataSource.getConnection(DriverDataSource.java:138)
	at com.zaxxer.hikari.pool.PoolBase.newConnection(PoolBase.java:354)
	at com.zaxxer.hikari.pool.PoolBase.newPoolEntry(PoolBase.java:202)
	at com.zaxxer.hikari.pool.HikariPool.createPoolEntry(HikariPool.java:473)
	at com.zaxxer.hikari.pool.HikariPool.checkFailFast(HikariPool.java:554)
	at com.zaxxer.hikari.pool.HikariPool.<init>(HikariPool.java:115)
	at com.zaxxer.hikari.HikariDataSource.getConnection(HikariDataSource.java:112)
	at com.alibaba.nacos.persistence.utils.ConnectionCheckUtil.checkDataSourceConnection(ConnectionCheckUtil.java:34)
	... 124 common frames omitted
Caused by: com.mysql.cj.exceptions.CJCommunicationsException: Communications link failure

The last packet sent successfully to the server was 0 milliseconds ago. The driver has not received any packets from the server.
	at sun.reflect.NativeConstructorAccessorImpl.newInstance0(Native Method)
	at sun.reflect.NativeConstructorAccessorImpl.newInstance(NativeConstructorAccessorImpl.java:62)
	at sun.reflect.DelegatingConstructorAccessorImpl.newInstance(DelegatingConstructorAccessorImpl.java:45)
	at java.lang.reflect.Constructor.newInstance(Constructor.java:423)
	at com.mysql.cj.exceptions.ExceptionFactory.createException(ExceptionFactory.java:61)
	at com.mysql.cj.exceptions.ExceptionFactory.createException(ExceptionFactory.java:104)
	at com.mysql.cj.exceptions.ExceptionFactory.createException(ExceptionFactory.java:149)
	at com.mysql.cj.exceptions.ExceptionFactory.createCommunicationsException(ExceptionFactory.java:165)
	at com.mysql.cj.protocol.a.NativeSocketConnection.connect(NativeSocketConnection.java:88)
	at com.mysql.cj.NativeSession.connect(NativeSession.java:120)
	at com.mysql.cj.jdbc.ConnectionImpl.connectOneTryOnly(ConnectionImpl.java:935)
	at com.mysql.cj.jdbc.ConnectionImpl.createNewIO(ConnectionImpl.java:805)
	... 135 common frames omitted
Caused by: java.net.UnknownHostException: mysql: Name does not resolve
	at java.net.Inet6AddressImpl.lookupAllHostAddr(Native Method)
	at java.net.InetAddress$2.lookupAllHostAddr(InetAddress.java:868)
	at java.net.InetAddress.getAddressesFromNameService(InetAddress.java:1303)
	at java.net.InetAddress$NameServiceAddresses.get(InetAddress.java:816)
	at java.net.InetAddress.getAllByName0(InetAddress.java:1292)
	at java.net.InetAddress.getAllByName(InetAddress.java:1145)
	at java.net.InetAddress.getAllByName(InetAddress.java:1066)
	at com.mysql.cj.protocol.StandardSocketFactory.connect(StandardSocketFactory.java:130)
	at com.mysql.cj.protocol.a.NativeSocketConnection.connect(NativeSocketConnection.java:62)
	... 138 common frames omitted
2025-06-05 10:16:25,440 INFO [HttpClientBeanHolder] Start destroying common HttpClient

2025-06-05 10:16:33,978 INFO Starting Nacos v2.5.0 using Java 1.8.0_432 on d96d6bcbd281 with PID 1 (/home/nacos/target/nacos-server.jar started by root in /home/nacos)

2025-06-05 10:16:33,981 INFO The following 1 profile is active: "standalone"

2025-06-05 10:16:34,298 INFO Load Nacos package exclude filter success, package prefix com.alibaba.nacos.config.server, filter com.alibaba.nacos.config.server.filter.ConfigEnabledFilter

2025-06-05 10:16:34,299 INFO Load Nacos package exclude filter success, package prefix com.alibaba.nacos.naming, filter com.alibaba.nacos.naming.config.NamingEnabledFilter

2025-06-05 10:16:34,300 INFO Load Nacos package exclude filter success, package prefix com.alibaba.nacos.istio, filter com.alibaba.nacos.istio.config.IstioEnabledFilter

2025-06-05 10:16:34,688 INFO Skip @SpringBootApplication annotation for class com.alibaba.nacos.config.server.Config to avoid duplicate scan

2025-06-05 10:16:35,158 INFO Skip @SpringBootApplication annotation for class com.alibaba.nacos.naming.NamingApp to avoid duplicate scan

2025-06-05 10:16:35,200 INFO Skip @SpringBootApplication annotation for class com.alibaba.nacos.cmdb.CmdbApp to avoid duplicate scan

2025-06-05 10:16:35,235 WARN Istio module disabled because set nacos.extension.naming.istio.enabled as false

2025-06-05 10:16:35,236 WARN Istio module disabled because set nacos.extension.naming.istio.enabled as false

2025-06-05 10:16:35,237 WARN Istio module disabled because set nacos.extension.naming.istio.enabled as false

2025-06-05 10:16:35,238 WARN Istio module disabled because set nacos.extension.naming.istio.enabled as false

2025-06-05 10:16:35,239 WARN Istio module disabled because set nacos.extension.naming.istio.enabled as false

2025-06-05 10:16:35,239 WARN Istio module disabled because set nacos.extension.naming.istio.enabled as false

2025-06-05 10:16:35,240 WARN Istio module disabled because set nacos.extension.naming.istio.enabled as false

2025-06-05 10:16:35,241 WARN Istio module disabled because set nacos.extension.naming.istio.enabled as false

2025-06-05 10:16:35,242 WARN Istio module disabled because set nacos.extension.naming.istio.enabled as false

2025-06-05 10:16:35,243 WARN Istio module disabled because set nacos.extension.naming.istio.enabled as false

2025-06-05 10:16:35,246 WARN Istio module disabled because set nacos.extension.naming.istio.enabled as false

2025-06-05 10:16:35,247 WARN Istio module disabled because set nacos.extension.naming.istio.enabled as false

2025-06-05 10:16:35,247 WARN Istio module disabled because set nacos.extension.naming.istio.enabled as false

2025-06-05 10:16:35,248 WARN Istio module disabled because set nacos.extension.naming.istio.enabled as false

2025-06-05 10:16:35,249 WARN Istio module disabled because set nacos.extension.naming.istio.enabled as false

2025-06-05 10:16:35,249 WARN Istio module disabled because set nacos.extension.naming.istio.enabled as false

2025-06-05 10:16:35,251 WARN Istio module disabled because set nacos.extension.naming.istio.enabled as false

2025-06-05 10:16:35,251 WARN Istio module disabled because set nacos.extension.naming.istio.enabled as false

2025-06-05 10:16:35,252 WARN Istio module disabled because set nacos.extension.naming.istio.enabled as false

2025-06-05 10:16:35,253 WARN Istio module disabled because set nacos.extension.naming.istio.enabled as false

2025-06-05 10:16:35,254 WARN Istio module disabled because set nacos.extension.naming.istio.enabled as false

2025-06-05 10:16:35,255 WARN Istio module disabled because set nacos.extension.naming.istio.enabled as false

2025-06-05 10:16:35,256 WARN Istio module disabled because set nacos.extension.naming.istio.enabled as false

2025-06-05 10:16:35,257 WARN Istio module disabled because set nacos.extension.naming.istio.enabled as false

2025-06-05 10:16:35,258 WARN Istio module disabled because set nacos.extension.naming.istio.enabled as false

2025-06-05 10:16:35,259 INFO Skip @SpringBootApplication annotation for class com.alibaba.nacos.istio.IstioApp to avoid duplicate scan

2025-06-05 10:16:35,260 WARN Istio module disabled because set nacos.extension.naming.istio.enabled as false

2025-06-05 10:16:35,261 WARN Istio module disabled because set nacos.extension.naming.istio.enabled as false

2025-06-05 10:16:35,262 WARN Istio module disabled because set nacos.extension.naming.istio.enabled as false

2025-06-05 10:16:35,264 WARN Istio module disabled because set nacos.extension.naming.istio.enabled as false

2025-06-05 10:16:35,264 WARN Istio module disabled because set nacos.extension.naming.istio.enabled as false

2025-06-05 10:16:35,267 WARN Istio module disabled because set nacos.extension.naming.istio.enabled as false

2025-06-05 10:16:35,268 WARN Istio module disabled because set nacos.extension.naming.istio.enabled as false

2025-06-05 10:16:35,269 WARN Istio module disabled because set nacos.extension.naming.istio.enabled as false

2025-06-05 10:16:35,270 WARN Istio module disabled because set nacos.extension.naming.istio.enabled as false

2025-06-05 10:16:35,272 WARN Istio module disabled because set nacos.extension.naming.istio.enabled as false

2025-06-05 10:16:35,273 WARN Istio module disabled because set nacos.extension.naming.istio.enabled as false

2025-06-05 10:16:36,632 INFO Skip @SpringBootApplication annotation for class com.alibaba.nacos.prometheus.PrometheusApp to avoid duplicate scan

2025-06-05 10:16:41,037 INFO Tomcat initialized with port(s): 8848 (http)

2025-06-05 10:16:41,053 INFO Starting service [Tomcat]

2025-06-05 10:16:41,054 INFO Starting Servlet engine: [Apache Tomcat/9.0.98]

2025-06-05 10:16:41,253 INFO Initializing Spring embedded WebApplicationContext

2025-06-05 10:16:41,255 INFO Root WebApplicationContext: initialization completed in 7104 ms

2025-06-05 10:16:41,391 INFO Not found ServerIdentityChecker implementation from SPI, use default.

2025-06-05 10:16:42,021 INFO Nacos-related cluster resource initialization

2025-06-05 10:16:42,030 INFO Load com.alibaba.nacos.core.ability.RemoteAbilityInitializer for ServerAbilityInitializer

2025-06-05 10:16:42,030 INFO Load com.alibaba.nacos.naming.ability.NamingAbilityInitializer for ServerAbilityInitializer

2025-06-05 10:16:42,035 INFO The cluster resource is initialized

2025-06-05 10:16:42,461 INFO HikariPool-1 - Starting...

2025-06-05 10:16:43,293 INFO HikariPool-1 - Start completed.

2025-06-05 10:16:45,327 INFO [MapperManager] Load Mapper(class com.alibaba.nacos.plugin.datasource.impl.mysql.ConfigInfoBetaMapperByMySql) datasource(mysql) tableName(config_info_beta) successfully.

2025-06-05 10:16:45,333 INFO [MapperManager] Load Mapper(class com.alibaba.nacos.plugin.datasource.impl.mysql.ConfigInfoMapperByMySql) datasource(mysql) tableName(config_info) successfully.

2025-06-05 10:16:45,333 INFO [MapperManager] Load Mapper(class com.alibaba.nacos.plugin.datasource.impl.mysql.ConfigInfoTagMapperByMySql) datasource(mysql) tableName(config_info_tag) successfully.

2025-06-05 10:16:45,333 INFO [MapperManager] Load Mapper(class com.alibaba.nacos.plugin.datasource.impl.mysql.ConfigInfoGrayMapperByMySql) datasource(mysql) tableName(config_info_gray) successfully.

2025-06-05 10:16:45,334 INFO [MapperManager] Load Mapper(class com.alibaba.nacos.plugin.datasource.impl.mysql.ConfigTagsRelationMapperByMySql) datasource(mysql) tableName(config_tags_relation) successfully.

2025-06-05 10:16:45,340 INFO [MapperManager] Load Mapper(class com.alibaba.nacos.plugin.datasource.impl.mysql.HistoryConfigInfoMapperByMySql) datasource(mysql) tableName(his_config_info) successfully.

2025-06-05 10:16:45,344 INFO [MapperManager] Load Mapper(class com.alibaba.nacos.plugin.datasource.impl.mysql.TenantInfoMapperByMySql) datasource(mysql) tableName(tenant_info) successfully.

2025-06-05 10:16:45,344 INFO [MapperManager] Load Mapper(class com.alibaba.nacos.plugin.datasource.impl.mysql.TenantCapacityMapperByMySql) datasource(mysql) tableName(tenant_capacity) successfully.

2025-06-05 10:16:45,344 INFO [MapperManager] Load Mapper(class com.alibaba.nacos.plugin.datasource.impl.mysql.GroupCapacityMapperByMysql) datasource(mysql) tableName(group_capacity) successfully.

2025-06-05 10:16:45,345 INFO [MapperManager] Load Mapper(class com.alibaba.nacos.plugin.datasource.impl.derby.ConfigInfoBetaMapperByDerby) datasource(derby) tableName(config_info_beta) successfully.

2025-06-05 10:16:45,345 INFO [MapperManager] Load Mapper(class com.alibaba.nacos.plugin.datasource.impl.derby.ConfigInfoMapperByDerby) datasource(derby) tableName(config_info) successfully.

2025-06-05 10:16:45,345 INFO [MapperManager] Load Mapper(class com.alibaba.nacos.plugin.datasource.impl.derby.ConfigInfoTagMapperByDerby) datasource(derby) tableName(config_info_tag) successfully.

2025-06-05 10:16:45,345 INFO [MapperManager] Load Mapper(class com.alibaba.nacos.plugin.datasource.impl.derby.ConfigInfoGrayMapperByDerby) datasource(derby) tableName(config_info_gray) successfully.

2025-06-05 10:16:45,345 INFO [MapperManager] Load Mapper(class com.alibaba.nacos.plugin.datasource.impl.derby.ConfigInfoTagsRelationMapperByDerby) datasource(derby) tableName(config_tags_relation) successfully.

2025-06-05 10:16:45,346 INFO [MapperManager] Load Mapper(class com.alibaba.nacos.plugin.datasource.impl.derby.HistoryConfigInfoMapperByDerby) datasource(derby) tableName(his_config_info) successfully.

2025-06-05 10:16:45,346 INFO [MapperManager] Load Mapper(class com.alibaba.nacos.plugin.datasource.impl.derby.TenantInfoMapperByDerby) datasource(derby) tableName(tenant_info) successfully.

2025-06-05 10:16:45,346 INFO [MapperManager] Load Mapper(class com.alibaba.nacos.plugin.datasource.impl.derby.TenantCapacityMapperByDerby) datasource(derby) tableName(tenant_capacity) successfully.

2025-06-05 10:16:45,346 INFO [MapperManager] Load Mapper(class com.alibaba.nacos.plugin.datasource.impl.derby.GroupCapacityMapperByDerby) datasource(derby) tableName(group_capacity) successfully.

2025-06-05 10:16:45,782 INFO ConfigQueryHandlerChain has been initialized successfully with chain: nacos

2025-06-05 10:16:46,452 INFO [ConfigCacheFactoryDelegate] Matched ConfigCacheFactory not found, Load Default NacosConfigCacheFactory successfully.

2025-06-05 10:16:46,649 INFO [ConfigCachePostProcessorDelegate] Matched ConfigCachePostProcessor not found, load Default NacosConfigCachePostProcessor successfully

2025-06-05 10:16:47,466 INFO Get historyConfigCleaner config from env, activeHistoryConfigCleaner{ activeHistoryConfigCleaner=nacos}

2025-06-05 10:16:48,414 INFO Ready to get current node abilities...

2025-06-05 10:16:48,418 INFO Ready to initialize current node abilities, support modes: [SERVER, CLUSTER_CLIENT, SDK_CLIENT]

2025-06-05 10:16:48,419 INFO Initialize current abilities finish...

2025-06-05 10:16:48,421 INFO Ready to get current node abilities...

2025-06-05 10:16:48,422 INFO Ready to initialize current node abilities, support modes: [SDK_CLIENT]

2025-06-05 10:16:48,422 INFO Initialize current abilities finish...

2025-06-05 10:16:48,423 INFO [AbilityControlManager] Successfully initialize AbilityControlManager

2025-06-05 10:16:50,860 INFO Will secure any request with [org.springframework.security.web.session.DisableEncodeUrlFilter@13741d5a, org.springframework.security.web.context.request.async.WebAsyncManagerIntegrationFilter@6b69761b, org.springframework.security.web.context.SecurityContextPersistenceFilter@1bc776b7, org.springframework.security.web.header.HeaderWriterFilter@119c745c, org.springframework.security.web.csrf.CsrfFilter@20576557, org.springframework.security.web.authentication.logout.LogoutFilter@3727f0ee, org.springframework.security.web.savedrequest.RequestCacheAwareFilter@a0f53fc, org.springframework.security.web.servletapi.SecurityContextHolderAwareRequestFilter@1debc91c, org.springframework.security.web.authentication.AnonymousAuthenticationFilter@5c7668ba, org.springframework.security.web.session.SessionManagementFilter@3b1ed14b, org.springframework.security.web.access.ExceptionTranslationFilter@45c2e0a6]

2025-06-05 10:16:51,302 INFO Adding welcome page: class path resource [static/index.html]

2025-06-05 10:16:51,927 INFO Exposing 1 endpoint(s) beneath base path '/actuator'

2025-06-05 10:16:52,014 WARN You are asking Spring Security to ignore Ant [pattern='/**']. This is not recommended -- please use permitAll via HttpSecurity#authorizeHttpRequests instead.

2025-06-05 10:16:52,015 INFO Will not secure Ant [pattern='/**']

2025-06-05 10:16:52,017 WARN You are asking Spring Security to ignore Mvc [pattern='/prometheus']. This is not recommended -- please use permitAll via HttpSecurity#authorizeHttpRequests instead.

2025-06-05 10:16:52,018 INFO Will not secure Mvc [pattern='/prometheus']

2025-06-05 10:16:52,019 WARN You are asking Spring Security to ignore Mvc [pattern='/prometheus/namespaceId/{namespaceId}']. This is not recommended -- please use permitAll via HttpSecurity#authorizeHttpRequests instead.

2025-06-05 10:16:52,019 INFO Will not secure Mvc [pattern='/prometheus/namespaceId/{namespaceId}']

2025-06-05 10:16:52,020 WARN You are asking Spring Security to ignore Mvc [pattern='/prometheus/namespaceId/{namespaceId}/service/{service}']. This is not recommended -- please use permitAll via HttpSecurity#authorizeHttpRequests instead.

2025-06-05 10:16:52,020 INFO Will not secure Mvc [pattern='/prometheus/namespaceId/{namespaceId}/service/{service}']

2025-06-05 10:16:52,144 INFO Tomcat started on port(s): 8848 (http) with context path '/nacos'

2025-06-05 10:16:52,168 INFO No TaskScheduler/ScheduledExecutorService bean found for scheduled processing

2025-06-05 10:16:52,227 INFO Started Nacos in 20.289 seconds (JVM running for 21.318)

2025-06-05 10:16:52,228 INFO Nacos started successfully in stand alone mode. use external storage

2025-06-05 10:16:52,342 INFO Initializing Spring DispatcherServlet 'dispatcherServlet'

2025-06-05 10:16:52,343 INFO Initializing Servlet 'dispatcherServlet'

2025-06-05 10:16:52,345 INFO Completed initialization in 2 ms

2025-06-05 10:16:52,378 INFO [AuthPluginManager] Load AuthPluginService(class com.alibaba.nacos.plugin.auth.impl.NacosAuthPluginService) AuthServiceName(nacos) successfully.

2025-06-05 10:16:52,378 INFO [AuthPluginManager] Load AuthPluginService(class com.alibaba.nacos.plugin.auth.impl.LdapAuthPluginService) AuthServiceName(ldap) successfully.

2025-06-05 10:16:54,259 INFO Get ParamCheck config from env, ParamCheckConfig{paramCheckEnabled=trueactiveParamChecker=default}

2025-06-05 10:16:54,557 INFO Get Push config from env, PushConfig{pushTaskDelay=500, pushTaskTimeout=5000, pushTaskRetryDelay=1000}

2025-06-05 10:16:57,180 INFO Get NamingClient config from env, ClientConfig{clientExpiredTime=180000}

2025-06-05 10:26:45,762 INFO [capacityManagement] start correct usage

2025-06-05 10:26:45,784 INFO [capacityManagement] end correct usage, cost: 0.01590901s

2025-06-05 10:26:47,495 WARN clearHistoryConfig get scheduled

2025-06-05 10:26:47,496 WARN clearHistoryConfig is enable in current context, try to run cleaner

2025-06-05 10:26:47,500 WARN clearConfigHistory, getBeforeStamp:2025-05-06 10:26:47.0, pageSize:1000

2025-06-05 10:26:47,526 WARN history config cleaner successfully

2025-06-05 10:34:51,628 INFO ConfigQueryRequestExtractor has been initialized successfully with extractor: nacos

2025-06-05 10:34:56,377 INFO [NotifyCenter] Start destroying Publisher

2025-06-05 10:34:56,378 INFO [NotifyCenter] Completed destruction of Publisher

2025-06-05 10:34:56,384 INFO [ThreadPoolManager] Start destroying ThreadPool

2025-06-05 10:34:56,391 INFO [HttpClientBeanHolder] Start destroying common HttpClient

2025-06-05 10:34:56,381 WARN [WatchFileCenter] start close

2025-06-05 10:34:56,394 WARN [WatchFileCenter] start to shutdown this watcher which is watch : /home/nacos/conf

2025-06-05 10:34:56,398 WARN [WatchFileCenter] already closed

2025-06-05 10:34:56,404 INFO [HttpClientBeanHolder] Completed destruction of HttpClient

2025-06-05 11:07:49,924 INFO Starting Nacos v2.5.0 using Java 1.8.0_432 on d96d6bcbd281 with PID 1 (/home/nacos/target/nacos-server.jar started by root in /home/nacos)

2025-06-05 11:07:49,925 INFO The following 1 profile is active: "standalone"

2025-06-05 11:07:50,381 INFO Load Nacos package exclude filter success, package prefix com.alibaba.nacos.config.server, filter com.alibaba.nacos.config.server.filter.ConfigEnabledFilter

2025-06-05 11:07:50,383 INFO Load Nacos package exclude filter success, package prefix com.alibaba.nacos.naming, filter com.alibaba.nacos.naming.config.NamingEnabledFilter

2025-06-05 11:07:50,384 INFO Load Nacos package exclude filter success, package prefix com.alibaba.nacos.istio, filter com.alibaba.nacos.istio.config.IstioEnabledFilter

2025-06-05 11:07:50,743 INFO Skip @SpringBootApplication annotation for class com.alibaba.nacos.config.server.Config to avoid duplicate scan

2025-06-05 11:07:51,304 INFO Skip @SpringBootApplication annotation for class com.alibaba.nacos.naming.NamingApp to avoid duplicate scan

2025-06-05 11:07:51,358 INFO Skip @SpringBootApplication annotation for class com.alibaba.nacos.cmdb.CmdbApp to avoid duplicate scan

2025-06-05 11:07:51,414 WARN Istio module disabled because set nacos.extension.naming.istio.enabled as false

2025-06-05 11:07:51,416 WARN Istio module disabled because set nacos.extension.naming.istio.enabled as false

2025-06-05 11:07:51,422 WARN Istio module disabled because set nacos.extension.naming.istio.enabled as false

2025-06-05 11:07:51,423 WARN Istio module disabled because set nacos.extension.naming.istio.enabled as false

2025-06-05 11:07:51,424 WARN Istio module disabled because set nacos.extension.naming.istio.enabled as false

2025-06-05 11:07:51,425 WARN Istio module disabled because set nacos.extension.naming.istio.enabled as false

2025-06-05 11:07:51,431 WARN Istio module disabled because set nacos.extension.naming.istio.enabled as false

2025-06-05 11:07:51,437 WARN Istio module disabled because set nacos.extension.naming.istio.enabled as false

2025-06-05 11:07:51,439 WARN Istio module disabled because set nacos.extension.naming.istio.enabled as false

2025-06-05 11:07:51,440 WARN Istio module disabled because set nacos.extension.naming.istio.enabled as false

2025-06-05 11:07:51,441 WARN Istio module disabled because set nacos.extension.naming.istio.enabled as false

2025-06-05 11:07:51,446 WARN Istio module disabled because set nacos.extension.naming.istio.enabled as false

2025-06-05 11:07:51,447 WARN Istio module disabled because set nacos.extension.naming.istio.enabled as false

2025-06-05 11:07:51,448 WARN Istio module disabled because set nacos.extension.naming.istio.enabled as false

2025-06-05 11:07:51,450 WARN Istio module disabled because set nacos.extension.naming.istio.enabled as false

2025-06-05 11:07:51,452 WARN Istio module disabled because set nacos.extension.naming.istio.enabled as false

2025-06-05 11:07:51,453 WARN Istio module disabled because set nacos.extension.naming.istio.enabled as false

2025-06-05 11:07:51,453 WARN Istio module disabled because set nacos.extension.naming.istio.enabled as false

2025-06-05 11:07:51,454 WARN Istio module disabled because set nacos.extension.naming.istio.enabled as false

2025-06-05 11:07:51,455 WARN Istio module disabled because set nacos.extension.naming.istio.enabled as false

2025-06-05 11:07:51,455 WARN Istio module disabled because set nacos.extension.naming.istio.enabled as false

2025-06-05 11:07:51,456 WARN Istio module disabled because set nacos.extension.naming.istio.enabled as false

2025-06-05 11:07:51,459 WARN Istio module disabled because set nacos.extension.naming.istio.enabled as false

2025-06-05 11:07:51,460 WARN Istio module disabled because set nacos.extension.naming.istio.enabled as false

2025-06-05 11:07:51,461 WARN Istio module disabled because set nacos.extension.naming.istio.enabled as false

2025-06-05 11:07:51,462 INFO Skip @SpringBootApplication annotation for class com.alibaba.nacos.istio.IstioApp to avoid duplicate scan

2025-06-05 11:07:51,463 WARN Istio module disabled because set nacos.extension.naming.istio.enabled as false

2025-06-05 11:07:51,463 WARN Istio module disabled because set nacos.extension.naming.istio.enabled as false

2025-06-05 11:07:51,464 WARN Istio module disabled because set nacos.extension.naming.istio.enabled as false

2025-06-05 11:07:51,465 WARN Istio module disabled because set nacos.extension.naming.istio.enabled as false

2025-06-05 11:07:51,466 WARN Istio module disabled because set nacos.extension.naming.istio.enabled as false

2025-06-05 11:07:51,466 WARN Istio module disabled because set nacos.extension.naming.istio.enabled as false

2025-06-05 11:07:51,467 WARN Istio module disabled because set nacos.extension.naming.istio.enabled as false

2025-06-05 11:07:51,468 WARN Istio module disabled because set nacos.extension.naming.istio.enabled as false

2025-06-05 11:07:51,468 WARN Istio module disabled because set nacos.extension.naming.istio.enabled as false

2025-06-05 11:07:51,469 WARN Istio module disabled because set nacos.extension.naming.istio.enabled as false

2025-06-05 11:07:51,470 WARN Istio module disabled because set nacos.extension.naming.istio.enabled as false

2025-06-05 11:07:52,888 INFO Skip @SpringBootApplication annotation for class com.alibaba.nacos.prometheus.PrometheusApp to avoid duplicate scan

2025-06-05 11:07:57,322 INFO Tomcat initialized with port(s): 8848 (http)

2025-06-05 11:07:57,364 INFO Starting service [Tomcat]

2025-06-05 11:07:57,365 INFO Starting Servlet engine: [Apache Tomcat/9.0.98]

2025-06-05 11:07:57,713 INFO Initializing Spring embedded WebApplicationContext

2025-06-05 11:07:57,715 INFO Root WebApplicationContext: initialization completed in 7612 ms

2025-06-05 11:07:57,968 INFO Not found ServerIdentityChecker implementation from SPI, use default.

2025-06-05 11:07:59,122 INFO Nacos-related cluster resource initialization

2025-06-05 11:07:59,164 INFO Load com.alibaba.nacos.core.ability.RemoteAbilityInitializer for ServerAbilityInitializer

2025-06-05 11:07:59,166 INFO Load com.alibaba.nacos.naming.ability.NamingAbilityInitializer for ServerAbilityInitializer

2025-06-05 11:07:59,179 INFO The cluster resource is initialized

2025-06-05 11:07:59,709 INFO HikariPool-1 - Starting...

2025-06-05 11:08:01,136 INFO HikariPool-1 - Start completed.

2025-06-05 11:08:04,285 INFO [MapperManager] Load Mapper(class com.alibaba.nacos.plugin.datasource.impl.mysql.ConfigInfoBetaMapperByMySql) datasource(mysql) tableName(config_info_beta) successfully.

2025-06-05 11:08:04,291 INFO [MapperManager] Load Mapper(class com.alibaba.nacos.plugin.datasource.impl.mysql.ConfigInfoMapperByMySql) datasource(mysql) tableName(config_info) successfully.

2025-06-05 11:08:04,291 INFO [MapperManager] Load Mapper(class com.alibaba.nacos.plugin.datasource.impl.mysql.ConfigInfoTagMapperByMySql) datasource(mysql) tableName(config_info_tag) successfully.

2025-06-05 11:08:04,292 INFO [MapperManager] Load Mapper(class com.alibaba.nacos.plugin.datasource.impl.mysql.ConfigInfoGrayMapperByMySql) datasource(mysql) tableName(config_info_gray) successfully.

2025-06-05 11:08:04,292 INFO [MapperManager] Load Mapper(class com.alibaba.nacos.plugin.datasource.impl.mysql.ConfigTagsRelationMapperByMySql) datasource(mysql) tableName(config_tags_relation) successfully.

2025-06-05 11:08:04,295 INFO [MapperManager] Load Mapper(class com.alibaba.nacos.plugin.datasource.impl.mysql.HistoryConfigInfoMapperByMySql) datasource(mysql) tableName(his_config_info) successfully.

2025-06-05 11:08:04,295 INFO [MapperManager] Load Mapper(class com.alibaba.nacos.plugin.datasource.impl.mysql.TenantInfoMapperByMySql) datasource(mysql) tableName(tenant_info) successfully.

2025-06-05 11:08:04,298 INFO [MapperManager] Load Mapper(class com.alibaba.nacos.plugin.datasource.impl.mysql.TenantCapacityMapperByMySql) datasource(mysql) tableName(tenant_capacity) successfully.

2025-06-05 11:08:04,298 INFO [MapperManager] Load Mapper(class com.alibaba.nacos.plugin.datasource.impl.mysql.GroupCapacityMapperByMysql) datasource(mysql) tableName(group_capacity) successfully.

2025-06-05 11:08:04,298 INFO [MapperManager] Load Mapper(class com.alibaba.nacos.plugin.datasource.impl.derby.ConfigInfoBetaMapperByDerby) datasource(derby) tableName(config_info_beta) successfully.

2025-06-05 11:08:04,298 INFO [MapperManager] Load Mapper(class com.alibaba.nacos.plugin.datasource.impl.derby.ConfigInfoMapperByDerby) datasource(derby) tableName(config_info) successfully.

2025-06-05 11:08:04,299 INFO [MapperManager] Load Mapper(class com.alibaba.nacos.plugin.datasource.impl.derby.ConfigInfoTagMapperByDerby) datasource(derby) tableName(config_info_tag) successfully.

2025-06-05 11:08:04,299 INFO [MapperManager] Load Mapper(class com.alibaba.nacos.plugin.datasource.impl.derby.ConfigInfoGrayMapperByDerby) datasource(derby) tableName(config_info_gray) successfully.

2025-06-05 11:08:04,299 INFO [MapperManager] Load Mapper(class com.alibaba.nacos.plugin.datasource.impl.derby.ConfigInfoTagsRelationMapperByDerby) datasource(derby) tableName(config_tags_relation) successfully.

2025-06-05 11:08:04,299 INFO [MapperManager] Load Mapper(class com.alibaba.nacos.plugin.datasource.impl.derby.HistoryConfigInfoMapperByDerby) datasource(derby) tableName(his_config_info) successfully.

2025-06-05 11:08:04,299 INFO [MapperManager] Load Mapper(class com.alibaba.nacos.plugin.datasource.impl.derby.TenantInfoMapperByDerby) datasource(derby) tableName(tenant_info) successfully.

2025-06-05 11:08:04,302 INFO [MapperManager] Load Mapper(class com.alibaba.nacos.plugin.datasource.impl.derby.TenantCapacityMapperByDerby) datasource(derby) tableName(tenant_capacity) successfully.

2025-06-05 11:08:04,302 INFO [MapperManager] Load Mapper(class com.alibaba.nacos.plugin.datasource.impl.derby.GroupCapacityMapperByDerby) datasource(derby) tableName(group_capacity) successfully.

2025-06-05 11:08:04,723 INFO ConfigQueryHandlerChain has been initialized successfully with chain: nacos

2025-06-05 11:08:05,246 INFO [ConfigCacheFactoryDelegate] Matched ConfigCacheFactory not found, Load Default NacosConfigCacheFactory successfully.

2025-06-05 11:08:05,312 INFO [ConfigCachePostProcessorDelegate] Matched ConfigCachePostProcessor not found, load Default NacosConfigCachePostProcessor successfully

2025-06-05 11:08:06,258 INFO Get historyConfigCleaner config from env, activeHistoryConfigCleaner{ activeHistoryConfigCleaner=nacos}

2025-06-05 11:08:07,018 INFO Ready to get current node abilities...

2025-06-05 11:08:07,022 INFO Ready to initialize current node abilities, support modes: [CLUSTER_CLIENT, SERVER, SDK_CLIENT]

2025-06-05 11:08:07,023 INFO Initialize current abilities finish...

2025-06-05 11:08:07,025 INFO Ready to get current node abilities...

2025-06-05 11:08:07,026 INFO Ready to initialize current node abilities, support modes: [SDK_CLIENT]

2025-06-05 11:08:07,027 INFO Initialize current abilities finish...

2025-06-05 11:08:07,027 INFO [AbilityControlManager] Successfully initialize AbilityControlManager

2025-06-05 11:08:08,786 INFO Will secure any request with [org.springframework.security.web.session.DisableEncodeUrlFilter@4a7a965d, org.springframework.security.web.context.request.async.WebAsyncManagerIntegrationFilter@507b79f7, org.springframework.security.web.context.SecurityContextPersistenceFilter@557eb543, org.springframework.security.web.header.HeaderWriterFilter@6be7bf6d, org.springframework.security.web.csrf.CsrfFilter@14dc3f89, org.springframework.security.web.authentication.logout.LogoutFilter@3fbfbf84, org.springframework.security.web.savedrequest.RequestCacheAwareFilter@3730ab42, org.springframework.security.web.servletapi.SecurityContextHolderAwareRequestFilter@7308ffff, org.springframework.security.web.authentication.AnonymousAuthenticationFilter@64a9d48c, org.springframework.security.web.session.SessionManagementFilter@33364212, org.springframework.security.web.access.ExceptionTranslationFilter@39651a82]

2025-06-05 11:08:09,172 INFO Adding welcome page: class path resource [static/index.html]

2025-06-05 11:08:09,660 INFO Exposing 1 endpoint(s) beneath base path '/actuator'

2025-06-05 11:08:09,681 WARN You are asking Spring Security to ignore Ant [pattern='/**']. This is not recommended -- please use permitAll via HttpSecurity#authorizeHttpRequests instead.

2025-06-05 11:08:09,682 INFO Will not secure Ant [pattern='/**']

2025-06-05 11:08:09,683 WARN You are asking Spring Security to ignore Mvc [pattern='/prometheus']. This is not recommended -- please use permitAll via HttpSecurity#authorizeHttpRequests instead.

2025-06-05 11:08:09,683 INFO Will not secure Mvc [pattern='/prometheus']

2025-06-05 11:08:09,684 WARN You are asking Spring Security to ignore Mvc [pattern='/prometheus/namespaceId/{namespaceId}']. This is not recommended -- please use permitAll via HttpSecurity#authorizeHttpRequests instead.

2025-06-05 11:08:09,684 INFO Will not secure Mvc [pattern='/prometheus/namespaceId/{namespaceId}']

2025-06-05 11:08:09,685 WARN You are asking Spring Security to ignore Mvc [pattern='/prometheus/namespaceId/{namespaceId}/service/{service}']. This is not recommended -- please use permitAll via HttpSecurity#authorizeHttpRequests instead.

2025-06-05 11:08:09,685 INFO Will not secure Mvc [pattern='/prometheus/namespaceId/{namespaceId}/service/{service}']

2025-06-05 11:08:09,819 INFO Tomcat started on port(s): 8848 (http) with context path '/nacos'

2025-06-05 11:08:09,862 INFO No TaskScheduler/ScheduledExecutorService bean found for scheduled processing

2025-06-05 11:08:09,927 INFO Started Nacos in 22.222 seconds (JVM running for 24.226)

2025-06-05 11:08:09,932 INFO Nacos started successfully in stand alone mode. use external storage

2025-06-05 11:08:09,958 INFO Initializing Spring DispatcherServlet 'dispatcherServlet'

2025-06-05 11:08:09,959 INFO Initializing Servlet 'dispatcherServlet'

2025-06-05 11:08:09,961 INFO Completed initialization in 2 ms

2025-06-05 11:08:09,989 INFO [AuthPluginManager] Load AuthPluginService(class com.alibaba.nacos.plugin.auth.impl.NacosAuthPluginService) AuthServiceName(nacos) successfully.

2025-06-05 11:08:09,989 INFO [AuthPluginManager] Load AuthPluginService(class com.alibaba.nacos.plugin.auth.impl.LdapAuthPluginService) AuthServiceName(ldap) successfully.

2025-06-05 11:08:11,456 INFO Get ParamCheck config from env, ParamCheckConfig{paramCheckEnabled=trueactiveParamChecker=default}

2025-06-05 11:08:11,736 INFO Get Push config from env, PushConfig{pushTaskDelay=500, pushTaskTimeout=5000, pushTaskRetryDelay=1000}

2025-06-05 11:08:14,391 INFO Get NamingClient config from env, ClientConfig{clientExpiredTime=180000}

2025-06-05 11:18:04,667 INFO [capacityManagement] start correct usage

2025-06-05 11:18:04,688 INFO [capacityManagement] end correct usage, cost: 0.015587975s

2025-06-05 11:18:06,269 WARN clearHistoryConfig get scheduled

2025-06-05 11:18:06,270 WARN clearHistoryConfig is enable in current context, try to run cleaner

2025-06-05 11:18:06,272 WARN clearConfigHistory, getBeforeStamp:2025-05-06 11:18:06.0, pageSize:1000

2025-06-05 11:18:06,299 WARN history config cleaner successfully

2025-06-05 11:19:19,964 INFO ConfigQueryRequestExtractor has been initialized successfully with extractor: nacos

2025-06-05 11:19:24,601 INFO [NotifyCenter] Start destroying Publisher

2025-06-05 11:19:24,602 INFO [NotifyCenter] Completed destruction of Publisher

2025-06-05 11:19:24,605 WARN [WatchFileCenter] start close

2025-06-05 11:19:24,608 INFO [HttpClientBeanHolder] Start destroying common HttpClient

2025-06-05 11:19:24,611 WARN [WatchFileCenter] start to shutdown this watcher which is watch : /home/nacos/conf

2025-06-05 11:19:24,606 INFO [ThreadPoolManager] Start destroying ThreadPool

2025-06-05 11:19:24,661 WARN [WatchFileCenter] already closed

2025-06-05 11:19:24,665 INFO [HttpClientBeanHolder] Completed destruction of HttpClient

2025-06-05 14:16:26,651 INFO Starting Nacos v2.5.0 using Java 1.8.0_432 on 19916deebbd4 with PID 1 (/home/nacos/target/nacos-server.jar started by root in /home/nacos)

2025-06-05 14:16:26,653 INFO The following 1 profile is active: "standalone"

2025-06-05 14:16:27,056 INFO Load Nacos package exclude filter success, package prefix com.alibaba.nacos.config.server, filter com.alibaba.nacos.config.server.filter.ConfigEnabledFilter

2025-06-05 14:16:27,057 INFO Load Nacos package exclude filter success, package prefix com.alibaba.nacos.naming, filter com.alibaba.nacos.naming.config.NamingEnabledFilter

2025-06-05 14:16:27,059 INFO Load Nacos package exclude filter success, package prefix com.alibaba.nacos.istio, filter com.alibaba.nacos.istio.config.IstioEnabledFilter

2025-06-05 14:16:27,482 INFO Skip @SpringBootApplication annotation for class com.alibaba.nacos.config.server.Config to avoid duplicate scan

2025-06-05 14:16:28,006 INFO Skip @SpringBootApplication annotation for class com.alibaba.nacos.naming.NamingApp to avoid duplicate scan

2025-06-05 14:16:28,069 INFO Skip @SpringBootApplication annotation for class com.alibaba.nacos.cmdb.CmdbApp to avoid duplicate scan

2025-06-05 14:16:28,106 WARN Istio module disabled because set nacos.extension.naming.istio.enabled as false

2025-06-05 14:16:28,107 WARN Istio module disabled because set nacos.extension.naming.istio.enabled as false

2025-06-05 14:16:28,108 WARN Istio module disabled because set nacos.extension.naming.istio.enabled as false

2025-06-05 14:16:28,109 WARN Istio module disabled because set nacos.extension.naming.istio.enabled as false

2025-06-05 14:16:28,110 WARN Istio module disabled because set nacos.extension.naming.istio.enabled as false

2025-06-05 14:16:28,111 WARN Istio module disabled because set nacos.extension.naming.istio.enabled as false

2025-06-05 14:16:28,113 WARN Istio module disabled because set nacos.extension.naming.istio.enabled as false

2025-06-05 14:16:28,114 WARN Istio module disabled because set nacos.extension.naming.istio.enabled as false

2025-06-05 14:16:28,115 WARN Istio module disabled because set nacos.extension.naming.istio.enabled as false

2025-06-05 14:16:28,116 WARN Istio module disabled because set nacos.extension.naming.istio.enabled as false

2025-06-05 14:16:28,116 WARN Istio module disabled because set nacos.extension.naming.istio.enabled as false

2025-06-05 14:16:28,117 WARN Istio module disabled because set nacos.extension.naming.istio.enabled as false

2025-06-05 14:16:28,118 WARN Istio module disabled because set nacos.extension.naming.istio.enabled as false

2025-06-05 14:16:28,120 WARN Istio module disabled because set nacos.extension.naming.istio.enabled as false

2025-06-05 14:16:28,120 WARN Istio module disabled because set nacos.extension.naming.istio.enabled as false

2025-06-05 14:16:28,121 WARN Istio module disabled because set nacos.extension.naming.istio.enabled as false

2025-06-05 14:16:28,122 WARN Istio module disabled because set nacos.extension.naming.istio.enabled as false

2025-06-05 14:16:28,122 WARN Istio module disabled because set nacos.extension.naming.istio.enabled as false

2025-06-05 14:16:28,124 WARN Istio module disabled because set nacos.extension.naming.istio.enabled as false

2025-06-05 14:16:28,125 WARN Istio module disabled because set nacos.extension.naming.istio.enabled as false

2025-06-05 14:16:28,125 WARN Istio module disabled because set nacos.extension.naming.istio.enabled as false

2025-06-05 14:16:28,127 WARN Istio module disabled because set nacos.extension.naming.istio.enabled as false

2025-06-05 14:16:28,127 WARN Istio module disabled because set nacos.extension.naming.istio.enabled as false

2025-06-05 14:16:28,128 WARN Istio module disabled because set nacos.extension.naming.istio.enabled as false

2025-06-05 14:16:28,131 WARN Istio module disabled because set nacos.extension.naming.istio.enabled as false

2025-06-05 14:16:28,131 INFO Skip @SpringBootApplication annotation for class com.alibaba.nacos.istio.IstioApp to avoid duplicate scan

2025-06-05 14:16:28,132 WARN Istio module disabled because set nacos.extension.naming.istio.enabled as false

2025-06-05 14:16:28,132 WARN Istio module disabled because set nacos.extension.naming.istio.enabled as false

2025-06-05 14:16:28,133 WARN Istio module disabled because set nacos.extension.naming.istio.enabled as false

2025-06-05 14:16:28,133 WARN Istio module disabled because set nacos.extension.naming.istio.enabled as false

2025-06-05 14:16:28,133 WARN Istio module disabled because set nacos.extension.naming.istio.enabled as false

2025-06-05 14:16:28,134 WARN Istio module disabled because set nacos.extension.naming.istio.enabled as false

2025-06-05 14:16:28,135 WARN Istio module disabled because set nacos.extension.naming.istio.enabled as false

2025-06-05 14:16:28,135 WARN Istio module disabled because set nacos.extension.naming.istio.enabled as false

2025-06-05 14:16:28,136 WARN Istio module disabled because set nacos.extension.naming.istio.enabled as false

2025-06-05 14:16:28,137 WARN Istio module disabled because set nacos.extension.naming.istio.enabled as false

2025-06-05 14:16:28,137 WARN Istio module disabled because set nacos.extension.naming.istio.enabled as false

2025-06-05 14:16:29,584 INFO Skip @SpringBootApplication annotation for class com.alibaba.nacos.prometheus.PrometheusApp to avoid duplicate scan

2025-06-05 14:16:33,841 INFO Tomcat initialized with port(s): 8848 (http)

2025-06-05 14:16:33,880 INFO Starting service [Tomcat]

2025-06-05 14:16:33,881 INFO Starting Servlet engine: [Apache Tomcat/9.0.98]

2025-06-05 14:16:34,161 INFO Initializing Spring embedded WebApplicationContext

2025-06-05 14:16:34,162 INFO Root WebApplicationContext: initialization completed in 7339 ms

2025-06-05 14:16:34,267 INFO Not found ServerIdentityChecker implementation from SPI, use default.

2025-06-05 14:16:34,980 INFO Nacos-related cluster resource initialization

2025-06-05 14:16:34,998 INFO Load com.alibaba.nacos.core.ability.RemoteAbilityInitializer for ServerAbilityInitializer

2025-06-05 14:16:35,002 INFO Load com.alibaba.nacos.naming.ability.NamingAbilityInitializer for ServerAbilityInitializer

2025-06-05 14:16:35,011 INFO The cluster resource is initialized

2025-06-05 14:16:35,412 INFO HikariPool-1 - Starting...

2025-06-05 14:16:36,379 INFO HikariPool-1 - Start completed.

2025-06-05 14:16:38,692 INFO [MapperManager] Load Mapper(class com.alibaba.nacos.plugin.datasource.impl.mysql.ConfigInfoBetaMapperByMySql) datasource(mysql) tableName(config_info_beta) successfully.

2025-06-05 14:16:38,695 INFO [MapperManager] Load Mapper(class com.alibaba.nacos.plugin.datasource.impl.mysql.ConfigInfoMapperByMySql) datasource(mysql) tableName(config_info) successfully.

2025-06-05 14:16:38,696 INFO [MapperManager] Load Mapper(class com.alibaba.nacos.plugin.datasource.impl.mysql.ConfigInfoTagMapperByMySql) datasource(mysql) tableName(config_info_tag) successfully.

2025-06-05 14:16:38,696 INFO [MapperManager] Load Mapper(class com.alibaba.nacos.plugin.datasource.impl.mysql.ConfigInfoGrayMapperByMySql) datasource(mysql) tableName(config_info_gray) successfully.

2025-06-05 14:16:38,696 INFO [MapperManager] Load Mapper(class com.alibaba.nacos.plugin.datasource.impl.mysql.ConfigTagsRelationMapperByMySql) datasource(mysql) tableName(config_tags_relation) successfully.

2025-06-05 14:16:38,696 INFO [MapperManager] Load Mapper(class com.alibaba.nacos.plugin.datasource.impl.mysql.HistoryConfigInfoMapperByMySql) datasource(mysql) tableName(his_config_info) successfully.

2025-06-05 14:16:38,697 INFO [MapperManager] Load Mapper(class com.alibaba.nacos.plugin.datasource.impl.mysql.TenantInfoMapperByMySql) datasource(mysql) tableName(tenant_info) successfully.

2025-06-05 14:16:38,697 INFO [MapperManager] Load Mapper(class com.alibaba.nacos.plugin.datasource.impl.mysql.TenantCapacityMapperByMySql) datasource(mysql) tableName(tenant_capacity) successfully.

2025-06-05 14:16:38,699 INFO [MapperManager] Load Mapper(class com.alibaba.nacos.plugin.datasource.impl.mysql.GroupCapacityMapperByMysql) datasource(mysql) tableName(group_capacity) successfully.

2025-06-05 14:16:38,701 INFO [MapperManager] Load Mapper(class com.alibaba.nacos.plugin.datasource.impl.derby.ConfigInfoBetaMapperByDerby) datasource(derby) tableName(config_info_beta) successfully.

2025-06-05 14:16:38,702 INFO [MapperManager] Load Mapper(class com.alibaba.nacos.plugin.datasource.impl.derby.ConfigInfoMapperByDerby) datasource(derby) tableName(config_info) successfully.

2025-06-05 14:16:38,703 INFO [MapperManager] Load Mapper(class com.alibaba.nacos.plugin.datasource.impl.derby.ConfigInfoTagMapperByDerby) datasource(derby) tableName(config_info_tag) successfully.

2025-06-05 14:16:38,703 INFO [MapperManager] Load Mapper(class com.alibaba.nacos.plugin.datasource.impl.derby.ConfigInfoGrayMapperByDerby) datasource(derby) tableName(config_info_gray) successfully.

2025-06-05 14:16:38,703 INFO [MapperManager] Load Mapper(class com.alibaba.nacos.plugin.datasource.impl.derby.ConfigInfoTagsRelationMapperByDerby) datasource(derby) tableName(config_tags_relation) successfully.

2025-06-05 14:16:38,704 INFO [MapperManager] Load Mapper(class com.alibaba.nacos.plugin.datasource.impl.derby.HistoryConfigInfoMapperByDerby) datasource(derby) tableName(his_config_info) successfully.

2025-06-05 14:16:38,704 INFO [MapperManager] Load Mapper(class com.alibaba.nacos.plugin.datasource.impl.derby.TenantInfoMapperByDerby) datasource(derby) tableName(tenant_info) successfully.

2025-06-05 14:16:38,707 INFO [MapperManager] Load Mapper(class com.alibaba.nacos.plugin.datasource.impl.derby.TenantCapacityMapperByDerby) datasource(derby) tableName(tenant_capacity) successfully.

2025-06-05 14:16:38,707 INFO [MapperManager] Load Mapper(class com.alibaba.nacos.plugin.datasource.impl.derby.GroupCapacityMapperByDerby) datasource(derby) tableName(group_capacity) successfully.

2025-06-05 14:16:38,993 INFO ConfigQueryHandlerChain has been initialized successfully with chain: nacos

2025-06-05 14:16:39,279 INFO [ConfigCacheFactoryDelegate] Matched ConfigCacheFactory not found, Load Default NacosConfigCacheFactory successfully.

2025-06-05 14:16:39,376 INFO [ConfigCachePostProcessorDelegate] Matched ConfigCachePostProcessor not found, load Default NacosConfigCachePostProcessor successfully

2025-06-05 14:16:40,294 INFO Get historyConfigCleaner config from env, activeHistoryConfigCleaner{ activeHistoryConfigCleaner=nacos}

2025-06-05 14:16:41,086 INFO Ready to get current node abilities...

2025-06-05 14:16:41,090 INFO Ready to initialize current node abilities, support modes: [CLUSTER_CLIENT, SERVER, SDK_CLIENT]

2025-06-05 14:16:41,091 INFO Initialize current abilities finish...

2025-06-05 14:16:41,092 INFO Ready to get current node abilities...

2025-06-05 14:16:41,093 INFO Ready to initialize current node abilities, support modes: [SDK_CLIENT]

2025-06-05 14:16:41,093 INFO Initialize current abilities finish...

2025-06-05 14:16:41,094 INFO [AbilityControlManager] Successfully initialize AbilityControlManager

2025-06-05 14:16:43,443 INFO Will secure any request with [org.springframework.security.web.session.DisableEncodeUrlFilter@26221bad, org.springframework.security.web.context.request.async.WebAsyncManagerIntegrationFilter@158f4cfe, org.springframework.security.web.context.SecurityContextPersistenceFilter@3db972d2, org.springframework.security.web.header.HeaderWriterFilter@690bc15e, org.springframework.security.web.csrf.CsrfFilter@119c745c, org.springframework.security.web.authentication.logout.LogoutFilter@1b5c3e5f, org.springframework.security.web.savedrequest.RequestCacheAwareFilter@687e4c93, org.springframework.security.web.servletapi.SecurityContextHolderAwareRequestFilter@6ec7bce0, org.springframework.security.web.authentication.AnonymousAuthenticationFilter@35f639fa, org.springframework.security.web.session.SessionManagementFilter@475646d4, org.springframework.security.web.access.ExceptionTranslationFilter@3b1ed14b]

2025-06-05 14:16:43,821 INFO Adding welcome page: class path resource [static/index.html]

2025-06-05 14:16:44,321 INFO Exposing 1 endpoint(s) beneath base path '/actuator'

2025-06-05 14:16:44,343 WARN You are asking Spring Security to ignore Ant [pattern='/**']. This is not recommended -- please use permitAll via HttpSecurity#authorizeHttpRequests instead.

2025-06-05 14:16:44,344 INFO Will not secure Ant [pattern='/**']

2025-06-05 14:16:44,344 WARN You are asking Spring Security to ignore Mvc [pattern='/prometheus']. This is not recommended -- please use permitAll via HttpSecurity#authorizeHttpRequests instead.

2025-06-05 14:16:44,345 INFO Will not secure Mvc [pattern='/prometheus']

2025-06-05 14:16:44,345 WARN You are asking Spring Security to ignore Mvc [pattern='/prometheus/namespaceId/{namespaceId}']. This is not recommended -- please use permitAll via HttpSecurity#authorizeHttpRequests instead.

2025-06-05 14:16:44,345 INFO Will not secure Mvc [pattern='/prometheus/namespaceId/{namespaceId}']

2025-06-05 14:16:44,346 WARN You are asking Spring Security to ignore Mvc [pattern='/prometheus/namespaceId/{namespaceId}/service/{service}']. This is not recommended -- please use permitAll via HttpSecurity#authorizeHttpRequests instead.

2025-06-05 14:16:44,346 INFO Will not secure Mvc [pattern='/prometheus/namespaceId/{namespaceId}/service/{service}']

2025-06-05 14:16:44,498 INFO Tomcat started on port(s): 8848 (http) with context path '/nacos'

2025-06-05 14:16:44,518 INFO No TaskScheduler/ScheduledExecutorService bean found for scheduled processing

2025-06-05 14:16:44,564 INFO Started Nacos in 20.663 seconds (JVM running for 23.031)

2025-06-05 14:16:44,565 INFO Nacos started successfully in stand alone mode. use external storage

2025-06-05 14:16:44,673 INFO Initializing Spring DispatcherServlet 'dispatcherServlet'

2025-06-05 14:16:44,673 INFO Initializing Servlet 'dispatcherServlet'

2025-06-05 14:16:44,675 INFO Completed initialization in 1 ms

2025-06-05 14:16:44,702 INFO [AuthPluginManager] Load AuthPluginService(class com.alibaba.nacos.plugin.auth.impl.NacosAuthPluginService) AuthServiceName(nacos) successfully.

2025-06-05 14:16:44,702 INFO [AuthPluginManager] Load AuthPluginService(class com.alibaba.nacos.plugin.auth.impl.LdapAuthPluginService) AuthServiceName(ldap) successfully.

2025-06-05 14:16:45,421 INFO Get ParamCheck config from env, ParamCheckConfig{paramCheckEnabled=trueactiveParamChecker=default}

2025-06-05 14:16:46,784 INFO Get Push config from env, PushConfig{pushTaskDelay=500, pushTaskTimeout=5000, pushTaskRetryDelay=1000}

2025-06-05 14:16:50,142 INFO Get NamingClient config from env, ClientConfig{clientExpiredTime=180000}

2025-06-05 14:23:50,639 INFO ConfigQueryRequestExtractor has been initialized successfully with extractor: nacos

2025-06-05 14:23:56,281 INFO [NotifyCenter] Start destroying Publisher

2025-06-05 14:23:56,282 INFO [NotifyCenter] Completed destruction of Publisher

2025-06-05 14:23:56,282 WARN [WatchFileCenter] start close

2025-06-05 14:23:56,292 WARN [WatchFileCenter] start to shutdown this watcher which is watch : /home/nacos/conf

2025-06-05 14:23:56,283 INFO [ThreadPoolManager] Start destroying ThreadPool

2025-06-05 14:23:56,285 INFO [HttpClientBeanHolder] Start destroying common HttpClient

2025-06-05 14:23:56,298 WARN [WatchFileCenter] already closed

2025-06-05 14:23:56,315 INFO [HttpClientBeanHolder] Completed destruction of HttpClient

2025-06-05 14:24:18,933 INFO Starting Nacos v2.5.0 using Java 1.8.0_432 on bccc70ec3e58 with PID 1 (/home/nacos/target/nacos-server.jar started by root in /home/nacos)

2025-06-05 14:24:18,947 INFO The following 1 profile is active: "standalone"

2025-06-05 14:24:19,479 INFO Load Nacos package exclude filter success, package prefix com.alibaba.nacos.config.server, filter com.alibaba.nacos.config.server.filter.ConfigEnabledFilter

2025-06-05 14:24:19,480 INFO Load Nacos package exclude filter success, package prefix com.alibaba.nacos.naming, filter com.alibaba.nacos.naming.config.NamingEnabledFilter

2025-06-05 14:24:19,482 INFO Load Nacos package exclude filter success, package prefix com.alibaba.nacos.istio, filter com.alibaba.nacos.istio.config.IstioEnabledFilter

2025-06-05 14:24:20,193 INFO Skip @SpringBootApplication annotation for class com.alibaba.nacos.config.server.Config to avoid duplicate scan

2025-06-05 14:24:20,836 INFO Skip @SpringBootApplication annotation for class com.alibaba.nacos.naming.NamingApp to avoid duplicate scan

2025-06-05 14:24:20,871 INFO Skip @SpringBootApplication annotation for class com.alibaba.nacos.cmdb.CmdbApp to avoid duplicate scan

2025-06-05 14:24:20,912 WARN Istio module disabled because set nacos.extension.naming.istio.enabled as false

2025-06-05 14:24:20,913 WARN Istio module disabled because set nacos.extension.naming.istio.enabled as false

2025-06-05 14:24:20,914 WARN Istio module disabled because set nacos.extension.naming.istio.enabled as false

2025-06-05 14:24:20,918 WARN Istio module disabled because set nacos.extension.naming.istio.enabled as false

2025-06-05 14:24:20,919 WARN Istio module disabled because set nacos.extension.naming.istio.enabled as false

2025-06-05 14:24:20,920 WARN Istio module disabled because set nacos.extension.naming.istio.enabled as false

2025-06-05 14:24:20,921 WARN Istio module disabled because set nacos.extension.naming.istio.enabled as false

2025-06-05 14:24:20,922 WARN Istio module disabled because set nacos.extension.naming.istio.enabled as false

2025-06-05 14:24:20,923 WARN Istio module disabled because set nacos.extension.naming.istio.enabled as false

2025-06-05 14:24:20,924 WARN Istio module disabled because set nacos.extension.naming.istio.enabled as false

2025-06-05 14:24:20,925 WARN Istio module disabled because set nacos.extension.naming.istio.enabled as false

2025-06-05 14:24:20,925 WARN Istio module disabled because set nacos.extension.naming.istio.enabled as false

2025-06-05 14:24:20,926 WARN Istio module disabled because set nacos.extension.naming.istio.enabled as false

2025-06-05 14:24:20,927 WARN Istio module disabled because set nacos.extension.naming.istio.enabled as false

2025-06-05 14:24:20,928 WARN Istio module disabled because set nacos.extension.naming.istio.enabled as false

2025-06-05 14:24:20,929 WARN Istio module disabled because set nacos.extension.naming.istio.enabled as false

2025-06-05 14:24:20,931 WARN Istio module disabled because set nacos.extension.naming.istio.enabled as false

2025-06-05 14:24:20,932 WARN Istio module disabled because set nacos.extension.naming.istio.enabled as false

2025-06-05 14:24:20,936 WARN Istio module disabled because set nacos.extension.naming.istio.enabled as false

2025-06-05 14:24:20,937 WARN Istio module disabled because set nacos.extension.naming.istio.enabled as false

2025-06-05 14:24:20,938 WARN Istio module disabled because set nacos.extension.naming.istio.enabled as false

2025-06-05 14:24:20,938 WARN Istio module disabled because set nacos.extension.naming.istio.enabled as false

2025-06-05 14:24:20,939 WARN Istio module disabled because set nacos.extension.naming.istio.enabled as false

2025-06-05 14:24:20,942 WARN Istio module disabled because set nacos.extension.naming.istio.enabled as false

2025-06-05 14:24:20,943 WARN Istio module disabled because set nacos.extension.naming.istio.enabled as false

2025-06-05 14:24:20,943 INFO Skip @SpringBootApplication annotation for class com.alibaba.nacos.istio.IstioApp to avoid duplicate scan

2025-06-05 14:24:20,944 WARN Istio module disabled because set nacos.extension.naming.istio.enabled as false

2025-06-05 14:24:20,944 WARN Istio module disabled because set nacos.extension.naming.istio.enabled as false

2025-06-05 14:24:20,945 WARN Istio module disabled because set nacos.extension.naming.istio.enabled as false

2025-06-05 14:24:20,948 WARN Istio module disabled because set nacos.extension.naming.istio.enabled as false

2025-06-05 14:24:20,953 WARN Istio module disabled because set nacos.extension.naming.istio.enabled as false

2025-06-05 14:24:20,954 WARN Istio module disabled because set nacos.extension.naming.istio.enabled as false

2025-06-05 14:24:20,955 WARN Istio module disabled because set nacos.extension.naming.istio.enabled as false

2025-06-05 14:24:20,958 WARN Istio module disabled because set nacos.extension.naming.istio.enabled as false

2025-06-05 14:24:20,962 WARN Istio module disabled because set nacos.extension.naming.istio.enabled as false

2025-06-05 14:24:20,963 WARN Istio module disabled because set nacos.extension.naming.istio.enabled as false

2025-06-05 14:24:20,963 WARN Istio module disabled because set nacos.extension.naming.istio.enabled as false

2025-06-05 14:24:22,527 INFO Skip @SpringBootApplication annotation for class com.alibaba.nacos.prometheus.PrometheusApp to avoid duplicate scan

2025-06-05 14:24:26,207 INFO Tomcat initialized with port(s): 8848 (http)

2025-06-05 14:24:26,228 INFO Starting service [Tomcat]

2025-06-05 14:24:26,229 INFO Starting Servlet engine: [Apache Tomcat/9.0.98]

2025-06-05 14:24:26,396 INFO Initializing Spring embedded WebApplicationContext

2025-06-05 14:24:26,399 INFO Root WebApplicationContext: initialization completed in 7181 ms

2025-06-05 14:24:26,545 INFO Not found ServerIdentityChecker implementation from SPI, use default.

2025-06-05 14:24:27,353 INFO Nacos-related cluster resource initialization

2025-06-05 14:24:27,374 INFO Load com.alibaba.nacos.core.ability.RemoteAbilityInitializer for ServerAbilityInitializer

2025-06-05 14:24:27,374 INFO Load com.alibaba.nacos.naming.ability.NamingAbilityInitializer for ServerAbilityInitializer

2025-06-05 14:24:27,384 INFO The cluster resource is initialized

2025-06-05 14:24:28,023 INFO HikariPool-1 - Starting...

2025-06-05 14:24:28,996 INFO HikariPool-1 - Start completed.

2025-06-05 14:24:30,458 INFO [MapperManager] Load Mapper(class com.alibaba.nacos.plugin.datasource.impl.mysql.ConfigInfoBetaMapperByMySql) datasource(mysql) tableName(config_info_beta) successfully.

2025-06-05 14:24:30,461 INFO [MapperManager] Load Mapper(class com.alibaba.nacos.plugin.datasource.impl.mysql.ConfigInfoMapperByMySql) datasource(mysql) tableName(config_info) successfully.

2025-06-05 14:24:30,464 INFO [MapperManager] Load Mapper(class com.alibaba.nacos.plugin.datasource.impl.mysql.ConfigInfoTagMapperByMySql) datasource(mysql) tableName(config_info_tag) successfully.

2025-06-05 14:24:30,464 INFO [MapperManager] Load Mapper(class com.alibaba.nacos.plugin.datasource.impl.mysql.ConfigInfoGrayMapperByMySql) datasource(mysql) tableName(config_info_gray) successfully.

2025-06-05 14:24:30,464 INFO [MapperManager] Load Mapper(class com.alibaba.nacos.plugin.datasource.impl.mysql.ConfigTagsRelationMapperByMySql) datasource(mysql) tableName(config_tags_relation) successfully.

2025-06-05 14:24:30,465 INFO [MapperManager] Load Mapper(class com.alibaba.nacos.plugin.datasource.impl.mysql.HistoryConfigInfoMapperByMySql) datasource(mysql) tableName(his_config_info) successfully.

2025-06-05 14:24:30,465 INFO [MapperManager] Load Mapper(class com.alibaba.nacos.plugin.datasource.impl.mysql.TenantInfoMapperByMySql) datasource(mysql) tableName(tenant_info) successfully.

2025-06-05 14:24:30,465 INFO [MapperManager] Load Mapper(class com.alibaba.nacos.plugin.datasource.impl.mysql.TenantCapacityMapperByMySql) datasource(mysql) tableName(tenant_capacity) successfully.

2025-06-05 14:24:30,465 INFO [MapperManager] Load Mapper(class com.alibaba.nacos.plugin.datasource.impl.mysql.GroupCapacityMapperByMysql) datasource(mysql) tableName(group_capacity) successfully.

2025-06-05 14:24:30,465 INFO [MapperManager] Load Mapper(class com.alibaba.nacos.plugin.datasource.impl.derby.ConfigInfoBetaMapperByDerby) datasource(derby) tableName(config_info_beta) successfully.

2025-06-05 14:24:30,466 INFO [MapperManager] Load Mapper(class com.alibaba.nacos.plugin.datasource.impl.derby.ConfigInfoMapperByDerby) datasource(derby) tableName(config_info) successfully.

2025-06-05 14:24:30,466 INFO [MapperManager] Load Mapper(class com.alibaba.nacos.plugin.datasource.impl.derby.ConfigInfoTagMapperByDerby) datasource(derby) tableName(config_info_tag) successfully.

2025-06-05 14:24:30,466 INFO [MapperManager] Load Mapper(class com.alibaba.nacos.plugin.datasource.impl.derby.ConfigInfoGrayMapperByDerby) datasource(derby) tableName(config_info_gray) successfully.

2025-06-05 14:24:30,466 INFO [MapperManager] Load Mapper(class com.alibaba.nacos.plugin.datasource.impl.derby.ConfigInfoTagsRelationMapperByDerby) datasource(derby) tableName(config_tags_relation) successfully.

2025-06-05 14:24:30,467 INFO [MapperManager] Load Mapper(class com.alibaba.nacos.plugin.datasource.impl.derby.HistoryConfigInfoMapperByDerby) datasource(derby) tableName(his_config_info) successfully.

2025-06-05 14:24:30,467 INFO [MapperManager] Load Mapper(class com.alibaba.nacos.plugin.datasource.impl.derby.TenantInfoMapperByDerby) datasource(derby) tableName(tenant_info) successfully.

2025-06-05 14:24:30,467 INFO [MapperManager] Load Mapper(class com.alibaba.nacos.plugin.datasource.impl.derby.TenantCapacityMapperByDerby) datasource(derby) tableName(tenant_capacity) successfully.

2025-06-05 14:24:30,468 INFO [MapperManager] Load Mapper(class com.alibaba.nacos.plugin.datasource.impl.derby.GroupCapacityMapperByDerby) datasource(derby) tableName(group_capacity) successfully.

2025-06-05 14:24:30,645 INFO ConfigQueryHandlerChain has been initialized successfully with chain: nacos

2025-06-05 14:24:30,926 INFO [ConfigCacheFactoryDelegate] Matched ConfigCacheFactory not found, Load Default NacosConfigCacheFactory successfully.

2025-06-05 14:24:30,973 INFO [ConfigCachePostProcessorDelegate] Matched ConfigCachePostProcessor not found, load Default NacosConfigCachePostProcessor successfully

2025-06-05 14:24:31,951 INFO Get historyConfigCleaner config from env, activeHistoryConfigCleaner{ activeHistoryConfigCleaner=nacos}

2025-06-05 14:24:32,525 INFO Ready to get current node abilities...

2025-06-05 14:24:32,529 INFO Ready to initialize current node abilities, support modes: [SERVER, CLUSTER_CLIENT, SDK_CLIENT]

2025-06-05 14:24:32,530 INFO Initialize current abilities finish...

2025-06-05 14:24:32,532 INFO Ready to get current node abilities...

2025-06-05 14:24:32,532 INFO Ready to initialize current node abilities, support modes: [SDK_CLIENT]

2025-06-05 14:24:32,532 INFO Initialize current abilities finish...

2025-06-05 14:24:32,533 INFO [AbilityControlManager] Successfully initialize AbilityControlManager

2025-06-05 14:24:34,300 INFO Will secure any request with [org.springframework.security.web.session.DisableEncodeUrlFilter@76889e60, org.springframework.security.web.context.request.async.WebAsyncManagerIntegrationFilter@706fe5c6, org.springframework.security.web.context.SecurityContextPersistenceFilter@42714a7, org.springframework.security.web.header.HeaderWriterFilter@e8e0dec, org.springframework.security.web.csrf.CsrfFilter@5e048149, org.springframework.security.web.authentication.logout.LogoutFilter@42b28ff1, org.springframework.security.web.savedrequest.RequestCacheAwareFilter@6f139fc9, org.springframework.security.web.servletapi.SecurityContextHolderAwareRequestFilter@19382338, org.springframework.security.web.authentication.AnonymousAuthenticationFilter@6c15e8c7, org.springframework.security.web.session.SessionManagementFilter@75fa1be3, org.springframework.security.web.access.ExceptionTranslationFilter@3936df72]

2025-06-05 14:24:34,921 INFO Adding welcome page: class path resource [static/index.html]

2025-06-05 14:24:35,539 INFO Exposing 1 endpoint(s) beneath base path '/actuator'

2025-06-05 14:24:35,571 WARN You are asking Spring Security to ignore Ant [pattern='/**']. This is not recommended -- please use permitAll via HttpSecurity#authorizeHttpRequests instead.

2025-06-05 14:24:35,572 INFO Will not secure Ant [pattern='/**']

2025-06-05 14:24:35,573 WARN You are asking Spring Security to ignore Mvc [pattern='/prometheus']. This is not recommended -- please use permitAll via HttpSecurity#authorizeHttpRequests instead.

2025-06-05 14:24:35,573 INFO Will not secure Mvc [pattern='/prometheus']

2025-06-05 14:24:35,574 WARN You are asking Spring Security to ignore Mvc [pattern='/prometheus/namespaceId/{namespaceId}']. This is not recommended -- please use permitAll via HttpSecurity#authorizeHttpRequests instead.

2025-06-05 14:24:35,574 INFO Will not secure Mvc [pattern='/prometheus/namespaceId/{namespaceId}']

2025-06-05 14:24:35,575 WARN You are asking Spring Security to ignore Mvc [pattern='/prometheus/namespaceId/{namespaceId}/service/{service}']. This is not recommended -- please use permitAll via HttpSecurity#authorizeHttpRequests instead.

2025-06-05 14:24:35,576 INFO Will not secure Mvc [pattern='/prometheus/namespaceId/{namespaceId}/service/{service}']

2025-06-05 14:24:35,681 INFO Tomcat started on port(s): 8848 (http) with context path '/nacos'

2025-06-05 14:24:35,702 INFO No TaskScheduler/ScheduledExecutorService bean found for scheduled processing

2025-06-05 14:24:35,805 INFO Started Nacos in 19.526 seconds (JVM running for 21.707)

2025-06-05 14:24:35,806 INFO Nacos started successfully in stand alone mode. use external storage

2025-06-05 14:24:35,871 INFO Initializing Spring DispatcherServlet 'dispatcherServlet'

2025-06-05 14:24:35,871 INFO Initializing Servlet 'dispatcherServlet'

2025-06-05 14:24:35,874 INFO Completed initialization in 2 ms

2025-06-05 14:24:35,919 INFO [AuthPluginManager] Load AuthPluginService(class com.alibaba.nacos.plugin.auth.impl.NacosAuthPluginService) AuthServiceName(nacos) successfully.

2025-06-05 14:24:35,921 INFO [AuthPluginManager] Load AuthPluginService(class com.alibaba.nacos.plugin.auth.impl.LdapAuthPluginService) AuthServiceName(ldap) successfully.

2025-06-05 14:24:37,354 INFO Get ParamCheck config from env, ParamCheckConfig{paramCheckEnabled=trueactiveParamChecker=default}

2025-06-05 14:24:37,710 INFO Get Push config from env, PushConfig{pushTaskDelay=500, pushTaskTimeout=5000, pushTaskRetryDelay=1000}

2025-06-05 14:24:42,630 INFO Get NamingClient config from env, ClientConfig{clientExpiredTime=180000}

2025-06-05 14:34:30,633 INFO [capacityManagement] start correct usage

2025-06-05 14:34:30,655 INFO [capacityManagement] end correct usage, cost: 0.016131218s

2025-06-05 14:34:31,951 WARN clearHistoryConfig get scheduled

2025-06-05 14:34:31,952 WARN clearHistoryConfig is enable in current context, try to run cleaner

2025-06-05 14:34:31,955 WARN clearConfigHistory, getBeforeStamp:2025-05-06 14:34:31.0, pageSize:1000

2025-06-05 14:34:31,981 WARN history config cleaner successfully

2025-06-05 14:34:45,439 INFO ConfigQueryRequestExtractor has been initialized successfully with extractor: nacos

2025-06-05 14:34:50,111 INFO [NotifyCenter] Start destroying Publisher

2025-06-05 14:34:50,113 INFO [NotifyCenter] Completed destruction of Publisher

2025-06-05 14:34:50,117 WARN [WatchFileCenter] start close

2025-06-05 14:34:50,119 INFO [ThreadPoolManager] Start destroying ThreadPool

2025-06-05 14:34:50,120 INFO [HttpClientBeanHolder] Start destroying common HttpClient

2025-06-05 14:34:50,119 WARN [WatchFileCenter] start to shutdown this watcher which is watch : /home/nacos/conf

2025-06-05 14:34:50,143 INFO [HttpClientBeanHolder] Completed destruction of HttpClient

2025-06-05 14:34:50,155 WARN [WatchFileCenter] already closed

2025-06-05 14:37:07,794 INFO Starting Nacos v2.5.0 using Java 1.8.0_432 on b5ce3e91b133 with PID 1 (/home/nacos/target/nacos-server.jar started by root in /home/nacos)

2025-06-05 14:37:07,799 INFO The following 1 profile is active: "standalone"

2025-06-05 14:37:08,518 INFO Load Nacos package exclude filter success, package prefix com.alibaba.nacos.config.server, filter com.alibaba.nacos.config.server.filter.ConfigEnabledFilter

2025-06-05 14:37:08,519 INFO Load Nacos package exclude filter success, package prefix com.alibaba.nacos.naming, filter com.alibaba.nacos.naming.config.NamingEnabledFilter

2025-06-05 14:37:08,521 INFO Load Nacos package exclude filter success, package prefix com.alibaba.nacos.istio, filter com.alibaba.nacos.istio.config.IstioEnabledFilter

2025-06-05 14:37:09,247 INFO Skip @SpringBootApplication annotation for class com.alibaba.nacos.config.server.Config to avoid duplicate scan

2025-06-05 14:37:09,953 INFO Skip @SpringBootApplication annotation for class com.alibaba.nacos.naming.NamingApp to avoid duplicate scan

2025-06-05 14:37:10,021 INFO Skip @SpringBootApplication annotation for class com.alibaba.nacos.cmdb.CmdbApp to avoid duplicate scan

2025-06-05 14:37:10,080 WARN Istio module disabled because set nacos.extension.naming.istio.enabled as false

2025-06-05 14:37:10,082 WARN Istio module disabled because set nacos.extension.naming.istio.enabled as false

2025-06-05 14:37:10,083 WARN Istio module disabled because set nacos.extension.naming.istio.enabled as false

2025-06-05 14:37:10,087 WARN Istio module disabled because set nacos.extension.naming.istio.enabled as false

2025-06-05 14:37:10,090 WARN Istio module disabled because set nacos.extension.naming.istio.enabled as false

2025-06-05 14:37:10,092 WARN Istio module disabled because set nacos.extension.naming.istio.enabled as false

2025-06-05 14:37:10,100 WARN Istio module disabled because set nacos.extension.naming.istio.enabled as false

2025-06-05 14:37:10,100 WARN Istio module disabled because set nacos.extension.naming.istio.enabled as false

2025-06-05 14:37:10,101 WARN Istio module disabled because set nacos.extension.naming.istio.enabled as false

2025-06-05 14:37:10,103 WARN Istio module disabled because set nacos.extension.naming.istio.enabled as false

2025-06-05 14:37:10,107 WARN Istio module disabled because set nacos.extension.naming.istio.enabled as false

2025-06-05 14:37:10,108 WARN Istio module disabled because set nacos.extension.naming.istio.enabled as false

2025-06-05 14:37:10,111 WARN Istio module disabled because set nacos.extension.naming.istio.enabled as false

2025-06-05 14:37:10,112 WARN Istio module disabled because set nacos.extension.naming.istio.enabled as false

2025-06-05 14:37:10,116 WARN Istio module disabled because set nacos.extension.naming.istio.enabled as false

2025-06-05 14:37:10,119 WARN Istio module disabled because set nacos.extension.naming.istio.enabled as false

2025-06-05 14:37:10,120 WARN Istio module disabled because set nacos.extension.naming.istio.enabled as false

2025-06-05 14:37:10,123 WARN Istio module disabled because set nacos.extension.naming.istio.enabled as false

2025-06-05 14:37:10,124 WARN Istio module disabled because set nacos.extension.naming.istio.enabled as false

2025-06-05 14:37:10,127 WARN Istio module disabled because set nacos.extension.naming.istio.enabled as false

2025-06-05 14:37:10,128 WARN Istio module disabled because set nacos.extension.naming.istio.enabled as false

2025-06-05 14:37:10,131 WARN Istio module disabled because set nacos.extension.naming.istio.enabled as false

2025-06-05 14:37:10,132 WARN Istio module disabled because set nacos.extension.naming.istio.enabled as false

2025-06-05 14:37:10,136 WARN Istio module disabled because set nacos.extension.naming.istio.enabled as false

2025-06-05 14:37:10,137 WARN Istio module disabled because set nacos.extension.naming.istio.enabled as false

2025-06-05 14:37:10,137 INFO Skip @SpringBootApplication annotation for class com.alibaba.nacos.istio.IstioApp to avoid duplicate scan

2025-06-05 14:37:10,139 WARN Istio module disabled because set nacos.extension.naming.istio.enabled as false

2025-06-05 14:37:10,140 WARN Istio module disabled because set nacos.extension.naming.istio.enabled as false

2025-06-05 14:37:10,144 WARN Istio module disabled because set nacos.extension.naming.istio.enabled as false

2025-06-05 14:37:10,146 WARN Istio module disabled because set nacos.extension.naming.istio.enabled as false

2025-06-05 14:37:10,146 WARN Istio module disabled because set nacos.extension.naming.istio.enabled as false

2025-06-05 14:37:10,147 WARN Istio module disabled because set nacos.extension.naming.istio.enabled as false

2025-06-05 14:37:10,149 WARN Istio module disabled because set nacos.extension.naming.istio.enabled as false

2025-06-05 14:37:10,152 WARN Istio module disabled because set nacos.extension.naming.istio.enabled as false

2025-06-05 14:37:10,156 WARN Istio module disabled because set nacos.extension.naming.istio.enabled as false

2025-06-05 14:37:10,158 WARN Istio module disabled because set nacos.extension.naming.istio.enabled as false

2025-06-05 14:37:10,161 WARN Istio module disabled because set nacos.extension.naming.istio.enabled as false

2025-06-05 14:37:11,523 INFO Skip @SpringBootApplication annotation for class com.alibaba.nacos.prometheus.PrometheusApp to avoid duplicate scan

2025-06-05 14:37:15,945 INFO Tomcat initialized with port(s): 8848 (http)

2025-06-05 14:37:15,978 INFO Starting service [Tomcat]

2025-06-05 14:37:15,978 INFO Starting Servlet engine: [Apache Tomcat/9.0.98]

2025-06-05 14:37:16,215 INFO Initializing Spring embedded WebApplicationContext

2025-06-05 14:37:16,215 INFO Root WebApplicationContext: initialization completed in 8095 ms

2025-06-05 14:37:16,324 INFO Not found ServerIdentityChecker implementation from SPI, use default.

2025-06-05 14:37:16,899 INFO Nacos-related cluster resource initialization

2025-06-05 14:37:16,911 INFO Load com.alibaba.nacos.core.ability.RemoteAbilityInitializer for ServerAbilityInitializer

2025-06-05 14:37:16,912 INFO Load com.alibaba.nacos.naming.ability.NamingAbilityInitializer for ServerAbilityInitializer

2025-06-05 14:37:16,919 INFO The cluster resource is initialized

2025-06-05 14:37:17,497 INFO HikariPool-1 - Starting...

2025-06-05 14:37:18,511 INFO HikariPool-1 - Start completed.

2025-06-05 14:37:19,740 INFO [MapperManager] Load Mapper(class com.alibaba.nacos.plugin.datasource.impl.mysql.ConfigInfoBetaMapperByMySql) datasource(mysql) tableName(config_info_beta) successfully.

2025-06-05 14:37:19,741 INFO [MapperManager] Load Mapper(class com.alibaba.nacos.plugin.datasource.impl.mysql.ConfigInfoMapperByMySql) datasource(mysql) tableName(config_info) successfully.

2025-06-05 14:37:19,741 INFO [MapperManager] Load Mapper(class com.alibaba.nacos.plugin.datasource.impl.mysql.ConfigInfoTagMapperByMySql) datasource(mysql) tableName(config_info_tag) successfully.

2025-06-05 14:37:19,742 INFO [MapperManager] Load Mapper(class com.alibaba.nacos.plugin.datasource.impl.mysql.ConfigInfoGrayMapperByMySql) datasource(mysql) tableName(config_info_gray) successfully.

2025-06-05 14:37:19,742 INFO [MapperManager] Load Mapper(class com.alibaba.nacos.plugin.datasource.impl.mysql.ConfigTagsRelationMapperByMySql) datasource(mysql) tableName(config_tags_relation) successfully.

2025-06-05 14:37:19,743 INFO [MapperManager] Load Mapper(class com.alibaba.nacos.plugin.datasource.impl.mysql.HistoryConfigInfoMapperByMySql) datasource(mysql) tableName(his_config_info) successfully.

2025-06-05 14:37:19,743 INFO [MapperManager] Load Mapper(class com.alibaba.nacos.plugin.datasource.impl.mysql.TenantInfoMapperByMySql) datasource(mysql) tableName(tenant_info) successfully.

2025-06-05 14:37:19,743 INFO [MapperManager] Load Mapper(class com.alibaba.nacos.plugin.datasource.impl.mysql.TenantCapacityMapperByMySql) datasource(mysql) tableName(tenant_capacity) successfully.

2025-06-05 14:37:19,743 INFO [MapperManager] Load Mapper(class com.alibaba.nacos.plugin.datasource.impl.mysql.GroupCapacityMapperByMysql) datasource(mysql) tableName(group_capacity) successfully.

2025-06-05 14:37:19,744 INFO [MapperManager] Load Mapper(class com.alibaba.nacos.plugin.datasource.impl.derby.ConfigInfoBetaMapperByDerby) datasource(derby) tableName(config_info_beta) successfully.

2025-06-05 14:37:19,744 INFO [MapperManager] Load Mapper(class com.alibaba.nacos.plugin.datasource.impl.derby.ConfigInfoMapperByDerby) datasource(derby) tableName(config_info) successfully.

2025-06-05 14:37:19,744 INFO [MapperManager] Load Mapper(class com.alibaba.nacos.plugin.datasource.impl.derby.ConfigInfoTagMapperByDerby) datasource(derby) tableName(config_info_tag) successfully.

2025-06-05 14:37:19,744 INFO [MapperManager] Load Mapper(class com.alibaba.nacos.plugin.datasource.impl.derby.ConfigInfoGrayMapperByDerby) datasource(derby) tableName(config_info_gray) successfully.

2025-06-05 14:37:19,745 INFO [MapperManager] Load Mapper(class com.alibaba.nacos.plugin.datasource.impl.derby.ConfigInfoTagsRelationMapperByDerby) datasource(derby) tableName(config_tags_relation) successfully.

2025-06-05 14:37:19,745 INFO [MapperManager] Load Mapper(class com.alibaba.nacos.plugin.datasource.impl.derby.HistoryConfigInfoMapperByDerby) datasource(derby) tableName(his_config_info) successfully.

2025-06-05 14:37:19,745 INFO [MapperManager] Load Mapper(class com.alibaba.nacos.plugin.datasource.impl.derby.TenantInfoMapperByDerby) datasource(derby) tableName(tenant_info) successfully.

2025-06-05 14:37:19,745 INFO [MapperManager] Load Mapper(class com.alibaba.nacos.plugin.datasource.impl.derby.TenantCapacityMapperByDerby) datasource(derby) tableName(tenant_capacity) successfully.

2025-06-05 14:37:19,746 INFO [MapperManager] Load Mapper(class com.alibaba.nacos.plugin.datasource.impl.derby.GroupCapacityMapperByDerby) datasource(derby) tableName(group_capacity) successfully.

2025-06-05 14:37:19,930 INFO ConfigQueryHandlerChain has been initialized successfully with chain: nacos

2025-06-05 14:37:20,250 INFO [ConfigCacheFactoryDelegate] Matched ConfigCacheFactory not found, Load Default NacosConfigCacheFactory successfully.

2025-06-05 14:37:20,331 INFO [ConfigCachePostProcessorDelegate] Matched ConfigCachePostProcessor not found, load Default NacosConfigCachePostProcessor successfully

2025-06-05 14:37:21,266 INFO Get historyConfigCleaner config from env, activeHistoryConfigCleaner{ activeHistoryConfigCleaner=nacos}

2025-06-05 14:37:21,929 INFO Ready to get current node abilities...

2025-06-05 14:37:21,932 INFO Ready to initialize current node abilities, support modes: [CLUSTER_CLIENT, SERVER, SDK_CLIENT]

2025-06-05 14:37:21,933 INFO Initialize current abilities finish...

2025-06-05 14:37:21,934 INFO Ready to get current node abilities...

2025-06-05 14:37:21,934 INFO Ready to initialize current node abilities, support modes: [SDK_CLIENT]

2025-06-05 14:37:21,934 INFO Initialize current abilities finish...

2025-06-05 14:37:21,935 INFO [AbilityControlManager] Successfully initialize AbilityControlManager

2025-06-05 14:37:23,449 INFO Will secure any request with [org.springframework.security.web.session.DisableEncodeUrlFilter@1b5c3e5f, org.springframework.security.web.context.request.async.WebAsyncManagerIntegrationFilter@13741d5a, org.springframework.security.web.context.SecurityContextPersistenceFilter@690bc15e, org.springframework.security.web.header.HeaderWriterFilter@45c2e0a6, org.springframework.security.web.csrf.CsrfFilter@987455b, org.springframework.security.web.authentication.logout.LogoutFilter@2d272b0d, org.springframework.security.web.savedrequest.RequestCacheAwareFilter@475646d4, org.springframework.security.web.servletapi.SecurityContextHolderAwareRequestFilter@3db972d2, org.springframework.security.web.authentication.AnonymousAuthenticationFilter@6b69761b, org.springframework.security.web.session.SessionManagementFilter@a7ad6e5, org.springframework.security.web.access.ExceptionTranslationFilter@574cd322]

2025-06-05 14:37:23,878 INFO Adding welcome page: class path resource [static/index.html]

2025-06-05 14:37:24,413 INFO Exposing 1 endpoint(s) beneath base path '/actuator'

2025-06-05 14:37:24,471 WARN You are asking Spring Security to ignore Ant [pattern='/**']. This is not recommended -- please use permitAll via HttpSecurity#authorizeHttpRequests instead.

2025-06-05 14:37:24,472 INFO Will not secure Ant [pattern='/**']

2025-06-05 14:37:24,472 WARN You are asking Spring Security to ignore Mvc [pattern='/prometheus']. This is not recommended -- please use permitAll via HttpSecurity#authorizeHttpRequests instead.

2025-06-05 14:37:24,473 INFO Will not secure Mvc [pattern='/prometheus']

2025-06-05 14:37:24,473 WARN You are asking Spring Security to ignore Mvc [pattern='/prometheus/namespaceId/{namespaceId}']. This is not recommended -- please use permitAll via HttpSecurity#authorizeHttpRequests instead.

2025-06-05 14:37:24,473 INFO Will not secure Mvc [pattern='/prometheus/namespaceId/{namespaceId}']

2025-06-05 14:37:24,474 WARN You are asking Spring Security to ignore Mvc [pattern='/prometheus/namespaceId/{namespaceId}/service/{service}']. This is not recommended -- please use permitAll via HttpSecurity#authorizeHttpRequests instead.

2025-06-05 14:37:24,475 INFO Will not secure Mvc [pattern='/prometheus/namespaceId/{namespaceId}/service/{service}']

2025-06-05 14:37:24,617 INFO Tomcat started on port(s): 8848 (http) with context path '/nacos'

2025-06-05 14:37:24,636 INFO No TaskScheduler/ScheduledExecutorService bean found for scheduled processing

2025-06-05 14:37:24,689 INFO Started Nacos in 19.903 seconds (JVM running for 21.88)

2025-06-05 14:37:24,690 INFO Nacos started successfully in stand alone mode. use external storage

2025-06-05 14:37:24,762 INFO Initializing Spring DispatcherServlet 'dispatcherServlet'

2025-06-05 14:37:24,762 INFO Initializing Servlet 'dispatcherServlet'

2025-06-05 14:37:24,764 INFO Completed initialization in 1 ms

2025-06-05 14:37:24,795 INFO [AuthPluginManager] Load AuthPluginService(class com.alibaba.nacos.plugin.auth.impl.NacosAuthPluginService) AuthServiceName(nacos) successfully.

2025-06-05 14:37:24,795 INFO [AuthPluginManager] Load AuthPluginService(class com.alibaba.nacos.plugin.auth.impl.LdapAuthPluginService) AuthServiceName(ldap) successfully.

2025-06-05 14:37:26,116 INFO Get ParamCheck config from env, ParamCheckConfig{paramCheckEnabled=trueactiveParamChecker=default}

2025-06-05 14:37:57,352 INFO ConfigQueryRequestExtractor has been initialized successfully with extractor: nacos

2025-06-05 14:37:57,449 INFO [Md5ComparatorDelegate] Matched Md5Comparator not found, load Default NacosMd5Comparator successfully

2025-06-05 14:38:12,102 INFO Get Push config from env, PushConfig{pushTaskDelay=500, pushTaskTimeout=5000, pushTaskRetryDelay=1000}

2025-06-05 14:38:12,121 INFO Get NamingClient config from env, ClientConfig{clientExpiredTime=180000}

2025-06-05 14:39:32,441 INFO [NotifyCenter] Start destroying Publisher

2025-06-05 14:39:32,444 WARN [WatchFileCenter] start close

2025-06-05 14:39:32,444 WARN [WatchFileCenter] start to shutdown this watcher which is watch : /home/nacos/conf

2025-06-05 14:39:32,442 INFO [HttpClientBeanHolder] Start destroying common HttpClient

2025-06-05 14:39:32,444 INFO [ThreadPoolManager] Start destroying ThreadPool

2025-06-05 14:39:32,445 INFO [NotifyCenter] Completed destruction of Publisher

2025-06-05 14:39:32,451 WARN [WatchFileCenter] already closed

2025-06-05 14:39:32,469 INFO [HttpClientBeanHolder] Completed destruction of HttpClient

2025-06-05 14:39:33,677 INFO [ThreadPoolManager] Completed destruction of ThreadPool

