2025-06-05 10:16:46,155 INFO Fail to find connection runtime ejector for name nacos,use default

2025-06-05 10:16:47,168 INFO Connection check task start

2025-06-05 10:16:47,169 INFO Long connection metrics detail ,Total count =0, sdkCount=0,clusterCount=0

2025-06-05 10:16:47,170 INFO Out dated connection ,size=0

2025-06-05 10:16:47,171 INFO Connection check task end

2025-06-05 10:16:47,493 INFO ConnectionMetrics, totalCount = 0, detail = {long_connection=0, long_polling=0}

2025-06-05 10:16:50,267 INFO Connection check task start

2025-06-05 10:16:50,267 INFO Long connection metrics detail ,Total count =0, sdkCount=0,clusterCount=0

2025-06-05 10:16:50,267 INFO Out dated connection ,size=0

2025-06-05 10:16:50,269 INFO Connection check task end

2025-06-05 10:16:50,495 INFO ConnectionMetrics, totalCount = 0, detail = {long_connection=0, long_polling=0}

2025-06-05 10:16:53,270 INFO Connection check task start

2025-06-05 10:16:53,270 INFO Long connection metrics detail ,Total count =0, sdkCount=0,clusterCount=0

2025-06-05 10:16:53,270 INFO Out dated connection ,size=0

2025-06-05 10:16:53,270 INFO Connection check task end

2025-06-05 10:16:53,497 INFO ConnectionMetrics, totalCount = 0, detail = {long_connection=0, long_polling=0}

2025-06-05 10:16:56,272 INFO Connection check task start

2025-06-05 10:16:56,277 INFO Long connection metrics detail ,Total count =0, sdkCount=0,clusterCount=0

2025-06-05 10:16:56,277 INFO Out dated connection ,size=0

2025-06-05 10:16:56,279 INFO Connection check task end

2025-06-05 10:16:56,499 INFO ConnectionMetrics, totalCount = 0, detail = {long_connection=0, long_polling=0}

2025-06-05 10:16:59,280 INFO Connection check task start

2025-06-05 10:16:59,280 INFO Long connection metrics detail ,Total count =0, sdkCount=0,clusterCount=0

2025-06-05 10:16:59,281 INFO Out dated connection ,size=0

2025-06-05 10:16:59,281 INFO Connection check task end

2025-06-05 10:16:59,500 INFO ConnectionMetrics, totalCount = 0, detail = {long_connection=0, long_polling=0}

2025-06-05 10:17:02,281 INFO Connection check task start

2025-06-05 10:17:02,281 INFO Long connection metrics detail ,Total count =0, sdkCount=0,clusterCount=0

2025-06-05 10:17:02,282 INFO Out dated connection ,size=0

2025-06-05 10:17:02,283 INFO Connection check task end

2025-06-05 10:17:02,501 INFO ConnectionMetrics, totalCount = 0, detail = {long_connection=0, long_polling=0}

2025-06-05 10:17:05,284 INFO Connection check task start

2025-06-05 10:17:05,285 INFO Long connection metrics detail ,Total count =0, sdkCount=0,clusterCount=0

2025-06-05 10:17:05,285 INFO Out dated connection ,size=0

2025-06-05 10:17:05,286 INFO Connection check task end

2025-06-05 10:17:05,502 INFO ConnectionMetrics, totalCount = 0, detail = {long_connection=0, long_polling=0}

2025-06-05 10:17:08,287 INFO Connection check task start

2025-06-05 10:17:08,287 INFO Long connection metrics detail ,Total count =0, sdkCount=0,clusterCount=0

2025-06-05 10:17:08,287 INFO Out dated connection ,size=0

2025-06-05 10:17:08,288 INFO Connection check task end

2025-06-05 10:17:08,503 INFO ConnectionMetrics, totalCount = 0, detail = {long_connection=0, long_polling=0}

2025-06-05 10:17:11,289 INFO Connection check task start

2025-06-05 10:17:11,290 INFO Long connection metrics detail ,Total count =0, sdkCount=0,clusterCount=0

2025-06-05 10:17:11,291 INFO Out dated connection ,size=0

2025-06-05 10:17:11,291 INFO Connection check task end

2025-06-05 10:17:11,505 INFO ConnectionMetrics, totalCount = 0, detail = {long_connection=0, long_polling=0}

2025-06-05 10:17:14,293 INFO Connection check task start

2025-06-05 10:17:14,294 INFO Long connection metrics detail ,Total count =0, sdkCount=0,clusterCount=0

2025-06-05 10:17:14,296 INFO Out dated connection ,size=0

2025-06-05 10:17:14,297 INFO Connection check task end

2025-06-05 10:17:14,507 INFO ConnectionMetrics, totalCount = 0, detail = {long_connection=0, long_polling=0}

2025-06-05 10:17:17,299 INFO Connection check task start

2025-06-05 10:17:17,300 INFO Long connection metrics detail ,Total count =0, sdkCount=0,clusterCount=0

2025-06-05 10:17:17,302 INFO Out dated connection ,size=0

2025-06-05 10:17:17,303 INFO Connection check task end

2025-06-05 10:17:17,511 INFO ConnectionMetrics, totalCount = 0, detail = {long_connection=0, long_polling=0}

2025-06-05 10:17:20,305 INFO Connection check task start

2025-06-05 10:17:20,307 INFO Long connection metrics detail ,Total count =0, sdkCount=0,clusterCount=0

2025-06-05 10:17:20,308 INFO Out dated connection ,size=0

2025-06-05 10:17:20,310 INFO Connection check task end

2025-06-05 10:17:20,513 INFO ConnectionMetrics, totalCount = 0, detail = {long_connection=0, long_polling=0}

2025-06-05 10:17:23,311 INFO Connection check task start

2025-06-05 10:17:23,312 INFO Long connection metrics detail ,Total count =0, sdkCount=0,clusterCount=0

2025-06-05 10:17:23,312 INFO Out dated connection ,size=0

2025-06-05 10:17:23,313 INFO Connection check task end

2025-06-05 10:17:23,516 INFO ConnectionMetrics, totalCount = 0, detail = {long_connection=0, long_polling=0}

2025-06-05 10:17:26,315 INFO Connection check task start

2025-06-05 10:17:26,315 INFO Long connection metrics detail ,Total count =0, sdkCount=0,clusterCount=0

2025-06-05 10:17:26,316 INFO Out dated connection ,size=0

2025-06-05 10:17:26,316 INFO Connection check task end

2025-06-05 10:17:26,518 INFO ConnectionMetrics, totalCount = 0, detail = {long_connection=0, long_polling=0}

2025-06-05 10:17:29,317 INFO Connection check task start

2025-06-05 10:17:29,317 INFO Long connection metrics detail ,Total count =0, sdkCount=0,clusterCount=0

2025-06-05 10:17:29,318 INFO Out dated connection ,size=0

2025-06-05 10:17:29,318 INFO Connection check task end

2025-06-05 10:17:29,520 INFO ConnectionMetrics, totalCount = 0, detail = {long_connection=0, long_polling=0}

2025-06-05 10:17:32,319 INFO Connection check task start

2025-06-05 10:17:32,321 INFO Long connection metrics detail ,Total count =0, sdkCount=0,clusterCount=0

2025-06-05 10:17:32,322 INFO Out dated connection ,size=0

2025-06-05 10:17:32,322 INFO Connection check task end

2025-06-05 10:17:32,522 INFO ConnectionMetrics, totalCount = 0, detail = {long_connection=0, long_polling=0}

2025-06-05 10:17:35,323 INFO Connection check task start

2025-06-05 10:17:35,325 INFO Long connection metrics detail ,Total count =0, sdkCount=0,clusterCount=0

2025-06-05 10:17:35,326 INFO Out dated connection ,size=0

2025-06-05 10:17:35,327 INFO Connection check task end

2025-06-05 10:17:35,525 INFO ConnectionMetrics, totalCount = 0, detail = {long_connection=0, long_polling=0}

2025-06-05 10:17:38,329 INFO Connection check task start

2025-06-05 10:17:38,330 INFO Long connection metrics detail ,Total count =0, sdkCount=0,clusterCount=0

2025-06-05 10:17:38,331 INFO Out dated connection ,size=0

2025-06-05 10:17:38,332 INFO Connection check task end

2025-06-05 10:17:38,526 INFO ConnectionMetrics, totalCount = 0, detail = {long_connection=0, long_polling=0}

2025-06-05 10:17:41,333 INFO Connection check task start

2025-06-05 10:17:41,335 INFO Long connection metrics detail ,Total count =0, sdkCount=0,clusterCount=0

2025-06-05 10:17:41,336 INFO Out dated connection ,size=0

2025-06-05 10:17:41,337 INFO Connection check task end

2025-06-05 10:17:41,529 INFO ConnectionMetrics, totalCount = 0, detail = {long_connection=0, long_polling=0}

2025-06-05 10:17:44,339 INFO Connection check task start

2025-06-05 10:17:44,341 INFO Long connection metrics detail ,Total count =0, sdkCount=0,clusterCount=0

2025-06-05 10:17:44,342 INFO Out dated connection ,size=0

2025-06-05 10:17:44,343 INFO Connection check task end

2025-06-05 10:17:44,531 INFO ConnectionMetrics, totalCount = 0, detail = {long_connection=0, long_polling=0}

2025-06-05 10:17:47,344 INFO Connection check task start

2025-06-05 10:17:47,345 INFO Long connection metrics detail ,Total count =0, sdkCount=0,clusterCount=0

2025-06-05 10:17:47,346 INFO Out dated connection ,size=0

2025-06-05 10:17:47,347 INFO Connection check task end

2025-06-05 10:17:47,534 INFO ConnectionMetrics, totalCount = 0, detail = {long_connection=0, long_polling=0}

2025-06-05 10:17:50,348 INFO Connection check task start

2025-06-05 10:17:50,349 INFO Long connection metrics detail ,Total count =0, sdkCount=0,clusterCount=0

2025-06-05 10:17:50,350 INFO Out dated connection ,size=0

2025-06-05 10:17:50,351 INFO Connection check task end

2025-06-05 10:17:50,536 INFO ConnectionMetrics, totalCount = 0, detail = {long_connection=0, long_polling=0}

2025-06-05 10:17:53,351 INFO Connection check task start

2025-06-05 10:17:53,353 INFO Long connection metrics detail ,Total count =0, sdkCount=0,clusterCount=0

2025-06-05 10:17:53,354 INFO Out dated connection ,size=0

2025-06-05 10:17:53,355 INFO Connection check task end

2025-06-05 10:17:53,538 INFO ConnectionMetrics, totalCount = 0, detail = {long_connection=0, long_polling=0}

2025-06-05 10:17:56,357 INFO Connection check task start

2025-06-05 10:17:56,358 INFO Long connection metrics detail ,Total count =0, sdkCount=0,clusterCount=0

2025-06-05 10:17:56,358 INFO Out dated connection ,size=0

2025-06-05 10:17:56,358 INFO Connection check task end

2025-06-05 10:17:56,540 INFO ConnectionMetrics, totalCount = 0, detail = {long_connection=0, long_polling=0}

2025-06-05 10:17:59,359 INFO Connection check task start

2025-06-05 10:17:59,360 INFO Long connection metrics detail ,Total count =0, sdkCount=0,clusterCount=0

2025-06-05 10:17:59,361 INFO Out dated connection ,size=0

2025-06-05 10:17:59,361 INFO Connection check task end

2025-06-05 10:17:59,542 INFO ConnectionMetrics, totalCount = 0, detail = {long_connection=0, long_polling=0}

2025-06-05 10:18:02,362 INFO Connection check task start

2025-06-05 10:18:02,363 INFO Long connection metrics detail ,Total count =0, sdkCount=0,clusterCount=0

2025-06-05 10:18:02,365 INFO Out dated connection ,size=0

2025-06-05 10:18:02,367 INFO Connection check task end

2025-06-05 10:18:02,544 INFO ConnectionMetrics, totalCount = 0, detail = {long_connection=0, long_polling=0}

2025-06-05 10:18:05,368 INFO Connection check task start

2025-06-05 10:18:05,370 INFO Long connection metrics detail ,Total count =0, sdkCount=0,clusterCount=0

2025-06-05 10:18:05,371 INFO Out dated connection ,size=0

2025-06-05 10:18:05,372 INFO Connection check task end

2025-06-05 10:18:05,546 INFO ConnectionMetrics, totalCount = 0, detail = {long_connection=0, long_polling=0}

2025-06-05 10:18:08,373 INFO Connection check task start

2025-06-05 10:18:08,375 INFO Long connection metrics detail ,Total count =0, sdkCount=0,clusterCount=0

2025-06-05 10:18:08,375 INFO Out dated connection ,size=0

2025-06-05 10:18:08,376 INFO Connection check task end

2025-06-05 10:18:08,548 INFO ConnectionMetrics, totalCount = 0, detail = {long_connection=0, long_polling=0}

2025-06-05 10:18:11,377 INFO Connection check task start

2025-06-05 10:18:11,379 INFO Long connection metrics detail ,Total count =0, sdkCount=0,clusterCount=0

2025-06-05 10:18:11,381 INFO Out dated connection ,size=0

2025-06-05 10:18:11,382 INFO Connection check task end

2025-06-05 10:18:11,551 INFO ConnectionMetrics, totalCount = 0, detail = {long_connection=0, long_polling=0}

2025-06-05 10:18:14,387 INFO Connection check task start

2025-06-05 10:18:14,389 INFO Long connection metrics detail ,Total count =0, sdkCount=0,clusterCount=0

2025-06-05 10:18:14,390 INFO Out dated connection ,size=0

2025-06-05 10:18:14,390 INFO Connection check task end

2025-06-05 10:18:14,553 INFO ConnectionMetrics, totalCount = 0, detail = {long_connection=0, long_polling=0}

2025-06-05 10:18:17,392 INFO Connection check task start

2025-06-05 10:18:17,393 INFO Long connection metrics detail ,Total count =0, sdkCount=0,clusterCount=0

2025-06-05 10:18:17,394 INFO Out dated connection ,size=0

2025-06-05 10:18:17,394 INFO Connection check task end

2025-06-05 10:18:17,554 INFO ConnectionMetrics, totalCount = 0, detail = {long_connection=0, long_polling=0}

2025-06-05 10:18:20,395 INFO Connection check task start

2025-06-05 10:18:20,396 INFO Long connection metrics detail ,Total count =0, sdkCount=0,clusterCount=0

2025-06-05 10:18:20,397 INFO Out dated connection ,size=0

2025-06-05 10:18:20,398 INFO Connection check task end

2025-06-05 10:18:20,556 INFO ConnectionMetrics, totalCount = 0, detail = {long_connection=0, long_polling=0}

2025-06-05 10:18:23,399 INFO Connection check task start

2025-06-05 10:18:23,400 INFO Long connection metrics detail ,Total count =0, sdkCount=0,clusterCount=0

2025-06-05 10:18:23,401 INFO Out dated connection ,size=0

2025-06-05 10:18:23,401 INFO Connection check task end

2025-06-05 10:18:23,559 INFO ConnectionMetrics, totalCount = 0, detail = {long_connection=0, long_polling=0}

2025-06-05 10:18:26,403 INFO Connection check task start

2025-06-05 10:18:26,405 INFO Long connection metrics detail ,Total count =0, sdkCount=0,clusterCount=0

2025-06-05 10:18:26,406 INFO Out dated connection ,size=0

2025-06-05 10:18:26,407 INFO Connection check task end

2025-06-05 10:18:26,561 INFO ConnectionMetrics, totalCount = 0, detail = {long_connection=0, long_polling=0}

2025-06-05 10:18:29,409 INFO Connection check task start

2025-06-05 10:18:29,410 INFO Long connection metrics detail ,Total count =0, sdkCount=0,clusterCount=0

2025-06-05 10:18:29,412 INFO Out dated connection ,size=0

2025-06-05 10:18:29,412 INFO Connection check task end

2025-06-05 10:18:29,563 INFO ConnectionMetrics, totalCount = 0, detail = {long_connection=0, long_polling=0}

2025-06-05 10:18:32,413 INFO Connection check task start

2025-06-05 10:18:32,416 INFO Long connection metrics detail ,Total count =0, sdkCount=0,clusterCount=0

2025-06-05 10:18:32,417 INFO Out dated connection ,size=0

2025-06-05 10:18:32,417 INFO Connection check task end

2025-06-05 10:18:32,565 INFO ConnectionMetrics, totalCount = 0, detail = {long_connection=0, long_polling=0}

2025-06-05 10:18:35,418 INFO Connection check task start

2025-06-05 10:18:35,420 INFO Long connection metrics detail ,Total count =0, sdkCount=0,clusterCount=0

2025-06-05 10:18:35,421 INFO Out dated connection ,size=0

2025-06-05 10:18:35,421 INFO Connection check task end

2025-06-05 10:18:35,568 INFO ConnectionMetrics, totalCount = 0, detail = {long_connection=0, long_polling=0}

2025-06-05 10:18:38,422 INFO Connection check task start

2025-06-05 10:18:38,424 INFO Long connection metrics detail ,Total count =0, sdkCount=0,clusterCount=0

2025-06-05 10:18:38,425 INFO Out dated connection ,size=0

2025-06-05 10:18:38,426 INFO Connection check task end

2025-06-05 10:18:38,570 INFO ConnectionMetrics, totalCount = 0, detail = {long_connection=0, long_polling=0}

2025-06-05 10:18:41,429 INFO Connection check task start

2025-06-05 10:18:41,429 INFO Long connection metrics detail ,Total count =0, sdkCount=0,clusterCount=0

2025-06-05 10:18:41,430 INFO Out dated connection ,size=0

2025-06-05 10:18:41,430 INFO Connection check task end

2025-06-05 10:18:41,573 INFO ConnectionMetrics, totalCount = 0, detail = {long_connection=0, long_polling=0}

2025-06-05 10:18:44,431 INFO Connection check task start

2025-06-05 10:18:44,433 INFO Long connection metrics detail ,Total count =0, sdkCount=0,clusterCount=0

2025-06-05 10:18:44,433 INFO Out dated connection ,size=0

2025-06-05 10:18:44,434 INFO Connection check task end

2025-06-05 10:18:44,575 INFO ConnectionMetrics, totalCount = 0, detail = {long_connection=0, long_polling=0}

2025-06-05 10:18:47,435 INFO Connection check task start

2025-06-05 10:18:47,438 INFO Long connection metrics detail ,Total count =0, sdkCount=0,clusterCount=0

2025-06-05 10:18:47,439 INFO Out dated connection ,size=0

2025-06-05 10:18:47,439 INFO Connection check task end

2025-06-05 10:18:47,577 INFO ConnectionMetrics, totalCount = 0, detail = {long_connection=0, long_polling=0}

2025-06-05 10:18:50,440 INFO Connection check task start

2025-06-05 10:18:50,442 INFO Long connection metrics detail ,Total count =0, sdkCount=0,clusterCount=0

2025-06-05 10:18:50,443 INFO Out dated connection ,size=0

2025-06-05 10:18:50,444 INFO Connection check task end

2025-06-05 10:18:50,580 INFO ConnectionMetrics, totalCount = 0, detail = {long_connection=0, long_polling=0}

2025-06-05 10:18:53,446 INFO Connection check task start

2025-06-05 10:18:53,447 INFO Long connection metrics detail ,Total count =0, sdkCount=0,clusterCount=0

2025-06-05 10:18:53,448 INFO Out dated connection ,size=0

2025-06-05 10:18:53,448 INFO Connection check task end

2025-06-05 10:18:53,581 INFO ConnectionMetrics, totalCount = 0, detail = {long_connection=0, long_polling=0}

2025-06-05 10:18:56,450 INFO Connection check task start

2025-06-05 10:18:56,452 INFO Long connection metrics detail ,Total count =0, sdkCount=0,clusterCount=0

2025-06-05 10:18:56,452 INFO Out dated connection ,size=0

2025-06-05 10:18:56,453 INFO Connection check task end

2025-06-05 10:18:56,582 INFO ConnectionMetrics, totalCount = 0, detail = {long_connection=0, long_polling=0}

2025-06-05 10:18:59,455 INFO Connection check task start

2025-06-05 10:18:59,456 INFO Long connection metrics detail ,Total count =0, sdkCount=0,clusterCount=0

2025-06-05 10:18:59,457 INFO Out dated connection ,size=0

2025-06-05 10:18:59,458 INFO Connection check task end

2025-06-05 10:18:59,583 INFO ConnectionMetrics, totalCount = 0, detail = {long_connection=0, long_polling=0}

2025-06-05 10:19:02,459 INFO Connection check task start

2025-06-05 10:19:02,461 INFO Long connection metrics detail ,Total count =0, sdkCount=0,clusterCount=0

2025-06-05 10:19:02,462 INFO Out dated connection ,size=0

2025-06-05 10:19:02,462 INFO Connection check task end

2025-06-05 10:19:02,584 INFO ConnectionMetrics, totalCount = 0, detail = {long_connection=0, long_polling=0}

2025-06-05 10:19:05,482 INFO Connection check task start

2025-06-05 10:19:05,485 INFO Long connection metrics detail ,Total count =0, sdkCount=0,clusterCount=0

2025-06-05 10:19:05,486 INFO Out dated connection ,size=0

2025-06-05 10:19:05,486 INFO Connection check task end

2025-06-05 10:19:05,586 INFO ConnectionMetrics, totalCount = 0, detail = {long_connection=0, long_polling=0}

2025-06-05 10:19:08,488 INFO Connection check task start

2025-06-05 10:19:08,489 INFO Long connection metrics detail ,Total count =0, sdkCount=0,clusterCount=0

2025-06-05 10:19:08,489 INFO Out dated connection ,size=0

2025-06-05 10:19:08,489 INFO Connection check task end

2025-06-05 10:19:08,588 INFO ConnectionMetrics, totalCount = 0, detail = {long_connection=0, long_polling=0}

2025-06-05 10:19:11,491 INFO Connection check task start

2025-06-05 10:19:11,492 INFO Long connection metrics detail ,Total count =0, sdkCount=0,clusterCount=0

2025-06-05 10:19:11,493 INFO Out dated connection ,size=0

2025-06-05 10:19:11,493 INFO Connection check task end

2025-06-05 10:19:11,590 INFO ConnectionMetrics, totalCount = 0, detail = {long_connection=0, long_polling=0}

2025-06-05 10:19:14,495 INFO Connection check task start

2025-06-05 10:19:14,496 INFO Long connection metrics detail ,Total count =0, sdkCount=0,clusterCount=0

2025-06-05 10:19:14,496 INFO Out dated connection ,size=0

2025-06-05 10:19:14,497 INFO Connection check task end

2025-06-05 10:19:14,592 INFO ConnectionMetrics, totalCount = 0, detail = {long_connection=0, long_polling=0}

2025-06-05 10:19:17,498 INFO Connection check task start

2025-06-05 10:19:17,499 INFO Long connection metrics detail ,Total count =0, sdkCount=0,clusterCount=0

2025-06-05 10:19:17,501 INFO Out dated connection ,size=0

2025-06-05 10:19:17,501 INFO Connection check task end

2025-06-05 10:19:17,593 INFO ConnectionMetrics, totalCount = 0, detail = {long_connection=0, long_polling=0}

2025-06-05 10:19:20,504 INFO Connection check task start

2025-06-05 10:19:20,505 INFO Long connection metrics detail ,Total count =0, sdkCount=0,clusterCount=0

2025-06-05 10:19:20,505 INFO Out dated connection ,size=0

2025-06-05 10:19:20,506 INFO Connection check task end

2025-06-05 10:19:20,595 INFO ConnectionMetrics, totalCount = 0, detail = {long_connection=0, long_polling=0}

2025-06-05 10:19:23,507 INFO Connection check task start

2025-06-05 10:19:23,509 INFO Long connection metrics detail ,Total count =0, sdkCount=0,clusterCount=0

2025-06-05 10:19:23,510 INFO Out dated connection ,size=0

2025-06-05 10:19:23,510 INFO Connection check task end

2025-06-05 10:19:23,598 INFO ConnectionMetrics, totalCount = 0, detail = {long_connection=0, long_polling=0}

2025-06-05 10:19:26,513 INFO Connection check task start

2025-06-05 10:19:26,515 INFO Long connection metrics detail ,Total count =0, sdkCount=0,clusterCount=0

2025-06-05 10:19:26,515 INFO Out dated connection ,size=0

2025-06-05 10:19:26,516 INFO Connection check task end

2025-06-05 10:19:26,600 INFO ConnectionMetrics, totalCount = 0, detail = {long_connection=0, long_polling=0}

2025-06-05 10:19:29,518 INFO Connection check task start

2025-06-05 10:19:29,519 INFO Long connection metrics detail ,Total count =0, sdkCount=0,clusterCount=0

2025-06-05 10:19:29,520 INFO Out dated connection ,size=0

2025-06-05 10:19:29,521 INFO Connection check task end

2025-06-05 10:19:29,602 INFO ConnectionMetrics, totalCount = 0, detail = {long_connection=0, long_polling=0}

2025-06-05 10:19:32,523 INFO Connection check task start

2025-06-05 10:19:32,524 INFO Long connection metrics detail ,Total count =0, sdkCount=0,clusterCount=0

2025-06-05 10:19:32,524 INFO Out dated connection ,size=0

2025-06-05 10:19:32,524 INFO Connection check task end

2025-06-05 10:19:32,604 INFO ConnectionMetrics, totalCount = 0, detail = {long_connection=0, long_polling=0}

2025-06-05 10:19:35,526 INFO Connection check task start

2025-06-05 10:19:35,527 INFO Long connection metrics detail ,Total count =0, sdkCount=0,clusterCount=0

2025-06-05 10:19:35,529 INFO Out dated connection ,size=0

2025-06-05 10:19:35,529 INFO Connection check task end

2025-06-05 10:19:35,605 INFO ConnectionMetrics, totalCount = 0, detail = {long_connection=0, long_polling=0}

2025-06-05 10:19:38,532 INFO Connection check task start

2025-06-05 10:19:38,534 INFO Long connection metrics detail ,Total count =0, sdkCount=0,clusterCount=0

2025-06-05 10:19:38,535 INFO Out dated connection ,size=0

2025-06-05 10:19:38,535 INFO Connection check task end

2025-06-05 10:19:38,607 INFO ConnectionMetrics, totalCount = 0, detail = {long_connection=0, long_polling=0}

2025-06-05 10:19:41,537 INFO Connection check task start

2025-06-05 10:19:41,538 INFO Long connection metrics detail ,Total count =0, sdkCount=0,clusterCount=0

2025-06-05 10:19:41,539 INFO Out dated connection ,size=0

2025-06-05 10:19:41,540 INFO Connection check task end

2025-06-05 10:19:41,609 INFO ConnectionMetrics, totalCount = 0, detail = {long_connection=0, long_polling=0}

2025-06-05 10:19:44,542 INFO Connection check task start

2025-06-05 10:19:44,543 INFO Long connection metrics detail ,Total count =0, sdkCount=0,clusterCount=0

2025-06-05 10:19:44,544 INFO Out dated connection ,size=0

2025-06-05 10:19:44,545 INFO Connection check task end

2025-06-05 10:19:44,611 INFO ConnectionMetrics, totalCount = 0, detail = {long_connection=0, long_polling=0}

2025-06-05 10:19:47,546 INFO Connection check task start

2025-06-05 10:19:47,547 INFO Long connection metrics detail ,Total count =0, sdkCount=0,clusterCount=0

2025-06-05 10:19:47,549 INFO Out dated connection ,size=0

2025-06-05 10:19:47,549 INFO Connection check task end

2025-06-05 10:19:47,614 INFO ConnectionMetrics, totalCount = 0, detail = {long_connection=0, long_polling=0}

2025-06-05 10:19:50,552 INFO Connection check task start

2025-06-05 10:19:50,553 INFO Long connection metrics detail ,Total count =0, sdkCount=0,clusterCount=0

2025-06-05 10:19:50,553 INFO Out dated connection ,size=0

2025-06-05 10:19:50,554 INFO Connection check task end

2025-06-05 10:19:50,618 INFO ConnectionMetrics, totalCount = 0, detail = {long_connection=0, long_polling=0}

2025-06-05 10:19:53,556 INFO Connection check task start

2025-06-05 10:19:53,557 INFO Long connection metrics detail ,Total count =0, sdkCount=0,clusterCount=0

2025-06-05 10:19:53,558 INFO Out dated connection ,size=0

2025-06-05 10:19:53,558 INFO Connection check task end

2025-06-05 10:19:53,620 INFO ConnectionMetrics, totalCount = 0, detail = {long_connection=0, long_polling=0}

2025-06-05 10:19:56,560 INFO Connection check task start

2025-06-05 10:19:56,561 INFO Long connection metrics detail ,Total count =0, sdkCount=0,clusterCount=0

2025-06-05 10:19:56,563 INFO Out dated connection ,size=0

2025-06-05 10:19:56,563 INFO Connection check task end

2025-06-05 10:19:56,623 INFO ConnectionMetrics, totalCount = 0, detail = {long_connection=0, long_polling=0}

2025-06-05 10:19:59,565 INFO Connection check task start

2025-06-05 10:19:59,566 INFO Long connection metrics detail ,Total count =0, sdkCount=0,clusterCount=0

2025-06-05 10:19:59,567 INFO Out dated connection ,size=0

2025-06-05 10:19:59,568 INFO Connection check task end

2025-06-05 10:19:59,625 INFO ConnectionMetrics, totalCount = 0, detail = {long_connection=0, long_polling=0}

2025-06-05 10:20:02,570 INFO Connection check task start

2025-06-05 10:20:02,571 INFO Long connection metrics detail ,Total count =0, sdkCount=0,clusterCount=0

2025-06-05 10:20:02,572 INFO Out dated connection ,size=0

2025-06-05 10:20:02,573 INFO Connection check task end

2025-06-05 10:20:02,627 INFO ConnectionMetrics, totalCount = 0, detail = {long_connection=0, long_polling=0}

2025-06-05 10:20:05,575 INFO Connection check task start

2025-06-05 10:20:05,576 INFO Long connection metrics detail ,Total count =0, sdkCount=0,clusterCount=0

2025-06-05 10:20:05,578 INFO Out dated connection ,size=0

2025-06-05 10:20:05,578 INFO Connection check task end

2025-06-05 10:20:05,628 INFO ConnectionMetrics, totalCount = 0, detail = {long_connection=0, long_polling=0}

2025-06-05 10:20:08,581 INFO Connection check task start

2025-06-05 10:20:08,582 INFO Long connection metrics detail ,Total count =0, sdkCount=0,clusterCount=0

2025-06-05 10:20:08,583 INFO Out dated connection ,size=0

2025-06-05 10:20:08,583 INFO Connection check task end

2025-06-05 10:20:08,630 INFO ConnectionMetrics, totalCount = 0, detail = {long_connection=0, long_polling=0}

2025-06-05 10:20:11,585 INFO Connection check task start

2025-06-05 10:20:11,586 INFO Long connection metrics detail ,Total count =0, sdkCount=0,clusterCount=0

2025-06-05 10:20:11,587 INFO Out dated connection ,size=0

2025-06-05 10:20:11,588 INFO Connection check task end

2025-06-05 10:20:11,633 INFO ConnectionMetrics, totalCount = 0, detail = {long_connection=0, long_polling=0}

2025-06-05 10:20:14,590 INFO Connection check task start

2025-06-05 10:20:14,591 INFO Long connection metrics detail ,Total count =0, sdkCount=0,clusterCount=0

2025-06-05 10:20:14,592 INFO Out dated connection ,size=0

2025-06-05 10:20:14,593 INFO Connection check task end

2025-06-05 10:20:14,639 INFO ConnectionMetrics, totalCount = 0, detail = {long_connection=0, long_polling=0}

2025-06-05 10:20:17,595 INFO Connection check task start

2025-06-05 10:20:17,596 INFO Long connection metrics detail ,Total count =0, sdkCount=0,clusterCount=0

2025-06-05 10:20:17,596 INFO Out dated connection ,size=0

2025-06-05 10:20:17,597 INFO Connection check task end

2025-06-05 10:20:17,641 INFO ConnectionMetrics, totalCount = 0, detail = {long_connection=0, long_polling=0}

2025-06-05 10:20:20,599 INFO Connection check task start

2025-06-05 10:20:20,600 INFO Long connection metrics detail ,Total count =0, sdkCount=0,clusterCount=0

2025-06-05 10:20:20,601 INFO Out dated connection ,size=0

2025-06-05 10:20:20,602 INFO Connection check task end

2025-06-05 10:20:20,643 INFO ConnectionMetrics, totalCount = 0, detail = {long_connection=0, long_polling=0}

2025-06-05 10:20:23,604 INFO Connection check task start

2025-06-05 10:20:23,605 INFO Long connection metrics detail ,Total count =0, sdkCount=0,clusterCount=0

2025-06-05 10:20:23,606 INFO Out dated connection ,size=0

2025-06-05 10:20:23,607 INFO Connection check task end

2025-06-05 10:20:23,645 INFO ConnectionMetrics, totalCount = 0, detail = {long_connection=0, long_polling=0}

2025-06-05 10:20:26,609 INFO Connection check task start

2025-06-05 10:20:26,610 INFO Long connection metrics detail ,Total count =0, sdkCount=0,clusterCount=0

2025-06-05 10:20:26,611 INFO Out dated connection ,size=0

2025-06-05 10:20:26,612 INFO Connection check task end

2025-06-05 10:20:26,648 INFO ConnectionMetrics, totalCount = 0, detail = {long_connection=0, long_polling=0}

2025-06-05 10:20:29,613 INFO Connection check task start

2025-06-05 10:20:29,614 INFO Long connection metrics detail ,Total count =0, sdkCount=0,clusterCount=0

2025-06-05 10:20:29,615 INFO Out dated connection ,size=0

2025-06-05 10:20:29,615 INFO Connection check task end

2025-06-05 10:20:29,650 INFO ConnectionMetrics, totalCount = 0, detail = {long_connection=0, long_polling=0}

2025-06-05 10:20:32,616 INFO Connection check task start

2025-06-05 10:20:32,619 INFO Long connection metrics detail ,Total count =0, sdkCount=0,clusterCount=0

2025-06-05 10:20:32,619 INFO Out dated connection ,size=0

2025-06-05 10:20:32,620 INFO Connection check task end

2025-06-05 10:20:32,652 INFO ConnectionMetrics, totalCount = 0, detail = {long_connection=0, long_polling=0}

2025-06-05 10:20:35,621 INFO Connection check task start

2025-06-05 10:20:35,622 INFO Long connection metrics detail ,Total count =0, sdkCount=0,clusterCount=0

2025-06-05 10:20:35,623 INFO Out dated connection ,size=0

2025-06-05 10:20:35,623 INFO Connection check task end

2025-06-05 10:20:35,654 INFO ConnectionMetrics, totalCount = 0, detail = {long_connection=0, long_polling=0}

2025-06-05 10:20:38,625 INFO Connection check task start

2025-06-05 10:20:38,627 INFO Long connection metrics detail ,Total count =0, sdkCount=0,clusterCount=0

2025-06-05 10:20:38,628 INFO Out dated connection ,size=0

2025-06-05 10:20:38,629 INFO Connection check task end

2025-06-05 10:20:38,655 INFO ConnectionMetrics, totalCount = 0, detail = {long_connection=0, long_polling=0}

2025-06-05 10:20:41,631 INFO Connection check task start

2025-06-05 10:20:41,632 INFO Long connection metrics detail ,Total count =0, sdkCount=0,clusterCount=0

2025-06-05 10:20:41,633 INFO Out dated connection ,size=0

2025-06-05 10:20:41,634 INFO Connection check task end

2025-06-05 10:20:41,657 INFO ConnectionMetrics, totalCount = 0, detail = {long_connection=0, long_polling=0}

2025-06-05 10:20:44,636 INFO Connection check task start

2025-06-05 10:20:44,637 INFO Long connection metrics detail ,Total count =0, sdkCount=0,clusterCount=0

2025-06-05 10:20:44,638 INFO Out dated connection ,size=0

2025-06-05 10:20:44,638 INFO Connection check task end

2025-06-05 10:20:44,660 INFO ConnectionMetrics, totalCount = 0, detail = {long_connection=0, long_polling=0}

2025-06-05 10:20:47,640 INFO Connection check task start

2025-06-05 10:20:47,641 INFO Long connection metrics detail ,Total count =0, sdkCount=0,clusterCount=0

2025-06-05 10:20:47,642 INFO Out dated connection ,size=0

2025-06-05 10:20:47,643 INFO Connection check task end

2025-06-05 10:20:47,662 INFO ConnectionMetrics, totalCount = 0, detail = {long_connection=0, long_polling=0}

2025-06-05 10:20:50,644 INFO Connection check task start

2025-06-05 10:20:50,645 INFO Long connection metrics detail ,Total count =0, sdkCount=0,clusterCount=0

2025-06-05 10:20:50,646 INFO Out dated connection ,size=0

2025-06-05 10:20:50,647 INFO Connection check task end

2025-06-05 10:20:50,663 INFO ConnectionMetrics, totalCount = 0, detail = {long_connection=0, long_polling=0}

2025-06-05 10:20:53,648 INFO Connection check task start

2025-06-05 10:20:53,649 INFO Long connection metrics detail ,Total count =0, sdkCount=0,clusterCount=0

2025-06-05 10:20:53,649 INFO Out dated connection ,size=0

2025-06-05 10:20:53,649 INFO Connection check task end

2025-06-05 10:20:53,665 INFO ConnectionMetrics, totalCount = 0, detail = {long_connection=0, long_polling=0}

2025-06-05 10:20:56,651 INFO Connection check task start

2025-06-05 10:20:56,652 INFO Long connection metrics detail ,Total count =0, sdkCount=0,clusterCount=0

2025-06-05 10:20:56,653 INFO Out dated connection ,size=0

2025-06-05 10:20:56,653 INFO Connection check task end

2025-06-05 10:20:56,666 INFO ConnectionMetrics, totalCount = 0, detail = {long_connection=0, long_polling=0}

2025-06-05 10:20:59,654 INFO Connection check task start

2025-06-05 10:20:59,655 INFO Long connection metrics detail ,Total count =0, sdkCount=0,clusterCount=0

2025-06-05 10:20:59,657 INFO Out dated connection ,size=0

2025-06-05 10:20:59,658 INFO Connection check task end

2025-06-05 10:20:59,668 INFO ConnectionMetrics, totalCount = 0, detail = {long_connection=0, long_polling=0}

2025-06-05 10:21:02,660 INFO Connection check task start

2025-06-05 10:21:02,661 INFO Long connection metrics detail ,Total count =0, sdkCount=0,clusterCount=0

2025-06-05 10:21:02,662 INFO Out dated connection ,size=0

2025-06-05 10:21:02,663 INFO Connection check task end

2025-06-05 10:21:02,670 INFO ConnectionMetrics, totalCount = 0, detail = {long_connection=0, long_polling=0}

2025-06-05 10:21:05,665 INFO Connection check task start

2025-06-05 10:21:05,666 INFO Long connection metrics detail ,Total count =0, sdkCount=0,clusterCount=0

2025-06-05 10:21:05,666 INFO Out dated connection ,size=0

2025-06-05 10:21:05,667 INFO Connection check task end

2025-06-05 10:21:05,672 INFO ConnectionMetrics, totalCount = 0, detail = {long_connection=0, long_polling=0}

2025-06-05 10:21:08,668 INFO Connection check task start

2025-06-05 10:21:08,669 INFO Long connection metrics detail ,Total count =0, sdkCount=0,clusterCount=0

2025-06-05 10:21:08,670 INFO Out dated connection ,size=0

2025-06-05 10:21:08,671 INFO Connection check task end

2025-06-05 10:21:08,674 INFO ConnectionMetrics, totalCount = 0, detail = {long_connection=0, long_polling=0}

2025-06-05 10:21:11,672 INFO Connection check task start

2025-06-05 10:21:11,674 INFO Long connection metrics detail ,Total count =0, sdkCount=0,clusterCount=0

2025-06-05 10:21:11,675 INFO Out dated connection ,size=0

2025-06-05 10:21:11,676 INFO Connection check task end

2025-06-05 10:21:11,676 INFO ConnectionMetrics, totalCount = 0, detail = {long_connection=0, long_polling=0}

2025-06-05 10:21:14,678 INFO ConnectionMetrics, totalCount = 0, detail = {long_connection=0, long_polling=0}

2025-06-05 10:21:14,678 INFO Connection check task start

2025-06-05 10:21:14,680 INFO Long connection metrics detail ,Total count =0, sdkCount=0,clusterCount=0

2025-06-05 10:21:14,682 INFO Out dated connection ,size=0

2025-06-05 10:21:14,683 INFO Connection check task end

2025-06-05 10:21:17,681 INFO ConnectionMetrics, totalCount = 0, detail = {long_connection=0, long_polling=0}

2025-06-05 10:21:17,684 INFO Connection check task start

2025-06-05 10:21:17,686 INFO Long connection metrics detail ,Total count =0, sdkCount=0,clusterCount=0

2025-06-05 10:21:17,686 INFO Out dated connection ,size=0

2025-06-05 10:21:17,687 INFO Connection check task end

2025-06-05 10:21:20,684 INFO ConnectionMetrics, totalCount = 0, detail = {long_connection=0, long_polling=0}

2025-06-05 10:21:20,689 INFO Connection check task start

2025-06-05 10:21:20,690 INFO Long connection metrics detail ,Total count =0, sdkCount=0,clusterCount=0

2025-06-05 10:21:20,690 INFO Out dated connection ,size=0

2025-06-05 10:21:20,691 INFO Connection check task end

2025-06-05 10:21:23,686 INFO ConnectionMetrics, totalCount = 0, detail = {long_connection=0, long_polling=0}

2025-06-05 10:21:23,694 INFO Connection check task start

2025-06-05 10:21:23,695 INFO Long connection metrics detail ,Total count =0, sdkCount=0,clusterCount=0

2025-06-05 10:21:23,695 INFO Out dated connection ,size=0

2025-06-05 10:21:23,696 INFO Connection check task end

2025-06-05 10:21:26,688 INFO ConnectionMetrics, totalCount = 0, detail = {long_connection=0, long_polling=0}

2025-06-05 10:21:26,697 INFO Connection check task start

2025-06-05 10:21:26,698 INFO Long connection metrics detail ,Total count =0, sdkCount=0,clusterCount=0

2025-06-05 10:21:26,699 INFO Out dated connection ,size=0

2025-06-05 10:21:26,699 INFO Connection check task end

2025-06-05 10:21:29,691 INFO ConnectionMetrics, totalCount = 0, detail = {long_connection=0, long_polling=0}

2025-06-05 10:21:29,701 INFO Connection check task start

2025-06-05 10:21:29,702 INFO Long connection metrics detail ,Total count =0, sdkCount=0,clusterCount=0

2025-06-05 10:21:29,702 INFO Out dated connection ,size=0

2025-06-05 10:21:29,703 INFO Connection check task end

2025-06-05 10:21:32,692 INFO ConnectionMetrics, totalCount = 0, detail = {long_connection=0, long_polling=0}

2025-06-05 10:21:32,703 INFO Connection check task start

2025-06-05 10:21:32,704 INFO Long connection metrics detail ,Total count =0, sdkCount=0,clusterCount=0

2025-06-05 10:21:32,704 INFO Out dated connection ,size=0

2025-06-05 10:21:32,705 INFO Connection check task end

2025-06-05 10:21:35,694 INFO ConnectionMetrics, totalCount = 0, detail = {long_connection=0, long_polling=0}

2025-06-05 10:21:35,707 INFO Connection check task start

2025-06-05 10:21:35,708 INFO Long connection metrics detail ,Total count =0, sdkCount=0,clusterCount=0

2025-06-05 10:21:35,708 INFO Out dated connection ,size=0

2025-06-05 10:21:35,708 INFO Connection check task end

2025-06-05 10:21:38,696 INFO ConnectionMetrics, totalCount = 0, detail = {long_connection=0, long_polling=0}

2025-06-05 10:21:38,709 INFO Connection check task start

2025-06-05 10:21:38,710 INFO Long connection metrics detail ,Total count =0, sdkCount=0,clusterCount=0

2025-06-05 10:21:38,711 INFO Out dated connection ,size=0

2025-06-05 10:21:38,712 INFO Connection check task end

2025-06-05 10:21:41,698 INFO ConnectionMetrics, totalCount = 0, detail = {long_connection=0, long_polling=0}

2025-06-05 10:21:41,713 INFO Connection check task start

2025-06-05 10:21:41,714 INFO Long connection metrics detail ,Total count =0, sdkCount=0,clusterCount=0

2025-06-05 10:21:41,715 INFO Out dated connection ,size=0

2025-06-05 10:21:41,715 INFO Connection check task end

2025-06-05 10:21:44,700 INFO ConnectionMetrics, totalCount = 0, detail = {long_connection=0, long_polling=0}

2025-06-05 10:21:44,717 INFO Connection check task start

2025-06-05 10:21:44,717 INFO Long connection metrics detail ,Total count =0, sdkCount=0,clusterCount=0

2025-06-05 10:21:44,718 INFO Out dated connection ,size=0

2025-06-05 10:21:44,718 INFO Connection check task end

2025-06-05 10:21:47,702 INFO ConnectionMetrics, totalCount = 0, detail = {long_connection=0, long_polling=0}

2025-06-05 10:21:47,720 INFO Connection check task start

2025-06-05 10:21:47,721 INFO Long connection metrics detail ,Total count =0, sdkCount=0,clusterCount=0

2025-06-05 10:21:47,722 INFO Out dated connection ,size=0

2025-06-05 10:21:47,723 INFO Connection check task end

2025-06-05 10:21:50,705 INFO ConnectionMetrics, totalCount = 0, detail = {long_connection=0, long_polling=0}

2025-06-05 10:21:50,724 INFO Connection check task start

2025-06-05 10:21:50,725 INFO Long connection metrics detail ,Total count =0, sdkCount=0,clusterCount=0

2025-06-05 10:21:50,726 INFO Out dated connection ,size=0

2025-06-05 10:21:50,727 INFO Connection check task end

2025-06-05 10:21:53,707 INFO ConnectionMetrics, totalCount = 0, detail = {long_connection=0, long_polling=0}

2025-06-05 10:21:53,728 INFO Connection check task start

2025-06-05 10:21:53,729 INFO Long connection metrics detail ,Total count =0, sdkCount=0,clusterCount=0

2025-06-05 10:21:53,730 INFO Out dated connection ,size=0

2025-06-05 10:21:53,731 INFO Connection check task end

2025-06-05 10:21:56,708 INFO ConnectionMetrics, totalCount = 0, detail = {long_connection=0, long_polling=0}

2025-06-05 10:21:56,732 INFO Connection check task start

2025-06-05 10:21:56,732 INFO Long connection metrics detail ,Total count =0, sdkCount=0,clusterCount=0

2025-06-05 10:21:56,733 INFO Out dated connection ,size=0

2025-06-05 10:21:56,733 INFO Connection check task end

2025-06-05 10:21:59,711 INFO ConnectionMetrics, totalCount = 0, detail = {long_connection=0, long_polling=0}

2025-06-05 10:21:59,734 INFO Connection check task start

2025-06-05 10:21:59,736 INFO Long connection metrics detail ,Total count =0, sdkCount=0,clusterCount=0

2025-06-05 10:21:59,737 INFO Out dated connection ,size=0

2025-06-05 10:21:59,738 INFO Connection check task end

2025-06-05 10:22:02,714 INFO ConnectionMetrics, totalCount = 0, detail = {long_connection=0, long_polling=0}

2025-06-05 10:22:02,740 INFO Connection check task start

2025-06-05 10:22:02,740 INFO Long connection metrics detail ,Total count =0, sdkCount=0,clusterCount=0

2025-06-05 10:22:02,742 INFO Out dated connection ,size=0

2025-06-05 10:22:02,742 INFO Connection check task end

2025-06-05 10:22:05,716 INFO ConnectionMetrics, totalCount = 0, detail = {long_connection=0, long_polling=0}

2025-06-05 10:22:05,744 INFO Connection check task start

2025-06-05 10:22:05,744 INFO Long connection metrics detail ,Total count =0, sdkCount=0,clusterCount=0

2025-06-05 10:22:05,745 INFO Out dated connection ,size=0

2025-06-05 10:22:05,746 INFO Connection check task end

2025-06-05 10:22:08,718 INFO ConnectionMetrics, totalCount = 0, detail = {long_connection=0, long_polling=0}

2025-06-05 10:22:08,747 INFO Connection check task start

2025-06-05 10:22:08,748 INFO Long connection metrics detail ,Total count =0, sdkCount=0,clusterCount=0

2025-06-05 10:22:08,749 INFO Out dated connection ,size=0

2025-06-05 10:22:08,749 INFO Connection check task end

2025-06-05 10:22:11,721 INFO ConnectionMetrics, totalCount = 0, detail = {long_connection=0, long_polling=0}

2025-06-05 10:22:11,752 INFO Connection check task start

2025-06-05 10:22:11,753 INFO Long connection metrics detail ,Total count =0, sdkCount=0,clusterCount=0

2025-06-05 10:22:11,753 INFO Out dated connection ,size=0

2025-06-05 10:22:11,754 INFO Connection check task end

2025-06-05 10:22:14,723 INFO ConnectionMetrics, totalCount = 0, detail = {long_connection=0, long_polling=0}

2025-06-05 10:22:14,755 INFO Connection check task start

2025-06-05 10:22:14,756 INFO Long connection metrics detail ,Total count =0, sdkCount=0,clusterCount=0

2025-06-05 10:22:14,757 INFO Out dated connection ,size=0

2025-06-05 10:22:14,758 INFO Connection check task end

2025-06-05 10:22:17,726 INFO ConnectionMetrics, totalCount = 0, detail = {long_connection=0, long_polling=0}

2025-06-05 10:22:17,760 INFO Connection check task start

2025-06-05 10:22:17,761 INFO Long connection metrics detail ,Total count =0, sdkCount=0,clusterCount=0

2025-06-05 10:22:17,762 INFO Out dated connection ,size=0

2025-06-05 10:22:17,763 INFO Connection check task end

2025-06-05 10:22:20,729 INFO ConnectionMetrics, totalCount = 0, detail = {long_connection=0, long_polling=0}

2025-06-05 10:22:20,765 INFO Connection check task start

2025-06-05 10:22:20,765 INFO Long connection metrics detail ,Total count =0, sdkCount=0,clusterCount=0

2025-06-05 10:22:20,765 INFO Out dated connection ,size=0

2025-06-05 10:22:20,765 INFO Connection check task end

2025-06-05 10:22:23,731 INFO ConnectionMetrics, totalCount = 0, detail = {long_connection=0, long_polling=0}

2025-06-05 10:22:23,767 INFO Connection check task start

2025-06-05 10:22:23,768 INFO Long connection metrics detail ,Total count =0, sdkCount=0,clusterCount=0

2025-06-05 10:22:23,768 INFO Out dated connection ,size=0

2025-06-05 10:22:23,769 INFO Connection check task end

2025-06-05 10:22:26,734 INFO ConnectionMetrics, totalCount = 0, detail = {long_connection=0, long_polling=0}

2025-06-05 10:22:26,770 INFO Connection check task start

2025-06-05 10:22:26,770 INFO Long connection metrics detail ,Total count =0, sdkCount=0,clusterCount=0

2025-06-05 10:22:26,771 INFO Out dated connection ,size=0

2025-06-05 10:22:26,771 INFO Connection check task end

2025-06-05 10:22:29,736 INFO ConnectionMetrics, totalCount = 0, detail = {long_connection=0, long_polling=0}

2025-06-05 10:22:29,773 INFO Connection check task start

2025-06-05 10:22:29,774 INFO Long connection metrics detail ,Total count =0, sdkCount=0,clusterCount=0

2025-06-05 10:22:29,775 INFO Out dated connection ,size=0

2025-06-05 10:22:29,776 INFO Connection check task end

2025-06-05 10:22:32,740 INFO ConnectionMetrics, totalCount = 0, detail = {long_connection=0, long_polling=0}

2025-06-05 10:22:32,777 INFO Connection check task start

2025-06-05 10:22:32,778 INFO Long connection metrics detail ,Total count =0, sdkCount=0,clusterCount=0

2025-06-05 10:22:32,779 INFO Out dated connection ,size=0

2025-06-05 10:22:32,780 INFO Connection check task end

2025-06-05 10:22:35,742 INFO ConnectionMetrics, totalCount = 0, detail = {long_connection=0, long_polling=0}

2025-06-05 10:22:35,781 INFO Connection check task start

2025-06-05 10:22:35,782 INFO Long connection metrics detail ,Total count =0, sdkCount=0,clusterCount=0

2025-06-05 10:22:35,782 INFO Out dated connection ,size=0

2025-06-05 10:22:35,783 INFO Connection check task end

2025-06-05 10:22:38,745 INFO ConnectionMetrics, totalCount = 0, detail = {long_connection=0, long_polling=0}

2025-06-05 10:22:38,784 INFO Connection check task start

2025-06-05 10:22:38,785 INFO Long connection metrics detail ,Total count =0, sdkCount=0,clusterCount=0

2025-06-05 10:22:38,786 INFO Out dated connection ,size=0

2025-06-05 10:22:38,787 INFO Connection check task end

2025-06-05 10:22:41,749 INFO ConnectionMetrics, totalCount = 0, detail = {long_connection=0, long_polling=0}

2025-06-05 10:22:41,788 INFO Connection check task start

2025-06-05 10:22:41,790 INFO Long connection metrics detail ,Total count =0, sdkCount=0,clusterCount=0

2025-06-05 10:22:41,791 INFO Out dated connection ,size=0

2025-06-05 10:22:41,792 INFO Connection check task end

2025-06-05 10:22:44,751 INFO ConnectionMetrics, totalCount = 0, detail = {long_connection=0, long_polling=0}

2025-06-05 10:22:44,793 INFO Connection check task start

2025-06-05 10:22:44,794 INFO Long connection metrics detail ,Total count =0, sdkCount=0,clusterCount=0

2025-06-05 10:22:44,795 INFO Out dated connection ,size=0

2025-06-05 10:22:44,795 INFO Connection check task end

2025-06-05 10:22:47,753 INFO ConnectionMetrics, totalCount = 0, detail = {long_connection=0, long_polling=0}

2025-06-05 10:22:47,797 INFO Connection check task start

2025-06-05 10:22:47,799 INFO Long connection metrics detail ,Total count =0, sdkCount=0,clusterCount=0

2025-06-05 10:22:47,800 INFO Out dated connection ,size=0

2025-06-05 10:22:47,801 INFO Connection check task end

2025-06-05 10:22:50,755 INFO ConnectionMetrics, totalCount = 0, detail = {long_connection=0, long_polling=0}

2025-06-05 10:22:50,803 INFO Connection check task start

2025-06-05 10:22:50,804 INFO Long connection metrics detail ,Total count =0, sdkCount=0,clusterCount=0

2025-06-05 10:22:50,805 INFO Out dated connection ,size=0

2025-06-05 10:22:50,806 INFO Connection check task end

2025-06-05 10:22:53,757 INFO ConnectionMetrics, totalCount = 0, detail = {long_connection=0, long_polling=0}

2025-06-05 10:22:53,807 INFO Connection check task start

2025-06-05 10:22:53,808 INFO Long connection metrics detail ,Total count =0, sdkCount=0,clusterCount=0

2025-06-05 10:22:53,809 INFO Out dated connection ,size=0

2025-06-05 10:22:53,810 INFO Connection check task end

2025-06-05 10:22:56,759 INFO ConnectionMetrics, totalCount = 0, detail = {long_connection=0, long_polling=0}

2025-06-05 10:22:56,811 INFO Connection check task start

2025-06-05 10:22:56,812 INFO Long connection metrics detail ,Total count =0, sdkCount=0,clusterCount=0

2025-06-05 10:22:56,813 INFO Out dated connection ,size=0

2025-06-05 10:22:56,813 INFO Connection check task end

2025-06-05 10:22:59,762 INFO ConnectionMetrics, totalCount = 0, detail = {long_connection=0, long_polling=0}

2025-06-05 10:22:59,816 INFO Connection check task start

2025-06-05 10:22:59,818 INFO Long connection metrics detail ,Total count =0, sdkCount=0,clusterCount=0

2025-06-05 10:22:59,819 INFO Out dated connection ,size=0

2025-06-05 10:22:59,820 INFO Connection check task end

2025-06-05 10:23:02,765 INFO ConnectionMetrics, totalCount = 0, detail = {long_connection=0, long_polling=0}

2025-06-05 10:23:02,823 INFO Connection check task start

2025-06-05 10:23:02,824 INFO Long connection metrics detail ,Total count =0, sdkCount=0,clusterCount=0

2025-06-05 10:23:02,825 INFO Out dated connection ,size=0

2025-06-05 10:23:02,826 INFO Connection check task end

2025-06-05 10:23:05,769 INFO ConnectionMetrics, totalCount = 0, detail = {long_connection=0, long_polling=0}

2025-06-05 10:23:05,827 INFO Connection check task start

2025-06-05 10:23:05,828 INFO Long connection metrics detail ,Total count =0, sdkCount=0,clusterCount=0

2025-06-05 10:23:05,829 INFO Out dated connection ,size=0

2025-06-05 10:23:05,830 INFO Connection check task end

2025-06-05 10:23:08,771 INFO ConnectionMetrics, totalCount = 0, detail = {long_connection=0, long_polling=0}

2025-06-05 10:23:08,831 INFO Connection check task start

2025-06-05 10:23:08,832 INFO Long connection metrics detail ,Total count =0, sdkCount=0,clusterCount=0

2025-06-05 10:23:08,833 INFO Out dated connection ,size=0

2025-06-05 10:23:08,833 INFO Connection check task end

2025-06-05 10:23:11,775 INFO ConnectionMetrics, totalCount = 0, detail = {long_connection=0, long_polling=0}

2025-06-05 10:23:11,836 INFO Connection check task start

2025-06-05 10:23:11,838 INFO Long connection metrics detail ,Total count =0, sdkCount=0,clusterCount=0

2025-06-05 10:23:11,838 INFO Out dated connection ,size=0

2025-06-05 10:23:11,839 INFO Connection check task end

2025-06-05 10:23:14,777 INFO ConnectionMetrics, totalCount = 0, detail = {long_connection=0, long_polling=0}

2025-06-05 10:23:14,840 INFO Connection check task start

2025-06-05 10:23:14,841 INFO Long connection metrics detail ,Total count =0, sdkCount=0,clusterCount=0

2025-06-05 10:23:14,842 INFO Out dated connection ,size=0

2025-06-05 10:23:14,843 INFO Connection check task end

2025-06-05 10:23:17,781 INFO ConnectionMetrics, totalCount = 0, detail = {long_connection=0, long_polling=0}

2025-06-05 10:23:17,844 INFO Connection check task start

2025-06-05 10:23:17,846 INFO Long connection metrics detail ,Total count =0, sdkCount=0,clusterCount=0

2025-06-05 10:23:17,846 INFO Out dated connection ,size=0

2025-06-05 10:23:17,847 INFO Connection check task end

2025-06-05 10:23:20,782 INFO ConnectionMetrics, totalCount = 0, detail = {long_connection=0, long_polling=0}

2025-06-05 10:23:20,849 INFO Connection check task start

2025-06-05 10:23:20,850 INFO Long connection metrics detail ,Total count =0, sdkCount=0,clusterCount=0

2025-06-05 10:23:20,850 INFO Out dated connection ,size=0

2025-06-05 10:23:20,851 INFO Connection check task end

2025-06-05 10:23:23,784 INFO ConnectionMetrics, totalCount = 0, detail = {long_connection=0, long_polling=0}

2025-06-05 10:23:23,852 INFO Connection check task start

2025-06-05 10:23:23,852 INFO Long connection metrics detail ,Total count =0, sdkCount=0,clusterCount=0

2025-06-05 10:23:23,853 INFO Out dated connection ,size=0

2025-06-05 10:23:23,853 INFO Connection check task end

2025-06-05 10:23:26,786 INFO ConnectionMetrics, totalCount = 0, detail = {long_connection=0, long_polling=0}

2025-06-05 10:23:26,854 INFO Connection check task start

2025-06-05 10:23:26,854 INFO Long connection metrics detail ,Total count =0, sdkCount=0,clusterCount=0

2025-06-05 10:23:26,855 INFO Out dated connection ,size=0

2025-06-05 10:23:26,855 INFO Connection check task end

2025-06-05 10:23:29,789 INFO ConnectionMetrics, totalCount = 0, detail = {long_connection=0, long_polling=0}

2025-06-05 10:23:29,856 INFO Connection check task start

2025-06-05 10:23:29,858 INFO Long connection metrics detail ,Total count =0, sdkCount=0,clusterCount=0

2025-06-05 10:23:29,858 INFO Out dated connection ,size=0

2025-06-05 10:23:29,859 INFO Connection check task end

2025-06-05 10:23:32,790 INFO ConnectionMetrics, totalCount = 0, detail = {long_connection=0, long_polling=0}

2025-06-05 10:23:32,860 INFO Connection check task start

2025-06-05 10:23:32,861 INFO Long connection metrics detail ,Total count =0, sdkCount=0,clusterCount=0

2025-06-05 10:23:32,861 INFO Out dated connection ,size=0

2025-06-05 10:23:32,862 INFO Connection check task end

2025-06-05 10:23:35,791 INFO ConnectionMetrics, totalCount = 0, detail = {long_connection=0, long_polling=0}

2025-06-05 10:23:35,864 INFO Connection check task start

2025-06-05 10:23:35,865 INFO Long connection metrics detail ,Total count =0, sdkCount=0,clusterCount=0

2025-06-05 10:23:35,865 INFO Out dated connection ,size=0

2025-06-05 10:23:35,866 INFO Connection check task end

2025-06-05 10:23:38,793 INFO ConnectionMetrics, totalCount = 0, detail = {long_connection=0, long_polling=0}

2025-06-05 10:23:38,867 INFO Connection check task start

2025-06-05 10:23:38,867 INFO Long connection metrics detail ,Total count =0, sdkCount=0,clusterCount=0

2025-06-05 10:23:38,868 INFO Out dated connection ,size=0

2025-06-05 10:23:38,868 INFO Connection check task end

2025-06-05 10:23:41,794 INFO ConnectionMetrics, totalCount = 0, detail = {long_connection=0, long_polling=0}

2025-06-05 10:23:41,868 INFO Connection check task start

2025-06-05 10:23:41,870 INFO Long connection metrics detail ,Total count =0, sdkCount=0,clusterCount=0

2025-06-05 10:23:41,870 INFO Out dated connection ,size=0

2025-06-05 10:23:41,871 INFO Connection check task end

2025-06-05 10:23:44,797 INFO ConnectionMetrics, totalCount = 0, detail = {long_connection=0, long_polling=0}

2025-06-05 10:23:44,872 INFO Connection check task start

2025-06-05 10:23:44,873 INFO Long connection metrics detail ,Total count =0, sdkCount=0,clusterCount=0

2025-06-05 10:23:44,873 INFO Out dated connection ,size=0

2025-06-05 10:23:44,874 INFO Connection check task end

2025-06-05 10:23:47,802 INFO ConnectionMetrics, totalCount = 0, detail = {long_connection=0, long_polling=0}

2025-06-05 10:23:47,875 INFO Connection check task start

2025-06-05 10:23:47,876 INFO Long connection metrics detail ,Total count =0, sdkCount=0,clusterCount=0

2025-06-05 10:23:47,877 INFO Out dated connection ,size=0

2025-06-05 10:23:47,878 INFO Connection check task end

2025-06-05 10:23:50,804 INFO ConnectionMetrics, totalCount = 0, detail = {long_connection=0, long_polling=0}

2025-06-05 10:23:50,879 INFO Connection check task start

2025-06-05 10:23:50,880 INFO Long connection metrics detail ,Total count =0, sdkCount=0,clusterCount=0

2025-06-05 10:23:50,880 INFO Out dated connection ,size=0

2025-06-05 10:23:50,880 INFO Connection check task end

2025-06-05 10:23:53,806 INFO ConnectionMetrics, totalCount = 0, detail = {long_connection=0, long_polling=0}

2025-06-05 10:23:53,881 INFO Connection check task start

2025-06-05 10:23:53,882 INFO Long connection metrics detail ,Total count =0, sdkCount=0,clusterCount=0

2025-06-05 10:23:53,883 INFO Out dated connection ,size=0

2025-06-05 10:23:53,884 INFO Connection check task end

2025-06-05 10:23:56,809 INFO ConnectionMetrics, totalCount = 0, detail = {long_connection=0, long_polling=0}

2025-06-05 10:23:56,885 INFO Connection check task start

2025-06-05 10:23:56,886 INFO Long connection metrics detail ,Total count =0, sdkCount=0,clusterCount=0

2025-06-05 10:23:56,887 INFO Out dated connection ,size=0

2025-06-05 10:23:56,887 INFO Connection check task end

2025-06-05 10:23:59,812 INFO ConnectionMetrics, totalCount = 0, detail = {long_connection=0, long_polling=0}

2025-06-05 10:23:59,888 INFO Connection check task start

2025-06-05 10:23:59,889 INFO Long connection metrics detail ,Total count =0, sdkCount=0,clusterCount=0

2025-06-05 10:23:59,890 INFO Out dated connection ,size=0

2025-06-05 10:23:59,890 INFO Connection check task end

2025-06-05 10:24:02,817 INFO ConnectionMetrics, totalCount = 0, detail = {long_connection=0, long_polling=0}

2025-06-05 10:24:02,894 INFO Connection check task start

2025-06-05 10:24:02,895 INFO Long connection metrics detail ,Total count =0, sdkCount=0,clusterCount=0

2025-06-05 10:24:02,895 INFO Out dated connection ,size=0

2025-06-05 10:24:02,895 INFO Connection check task end

2025-06-05 10:24:05,818 INFO ConnectionMetrics, totalCount = 0, detail = {long_connection=0, long_polling=0}

2025-06-05 10:24:05,896 INFO Connection check task start

2025-06-05 10:24:05,897 INFO Long connection metrics detail ,Total count =0, sdkCount=0,clusterCount=0

2025-06-05 10:24:05,898 INFO Out dated connection ,size=0

2025-06-05 10:24:05,898 INFO Connection check task end

2025-06-05 10:24:08,821 INFO ConnectionMetrics, totalCount = 0, detail = {long_connection=0, long_polling=0}

2025-06-05 10:24:08,899 INFO Connection check task start

2025-06-05 10:24:08,900 INFO Long connection metrics detail ,Total count =0, sdkCount=0,clusterCount=0

2025-06-05 10:24:08,901 INFO Out dated connection ,size=0

2025-06-05 10:24:08,902 INFO Connection check task end

2025-06-05 10:24:11,824 INFO ConnectionMetrics, totalCount = 0, detail = {long_connection=0, long_polling=0}

2025-06-05 10:24:11,905 INFO Connection check task start

2025-06-05 10:24:11,906 INFO Long connection metrics detail ,Total count =0, sdkCount=0,clusterCount=0

2025-06-05 10:24:11,907 INFO Out dated connection ,size=0

2025-06-05 10:24:11,908 INFO Connection check task end

2025-06-05 10:24:14,826 INFO ConnectionMetrics, totalCount = 0, detail = {long_connection=0, long_polling=0}

2025-06-05 10:24:14,910 INFO Connection check task start

2025-06-05 10:24:14,910 INFO Long connection metrics detail ,Total count =0, sdkCount=0,clusterCount=0

2025-06-05 10:24:14,911 INFO Out dated connection ,size=0

2025-06-05 10:24:14,912 INFO Connection check task end

2025-06-05 10:24:17,828 INFO ConnectionMetrics, totalCount = 0, detail = {long_connection=0, long_polling=0}

2025-06-05 10:24:17,913 INFO Connection check task start

2025-06-05 10:24:17,914 INFO Long connection metrics detail ,Total count =0, sdkCount=0,clusterCount=0

2025-06-05 10:24:17,915 INFO Out dated connection ,size=0

2025-06-05 10:24:17,915 INFO Connection check task end

2025-06-05 10:24:20,830 INFO ConnectionMetrics, totalCount = 0, detail = {long_connection=0, long_polling=0}

2025-06-05 10:24:20,916 INFO Connection check task start

2025-06-05 10:24:20,916 INFO Long connection metrics detail ,Total count =0, sdkCount=0,clusterCount=0

2025-06-05 10:24:20,917 INFO Out dated connection ,size=0

2025-06-05 10:24:20,917 INFO Connection check task end

2025-06-05 10:24:23,833 INFO ConnectionMetrics, totalCount = 0, detail = {long_connection=0, long_polling=0}

2025-06-05 10:24:23,917 INFO Connection check task start

2025-06-05 10:24:23,918 INFO Long connection metrics detail ,Total count =0, sdkCount=0,clusterCount=0

2025-06-05 10:24:23,918 INFO Out dated connection ,size=0

2025-06-05 10:24:23,918 INFO Connection check task end

2025-06-05 10:24:26,839 INFO ConnectionMetrics, totalCount = 0, detail = {long_connection=0, long_polling=0}

2025-06-05 10:24:26,919 INFO Connection check task start

2025-06-05 10:24:26,920 INFO Long connection metrics detail ,Total count =0, sdkCount=0,clusterCount=0

2025-06-05 10:24:26,922 INFO Out dated connection ,size=0

2025-06-05 10:24:26,922 INFO Connection check task end

2025-06-05 10:24:29,842 INFO ConnectionMetrics, totalCount = 0, detail = {long_connection=0, long_polling=0}

2025-06-05 10:24:29,923 INFO Connection check task start

2025-06-05 10:24:29,924 INFO Long connection metrics detail ,Total count =0, sdkCount=0,clusterCount=0

2025-06-05 10:24:29,925 INFO Out dated connection ,size=0

2025-06-05 10:24:29,926 INFO Connection check task end

2025-06-05 10:24:32,865 INFO ConnectionMetrics, totalCount = 0, detail = {long_connection=0, long_polling=0}

2025-06-05 10:24:32,946 INFO Connection check task start

2025-06-05 10:24:32,947 INFO Long connection metrics detail ,Total count =0, sdkCount=0,clusterCount=0

2025-06-05 10:24:32,947 INFO Out dated connection ,size=0

2025-06-05 10:24:32,948 INFO Connection check task end

2025-06-05 10:24:35,884 INFO ConnectionMetrics, totalCount = 0, detail = {long_connection=0, long_polling=0}

2025-06-05 10:24:35,950 INFO Connection check task start

2025-06-05 10:24:35,951 INFO Long connection metrics detail ,Total count =0, sdkCount=0,clusterCount=0

2025-06-05 10:24:35,952 INFO Out dated connection ,size=0

2025-06-05 10:24:35,953 INFO Connection check task end

2025-06-05 10:24:38,887 INFO ConnectionMetrics, totalCount = 0, detail = {long_connection=0, long_polling=0}

2025-06-05 10:24:38,954 INFO Connection check task start

2025-06-05 10:24:38,955 INFO Long connection metrics detail ,Total count =0, sdkCount=0,clusterCount=0

2025-06-05 10:24:38,957 INFO Out dated connection ,size=0

2025-06-05 10:24:38,957 INFO Connection check task end

2025-06-05 10:24:41,889 INFO ConnectionMetrics, totalCount = 0, detail = {long_connection=0, long_polling=0}

2025-06-05 10:24:41,958 INFO Connection check task start

2025-06-05 10:24:41,959 INFO Long connection metrics detail ,Total count =0, sdkCount=0,clusterCount=0

2025-06-05 10:24:41,961 INFO Out dated connection ,size=0

2025-06-05 10:24:41,962 INFO Connection check task end

2025-06-05 10:24:44,892 INFO ConnectionMetrics, totalCount = 0, detail = {long_connection=0, long_polling=0}

2025-06-05 10:24:44,964 INFO Connection check task start

2025-06-05 10:24:44,964 INFO Long connection metrics detail ,Total count =0, sdkCount=0,clusterCount=0

2025-06-05 10:24:44,965 INFO Out dated connection ,size=0

2025-06-05 10:24:44,966 INFO Connection check task end

2025-06-05 10:24:47,895 INFO ConnectionMetrics, totalCount = 0, detail = {long_connection=0, long_polling=0}

2025-06-05 10:24:47,968 INFO Connection check task start

2025-06-05 10:24:47,969 INFO Long connection metrics detail ,Total count =0, sdkCount=0,clusterCount=0

2025-06-05 10:24:47,969 INFO Out dated connection ,size=0

2025-06-05 10:24:47,970 INFO Connection check task end

2025-06-05 10:24:50,897 INFO ConnectionMetrics, totalCount = 0, detail = {long_connection=0, long_polling=0}

2025-06-05 10:24:50,972 INFO Connection check task start

2025-06-05 10:24:50,972 INFO Long connection metrics detail ,Total count =0, sdkCount=0,clusterCount=0

2025-06-05 10:24:50,973 INFO Out dated connection ,size=0

2025-06-05 10:24:50,973 INFO Connection check task end

2025-06-05 10:24:53,899 INFO ConnectionMetrics, totalCount = 0, detail = {long_connection=0, long_polling=0}

2025-06-05 10:24:53,974 INFO Connection check task start

2025-06-05 10:24:53,975 INFO Long connection metrics detail ,Total count =0, sdkCount=0,clusterCount=0

2025-06-05 10:24:53,976 INFO Out dated connection ,size=0

2025-06-05 10:24:53,976 INFO Connection check task end

2025-06-05 10:24:56,901 INFO ConnectionMetrics, totalCount = 0, detail = {long_connection=0, long_polling=0}

2025-06-05 10:24:56,978 INFO Connection check task start

2025-06-05 10:24:56,978 INFO Long connection metrics detail ,Total count =0, sdkCount=0,clusterCount=0

2025-06-05 10:24:56,979 INFO Out dated connection ,size=0

2025-06-05 10:24:56,979 INFO Connection check task end

2025-06-05 10:24:59,903 INFO ConnectionMetrics, totalCount = 0, detail = {long_connection=0, long_polling=0}

2025-06-05 10:24:59,980 INFO Connection check task start

2025-06-05 10:24:59,981 INFO Long connection metrics detail ,Total count =0, sdkCount=0,clusterCount=0

2025-06-05 10:24:59,981 INFO Out dated connection ,size=0

2025-06-05 10:24:59,981 INFO Connection check task end

2025-06-05 10:25:02,907 INFO ConnectionMetrics, totalCount = 0, detail = {long_connection=0, long_polling=0}

2025-06-05 10:25:02,985 INFO Connection check task start

2025-06-05 10:25:02,985 INFO Long connection metrics detail ,Total count =0, sdkCount=0,clusterCount=0

2025-06-05 10:25:02,986 INFO Out dated connection ,size=0

2025-06-05 10:25:02,986 INFO Connection check task end

2025-06-05 10:25:05,909 INFO ConnectionMetrics, totalCount = 0, detail = {long_connection=0, long_polling=0}

2025-06-05 10:25:05,987 INFO Connection check task start

2025-06-05 10:25:05,988 INFO Long connection metrics detail ,Total count =0, sdkCount=0,clusterCount=0

2025-06-05 10:25:05,988 INFO Out dated connection ,size=0

2025-06-05 10:25:05,989 INFO Connection check task end

2025-06-05 10:25:08,911 INFO ConnectionMetrics, totalCount = 0, detail = {long_connection=0, long_polling=0}

2025-06-05 10:25:08,990 INFO Connection check task start

2025-06-05 10:25:08,991 INFO Long connection metrics detail ,Total count =0, sdkCount=0,clusterCount=0

2025-06-05 10:25:08,991 INFO Out dated connection ,size=0

2025-06-05 10:25:08,992 INFO Connection check task end

2025-06-05 10:25:11,913 INFO ConnectionMetrics, totalCount = 0, detail = {long_connection=0, long_polling=0}

2025-06-05 10:25:11,993 INFO Connection check task start

2025-06-05 10:25:11,994 INFO Long connection metrics detail ,Total count =0, sdkCount=0,clusterCount=0

2025-06-05 10:25:11,994 INFO Out dated connection ,size=0

2025-06-05 10:25:11,995 INFO Connection check task end

2025-06-05 10:25:14,915 INFO ConnectionMetrics, totalCount = 0, detail = {long_connection=0, long_polling=0}

2025-06-05 10:25:14,997 INFO Connection check task start

2025-06-05 10:25:14,998 INFO Long connection metrics detail ,Total count =0, sdkCount=0,clusterCount=0

2025-06-05 10:25:14,999 INFO Out dated connection ,size=0

2025-06-05 10:25:15,000 INFO Connection check task end

2025-06-05 10:25:17,918 INFO ConnectionMetrics, totalCount = 0, detail = {long_connection=0, long_polling=0}

2025-06-05 10:25:18,002 INFO Connection check task start

2025-06-05 10:25:18,004 INFO Long connection metrics detail ,Total count =0, sdkCount=0,clusterCount=0

2025-06-05 10:25:18,004 INFO Out dated connection ,size=0

2025-06-05 10:25:18,005 INFO Connection check task end

2025-06-05 10:25:20,921 INFO ConnectionMetrics, totalCount = 0, detail = {long_connection=0, long_polling=0}

2025-06-05 10:25:21,007 INFO Connection check task start

2025-06-05 10:25:21,008 INFO Long connection metrics detail ,Total count =0, sdkCount=0,clusterCount=0

2025-06-05 10:25:21,008 INFO Out dated connection ,size=0

2025-06-05 10:25:21,009 INFO Connection check task end

2025-06-05 10:25:23,923 INFO ConnectionMetrics, totalCount = 0, detail = {long_connection=0, long_polling=0}

2025-06-05 10:25:24,010 INFO Connection check task start

2025-06-05 10:25:24,011 INFO Long connection metrics detail ,Total count =0, sdkCount=0,clusterCount=0

2025-06-05 10:25:24,011 INFO Out dated connection ,size=0

2025-06-05 10:25:24,012 INFO Connection check task end

2025-06-05 10:25:26,926 INFO ConnectionMetrics, totalCount = 0, detail = {long_connection=0, long_polling=0}

2025-06-05 10:25:27,014 INFO Connection check task start

2025-06-05 10:25:27,015 INFO Long connection metrics detail ,Total count =0, sdkCount=0,clusterCount=0

2025-06-05 10:25:27,016 INFO Out dated connection ,size=0

2025-06-05 10:25:27,016 INFO Connection check task end

2025-06-05 10:25:29,928 INFO ConnectionMetrics, totalCount = 0, detail = {long_connection=0, long_polling=0}

2025-06-05 10:25:30,017 INFO Connection check task start

2025-06-05 10:25:30,019 INFO Long connection metrics detail ,Total count =0, sdkCount=0,clusterCount=0

2025-06-05 10:25:30,019 INFO Out dated connection ,size=0

2025-06-05 10:25:30,021 INFO Connection check task end

2025-06-05 10:25:32,931 INFO ConnectionMetrics, totalCount = 0, detail = {long_connection=0, long_polling=0}

2025-06-05 10:25:33,023 INFO Connection check task start

2025-06-05 10:25:33,023 INFO Long connection metrics detail ,Total count =0, sdkCount=0,clusterCount=0

2025-06-05 10:25:33,024 INFO Out dated connection ,size=0

2025-06-05 10:25:33,024 INFO Connection check task end

2025-06-05 10:25:35,933 INFO ConnectionMetrics, totalCount = 0, detail = {long_connection=0, long_polling=0}

2025-06-05 10:25:36,026 INFO Connection check task start

2025-06-05 10:25:36,027 INFO Long connection metrics detail ,Total count =0, sdkCount=0,clusterCount=0

2025-06-05 10:25:36,028 INFO Out dated connection ,size=0

2025-06-05 10:25:36,029 INFO Connection check task end

2025-06-05 10:25:38,935 INFO ConnectionMetrics, totalCount = 0, detail = {long_connection=0, long_polling=0}

2025-06-05 10:25:39,031 INFO Connection check task start

2025-06-05 10:25:39,031 INFO Long connection metrics detail ,Total count =0, sdkCount=0,clusterCount=0

2025-06-05 10:25:39,032 INFO Out dated connection ,size=0

2025-06-05 10:25:39,032 INFO Connection check task end

2025-06-05 10:25:41,937 INFO ConnectionMetrics, totalCount = 0, detail = {long_connection=0, long_polling=0}

2025-06-05 10:25:42,034 INFO Connection check task start

2025-06-05 10:25:42,035 INFO Long connection metrics detail ,Total count =0, sdkCount=0,clusterCount=0

2025-06-05 10:25:42,036 INFO Out dated connection ,size=0

2025-06-05 10:25:42,037 INFO Connection check task end

2025-06-05 10:25:44,940 INFO ConnectionMetrics, totalCount = 0, detail = {long_connection=0, long_polling=0}

2025-06-05 10:25:45,038 INFO Connection check task start

2025-06-05 10:25:45,039 INFO Long connection metrics detail ,Total count =0, sdkCount=0,clusterCount=0

2025-06-05 10:25:45,040 INFO Out dated connection ,size=0

2025-06-05 10:25:45,040 INFO Connection check task end

2025-06-05 10:25:47,943 INFO ConnectionMetrics, totalCount = 0, detail = {long_connection=0, long_polling=0}

2025-06-05 10:25:48,043 INFO Connection check task start

2025-06-05 10:25:48,043 INFO Long connection metrics detail ,Total count =0, sdkCount=0,clusterCount=0

2025-06-05 10:25:48,044 INFO Out dated connection ,size=0

2025-06-05 10:25:48,045 INFO Connection check task end

2025-06-05 10:25:50,945 INFO ConnectionMetrics, totalCount = 0, detail = {long_connection=0, long_polling=0}

2025-06-05 10:25:51,047 INFO Connection check task start

2025-06-05 10:25:51,048 INFO Long connection metrics detail ,Total count =0, sdkCount=0,clusterCount=0

2025-06-05 10:25:51,049 INFO Out dated connection ,size=0

2025-06-05 10:25:51,050 INFO Connection check task end

2025-06-05 10:25:53,946 INFO ConnectionMetrics, totalCount = 0, detail = {long_connection=0, long_polling=0}

2025-06-05 10:25:54,052 INFO Connection check task start

2025-06-05 10:25:54,053 INFO Long connection metrics detail ,Total count =0, sdkCount=0,clusterCount=0

2025-06-05 10:25:54,054 INFO Out dated connection ,size=0

2025-06-05 10:25:54,055 INFO Connection check task end

2025-06-05 10:25:56,949 INFO ConnectionMetrics, totalCount = 0, detail = {long_connection=0, long_polling=0}

2025-06-05 10:25:57,057 INFO Connection check task start

2025-06-05 10:25:57,058 INFO Long connection metrics detail ,Total count =0, sdkCount=0,clusterCount=0

2025-06-05 10:25:57,058 INFO Out dated connection ,size=0

2025-06-05 10:25:57,059 INFO Connection check task end

2025-06-05 10:25:59,951 INFO ConnectionMetrics, totalCount = 0, detail = {long_connection=0, long_polling=0}

2025-06-05 10:26:00,060 INFO Connection check task start

2025-06-05 10:26:00,061 INFO Long connection metrics detail ,Total count =0, sdkCount=0,clusterCount=0

2025-06-05 10:26:00,062 INFO Out dated connection ,size=0

2025-06-05 10:26:00,062 INFO Connection check task end

2025-06-05 10:26:02,954 INFO ConnectionMetrics, totalCount = 0, detail = {long_connection=0, long_polling=0}

2025-06-05 10:26:03,064 INFO Connection check task start

2025-06-05 10:26:03,064 INFO Long connection metrics detail ,Total count =0, sdkCount=0,clusterCount=0

2025-06-05 10:26:03,065 INFO Out dated connection ,size=0

2025-06-05 10:26:03,065 INFO Connection check task end

2025-06-05 10:26:05,956 INFO ConnectionMetrics, totalCount = 0, detail = {long_connection=0, long_polling=0}

2025-06-05 10:26:06,067 INFO Connection check task start

2025-06-05 10:26:06,068 INFO Long connection metrics detail ,Total count =0, sdkCount=0,clusterCount=0

2025-06-05 10:26:06,069 INFO Out dated connection ,size=0

2025-06-05 10:26:06,071 INFO Connection check task end

2025-06-05 10:26:08,958 INFO ConnectionMetrics, totalCount = 0, detail = {long_connection=0, long_polling=0}

2025-06-05 10:26:09,072 INFO Connection check task start

2025-06-05 10:26:09,073 INFO Long connection metrics detail ,Total count =0, sdkCount=0,clusterCount=0

2025-06-05 10:26:09,073 INFO Out dated connection ,size=0

2025-06-05 10:26:09,074 INFO Connection check task end

2025-06-05 10:26:11,960 INFO ConnectionMetrics, totalCount = 0, detail = {long_connection=0, long_polling=0}

2025-06-05 10:26:12,076 INFO Connection check task start

2025-06-05 10:26:12,077 INFO Long connection metrics detail ,Total count =0, sdkCount=0,clusterCount=0

2025-06-05 10:26:12,078 INFO Out dated connection ,size=0

2025-06-05 10:26:12,079 INFO Connection check task end

2025-06-05 10:26:14,963 INFO ConnectionMetrics, totalCount = 0, detail = {long_connection=0, long_polling=0}

2025-06-05 10:26:15,082 INFO Connection check task start

2025-06-05 10:26:15,082 INFO Long connection metrics detail ,Total count =0, sdkCount=0,clusterCount=0

2025-06-05 10:26:15,083 INFO Out dated connection ,size=0

2025-06-05 10:26:15,084 INFO Connection check task end

2025-06-05 10:26:17,966 INFO ConnectionMetrics, totalCount = 0, detail = {long_connection=0, long_polling=0}

2025-06-05 10:26:18,086 INFO Connection check task start

2025-06-05 10:26:18,087 INFO Long connection metrics detail ,Total count =0, sdkCount=0,clusterCount=0

2025-06-05 10:26:18,088 INFO Out dated connection ,size=0

2025-06-05 10:26:18,089 INFO Connection check task end

2025-06-05 10:26:20,968 INFO ConnectionMetrics, totalCount = 0, detail = {long_connection=0, long_polling=0}

2025-06-05 10:26:21,093 INFO Connection check task start

2025-06-05 10:26:21,094 INFO Long connection metrics detail ,Total count =0, sdkCount=0,clusterCount=0

2025-06-05 10:26:21,095 INFO Out dated connection ,size=0

2025-06-05 10:26:21,095 INFO Connection check task end

2025-06-05 10:26:23,971 INFO ConnectionMetrics, totalCount = 0, detail = {long_connection=0, long_polling=0}

2025-06-05 10:26:24,097 INFO Connection check task start

2025-06-05 10:26:24,097 INFO Long connection metrics detail ,Total count =0, sdkCount=0,clusterCount=0

2025-06-05 10:26:24,098 INFO Out dated connection ,size=0

2025-06-05 10:26:24,099 INFO Connection check task end

2025-06-05 10:26:26,974 INFO ConnectionMetrics, totalCount = 0, detail = {long_connection=0, long_polling=0}

2025-06-05 10:26:27,100 INFO Connection check task start

2025-06-05 10:26:27,100 INFO Long connection metrics detail ,Total count =0, sdkCount=0,clusterCount=0

2025-06-05 10:26:27,101 INFO Out dated connection ,size=0

2025-06-05 10:26:27,102 INFO Connection check task end

2025-06-05 10:26:29,977 INFO ConnectionMetrics, totalCount = 0, detail = {long_connection=0, long_polling=0}

2025-06-05 10:26:30,103 INFO Connection check task start

2025-06-05 10:26:30,104 INFO Long connection metrics detail ,Total count =0, sdkCount=0,clusterCount=0

2025-06-05 10:26:30,105 INFO Out dated connection ,size=0

2025-06-05 10:26:30,106 INFO Connection check task end

2025-06-05 10:26:32,978 INFO ConnectionMetrics, totalCount = 0, detail = {long_connection=0, long_polling=0}

2025-06-05 10:26:33,107 INFO Connection check task start

2025-06-05 10:26:33,108 INFO Long connection metrics detail ,Total count =0, sdkCount=0,clusterCount=0

2025-06-05 10:26:33,109 INFO Out dated connection ,size=0

2025-06-05 10:26:33,109 INFO Connection check task end

2025-06-05 10:26:35,980 INFO ConnectionMetrics, totalCount = 0, detail = {long_connection=0, long_polling=0}

2025-06-05 10:26:36,111 INFO Connection check task start

2025-06-05 10:26:36,112 INFO Long connection metrics detail ,Total count =0, sdkCount=0,clusterCount=0

2025-06-05 10:26:36,113 INFO Out dated connection ,size=0

2025-06-05 10:26:36,114 INFO Connection check task end

2025-06-05 10:26:38,985 INFO ConnectionMetrics, totalCount = 0, detail = {long_connection=0, long_polling=0}

2025-06-05 10:26:39,116 INFO Connection check task start

2025-06-05 10:26:39,117 INFO Long connection metrics detail ,Total count =0, sdkCount=0,clusterCount=0

2025-06-05 10:26:39,117 INFO Out dated connection ,size=0

2025-06-05 10:26:39,118 INFO Connection check task end

2025-06-05 10:26:41,987 INFO ConnectionMetrics, totalCount = 0, detail = {long_connection=0, long_polling=0}

2025-06-05 10:26:42,120 INFO Connection check task start

2025-06-05 10:26:42,122 INFO Long connection metrics detail ,Total count =0, sdkCount=0,clusterCount=0

2025-06-05 10:26:42,123 INFO Out dated connection ,size=0

2025-06-05 10:26:42,123 INFO Connection check task end

2025-06-05 10:26:44,989 INFO ConnectionMetrics, totalCount = 0, detail = {long_connection=0, long_polling=0}

2025-06-05 10:26:45,125 INFO Connection check task start

2025-06-05 10:26:45,125 INFO Long connection metrics detail ,Total count =0, sdkCount=0,clusterCount=0

2025-06-05 10:26:45,125 INFO Out dated connection ,size=0

2025-06-05 10:26:45,126 INFO Connection check task end

2025-06-05 10:26:47,991 INFO ConnectionMetrics, totalCount = 0, detail = {long_connection=0, long_polling=0}

2025-06-05 10:26:48,127 INFO Connection check task start

2025-06-05 10:26:48,128 INFO Long connection metrics detail ,Total count =0, sdkCount=0,clusterCount=0

2025-06-05 10:26:48,129 INFO Out dated connection ,size=0

2025-06-05 10:26:48,130 INFO Connection check task end

2025-06-05 10:26:50,994 INFO ConnectionMetrics, totalCount = 0, detail = {long_connection=0, long_polling=0}

2025-06-05 10:26:51,132 INFO Connection check task start

2025-06-05 10:26:51,132 INFO Long connection metrics detail ,Total count =0, sdkCount=0,clusterCount=0

2025-06-05 10:26:51,133 INFO Out dated connection ,size=0

2025-06-05 10:26:51,134 INFO Connection check task end

2025-06-05 10:26:53,996 INFO ConnectionMetrics, totalCount = 0, detail = {long_connection=0, long_polling=0}

2025-06-05 10:26:54,136 INFO Connection check task start

2025-06-05 10:26:54,137 INFO Long connection metrics detail ,Total count =0, sdkCount=0,clusterCount=0

2025-06-05 10:26:54,138 INFO Out dated connection ,size=0

2025-06-05 10:26:54,139 INFO Connection check task end

2025-06-05 10:26:56,998 INFO ConnectionMetrics, totalCount = 0, detail = {long_connection=0, long_polling=0}

2025-06-05 10:26:57,140 INFO Connection check task start

2025-06-05 10:26:57,141 INFO Long connection metrics detail ,Total count =0, sdkCount=0,clusterCount=0

2025-06-05 10:26:57,142 INFO Out dated connection ,size=0

2025-06-05 10:26:57,142 INFO Connection check task end

2025-06-05 10:27:00,000 INFO ConnectionMetrics, totalCount = 0, detail = {long_connection=0, long_polling=0}

2025-06-05 10:27:00,145 INFO Connection check task start

2025-06-05 10:27:00,146 INFO Long connection metrics detail ,Total count =0, sdkCount=0,clusterCount=0

2025-06-05 10:27:00,147 INFO Out dated connection ,size=0

2025-06-05 10:27:00,148 INFO Connection check task end

2025-06-05 10:27:03,001 INFO ConnectionMetrics, totalCount = 0, detail = {long_connection=0, long_polling=0}

2025-06-05 10:27:03,149 INFO Connection check task start

2025-06-05 10:27:03,150 INFO Long connection metrics detail ,Total count =0, sdkCount=0,clusterCount=0

2025-06-05 10:27:03,150 INFO Out dated connection ,size=0

2025-06-05 10:27:03,151 INFO Connection check task end

2025-06-05 10:27:06,003 INFO ConnectionMetrics, totalCount = 0, detail = {long_connection=0, long_polling=0}

2025-06-05 10:27:06,152 INFO Connection check task start

2025-06-05 10:27:06,153 INFO Long connection metrics detail ,Total count =0, sdkCount=0,clusterCount=0

2025-06-05 10:27:06,154 INFO Out dated connection ,size=0

2025-06-05 10:27:06,154 INFO Connection check task end

2025-06-05 10:27:09,004 INFO ConnectionMetrics, totalCount = 0, detail = {long_connection=0, long_polling=0}

2025-06-05 10:27:09,155 INFO Connection check task start

2025-06-05 10:27:09,156 INFO Long connection metrics detail ,Total count =0, sdkCount=0,clusterCount=0

2025-06-05 10:27:09,156 INFO Out dated connection ,size=0

2025-06-05 10:27:09,156 INFO Connection check task end

2025-06-05 10:27:12,007 INFO ConnectionMetrics, totalCount = 0, detail = {long_connection=0, long_polling=0}

2025-06-05 10:27:12,157 INFO Connection check task start

2025-06-05 10:27:12,158 INFO Long connection metrics detail ,Total count =0, sdkCount=0,clusterCount=0

2025-06-05 10:27:12,159 INFO Out dated connection ,size=0

2025-06-05 10:27:12,159 INFO Connection check task end

2025-06-05 10:27:15,009 INFO ConnectionMetrics, totalCount = 0, detail = {long_connection=0, long_polling=0}

2025-06-05 10:27:15,161 INFO Connection check task start

2025-06-05 10:27:15,162 INFO Long connection metrics detail ,Total count =0, sdkCount=0,clusterCount=0

2025-06-05 10:27:15,163 INFO Out dated connection ,size=0

2025-06-05 10:27:15,164 INFO Connection check task end

2025-06-05 10:27:18,011 INFO ConnectionMetrics, totalCount = 0, detail = {long_connection=0, long_polling=0}

2025-06-05 10:27:18,166 INFO Connection check task start

2025-06-05 10:27:18,168 INFO Long connection metrics detail ,Total count =0, sdkCount=0,clusterCount=0

2025-06-05 10:27:18,169 INFO Out dated connection ,size=0

2025-06-05 10:27:18,170 INFO Connection check task end

2025-06-05 10:27:21,014 INFO ConnectionMetrics, totalCount = 0, detail = {long_connection=0, long_polling=0}

2025-06-05 10:27:21,172 INFO Connection check task start

2025-06-05 10:27:21,174 INFO Long connection metrics detail ,Total count =0, sdkCount=0,clusterCount=0

2025-06-05 10:27:21,174 INFO Out dated connection ,size=0

2025-06-05 10:27:21,175 INFO Connection check task end

2025-06-05 10:27:24,017 INFO ConnectionMetrics, totalCount = 0, detail = {long_connection=0, long_polling=0}

2025-06-05 10:27:24,177 INFO Connection check task start

2025-06-05 10:27:24,178 INFO Long connection metrics detail ,Total count =0, sdkCount=0,clusterCount=0

2025-06-05 10:27:24,179 INFO Out dated connection ,size=0

2025-06-05 10:27:24,179 INFO Connection check task end

2025-06-05 10:27:27,019 INFO ConnectionMetrics, totalCount = 0, detail = {long_connection=0, long_polling=0}

2025-06-05 10:27:27,180 INFO Connection check task start

2025-06-05 10:27:27,181 INFO Long connection metrics detail ,Total count =0, sdkCount=0,clusterCount=0

2025-06-05 10:27:27,182 INFO Out dated connection ,size=0

2025-06-05 10:27:27,182 INFO Connection check task end

2025-06-05 10:27:30,020 INFO ConnectionMetrics, totalCount = 0, detail = {long_connection=0, long_polling=0}

2025-06-05 10:27:30,184 INFO Connection check task start

2025-06-05 10:27:30,185 INFO Long connection metrics detail ,Total count =0, sdkCount=0,clusterCount=0

2025-06-05 10:27:30,186 INFO Out dated connection ,size=0

2025-06-05 10:27:30,188 INFO Connection check task end

2025-06-05 10:27:33,022 INFO ConnectionMetrics, totalCount = 0, detail = {long_connection=0, long_polling=0}

2025-06-05 10:27:33,189 INFO Connection check task start

2025-06-05 10:27:33,189 INFO Long connection metrics detail ,Total count =0, sdkCount=0,clusterCount=0

2025-06-05 10:27:33,190 INFO Out dated connection ,size=0

2025-06-05 10:27:33,190 INFO Connection check task end

2025-06-05 10:27:36,024 INFO ConnectionMetrics, totalCount = 0, detail = {long_connection=0, long_polling=0}

2025-06-05 10:27:36,192 INFO Connection check task start

2025-06-05 10:27:36,194 INFO Long connection metrics detail ,Total count =0, sdkCount=0,clusterCount=0

2025-06-05 10:27:36,195 INFO Out dated connection ,size=0

2025-06-05 10:27:36,196 INFO Connection check task end

2025-06-05 10:27:39,026 INFO ConnectionMetrics, totalCount = 0, detail = {long_connection=0, long_polling=0}

2025-06-05 10:27:39,198 INFO Connection check task start

2025-06-05 10:27:39,199 INFO Long connection metrics detail ,Total count =0, sdkCount=0,clusterCount=0

2025-06-05 10:27:39,200 INFO Out dated connection ,size=0

2025-06-05 10:27:39,200 INFO Connection check task end

2025-06-05 10:27:42,027 INFO ConnectionMetrics, totalCount = 0, detail = {long_connection=0, long_polling=0}

2025-06-05 10:27:42,202 INFO Connection check task start

2025-06-05 10:27:42,203 INFO Long connection metrics detail ,Total count =0, sdkCount=0,clusterCount=0

2025-06-05 10:27:42,204 INFO Out dated connection ,size=0

2025-06-05 10:27:42,205 INFO Connection check task end

2025-06-05 10:27:45,029 INFO ConnectionMetrics, totalCount = 0, detail = {long_connection=0, long_polling=0}

2025-06-05 10:27:45,206 INFO Connection check task start

2025-06-05 10:27:45,207 INFO Long connection metrics detail ,Total count =0, sdkCount=0,clusterCount=0

2025-06-05 10:27:45,207 INFO Out dated connection ,size=0

2025-06-05 10:27:45,208 INFO Connection check task end

2025-06-05 10:27:48,031 INFO ConnectionMetrics, totalCount = 0, detail = {long_connection=0, long_polling=0}

2025-06-05 10:27:48,212 INFO Connection check task start

2025-06-05 10:27:48,213 INFO Long connection metrics detail ,Total count =0, sdkCount=0,clusterCount=0

2025-06-05 10:27:48,214 INFO Out dated connection ,size=0

2025-06-05 10:27:48,215 INFO Connection check task end

2025-06-05 10:27:51,033 INFO ConnectionMetrics, totalCount = 0, detail = {long_connection=0, long_polling=0}

2025-06-05 10:27:51,216 INFO Connection check task start

2025-06-05 10:27:51,217 INFO Long connection metrics detail ,Total count =0, sdkCount=0,clusterCount=0

2025-06-05 10:27:51,219 INFO Out dated connection ,size=0

2025-06-05 10:27:51,219 INFO Connection check task end

2025-06-05 10:27:54,036 INFO ConnectionMetrics, totalCount = 0, detail = {long_connection=0, long_polling=0}

2025-06-05 10:27:54,221 INFO Connection check task start

2025-06-05 10:27:54,222 INFO Long connection metrics detail ,Total count =0, sdkCount=0,clusterCount=0

2025-06-05 10:27:54,223 INFO Out dated connection ,size=0

2025-06-05 10:27:54,224 INFO Connection check task end

2025-06-05 10:27:57,039 INFO ConnectionMetrics, totalCount = 0, detail = {long_connection=0, long_polling=0}

2025-06-05 10:27:57,225 INFO Connection check task start

2025-06-05 10:27:57,225 INFO Long connection metrics detail ,Total count =0, sdkCount=0,clusterCount=0

2025-06-05 10:27:57,226 INFO Out dated connection ,size=0

2025-06-05 10:27:57,226 INFO Connection check task end

2025-06-05 10:28:00,041 INFO ConnectionMetrics, totalCount = 0, detail = {long_connection=0, long_polling=0}

2025-06-05 10:28:00,230 INFO Connection check task start

2025-06-05 10:28:00,231 INFO Long connection metrics detail ,Total count =0, sdkCount=0,clusterCount=0

2025-06-05 10:28:00,232 INFO Out dated connection ,size=0

2025-06-05 10:28:00,233 INFO Connection check task end

2025-06-05 10:28:03,043 INFO ConnectionMetrics, totalCount = 0, detail = {long_connection=0, long_polling=0}

2025-06-05 10:28:03,233 INFO Connection check task start

2025-06-05 10:28:03,234 INFO Long connection metrics detail ,Total count =0, sdkCount=0,clusterCount=0

2025-06-05 10:28:03,235 INFO Out dated connection ,size=0

2025-06-05 10:28:03,235 INFO Connection check task end

2025-06-05 10:28:06,045 INFO ConnectionMetrics, totalCount = 0, detail = {long_connection=0, long_polling=0}

2025-06-05 10:28:06,236 INFO Connection check task start

2025-06-05 10:28:06,237 INFO Long connection metrics detail ,Total count =0, sdkCount=0,clusterCount=0

2025-06-05 10:28:06,238 INFO Out dated connection ,size=0

2025-06-05 10:28:06,238 INFO Connection check task end

2025-06-05 10:28:09,046 INFO ConnectionMetrics, totalCount = 0, detail = {long_connection=0, long_polling=0}

2025-06-05 10:28:09,239 INFO Connection check task start

2025-06-05 10:28:09,240 INFO Long connection metrics detail ,Total count =0, sdkCount=0,clusterCount=0

2025-06-05 10:28:09,241 INFO Out dated connection ,size=0

2025-06-05 10:28:09,241 INFO Connection check task end

2025-06-05 10:28:12,049 INFO ConnectionMetrics, totalCount = 0, detail = {long_connection=0, long_polling=0}

2025-06-05 10:28:12,242 INFO Connection check task start

2025-06-05 10:28:12,243 INFO Long connection metrics detail ,Total count =0, sdkCount=0,clusterCount=0

2025-06-05 10:28:12,244 INFO Out dated connection ,size=0

2025-06-05 10:28:12,245 INFO Connection check task end

2025-06-05 10:28:15,050 INFO ConnectionMetrics, totalCount = 0, detail = {long_connection=0, long_polling=0}

2025-06-05 10:28:15,245 INFO Connection check task start

2025-06-05 10:28:15,246 INFO Long connection metrics detail ,Total count =0, sdkCount=0,clusterCount=0

2025-06-05 10:28:15,247 INFO Out dated connection ,size=0

2025-06-05 10:28:15,248 INFO Connection check task end

2025-06-05 10:28:18,052 INFO ConnectionMetrics, totalCount = 0, detail = {long_connection=0, long_polling=0}

2025-06-05 10:28:18,250 INFO Connection check task start

2025-06-05 10:28:18,251 INFO Long connection metrics detail ,Total count =0, sdkCount=0,clusterCount=0

2025-06-05 10:28:18,253 INFO Out dated connection ,size=0

2025-06-05 10:28:18,254 INFO Connection check task end

2025-06-05 10:28:21,055 INFO ConnectionMetrics, totalCount = 0, detail = {long_connection=0, long_polling=0}

2025-06-05 10:28:21,256 INFO Connection check task start

2025-06-05 10:28:21,256 INFO Long connection metrics detail ,Total count =0, sdkCount=0,clusterCount=0

2025-06-05 10:28:21,257 INFO Out dated connection ,size=0

2025-06-05 10:28:21,258 INFO Connection check task end

2025-06-05 10:28:24,057 INFO ConnectionMetrics, totalCount = 0, detail = {long_connection=0, long_polling=0}

2025-06-05 10:28:24,259 INFO Connection check task start

2025-06-05 10:28:24,260 INFO Long connection metrics detail ,Total count =0, sdkCount=0,clusterCount=0

2025-06-05 10:28:24,261 INFO Out dated connection ,size=0

2025-06-05 10:28:24,262 INFO Connection check task end

2025-06-05 10:28:27,059 INFO ConnectionMetrics, totalCount = 0, detail = {long_connection=0, long_polling=0}

2025-06-05 10:28:27,263 INFO Connection check task start

2025-06-05 10:28:27,264 INFO Long connection metrics detail ,Total count =0, sdkCount=0,clusterCount=0

2025-06-05 10:28:27,264 INFO Out dated connection ,size=0

2025-06-05 10:28:27,265 INFO Connection check task end

2025-06-05 10:28:30,062 INFO ConnectionMetrics, totalCount = 0, detail = {long_connection=0, long_polling=0}

2025-06-05 10:28:30,267 INFO Connection check task start

2025-06-05 10:28:30,268 INFO Long connection metrics detail ,Total count =0, sdkCount=0,clusterCount=0

2025-06-05 10:28:30,268 INFO Out dated connection ,size=0

2025-06-05 10:28:30,268 INFO Connection check task end

2025-06-05 10:28:33,064 INFO ConnectionMetrics, totalCount = 0, detail = {long_connection=0, long_polling=0}

2025-06-05 10:28:33,269 INFO Connection check task start

2025-06-05 10:28:33,270 INFO Long connection metrics detail ,Total count =0, sdkCount=0,clusterCount=0

2025-06-05 10:28:33,270 INFO Out dated connection ,size=0

2025-06-05 10:28:33,270 INFO Connection check task end

2025-06-05 10:28:36,066 INFO ConnectionMetrics, totalCount = 0, detail = {long_connection=0, long_polling=0}

2025-06-05 10:28:36,272 INFO Connection check task start

2025-06-05 10:28:36,272 INFO Long connection metrics detail ,Total count =0, sdkCount=0,clusterCount=0

2025-06-05 10:28:36,272 INFO Out dated connection ,size=0

2025-06-05 10:28:36,273 INFO Connection check task end

2025-06-05 10:28:39,068 INFO ConnectionMetrics, totalCount = 0, detail = {long_connection=0, long_polling=0}

2025-06-05 10:28:39,273 INFO Connection check task start

2025-06-05 10:28:39,274 INFO Long connection metrics detail ,Total count =0, sdkCount=0,clusterCount=0

2025-06-05 10:28:39,274 INFO Out dated connection ,size=0

2025-06-05 10:28:39,275 INFO Connection check task end

2025-06-05 10:28:42,069 INFO ConnectionMetrics, totalCount = 0, detail = {long_connection=0, long_polling=0}

2025-06-05 10:28:42,275 INFO Connection check task start

2025-06-05 10:28:42,276 INFO Long connection metrics detail ,Total count =0, sdkCount=0,clusterCount=0

2025-06-05 10:28:42,276 INFO Out dated connection ,size=0

2025-06-05 10:28:42,279 INFO Connection check task end

2025-06-05 10:28:45,071 INFO ConnectionMetrics, totalCount = 0, detail = {long_connection=0, long_polling=0}

2025-06-05 10:28:45,280 INFO Connection check task start

2025-06-05 10:28:45,281 INFO Long connection metrics detail ,Total count =0, sdkCount=0,clusterCount=0

2025-06-05 10:28:45,281 INFO Out dated connection ,size=0

2025-06-05 10:28:45,281 INFO Connection check task end

2025-06-05 10:28:48,073 INFO ConnectionMetrics, totalCount = 0, detail = {long_connection=0, long_polling=0}

2025-06-05 10:28:48,282 INFO Connection check task start

2025-06-05 10:28:48,283 INFO Long connection metrics detail ,Total count =0, sdkCount=0,clusterCount=0

2025-06-05 10:28:48,283 INFO Out dated connection ,size=0

2025-06-05 10:28:48,284 INFO Connection check task end

2025-06-05 10:28:51,074 INFO ConnectionMetrics, totalCount = 0, detail = {long_connection=0, long_polling=0}

2025-06-05 10:28:51,284 INFO Connection check task start

2025-06-05 10:28:51,285 INFO Long connection metrics detail ,Total count =0, sdkCount=0,clusterCount=0

2025-06-05 10:28:51,285 INFO Out dated connection ,size=0

2025-06-05 10:28:51,286 INFO Connection check task end

2025-06-05 10:28:54,076 INFO ConnectionMetrics, totalCount = 0, detail = {long_connection=0, long_polling=0}

2025-06-05 10:28:54,286 INFO Connection check task start

2025-06-05 10:28:54,287 INFO Long connection metrics detail ,Total count =0, sdkCount=0,clusterCount=0

2025-06-05 10:28:54,288 INFO Out dated connection ,size=0

2025-06-05 10:28:54,288 INFO Connection check task end

2025-06-05 10:28:57,077 INFO ConnectionMetrics, totalCount = 0, detail = {long_connection=0, long_polling=0}

2025-06-05 10:28:57,289 INFO Connection check task start

2025-06-05 10:28:57,290 INFO Long connection metrics detail ,Total count =0, sdkCount=0,clusterCount=0

2025-06-05 10:28:57,290 INFO Out dated connection ,size=0

2025-06-05 10:28:57,291 INFO Connection check task end

2025-06-05 10:29:00,079 INFO ConnectionMetrics, totalCount = 0, detail = {long_connection=0, long_polling=0}

2025-06-05 10:29:00,292 INFO Connection check task start

2025-06-05 10:29:00,293 INFO Long connection metrics detail ,Total count =0, sdkCount=0,clusterCount=0

2025-06-05 10:29:00,294 INFO Out dated connection ,size=0

2025-06-05 10:29:00,294 INFO Connection check task end

2025-06-05 10:29:03,080 INFO ConnectionMetrics, totalCount = 0, detail = {long_connection=0, long_polling=0}

2025-06-05 10:29:03,296 INFO Connection check task start

2025-06-05 10:29:03,296 INFO Long connection metrics detail ,Total count =0, sdkCount=0,clusterCount=0

2025-06-05 10:29:03,296 INFO Out dated connection ,size=0

2025-06-05 10:29:03,297 INFO Connection check task end

2025-06-05 10:29:06,081 INFO ConnectionMetrics, totalCount = 0, detail = {long_connection=0, long_polling=0}

2025-06-05 10:29:06,297 INFO Connection check task start

2025-06-05 10:29:06,298 INFO Long connection metrics detail ,Total count =0, sdkCount=0,clusterCount=0

2025-06-05 10:29:06,299 INFO Out dated connection ,size=0

2025-06-05 10:29:06,299 INFO Connection check task end

2025-06-05 10:29:09,082 INFO ConnectionMetrics, totalCount = 0, detail = {long_connection=0, long_polling=0}

2025-06-05 10:29:09,301 INFO Connection check task start

2025-06-05 10:29:09,302 INFO Long connection metrics detail ,Total count =0, sdkCount=0,clusterCount=0

2025-06-05 10:29:09,302 INFO Out dated connection ,size=0

2025-06-05 10:29:09,302 INFO Connection check task end

2025-06-05 10:29:12,145 INFO ConnectionMetrics, totalCount = 0, detail = {long_connection=0, long_polling=0}

2025-06-05 10:29:12,303 INFO Connection check task start

2025-06-05 10:29:12,304 INFO Long connection metrics detail ,Total count =0, sdkCount=0,clusterCount=0

2025-06-05 10:29:12,305 INFO Out dated connection ,size=0

2025-06-05 10:29:12,305 INFO Connection check task end

2025-06-05 10:29:15,147 INFO ConnectionMetrics, totalCount = 0, detail = {long_connection=0, long_polling=0}

2025-06-05 10:29:15,307 INFO Connection check task start

2025-06-05 10:29:15,307 INFO Long connection metrics detail ,Total count =0, sdkCount=0,clusterCount=0

2025-06-05 10:29:15,308 INFO Out dated connection ,size=0

2025-06-05 10:29:15,308 INFO Connection check task end

2025-06-05 10:29:18,149 INFO ConnectionMetrics, totalCount = 0, detail = {long_connection=0, long_polling=0}

2025-06-05 10:29:18,309 INFO Connection check task start

2025-06-05 10:29:18,310 INFO Long connection metrics detail ,Total count =0, sdkCount=0,clusterCount=0

2025-06-05 10:29:18,310 INFO Out dated connection ,size=0

2025-06-05 10:29:18,311 INFO Connection check task end

2025-06-05 10:29:21,150 INFO ConnectionMetrics, totalCount = 0, detail = {long_connection=0, long_polling=0}

2025-06-05 10:29:21,313 INFO Connection check task start

2025-06-05 10:29:21,313 INFO Long connection metrics detail ,Total count =0, sdkCount=0,clusterCount=0

2025-06-05 10:29:21,313 INFO Out dated connection ,size=0

2025-06-05 10:29:21,314 INFO Connection check task end

2025-06-05 10:29:24,150 INFO ConnectionMetrics, totalCount = 0, detail = {long_connection=0, long_polling=0}

2025-06-05 10:29:24,315 INFO Connection check task start

2025-06-05 10:29:24,316 INFO Long connection metrics detail ,Total count =0, sdkCount=0,clusterCount=0

2025-06-05 10:29:24,316 INFO Out dated connection ,size=0

2025-06-05 10:29:24,317 INFO Connection check task end

2025-06-05 10:29:27,151 INFO ConnectionMetrics, totalCount = 0, detail = {long_connection=0, long_polling=0}

2025-06-05 10:29:27,318 INFO Connection check task start

2025-06-05 10:29:27,318 INFO Long connection metrics detail ,Total count =0, sdkCount=0,clusterCount=0

2025-06-05 10:29:27,319 INFO Out dated connection ,size=0

2025-06-05 10:29:27,319 INFO Connection check task end

2025-06-05 10:29:30,153 INFO ConnectionMetrics, totalCount = 0, detail = {long_connection=0, long_polling=0}

2025-06-05 10:29:30,321 INFO Connection check task start

2025-06-05 10:29:30,321 INFO Long connection metrics detail ,Total count =0, sdkCount=0,clusterCount=0

2025-06-05 10:29:30,321 INFO Out dated connection ,size=0

2025-06-05 10:29:30,322 INFO Connection check task end

2025-06-05 10:29:33,154 INFO ConnectionMetrics, totalCount = 0, detail = {long_connection=0, long_polling=0}

2025-06-05 10:29:33,322 INFO Connection check task start

2025-06-05 10:29:33,323 INFO Long connection metrics detail ,Total count =0, sdkCount=0,clusterCount=0

2025-06-05 10:29:33,323 INFO Out dated connection ,size=0

2025-06-05 10:29:33,323 INFO Connection check task end

2025-06-05 10:29:36,156 INFO ConnectionMetrics, totalCount = 0, detail = {long_connection=0, long_polling=0}

2025-06-05 10:29:36,324 INFO Connection check task start

2025-06-05 10:29:36,325 INFO Long connection metrics detail ,Total count =0, sdkCount=0,clusterCount=0

2025-06-05 10:29:36,325 INFO Out dated connection ,size=0

2025-06-05 10:29:36,326 INFO Connection check task end

2025-06-05 10:29:39,157 INFO ConnectionMetrics, totalCount = 0, detail = {long_connection=0, long_polling=0}

2025-06-05 10:29:39,326 INFO Connection check task start

2025-06-05 10:29:39,327 INFO Long connection metrics detail ,Total count =0, sdkCount=0,clusterCount=0

2025-06-05 10:29:39,327 INFO Out dated connection ,size=0

2025-06-05 10:29:39,328 INFO Connection check task end

2025-06-05 10:29:42,159 INFO ConnectionMetrics, totalCount = 0, detail = {long_connection=0, long_polling=0}

2025-06-05 10:29:42,358 INFO Connection check task start

2025-06-05 10:29:42,365 INFO Long connection metrics detail ,Total count =0, sdkCount=0,clusterCount=0

2025-06-05 10:29:42,366 INFO Out dated connection ,size=0

2025-06-05 10:29:42,368 INFO Connection check task end

2025-06-05 10:29:45,160 INFO ConnectionMetrics, totalCount = 0, detail = {long_connection=0, long_polling=0}

2025-06-05 10:29:45,370 INFO Connection check task start

2025-06-05 10:29:45,371 INFO Long connection metrics detail ,Total count =0, sdkCount=0,clusterCount=0

2025-06-05 10:29:45,371 INFO Out dated connection ,size=0

2025-06-05 10:29:45,371 INFO Connection check task end

2025-06-05 10:29:48,161 INFO ConnectionMetrics, totalCount = 0, detail = {long_connection=0, long_polling=0}

2025-06-05 10:29:48,372 INFO Connection check task start

2025-06-05 10:29:48,373 INFO Long connection metrics detail ,Total count =0, sdkCount=0,clusterCount=0

2025-06-05 10:29:48,373 INFO Out dated connection ,size=0

2025-06-05 10:29:48,374 INFO Connection check task end

2025-06-05 10:29:51,164 INFO ConnectionMetrics, totalCount = 0, detail = {long_connection=0, long_polling=0}

2025-06-05 10:29:51,374 INFO Connection check task start

2025-06-05 10:29:51,375 INFO Long connection metrics detail ,Total count =0, sdkCount=0,clusterCount=0

2025-06-05 10:29:51,375 INFO Out dated connection ,size=0

2025-06-05 10:29:51,375 INFO Connection check task end

2025-06-05 10:29:54,166 INFO ConnectionMetrics, totalCount = 0, detail = {long_connection=0, long_polling=0}

2025-06-05 10:29:54,377 INFO Connection check task start

2025-06-05 10:29:54,377 INFO Long connection metrics detail ,Total count =0, sdkCount=0,clusterCount=0

2025-06-05 10:29:54,378 INFO Out dated connection ,size=0

2025-06-05 10:29:54,378 INFO Connection check task end

2025-06-05 10:29:57,167 INFO ConnectionMetrics, totalCount = 0, detail = {long_connection=0, long_polling=0}

2025-06-05 10:29:57,379 INFO Connection check task start

2025-06-05 10:29:57,380 INFO Long connection metrics detail ,Total count =0, sdkCount=0,clusterCount=0

2025-06-05 10:29:57,380 INFO Out dated connection ,size=0

2025-06-05 10:29:57,380 INFO Connection check task end

2025-06-05 10:30:00,169 INFO ConnectionMetrics, totalCount = 0, detail = {long_connection=0, long_polling=0}

2025-06-05 10:30:00,381 INFO Connection check task start

2025-06-05 10:30:00,382 INFO Long connection metrics detail ,Total count =0, sdkCount=0,clusterCount=0

2025-06-05 10:30:00,382 INFO Out dated connection ,size=0

2025-06-05 10:30:00,383 INFO Connection check task end

2025-06-05 10:30:03,170 INFO ConnectionMetrics, totalCount = 0, detail = {long_connection=0, long_polling=0}

2025-06-05 10:30:03,384 INFO Connection check task start

2025-06-05 10:30:03,385 INFO Long connection metrics detail ,Total count =0, sdkCount=0,clusterCount=0

2025-06-05 10:30:03,385 INFO Out dated connection ,size=0

2025-06-05 10:30:03,385 INFO Connection check task end

2025-06-05 10:30:06,195 INFO ConnectionMetrics, totalCount = 0, detail = {long_connection=0, long_polling=0}

2025-06-05 10:30:06,386 INFO Connection check task start

2025-06-05 10:30:06,389 INFO Long connection metrics detail ,Total count =0, sdkCount=0,clusterCount=0

2025-06-05 10:30:06,393 INFO Out dated connection ,size=0

2025-06-05 10:30:06,394 INFO Connection check task end

2025-06-05 10:30:09,260 INFO ConnectionMetrics, totalCount = 0, detail = {long_connection=0, long_polling=0}

2025-06-05 10:30:09,395 INFO Connection check task start

2025-06-05 10:30:09,396 INFO Long connection metrics detail ,Total count =0, sdkCount=0,clusterCount=0

2025-06-05 10:30:09,397 INFO Out dated connection ,size=0

2025-06-05 10:30:09,397 INFO Connection check task end

2025-06-05 10:30:12,286 INFO ConnectionMetrics, totalCount = 0, detail = {long_connection=0, long_polling=0}

2025-06-05 10:30:12,399 INFO Connection check task start

2025-06-05 10:30:12,400 INFO Long connection metrics detail ,Total count =0, sdkCount=0,clusterCount=0

2025-06-05 10:30:12,400 INFO Out dated connection ,size=0

2025-06-05 10:30:12,401 INFO Connection check task end

2025-06-05 10:30:15,308 INFO ConnectionMetrics, totalCount = 0, detail = {long_connection=0, long_polling=0}

2025-06-05 10:30:15,401 INFO Connection check task start

2025-06-05 10:30:15,402 INFO Long connection metrics detail ,Total count =0, sdkCount=0,clusterCount=0

2025-06-05 10:30:15,402 INFO Out dated connection ,size=0

2025-06-05 10:30:15,402 INFO Connection check task end

2025-06-05 10:30:18,309 INFO ConnectionMetrics, totalCount = 0, detail = {long_connection=0, long_polling=0}

2025-06-05 10:30:18,404 INFO Connection check task start

2025-06-05 10:30:18,405 INFO Long connection metrics detail ,Total count =0, sdkCount=0,clusterCount=0

2025-06-05 10:30:18,405 INFO Out dated connection ,size=0

2025-06-05 10:30:18,406 INFO Connection check task end

2025-06-05 10:30:21,311 INFO ConnectionMetrics, totalCount = 0, detail = {long_connection=0, long_polling=0}

2025-06-05 10:30:21,407 INFO Connection check task start

2025-06-05 10:30:21,408 INFO Long connection metrics detail ,Total count =0, sdkCount=0,clusterCount=0

2025-06-05 10:30:21,408 INFO Out dated connection ,size=0

2025-06-05 10:30:21,409 INFO Connection check task end

2025-06-05 10:30:24,313 INFO ConnectionMetrics, totalCount = 0, detail = {long_connection=0, long_polling=0}

2025-06-05 10:30:24,410 INFO Connection check task start

2025-06-05 10:30:24,411 INFO Long connection metrics detail ,Total count =0, sdkCount=0,clusterCount=0

2025-06-05 10:30:24,411 INFO Out dated connection ,size=0

2025-06-05 10:30:24,411 INFO Connection check task end

2025-06-05 10:30:27,314 INFO ConnectionMetrics, totalCount = 0, detail = {long_connection=0, long_polling=0}

2025-06-05 10:30:27,412 INFO Connection check task start

2025-06-05 10:30:27,413 INFO Long connection metrics detail ,Total count =0, sdkCount=0,clusterCount=0

2025-06-05 10:30:27,413 INFO Out dated connection ,size=0

2025-06-05 10:30:27,413 INFO Connection check task end

2025-06-05 10:30:30,315 INFO ConnectionMetrics, totalCount = 0, detail = {long_connection=0, long_polling=0}

2025-06-05 10:30:30,414 INFO Connection check task start

2025-06-05 10:30:30,415 INFO Long connection metrics detail ,Total count =0, sdkCount=0,clusterCount=0

2025-06-05 10:30:30,415 INFO Out dated connection ,size=0

2025-06-05 10:30:30,415 INFO Connection check task end

2025-06-05 10:30:33,315 INFO ConnectionMetrics, totalCount = 0, detail = {long_connection=0, long_polling=0}

2025-06-05 10:30:33,415 INFO Connection check task start

2025-06-05 10:30:33,415 INFO Long connection metrics detail ,Total count =0, sdkCount=0,clusterCount=0

2025-06-05 10:30:33,416 INFO Out dated connection ,size=0

2025-06-05 10:30:33,416 INFO Connection check task end

2025-06-05 10:30:36,317 INFO ConnectionMetrics, totalCount = 0, detail = {long_connection=0, long_polling=0}

2025-06-05 10:30:36,417 INFO Connection check task start

2025-06-05 10:30:36,417 INFO Long connection metrics detail ,Total count =0, sdkCount=0,clusterCount=0

2025-06-05 10:30:36,418 INFO Out dated connection ,size=0

2025-06-05 10:30:36,418 INFO Connection check task end

2025-06-05 10:30:39,320 INFO ConnectionMetrics, totalCount = 0, detail = {long_connection=0, long_polling=0}

2025-06-05 10:30:39,419 INFO Connection check task start

2025-06-05 10:30:39,420 INFO Long connection metrics detail ,Total count =0, sdkCount=0,clusterCount=0

2025-06-05 10:30:39,421 INFO Out dated connection ,size=0

2025-06-05 10:30:39,421 INFO Connection check task end

2025-06-05 10:30:42,322 INFO ConnectionMetrics, totalCount = 0, detail = {long_connection=0, long_polling=0}

2025-06-05 10:30:42,422 INFO Connection check task start

2025-06-05 10:30:42,423 INFO Long connection metrics detail ,Total count =0, sdkCount=0,clusterCount=0

2025-06-05 10:30:42,423 INFO Out dated connection ,size=0

2025-06-05 10:30:42,423 INFO Connection check task end

2025-06-05 10:30:45,324 INFO ConnectionMetrics, totalCount = 0, detail = {long_connection=0, long_polling=0}

2025-06-05 10:30:45,424 INFO Connection check task start

2025-06-05 10:30:45,425 INFO Long connection metrics detail ,Total count =0, sdkCount=0,clusterCount=0

2025-06-05 10:30:45,425 INFO Out dated connection ,size=0

2025-06-05 10:30:45,426 INFO Connection check task end

2025-06-05 10:30:48,325 INFO ConnectionMetrics, totalCount = 0, detail = {long_connection=0, long_polling=0}

2025-06-05 10:30:48,427 INFO Connection check task start

2025-06-05 10:30:48,428 INFO Long connection metrics detail ,Total count =0, sdkCount=0,clusterCount=0

2025-06-05 10:30:48,428 INFO Out dated connection ,size=0

2025-06-05 10:30:48,429 INFO Connection check task end

2025-06-05 10:30:51,327 INFO ConnectionMetrics, totalCount = 0, detail = {long_connection=0, long_polling=0}

2025-06-05 10:30:51,430 INFO Connection check task start

2025-06-05 10:30:51,431 INFO Long connection metrics detail ,Total count =0, sdkCount=0,clusterCount=0

2025-06-05 10:30:51,432 INFO Out dated connection ,size=0

2025-06-05 10:30:51,433 INFO Connection check task end

2025-06-05 10:30:54,329 INFO ConnectionMetrics, totalCount = 0, detail = {long_connection=0, long_polling=0}

2025-06-05 10:30:54,434 INFO Connection check task start

2025-06-05 10:30:54,434 INFO Long connection metrics detail ,Total count =0, sdkCount=0,clusterCount=0

2025-06-05 10:30:54,435 INFO Out dated connection ,size=0

2025-06-05 10:30:54,435 INFO Connection check task end

2025-06-05 10:30:57,330 INFO ConnectionMetrics, totalCount = 0, detail = {long_connection=0, long_polling=0}

2025-06-05 10:30:57,436 INFO Connection check task start

2025-06-05 10:30:57,436 INFO Long connection metrics detail ,Total count =0, sdkCount=0,clusterCount=0

2025-06-05 10:30:57,436 INFO Out dated connection ,size=0

2025-06-05 10:30:57,436 INFO Connection check task end

2025-06-05 10:31:00,331 INFO ConnectionMetrics, totalCount = 0, detail = {long_connection=0, long_polling=0}

2025-06-05 10:31:00,438 INFO Connection check task start

2025-06-05 10:31:00,438 INFO Long connection metrics detail ,Total count =0, sdkCount=0,clusterCount=0

2025-06-05 10:31:00,439 INFO Out dated connection ,size=0

2025-06-05 10:31:00,439 INFO Connection check task end

2025-06-05 10:31:03,334 INFO ConnectionMetrics, totalCount = 0, detail = {long_connection=0, long_polling=0}

2025-06-05 10:31:03,441 INFO Connection check task start

2025-06-05 10:31:03,441 INFO Long connection metrics detail ,Total count =0, sdkCount=0,clusterCount=0

2025-06-05 10:31:03,442 INFO Out dated connection ,size=0

2025-06-05 10:31:03,442 INFO Connection check task end

2025-06-05 10:31:06,342 INFO ConnectionMetrics, totalCount = 0, detail = {long_connection=0, long_polling=0}

2025-06-05 10:31:06,444 INFO Connection check task start

2025-06-05 10:31:06,444 INFO Long connection metrics detail ,Total count =0, sdkCount=0,clusterCount=0

2025-06-05 10:31:06,444 INFO Out dated connection ,size=0

2025-06-05 10:31:06,445 INFO Connection check task end

2025-06-05 10:31:09,343 INFO ConnectionMetrics, totalCount = 0, detail = {long_connection=0, long_polling=0}

2025-06-05 10:31:09,445 INFO Connection check task start

2025-06-05 10:31:09,446 INFO Long connection metrics detail ,Total count =0, sdkCount=0,clusterCount=0

2025-06-05 10:31:09,446 INFO Out dated connection ,size=0

2025-06-05 10:31:09,446 INFO Connection check task end

2025-06-05 10:31:12,344 INFO ConnectionMetrics, totalCount = 0, detail = {long_connection=0, long_polling=0}

2025-06-05 10:31:12,450 INFO Connection check task start

2025-06-05 10:31:12,450 INFO Long connection metrics detail ,Total count =0, sdkCount=0,clusterCount=0

2025-06-05 10:31:12,451 INFO Out dated connection ,size=0

2025-06-05 10:31:12,451 INFO Connection check task end

2025-06-05 10:31:15,345 INFO ConnectionMetrics, totalCount = 0, detail = {long_connection=0, long_polling=0}

2025-06-05 10:31:15,452 INFO Connection check task start

2025-06-05 10:31:15,452 INFO Long connection metrics detail ,Total count =0, sdkCount=0,clusterCount=0

2025-06-05 10:31:15,453 INFO Out dated connection ,size=0

2025-06-05 10:31:15,453 INFO Connection check task end

2025-06-05 10:31:18,346 INFO ConnectionMetrics, totalCount = 0, detail = {long_connection=0, long_polling=0}

2025-06-05 10:31:18,454 INFO Connection check task start

2025-06-05 10:31:18,454 INFO Long connection metrics detail ,Total count =0, sdkCount=0,clusterCount=0

2025-06-05 10:31:18,455 INFO Out dated connection ,size=0

2025-06-05 10:31:18,455 INFO Connection check task end

2025-06-05 10:31:21,347 INFO ConnectionMetrics, totalCount = 0, detail = {long_connection=0, long_polling=0}

2025-06-05 10:31:21,456 INFO Connection check task start

2025-06-05 10:31:21,456 INFO Long connection metrics detail ,Total count =0, sdkCount=0,clusterCount=0

2025-06-05 10:31:21,456 INFO Out dated connection ,size=0

2025-06-05 10:31:21,456 INFO Connection check task end

2025-06-05 10:31:24,348 INFO ConnectionMetrics, totalCount = 0, detail = {long_connection=0, long_polling=0}

2025-06-05 10:31:24,457 INFO Connection check task start

2025-06-05 10:31:24,458 INFO Long connection metrics detail ,Total count =0, sdkCount=0,clusterCount=0

2025-06-05 10:31:24,458 INFO Out dated connection ,size=0

2025-06-05 10:31:24,459 INFO Connection check task end

2025-06-05 10:31:27,349 INFO ConnectionMetrics, totalCount = 0, detail = {long_connection=0, long_polling=0}

2025-06-05 10:31:27,459 INFO Connection check task start

2025-06-05 10:31:27,460 INFO Long connection metrics detail ,Total count =0, sdkCount=0,clusterCount=0

2025-06-05 10:31:27,461 INFO Out dated connection ,size=0

2025-06-05 10:31:27,461 INFO Connection check task end

2025-06-05 10:31:30,350 INFO ConnectionMetrics, totalCount = 0, detail = {long_connection=0, long_polling=0}

2025-06-05 10:31:30,461 INFO Connection check task start

2025-06-05 10:31:30,462 INFO Long connection metrics detail ,Total count =0, sdkCount=0,clusterCount=0

2025-06-05 10:31:30,462 INFO Out dated connection ,size=0

2025-06-05 10:31:30,462 INFO Connection check task end

2025-06-05 10:31:33,351 INFO ConnectionMetrics, totalCount = 0, detail = {long_connection=0, long_polling=0}

2025-06-05 10:31:33,463 INFO Connection check task start

2025-06-05 10:31:33,463 INFO Long connection metrics detail ,Total count =0, sdkCount=0,clusterCount=0

2025-06-05 10:31:33,463 INFO Out dated connection ,size=0

2025-06-05 10:31:33,463 INFO Connection check task end

2025-06-05 10:31:36,351 INFO ConnectionMetrics, totalCount = 0, detail = {long_connection=0, long_polling=0}

2025-06-05 10:31:36,464 INFO Connection check task start

2025-06-05 10:31:36,465 INFO Long connection metrics detail ,Total count =0, sdkCount=0,clusterCount=0

2025-06-05 10:31:36,466 INFO Out dated connection ,size=0

2025-06-05 10:31:36,466 INFO Connection check task end

2025-06-05 10:31:39,354 INFO ConnectionMetrics, totalCount = 0, detail = {long_connection=0, long_polling=0}

2025-06-05 10:31:39,467 INFO Connection check task start

2025-06-05 10:31:39,468 INFO Long connection metrics detail ,Total count =0, sdkCount=0,clusterCount=0

2025-06-05 10:31:39,468 INFO Out dated connection ,size=0

2025-06-05 10:31:39,469 INFO Connection check task end

2025-06-05 10:31:42,355 INFO ConnectionMetrics, totalCount = 0, detail = {long_connection=0, long_polling=0}

2025-06-05 10:31:42,470 INFO Connection check task start

2025-06-05 10:31:42,470 INFO Long connection metrics detail ,Total count =0, sdkCount=0,clusterCount=0

2025-06-05 10:31:42,470 INFO Out dated connection ,size=0

2025-06-05 10:31:42,471 INFO Connection check task end

2025-06-05 10:31:45,356 INFO ConnectionMetrics, totalCount = 0, detail = {long_connection=0, long_polling=0}

2025-06-05 10:31:45,471 INFO Connection check task start

2025-06-05 10:31:45,472 INFO Long connection metrics detail ,Total count =0, sdkCount=0,clusterCount=0

2025-06-05 10:31:45,472 INFO Out dated connection ,size=0

2025-06-05 10:31:45,472 INFO Connection check task end

2025-06-05 10:31:48,358 INFO ConnectionMetrics, totalCount = 0, detail = {long_connection=0, long_polling=0}

2025-06-05 10:31:48,474 INFO Connection check task start

2025-06-05 10:31:48,475 INFO Long connection metrics detail ,Total count =0, sdkCount=0,clusterCount=0

2025-06-05 10:31:48,476 INFO Out dated connection ,size=0

2025-06-05 10:31:48,476 INFO Connection check task end

2025-06-05 10:31:51,360 INFO ConnectionMetrics, totalCount = 0, detail = {long_connection=0, long_polling=0}

2025-06-05 10:31:51,478 INFO Connection check task start

2025-06-05 10:31:51,479 INFO Long connection metrics detail ,Total count =0, sdkCount=0,clusterCount=0

2025-06-05 10:31:51,480 INFO Out dated connection ,size=0

2025-06-05 10:31:51,480 INFO Connection check task end

2025-06-05 10:31:54,362 INFO ConnectionMetrics, totalCount = 0, detail = {long_connection=0, long_polling=0}

2025-06-05 10:31:54,482 INFO Connection check task start

2025-06-05 10:31:54,482 INFO Long connection metrics detail ,Total count =0, sdkCount=0,clusterCount=0

2025-06-05 10:31:54,482 INFO Out dated connection ,size=0

2025-06-05 10:31:54,483 INFO Connection check task end

2025-06-05 10:31:57,362 INFO ConnectionMetrics, totalCount = 0, detail = {long_connection=0, long_polling=0}

2025-06-05 10:31:57,483 INFO Connection check task start

2025-06-05 10:31:57,484 INFO Long connection metrics detail ,Total count =0, sdkCount=0,clusterCount=0

2025-06-05 10:31:57,484 INFO Out dated connection ,size=0

2025-06-05 10:31:57,484 INFO Connection check task end

2025-06-05 10:32:00,363 INFO ConnectionMetrics, totalCount = 0, detail = {long_connection=0, long_polling=0}

2025-06-05 10:32:00,485 INFO Connection check task start

2025-06-05 10:32:00,485 INFO Long connection metrics detail ,Total count =0, sdkCount=0,clusterCount=0

2025-06-05 10:32:00,486 INFO Out dated connection ,size=0

2025-06-05 10:32:00,486 INFO Connection check task end

2025-06-05 10:32:03,364 INFO ConnectionMetrics, totalCount = 0, detail = {long_connection=0, long_polling=0}

2025-06-05 10:32:03,487 INFO Connection check task start

2025-06-05 10:32:03,488 INFO Long connection metrics detail ,Total count =0, sdkCount=0,clusterCount=0

2025-06-05 10:32:03,489 INFO Out dated connection ,size=0

2025-06-05 10:32:03,489 INFO Connection check task end

2025-06-05 10:32:06,366 INFO ConnectionMetrics, totalCount = 0, detail = {long_connection=0, long_polling=0}

2025-06-05 10:32:06,491 INFO Connection check task start

2025-06-05 10:32:06,492 INFO Long connection metrics detail ,Total count =0, sdkCount=0,clusterCount=0

2025-06-05 10:32:06,493 INFO Out dated connection ,size=0

2025-06-05 10:32:06,494 INFO Connection check task end

2025-06-05 10:32:09,368 INFO ConnectionMetrics, totalCount = 0, detail = {long_connection=0, long_polling=0}

2025-06-05 10:32:09,496 INFO Connection check task start

2025-06-05 10:32:09,497 INFO Long connection metrics detail ,Total count =0, sdkCount=0,clusterCount=0

2025-06-05 10:32:09,498 INFO Out dated connection ,size=0

2025-06-05 10:32:09,499 INFO Connection check task end

2025-06-05 10:32:12,371 INFO ConnectionMetrics, totalCount = 0, detail = {long_connection=0, long_polling=0}

2025-06-05 10:32:12,501 INFO Connection check task start

2025-06-05 10:32:12,502 INFO Long connection metrics detail ,Total count =0, sdkCount=0,clusterCount=0

2025-06-05 10:32:12,503 INFO Out dated connection ,size=0

2025-06-05 10:32:12,504 INFO Connection check task end

2025-06-05 10:32:15,373 INFO ConnectionMetrics, totalCount = 0, detail = {long_connection=0, long_polling=0}

2025-06-05 10:32:15,506 INFO Connection check task start

2025-06-05 10:32:15,507 INFO Long connection metrics detail ,Total count =0, sdkCount=0,clusterCount=0

2025-06-05 10:32:15,508 INFO Out dated connection ,size=0

2025-06-05 10:32:15,509 INFO Connection check task end

2025-06-05 10:32:18,375 INFO ConnectionMetrics, totalCount = 0, detail = {long_connection=0, long_polling=0}

2025-06-05 10:32:18,511 INFO Connection check task start

2025-06-05 10:32:18,512 INFO Long connection metrics detail ,Total count =0, sdkCount=0,clusterCount=0

2025-06-05 10:32:18,513 INFO Out dated connection ,size=0

2025-06-05 10:32:18,514 INFO Connection check task end

2025-06-05 10:32:21,377 INFO ConnectionMetrics, totalCount = 0, detail = {long_connection=0, long_polling=0}

2025-06-05 10:32:21,515 INFO Connection check task start

2025-06-05 10:32:21,516 INFO Long connection metrics detail ,Total count =0, sdkCount=0,clusterCount=0

2025-06-05 10:32:21,516 INFO Out dated connection ,size=0

2025-06-05 10:32:21,517 INFO Connection check task end

2025-06-05 10:32:24,380 INFO ConnectionMetrics, totalCount = 0, detail = {long_connection=0, long_polling=0}

2025-06-05 10:32:24,519 INFO Connection check task start

2025-06-05 10:32:24,520 INFO Long connection metrics detail ,Total count =0, sdkCount=0,clusterCount=0

2025-06-05 10:32:24,521 INFO Out dated connection ,size=0

2025-06-05 10:32:24,522 INFO Connection check task end

2025-06-05 10:32:27,382 INFO ConnectionMetrics, totalCount = 0, detail = {long_connection=0, long_polling=0}

2025-06-05 10:32:27,523 INFO Connection check task start

2025-06-05 10:32:27,524 INFO Long connection metrics detail ,Total count =0, sdkCount=0,clusterCount=0

2025-06-05 10:32:27,525 INFO Out dated connection ,size=0

2025-06-05 10:32:27,525 INFO Connection check task end

2025-06-05 10:32:30,383 INFO ConnectionMetrics, totalCount = 0, detail = {long_connection=0, long_polling=0}

2025-06-05 10:32:30,527 INFO Connection check task start

2025-06-05 10:32:30,528 INFO Long connection metrics detail ,Total count =0, sdkCount=0,clusterCount=0

2025-06-05 10:32:30,529 INFO Out dated connection ,size=0

2025-06-05 10:32:30,530 INFO Connection check task end

2025-06-05 10:32:33,385 INFO ConnectionMetrics, totalCount = 0, detail = {long_connection=0, long_polling=0}

2025-06-05 10:32:33,531 INFO Connection check task start

2025-06-05 10:32:33,531 INFO Long connection metrics detail ,Total count =0, sdkCount=0,clusterCount=0

2025-06-05 10:32:33,532 INFO Out dated connection ,size=0

2025-06-05 10:32:33,532 INFO Connection check task end

2025-06-05 10:32:36,387 INFO ConnectionMetrics, totalCount = 0, detail = {long_connection=0, long_polling=0}

2025-06-05 10:32:36,533 INFO Connection check task start

2025-06-05 10:32:36,533 INFO Long connection metrics detail ,Total count =0, sdkCount=0,clusterCount=0

2025-06-05 10:32:36,534 INFO Out dated connection ,size=0

2025-06-05 10:32:36,534 INFO Connection check task end

2025-06-05 10:32:39,388 INFO ConnectionMetrics, totalCount = 0, detail = {long_connection=0, long_polling=0}

2025-06-05 10:32:39,535 INFO Connection check task start

2025-06-05 10:32:39,536 INFO Long connection metrics detail ,Total count =0, sdkCount=0,clusterCount=0

2025-06-05 10:32:39,537 INFO Out dated connection ,size=0

2025-06-05 10:32:39,538 INFO Connection check task end

2025-06-05 10:32:42,390 INFO ConnectionMetrics, totalCount = 0, detail = {long_connection=0, long_polling=0}

2025-06-05 10:32:42,539 INFO Connection check task start

2025-06-05 10:32:42,539 INFO Long connection metrics detail ,Total count =0, sdkCount=0,clusterCount=0

2025-06-05 10:32:42,540 INFO Out dated connection ,size=0

2025-06-05 10:32:42,540 INFO Connection check task end

2025-06-05 10:32:45,391 INFO ConnectionMetrics, totalCount = 0, detail = {long_connection=0, long_polling=0}

2025-06-05 10:32:45,541 INFO Connection check task start

2025-06-05 10:32:45,541 INFO Long connection metrics detail ,Total count =0, sdkCount=0,clusterCount=0

2025-06-05 10:32:45,541 INFO Out dated connection ,size=0

2025-06-05 10:32:45,542 INFO Connection check task end

2025-06-05 10:32:48,392 INFO ConnectionMetrics, totalCount = 0, detail = {long_connection=0, long_polling=0}

2025-06-05 10:32:48,543 INFO Connection check task start

2025-06-05 10:32:48,543 INFO Long connection metrics detail ,Total count =0, sdkCount=0,clusterCount=0

2025-06-05 10:32:48,544 INFO Out dated connection ,size=0

2025-06-05 10:32:48,544 INFO Connection check task end

2025-06-05 10:32:51,394 INFO ConnectionMetrics, totalCount = 0, detail = {long_connection=0, long_polling=0}

2025-06-05 10:32:51,545 INFO Connection check task start

2025-06-05 10:32:51,545 INFO Long connection metrics detail ,Total count =0, sdkCount=0,clusterCount=0

2025-06-05 10:32:51,546 INFO Out dated connection ,size=0

2025-06-05 10:32:51,546 INFO Connection check task end

2025-06-05 10:32:54,395 INFO ConnectionMetrics, totalCount = 0, detail = {long_connection=0, long_polling=0}

2025-06-05 10:32:54,547 INFO Connection check task start

2025-06-05 10:32:54,547 INFO Long connection metrics detail ,Total count =0, sdkCount=0,clusterCount=0

2025-06-05 10:32:54,548 INFO Out dated connection ,size=0

2025-06-05 10:32:54,548 INFO Connection check task end

2025-06-05 10:32:57,396 INFO ConnectionMetrics, totalCount = 0, detail = {long_connection=0, long_polling=0}

2025-06-05 10:32:57,549 INFO Connection check task start

2025-06-05 10:32:57,549 INFO Long connection metrics detail ,Total count =0, sdkCount=0,clusterCount=0

2025-06-05 10:32:57,549 INFO Out dated connection ,size=0

2025-06-05 10:32:57,550 INFO Connection check task end

2025-06-05 10:33:00,398 INFO ConnectionMetrics, totalCount = 0, detail = {long_connection=0, long_polling=0}

2025-06-05 10:33:00,551 INFO Connection check task start

2025-06-05 10:33:00,551 INFO Long connection metrics detail ,Total count =0, sdkCount=0,clusterCount=0

2025-06-05 10:33:00,552 INFO Out dated connection ,size=0

2025-06-05 10:33:00,552 INFO Connection check task end

2025-06-05 10:33:03,400 INFO ConnectionMetrics, totalCount = 0, detail = {long_connection=0, long_polling=0}

2025-06-05 10:33:03,553 INFO Connection check task start

2025-06-05 10:33:03,553 INFO Long connection metrics detail ,Total count =0, sdkCount=0,clusterCount=0

2025-06-05 10:33:03,553 INFO Out dated connection ,size=0

2025-06-05 10:33:03,554 INFO Connection check task end

2025-06-05 10:33:06,402 INFO ConnectionMetrics, totalCount = 0, detail = {long_connection=0, long_polling=0}

2025-06-05 10:33:06,555 INFO Connection check task start

2025-06-05 10:33:06,555 INFO Long connection metrics detail ,Total count =0, sdkCount=0,clusterCount=0

2025-06-05 10:33:06,555 INFO Out dated connection ,size=0

2025-06-05 10:33:06,556 INFO Connection check task end

2025-06-05 10:33:09,403 INFO ConnectionMetrics, totalCount = 0, detail = {long_connection=0, long_polling=0}

2025-06-05 10:33:09,557 INFO Connection check task start

2025-06-05 10:33:09,557 INFO Long connection metrics detail ,Total count =0, sdkCount=0,clusterCount=0

2025-06-05 10:33:09,557 INFO Out dated connection ,size=0

2025-06-05 10:33:09,557 INFO Connection check task end

2025-06-05 10:33:12,404 INFO ConnectionMetrics, totalCount = 0, detail = {long_connection=0, long_polling=0}

2025-06-05 10:33:12,559 INFO Connection check task start

2025-06-05 10:33:12,559 INFO Long connection metrics detail ,Total count =0, sdkCount=0,clusterCount=0

2025-06-05 10:33:12,559 INFO Out dated connection ,size=0

2025-06-05 10:33:12,560 INFO Connection check task end

2025-06-05 10:33:15,405 INFO ConnectionMetrics, totalCount = 0, detail = {long_connection=0, long_polling=0}

2025-06-05 10:33:15,561 INFO Connection check task start

2025-06-05 10:33:15,561 INFO Long connection metrics detail ,Total count =0, sdkCount=0,clusterCount=0

2025-06-05 10:33:15,562 INFO Out dated connection ,size=0

2025-06-05 10:33:15,562 INFO Connection check task end

2025-06-05 10:33:18,407 INFO ConnectionMetrics, totalCount = 0, detail = {long_connection=0, long_polling=0}

2025-06-05 10:33:18,563 INFO Connection check task start

2025-06-05 10:33:18,563 INFO Long connection metrics detail ,Total count =0, sdkCount=0,clusterCount=0

2025-06-05 10:33:18,564 INFO Out dated connection ,size=0

2025-06-05 10:33:18,564 INFO Connection check task end

2025-06-05 10:33:21,408 INFO ConnectionMetrics, totalCount = 0, detail = {long_connection=0, long_polling=0}

2025-06-05 10:33:21,566 INFO Connection check task start

2025-06-05 10:33:21,566 INFO Long connection metrics detail ,Total count =0, sdkCount=0,clusterCount=0

2025-06-05 10:33:21,566 INFO Out dated connection ,size=0

2025-06-05 10:33:21,567 INFO Connection check task end

2025-06-05 10:33:24,410 INFO ConnectionMetrics, totalCount = 0, detail = {long_connection=0, long_polling=0}

2025-06-05 10:33:24,568 INFO Connection check task start

2025-06-05 10:33:24,569 INFO Long connection metrics detail ,Total count =0, sdkCount=0,clusterCount=0

2025-06-05 10:33:24,569 INFO Out dated connection ,size=0

2025-06-05 10:33:24,570 INFO Connection check task end

2025-06-05 10:33:27,412 INFO ConnectionMetrics, totalCount = 0, detail = {long_connection=0, long_polling=0}

2025-06-05 10:33:27,571 INFO Connection check task start

2025-06-05 10:33:27,571 INFO Long connection metrics detail ,Total count =0, sdkCount=0,clusterCount=0

2025-06-05 10:33:27,572 INFO Out dated connection ,size=0

2025-06-05 10:33:27,572 INFO Connection check task end

2025-06-05 10:33:30,413 INFO ConnectionMetrics, totalCount = 0, detail = {long_connection=0, long_polling=0}

2025-06-05 10:33:30,573 INFO Connection check task start

2025-06-05 10:33:30,573 INFO Long connection metrics detail ,Total count =0, sdkCount=0,clusterCount=0

2025-06-05 10:33:30,574 INFO Out dated connection ,size=0

2025-06-05 10:33:30,574 INFO Connection check task end

2025-06-05 10:33:33,415 INFO ConnectionMetrics, totalCount = 0, detail = {long_connection=0, long_polling=0}

2025-06-05 10:33:33,576 INFO Connection check task start

2025-06-05 10:33:33,576 INFO Long connection metrics detail ,Total count =0, sdkCount=0,clusterCount=0

2025-06-05 10:33:33,576 INFO Out dated connection ,size=0

2025-06-05 10:33:33,576 INFO Connection check task end

2025-06-05 10:33:36,416 INFO ConnectionMetrics, totalCount = 0, detail = {long_connection=0, long_polling=0}

2025-06-05 10:33:36,578 INFO Connection check task start

2025-06-05 10:33:36,578 INFO Long connection metrics detail ,Total count =0, sdkCount=0,clusterCount=0

2025-06-05 10:33:36,578 INFO Out dated connection ,size=0

2025-06-05 10:33:36,579 INFO Connection check task end

2025-06-05 10:33:39,418 INFO ConnectionMetrics, totalCount = 0, detail = {long_connection=0, long_polling=0}

2025-06-05 10:33:39,579 INFO Connection check task start

2025-06-05 10:33:39,580 INFO Long connection metrics detail ,Total count =0, sdkCount=0,clusterCount=0

2025-06-05 10:33:39,580 INFO Out dated connection ,size=0

2025-06-05 10:33:39,580 INFO Connection check task end

2025-06-05 10:33:42,420 INFO ConnectionMetrics, totalCount = 0, detail = {long_connection=0, long_polling=0}

2025-06-05 10:33:42,581 INFO Connection check task start

2025-06-05 10:33:42,582 INFO Long connection metrics detail ,Total count =0, sdkCount=0,clusterCount=0

2025-06-05 10:33:42,582 INFO Out dated connection ,size=0

2025-06-05 10:33:42,583 INFO Connection check task end

2025-06-05 10:33:45,421 INFO ConnectionMetrics, totalCount = 0, detail = {long_connection=0, long_polling=0}

2025-06-05 10:33:45,584 INFO Connection check task start

2025-06-05 10:33:45,584 INFO Long connection metrics detail ,Total count =0, sdkCount=0,clusterCount=0

2025-06-05 10:33:45,584 INFO Out dated connection ,size=0

2025-06-05 10:33:45,584 INFO Connection check task end

2025-06-05 10:33:48,421 INFO ConnectionMetrics, totalCount = 0, detail = {long_connection=0, long_polling=0}

2025-06-05 10:33:48,585 INFO Connection check task start

2025-06-05 10:33:48,586 INFO Long connection metrics detail ,Total count =0, sdkCount=0,clusterCount=0

2025-06-05 10:33:48,586 INFO Out dated connection ,size=0

2025-06-05 10:33:48,586 INFO Connection check task end

2025-06-05 10:33:51,423 INFO ConnectionMetrics, totalCount = 0, detail = {long_connection=0, long_polling=0}

2025-06-05 10:33:51,587 INFO Connection check task start

2025-06-05 10:33:51,588 INFO Long connection metrics detail ,Total count =0, sdkCount=0,clusterCount=0

2025-06-05 10:33:51,589 INFO Out dated connection ,size=0

2025-06-05 10:33:51,589 INFO Connection check task end

2025-06-05 10:33:54,425 INFO ConnectionMetrics, totalCount = 0, detail = {long_connection=0, long_polling=0}

2025-06-05 10:33:54,591 INFO Connection check task start

2025-06-05 10:33:54,591 INFO Long connection metrics detail ,Total count =0, sdkCount=0,clusterCount=0

2025-06-05 10:33:54,591 INFO Out dated connection ,size=0

2025-06-05 10:33:54,592 INFO Connection check task end

2025-06-05 10:33:57,425 INFO ConnectionMetrics, totalCount = 0, detail = {long_connection=0, long_polling=0}

2025-06-05 10:33:57,592 INFO Connection check task start

2025-06-05 10:33:57,593 INFO Long connection metrics detail ,Total count =0, sdkCount=0,clusterCount=0

2025-06-05 10:33:57,593 INFO Out dated connection ,size=0

2025-06-05 10:33:57,593 INFO Connection check task end

2025-06-05 10:34:00,428 INFO ConnectionMetrics, totalCount = 0, detail = {long_connection=0, long_polling=0}

2025-06-05 10:34:00,594 INFO Connection check task start

2025-06-05 10:34:00,595 INFO Long connection metrics detail ,Total count =0, sdkCount=0,clusterCount=0

2025-06-05 10:34:00,595 INFO Out dated connection ,size=0

2025-06-05 10:34:00,595 INFO Connection check task end

2025-06-05 10:34:03,429 INFO ConnectionMetrics, totalCount = 0, detail = {long_connection=0, long_polling=0}

2025-06-05 10:34:03,597 INFO Connection check task start

2025-06-05 10:34:03,597 INFO Long connection metrics detail ,Total count =0, sdkCount=0,clusterCount=0

2025-06-05 10:34:03,598 INFO Out dated connection ,size=0

2025-06-05 10:34:03,598 INFO Connection check task end

2025-06-05 10:34:06,436 INFO ConnectionMetrics, totalCount = 0, detail = {long_connection=0, long_polling=0}

2025-06-05 10:34:06,599 INFO Connection check task start

2025-06-05 10:34:06,600 INFO Long connection metrics detail ,Total count =0, sdkCount=0,clusterCount=0

2025-06-05 10:34:06,601 INFO Out dated connection ,size=0

2025-06-05 10:34:06,602 INFO Connection check task end

2025-06-05 10:34:09,438 INFO ConnectionMetrics, totalCount = 0, detail = {long_connection=0, long_polling=0}

2025-06-05 10:34:09,603 INFO Connection check task start

2025-06-05 10:34:09,603 INFO Long connection metrics detail ,Total count =0, sdkCount=0,clusterCount=0

2025-06-05 10:34:09,604 INFO Out dated connection ,size=0

2025-06-05 10:34:09,604 INFO Connection check task end

2025-06-05 10:34:12,439 INFO ConnectionMetrics, totalCount = 0, detail = {long_connection=0, long_polling=0}

2025-06-05 10:34:12,605 INFO Connection check task start

2025-06-05 10:34:12,606 INFO Long connection metrics detail ,Total count =0, sdkCount=0,clusterCount=0

2025-06-05 10:34:12,606 INFO Out dated connection ,size=0

2025-06-05 10:34:12,606 INFO Connection check task end

2025-06-05 10:34:15,440 INFO ConnectionMetrics, totalCount = 0, detail = {long_connection=0, long_polling=0}

2025-06-05 10:34:15,608 INFO Connection check task start

2025-06-05 10:34:15,608 INFO Long connection metrics detail ,Total count =0, sdkCount=0,clusterCount=0

2025-06-05 10:34:15,609 INFO Out dated connection ,size=0

2025-06-05 10:34:15,609 INFO Connection check task end

2025-06-05 10:34:18,443 INFO ConnectionMetrics, totalCount = 0, detail = {long_connection=0, long_polling=0}

2025-06-05 10:34:18,611 INFO Connection check task start

2025-06-05 10:34:18,612 INFO Long connection metrics detail ,Total count =0, sdkCount=0,clusterCount=0

2025-06-05 10:34:18,612 INFO Out dated connection ,size=0

2025-06-05 10:34:18,613 INFO Connection check task end

2025-06-05 10:34:21,445 INFO ConnectionMetrics, totalCount = 0, detail = {long_connection=0, long_polling=0}

2025-06-05 10:34:21,613 INFO Connection check task start

2025-06-05 10:34:21,614 INFO Long connection metrics detail ,Total count =0, sdkCount=0,clusterCount=0

2025-06-05 10:34:21,615 INFO Out dated connection ,size=0

2025-06-05 10:34:21,615 INFO Connection check task end

2025-06-05 10:34:24,447 INFO ConnectionMetrics, totalCount = 0, detail = {long_connection=0, long_polling=0}

2025-06-05 10:34:24,617 INFO Connection check task start

2025-06-05 10:34:24,618 INFO Long connection metrics detail ,Total count =0, sdkCount=0,clusterCount=0

2025-06-05 10:34:24,619 INFO Out dated connection ,size=0

2025-06-05 10:34:24,619 INFO Connection check task end

2025-06-05 10:34:27,449 INFO ConnectionMetrics, totalCount = 0, detail = {long_connection=0, long_polling=0}

2025-06-05 10:34:27,621 INFO Connection check task start

2025-06-05 10:34:27,622 INFO Long connection metrics detail ,Total count =0, sdkCount=0,clusterCount=0

2025-06-05 10:34:27,623 INFO Out dated connection ,size=0

2025-06-05 10:34:27,624 INFO Connection check task end

2025-06-05 10:34:30,450 INFO ConnectionMetrics, totalCount = 0, detail = {long_connection=0, long_polling=0}

2025-06-05 10:34:30,625 INFO Connection check task start

2025-06-05 10:34:30,626 INFO Long connection metrics detail ,Total count =0, sdkCount=0,clusterCount=0

2025-06-05 10:34:30,627 INFO Out dated connection ,size=0

2025-06-05 10:34:30,627 INFO Connection check task end

2025-06-05 10:34:33,452 INFO ConnectionMetrics, totalCount = 0, detail = {long_connection=0, long_polling=0}

2025-06-05 10:34:33,628 INFO Connection check task start

2025-06-05 10:34:33,629 INFO Long connection metrics detail ,Total count =0, sdkCount=0,clusterCount=0

2025-06-05 10:34:33,629 INFO Out dated connection ,size=0

2025-06-05 10:34:33,629 INFO Connection check task end

2025-06-05 10:34:36,454 INFO ConnectionMetrics, totalCount = 0, detail = {long_connection=0, long_polling=0}

2025-06-05 10:34:36,630 INFO Connection check task start

2025-06-05 10:34:36,631 INFO Long connection metrics detail ,Total count =0, sdkCount=0,clusterCount=0

2025-06-05 10:34:36,632 INFO Out dated connection ,size=0

2025-06-05 10:34:36,632 INFO Connection check task end

2025-06-05 10:34:39,457 INFO ConnectionMetrics, totalCount = 0, detail = {long_connection=0, long_polling=0}

2025-06-05 10:34:39,634 INFO Connection check task start

2025-06-05 10:34:39,635 INFO Long connection metrics detail ,Total count =0, sdkCount=0,clusterCount=0

2025-06-05 10:34:39,636 INFO Out dated connection ,size=0

2025-06-05 10:34:39,637 INFO Connection check task end

2025-06-05 10:34:42,458 INFO ConnectionMetrics, totalCount = 0, detail = {long_connection=0, long_polling=0}

2025-06-05 10:34:42,640 INFO Connection check task start

2025-06-05 10:34:42,641 INFO Long connection metrics detail ,Total count =0, sdkCount=0,clusterCount=0

2025-06-05 10:34:42,642 INFO Out dated connection ,size=0

2025-06-05 10:34:42,643 INFO Connection check task end

2025-06-05 10:34:45,460 INFO ConnectionMetrics, totalCount = 0, detail = {long_connection=0, long_polling=0}

2025-06-05 10:34:45,644 INFO Connection check task start

2025-06-05 10:34:45,645 INFO Long connection metrics detail ,Total count =0, sdkCount=0,clusterCount=0

2025-06-05 10:34:45,645 INFO Out dated connection ,size=0

2025-06-05 10:34:45,645 INFO Connection check task end

2025-06-05 10:34:48,462 INFO ConnectionMetrics, totalCount = 0, detail = {long_connection=0, long_polling=0}

2025-06-05 10:34:48,646 INFO Connection check task start

2025-06-05 10:34:48,647 INFO Long connection metrics detail ,Total count =0, sdkCount=0,clusterCount=0

2025-06-05 10:34:48,647 INFO Out dated connection ,size=0

2025-06-05 10:34:48,648 INFO Connection check task end

2025-06-05 10:34:51,464 INFO ConnectionMetrics, totalCount = 0, detail = {long_connection=0, long_polling=0}

2025-06-05 10:34:51,648 INFO Connection check task start

2025-06-05 10:34:51,649 INFO Long connection metrics detail ,Total count =0, sdkCount=0,clusterCount=0

2025-06-05 10:34:51,649 INFO Out dated connection ,size=0

2025-06-05 10:34:51,649 INFO Connection check task end

2025-06-05 10:34:54,465 INFO ConnectionMetrics, totalCount = 0, detail = {long_connection=0, long_polling=0}

2025-06-05 10:34:54,651 INFO Connection check task start

2025-06-05 10:34:54,653 INFO Long connection metrics detail ,Total count =0, sdkCount=0,clusterCount=0

2025-06-05 10:34:54,654 INFO Out dated connection ,size=0

2025-06-05 10:34:54,655 INFO Connection check task end

2025-06-05 11:08:05,052 INFO Fail to find connection runtime ejector for name nacos,use default

2025-06-05 11:08:06,055 INFO Connection check task start

2025-06-05 11:08:06,056 INFO Long connection metrics detail ,Total count =0, sdkCount=0,clusterCount=0

2025-06-05 11:08:06,056 INFO Out dated connection ,size=0

2025-06-05 11:08:06,057 INFO Connection check task end

2025-06-05 11:08:06,277 INFO ConnectionMetrics, totalCount = 0, detail = {long_connection=0, long_polling=0}

2025-06-05 11:08:09,081 INFO Connection check task start

2025-06-05 11:08:09,081 INFO Long connection metrics detail ,Total count =0, sdkCount=0,clusterCount=0

2025-06-05 11:08:09,082 INFO Out dated connection ,size=0

2025-06-05 11:08:09,082 INFO Connection check task end

2025-06-05 11:08:09,279 INFO ConnectionMetrics, totalCount = 0, detail = {long_connection=0, long_polling=0}

2025-06-05 11:08:12,085 INFO Connection check task start

2025-06-05 11:08:12,086 INFO Long connection metrics detail ,Total count =0, sdkCount=0,clusterCount=0

2025-06-05 11:08:12,087 INFO Out dated connection ,size=0

2025-06-05 11:08:12,087 INFO Connection check task end

2025-06-05 11:08:12,280 INFO ConnectionMetrics, totalCount = 0, detail = {long_connection=0, long_polling=0}

2025-06-05 11:08:15,089 INFO Connection check task start

2025-06-05 11:08:15,090 INFO Long connection metrics detail ,Total count =0, sdkCount=0,clusterCount=0

2025-06-05 11:08:15,091 INFO Out dated connection ,size=0

2025-06-05 11:08:15,091 INFO Connection check task end

2025-06-05 11:08:15,282 INFO ConnectionMetrics, totalCount = 0, detail = {long_connection=0, long_polling=0}

2025-06-05 11:08:18,093 INFO Connection check task start

2025-06-05 11:08:18,095 INFO Long connection metrics detail ,Total count =0, sdkCount=0,clusterCount=0

2025-06-05 11:08:18,096 INFO Out dated connection ,size=0

2025-06-05 11:08:18,097 INFO Connection check task end

2025-06-05 11:08:18,284 INFO ConnectionMetrics, totalCount = 0, detail = {long_connection=0, long_polling=0}

2025-06-05 11:08:21,098 INFO Connection check task start

2025-06-05 11:08:21,099 INFO Long connection metrics detail ,Total count =0, sdkCount=0,clusterCount=0

2025-06-05 11:08:21,100 INFO Out dated connection ,size=0

2025-06-05 11:08:21,100 INFO Connection check task end

2025-06-05 11:08:21,285 INFO ConnectionMetrics, totalCount = 0, detail = {long_connection=0, long_polling=0}

2025-06-05 11:08:24,102 INFO Connection check task start

2025-06-05 11:08:24,103 INFO Long connection metrics detail ,Total count =0, sdkCount=0,clusterCount=0

2025-06-05 11:08:24,104 INFO Out dated connection ,size=0

2025-06-05 11:08:24,104 INFO Connection check task end

2025-06-05 11:08:24,287 INFO ConnectionMetrics, totalCount = 0, detail = {long_connection=0, long_polling=0}

2025-06-05 11:08:27,106 INFO Connection check task start

2025-06-05 11:08:27,107 INFO Long connection metrics detail ,Total count =0, sdkCount=0,clusterCount=0

2025-06-05 11:08:27,107 INFO Out dated connection ,size=0

2025-06-05 11:08:27,108 INFO Connection check task end

2025-06-05 11:08:27,290 INFO ConnectionMetrics, totalCount = 0, detail = {long_connection=0, long_polling=0}

2025-06-05 11:08:30,110 INFO Connection check task start

2025-06-05 11:08:30,110 INFO Long connection metrics detail ,Total count =0, sdkCount=0,clusterCount=0

2025-06-05 11:08:30,111 INFO Out dated connection ,size=0

2025-06-05 11:08:30,111 INFO Connection check task end

2025-06-05 11:08:30,292 INFO ConnectionMetrics, totalCount = 0, detail = {long_connection=0, long_polling=0}

2025-06-05 11:08:33,113 INFO Connection check task start

2025-06-05 11:08:33,113 INFO Long connection metrics detail ,Total count =0, sdkCount=0,clusterCount=0

2025-06-05 11:08:33,114 INFO Out dated connection ,size=0

2025-06-05 11:08:33,114 INFO Connection check task end

2025-06-05 11:08:33,295 INFO ConnectionMetrics, totalCount = 0, detail = {long_connection=0, long_polling=0}

2025-06-05 11:08:36,116 INFO Connection check task start

2025-06-05 11:08:36,117 INFO Long connection metrics detail ,Total count =0, sdkCount=0,clusterCount=0

2025-06-05 11:08:36,117 INFO Out dated connection ,size=0

2025-06-05 11:08:36,117 INFO Connection check task end

2025-06-05 11:08:36,297 INFO ConnectionMetrics, totalCount = 0, detail = {long_connection=0, long_polling=0}

2025-06-05 11:08:39,118 INFO Connection check task start

2025-06-05 11:08:39,119 INFO Long connection metrics detail ,Total count =0, sdkCount=0,clusterCount=0

2025-06-05 11:08:39,119 INFO Out dated connection ,size=0

2025-06-05 11:08:39,120 INFO Connection check task end

2025-06-05 11:08:39,298 INFO ConnectionMetrics, totalCount = 0, detail = {long_connection=0, long_polling=0}

2025-06-05 11:08:42,121 INFO Connection check task start

2025-06-05 11:08:42,122 INFO Long connection metrics detail ,Total count =0, sdkCount=0,clusterCount=0

2025-06-05 11:08:42,123 INFO Out dated connection ,size=0

2025-06-05 11:08:42,124 INFO Connection check task end

2025-06-05 11:08:42,300 INFO ConnectionMetrics, totalCount = 0, detail = {long_connection=0, long_polling=0}

2025-06-05 11:08:45,124 INFO Connection check task start

2025-06-05 11:08:45,132 INFO Long connection metrics detail ,Total count =0, sdkCount=0,clusterCount=0

2025-06-05 11:08:45,133 INFO Out dated connection ,size=0

2025-06-05 11:08:45,134 INFO Connection check task end

2025-06-05 11:08:45,301 INFO ConnectionMetrics, totalCount = 0, detail = {long_connection=0, long_polling=0}

2025-06-05 11:08:48,136 INFO Connection check task start

2025-06-05 11:08:48,137 INFO Long connection metrics detail ,Total count =0, sdkCount=0,clusterCount=0

2025-06-05 11:08:48,138 INFO Out dated connection ,size=0

2025-06-05 11:08:48,138 INFO Connection check task end

2025-06-05 11:08:48,303 INFO ConnectionMetrics, totalCount = 0, detail = {long_connection=0, long_polling=0}

2025-06-05 11:08:51,140 INFO Connection check task start

2025-06-05 11:08:51,141 INFO Long connection metrics detail ,Total count =0, sdkCount=0,clusterCount=0

2025-06-05 11:08:51,142 INFO Out dated connection ,size=0

2025-06-05 11:08:51,143 INFO Connection check task end

2025-06-05 11:08:51,305 INFO ConnectionMetrics, totalCount = 0, detail = {long_connection=0, long_polling=0}

2025-06-05 11:08:54,145 INFO Connection check task start

2025-06-05 11:08:54,146 INFO Long connection metrics detail ,Total count =0, sdkCount=0,clusterCount=0

2025-06-05 11:08:54,147 INFO Out dated connection ,size=0

2025-06-05 11:08:54,148 INFO Connection check task end

2025-06-05 11:08:54,307 INFO ConnectionMetrics, totalCount = 0, detail = {long_connection=0, long_polling=0}

2025-06-05 11:08:57,149 INFO Connection check task start

2025-06-05 11:08:57,150 INFO Long connection metrics detail ,Total count =0, sdkCount=0,clusterCount=0

2025-06-05 11:08:57,151 INFO Out dated connection ,size=0

2025-06-05 11:08:57,151 INFO Connection check task end

2025-06-05 11:08:57,310 INFO ConnectionMetrics, totalCount = 0, detail = {long_connection=0, long_polling=0}

2025-06-05 11:09:00,153 INFO Connection check task start

2025-06-05 11:09:00,154 INFO Long connection metrics detail ,Total count =0, sdkCount=0,clusterCount=0

2025-06-05 11:09:00,154 INFO Out dated connection ,size=0

2025-06-05 11:09:00,154 INFO Connection check task end

2025-06-05 11:09:00,311 INFO ConnectionMetrics, totalCount = 0, detail = {long_connection=0, long_polling=0}

2025-06-05 11:09:03,156 INFO Connection check task start

2025-06-05 11:09:03,157 INFO Long connection metrics detail ,Total count =0, sdkCount=0,clusterCount=0

2025-06-05 11:09:03,157 INFO Out dated connection ,size=0

2025-06-05 11:09:03,158 INFO Connection check task end

2025-06-05 11:09:03,313 INFO ConnectionMetrics, totalCount = 0, detail = {long_connection=0, long_polling=0}

2025-06-05 11:09:06,160 INFO Connection check task start

2025-06-05 11:09:06,160 INFO Long connection metrics detail ,Total count =0, sdkCount=0,clusterCount=0

2025-06-05 11:09:06,161 INFO Out dated connection ,size=0

2025-06-05 11:09:06,161 INFO Connection check task end

2025-06-05 11:09:06,315 INFO ConnectionMetrics, totalCount = 0, detail = {long_connection=0, long_polling=0}

2025-06-05 11:09:09,162 INFO Connection check task start

2025-06-05 11:09:09,163 INFO Long connection metrics detail ,Total count =0, sdkCount=0,clusterCount=0

2025-06-05 11:09:09,164 INFO Out dated connection ,size=0

2025-06-05 11:09:09,164 INFO Connection check task end

2025-06-05 11:09:09,317 INFO ConnectionMetrics, totalCount = 0, detail = {long_connection=0, long_polling=0}

2025-06-05 11:09:12,165 INFO Connection check task start

2025-06-05 11:09:12,167 INFO Long connection metrics detail ,Total count =0, sdkCount=0,clusterCount=0

2025-06-05 11:09:12,167 INFO Out dated connection ,size=0

2025-06-05 11:09:12,168 INFO Connection check task end

2025-06-05 11:09:12,319 INFO ConnectionMetrics, totalCount = 0, detail = {long_connection=0, long_polling=0}

2025-06-05 11:09:15,175 INFO Connection check task start

2025-06-05 11:09:15,176 INFO Long connection metrics detail ,Total count =0, sdkCount=0,clusterCount=0

2025-06-05 11:09:15,176 INFO Out dated connection ,size=0

2025-06-05 11:09:15,177 INFO Connection check task end

2025-06-05 11:09:15,327 INFO ConnectionMetrics, totalCount = 0, detail = {long_connection=0, long_polling=0}

2025-06-05 11:09:18,178 INFO Connection check task start

2025-06-05 11:09:18,180 INFO Long connection metrics detail ,Total count =0, sdkCount=0,clusterCount=0

2025-06-05 11:09:18,180 INFO Out dated connection ,size=0

2025-06-05 11:09:18,181 INFO Connection check task end

2025-06-05 11:09:18,328 INFO ConnectionMetrics, totalCount = 0, detail = {long_connection=0, long_polling=0}

2025-06-05 11:09:21,183 INFO Connection check task start

2025-06-05 11:09:21,184 INFO Long connection metrics detail ,Total count =0, sdkCount=0,clusterCount=0

2025-06-05 11:09:21,184 INFO Out dated connection ,size=0

2025-06-05 11:09:21,184 INFO Connection check task end

2025-06-05 11:09:21,332 INFO ConnectionMetrics, totalCount = 0, detail = {long_connection=0, long_polling=0}

2025-06-05 11:09:24,186 INFO Connection check task start

2025-06-05 11:09:24,187 INFO Long connection metrics detail ,Total count =0, sdkCount=0,clusterCount=0

2025-06-05 11:09:24,187 INFO Out dated connection ,size=0

2025-06-05 11:09:24,187 INFO Connection check task end

2025-06-05 11:09:24,333 INFO ConnectionMetrics, totalCount = 0, detail = {long_connection=0, long_polling=0}

2025-06-05 11:09:27,188 INFO Connection check task start

2025-06-05 11:09:27,189 INFO Long connection metrics detail ,Total count =0, sdkCount=0,clusterCount=0

2025-06-05 11:09:27,189 INFO Out dated connection ,size=0

2025-06-05 11:09:27,189 INFO Connection check task end

2025-06-05 11:09:27,335 INFO ConnectionMetrics, totalCount = 0, detail = {long_connection=0, long_polling=0}

2025-06-05 11:09:30,191 INFO Connection check task start

2025-06-05 11:09:30,192 INFO Long connection metrics detail ,Total count =0, sdkCount=0,clusterCount=0

2025-06-05 11:09:30,193 INFO Out dated connection ,size=0

2025-06-05 11:09:30,194 INFO Connection check task end

2025-06-05 11:09:30,337 INFO ConnectionMetrics, totalCount = 0, detail = {long_connection=0, long_polling=0}

2025-06-05 11:09:33,195 INFO Connection check task start

2025-06-05 11:09:33,195 INFO Long connection metrics detail ,Total count =0, sdkCount=0,clusterCount=0

2025-06-05 11:09:33,196 INFO Out dated connection ,size=0

2025-06-05 11:09:33,196 INFO Connection check task end

2025-06-05 11:09:33,338 INFO ConnectionMetrics, totalCount = 0, detail = {long_connection=0, long_polling=0}

2025-06-05 11:09:36,197 INFO Connection check task start

2025-06-05 11:09:36,198 INFO Long connection metrics detail ,Total count =0, sdkCount=0,clusterCount=0

2025-06-05 11:09:36,199 INFO Out dated connection ,size=0

2025-06-05 11:09:36,199 INFO Connection check task end

2025-06-05 11:09:36,340 INFO ConnectionMetrics, totalCount = 0, detail = {long_connection=0, long_polling=0}

2025-06-05 11:09:39,201 INFO Connection check task start

2025-06-05 11:09:39,202 INFO Long connection metrics detail ,Total count =0, sdkCount=0,clusterCount=0

2025-06-05 11:09:39,203 INFO Out dated connection ,size=0

2025-06-05 11:09:39,203 INFO Connection check task end

2025-06-05 11:09:39,342 INFO ConnectionMetrics, totalCount = 0, detail = {long_connection=0, long_polling=0}

2025-06-05 11:09:42,205 INFO Connection check task start

2025-06-05 11:09:42,206 INFO Long connection metrics detail ,Total count =0, sdkCount=0,clusterCount=0

2025-06-05 11:09:42,207 INFO Out dated connection ,size=0

2025-06-05 11:09:42,207 INFO Connection check task end

2025-06-05 11:09:42,343 INFO ConnectionMetrics, totalCount = 0, detail = {long_connection=0, long_polling=0}

2025-06-05 11:09:45,213 INFO Connection check task start

2025-06-05 11:09:45,214 INFO Long connection metrics detail ,Total count =0, sdkCount=0,clusterCount=0

2025-06-05 11:09:45,215 INFO Out dated connection ,size=0

2025-06-05 11:09:45,216 INFO Connection check task end

2025-06-05 11:09:45,349 INFO ConnectionMetrics, totalCount = 0, detail = {long_connection=0, long_polling=0}

2025-06-05 11:09:48,218 INFO Connection check task start

2025-06-05 11:09:48,220 INFO Long connection metrics detail ,Total count =0, sdkCount=0,clusterCount=0

2025-06-05 11:09:48,220 INFO Out dated connection ,size=0

2025-06-05 11:09:48,221 INFO Connection check task end

2025-06-05 11:09:48,352 INFO ConnectionMetrics, totalCount = 0, detail = {long_connection=0, long_polling=0}

2025-06-05 11:09:51,222 INFO Connection check task start

2025-06-05 11:09:51,224 INFO Long connection metrics detail ,Total count =0, sdkCount=0,clusterCount=0

2025-06-05 11:09:51,224 INFO Out dated connection ,size=0

2025-06-05 11:09:51,225 INFO Connection check task end

2025-06-05 11:09:51,354 INFO ConnectionMetrics, totalCount = 0, detail = {long_connection=0, long_polling=0}

2025-06-05 11:09:54,227 INFO Connection check task start

2025-06-05 11:09:54,228 INFO Long connection metrics detail ,Total count =0, sdkCount=0,clusterCount=0

2025-06-05 11:09:54,229 INFO Out dated connection ,size=0

2025-06-05 11:09:54,229 INFO Connection check task end

2025-06-05 11:09:54,355 INFO ConnectionMetrics, totalCount = 0, detail = {long_connection=0, long_polling=0}

2025-06-05 11:09:57,231 INFO Connection check task start

2025-06-05 11:09:57,232 INFO Long connection metrics detail ,Total count =0, sdkCount=0,clusterCount=0

2025-06-05 11:09:57,233 INFO Out dated connection ,size=0

2025-06-05 11:09:57,233 INFO Connection check task end

2025-06-05 11:09:57,357 INFO ConnectionMetrics, totalCount = 0, detail = {long_connection=0, long_polling=0}

2025-06-05 11:10:00,236 INFO Connection check task start

2025-06-05 11:10:00,237 INFO Long connection metrics detail ,Total count =0, sdkCount=0,clusterCount=0

2025-06-05 11:10:00,238 INFO Out dated connection ,size=0

2025-06-05 11:10:00,239 INFO Connection check task end

2025-06-05 11:10:00,359 INFO ConnectionMetrics, totalCount = 0, detail = {long_connection=0, long_polling=0}

2025-06-05 11:10:03,240 INFO Connection check task start

2025-06-05 11:10:03,241 INFO Long connection metrics detail ,Total count =0, sdkCount=0,clusterCount=0

2025-06-05 11:10:03,242 INFO Out dated connection ,size=0

2025-06-05 11:10:03,242 INFO Connection check task end

2025-06-05 11:10:03,361 INFO ConnectionMetrics, totalCount = 0, detail = {long_connection=0, long_polling=0}

2025-06-05 11:10:06,243 INFO Connection check task start

2025-06-05 11:10:06,244 INFO Long connection metrics detail ,Total count =0, sdkCount=0,clusterCount=0

2025-06-05 11:10:06,245 INFO Out dated connection ,size=0

2025-06-05 11:10:06,245 INFO Connection check task end

2025-06-05 11:10:06,363 INFO ConnectionMetrics, totalCount = 0, detail = {long_connection=0, long_polling=0}

2025-06-05 11:10:09,246 INFO Connection check task start

2025-06-05 11:10:09,247 INFO Long connection metrics detail ,Total count =0, sdkCount=0,clusterCount=0

2025-06-05 11:10:09,248 INFO Out dated connection ,size=0

2025-06-05 11:10:09,249 INFO Connection check task end

2025-06-05 11:10:09,365 INFO ConnectionMetrics, totalCount = 0, detail = {long_connection=0, long_polling=0}

2025-06-05 11:10:12,250 INFO Connection check task start

2025-06-05 11:10:12,252 INFO Long connection metrics detail ,Total count =0, sdkCount=0,clusterCount=0

2025-06-05 11:10:12,252 INFO Out dated connection ,size=0

2025-06-05 11:10:12,253 INFO Connection check task end

2025-06-05 11:10:12,366 INFO ConnectionMetrics, totalCount = 0, detail = {long_connection=0, long_polling=0}

2025-06-05 11:10:15,255 INFO Connection check task start

2025-06-05 11:10:15,256 INFO Long connection metrics detail ,Total count =0, sdkCount=0,clusterCount=0

2025-06-05 11:10:15,256 INFO Out dated connection ,size=0

2025-06-05 11:10:15,257 INFO Connection check task end

2025-06-05 11:10:15,368 INFO ConnectionMetrics, totalCount = 0, detail = {long_connection=0, long_polling=0}

2025-06-05 11:10:18,259 INFO Connection check task start

2025-06-05 11:10:18,260 INFO Long connection metrics detail ,Total count =0, sdkCount=0,clusterCount=0

2025-06-05 11:10:18,261 INFO Out dated connection ,size=0

2025-06-05 11:10:18,262 INFO Connection check task end

2025-06-05 11:10:18,370 INFO ConnectionMetrics, totalCount = 0, detail = {long_connection=0, long_polling=0}

2025-06-05 11:10:21,262 INFO Connection check task start

2025-06-05 11:10:21,263 INFO Long connection metrics detail ,Total count =0, sdkCount=0,clusterCount=0

2025-06-05 11:10:21,264 INFO Out dated connection ,size=0

2025-06-05 11:10:21,264 INFO Connection check task end

2025-06-05 11:10:21,372 INFO ConnectionMetrics, totalCount = 0, detail = {long_connection=0, long_polling=0}

2025-06-05 11:10:24,265 INFO Connection check task start

2025-06-05 11:10:24,266 INFO Long connection metrics detail ,Total count =0, sdkCount=0,clusterCount=0

2025-06-05 11:10:24,266 INFO Out dated connection ,size=0

2025-06-05 11:10:24,267 INFO Connection check task end

2025-06-05 11:10:24,373 INFO ConnectionMetrics, totalCount = 0, detail = {long_connection=0, long_polling=0}

2025-06-05 11:10:27,268 INFO Connection check task start

2025-06-05 11:10:27,269 INFO Long connection metrics detail ,Total count =0, sdkCount=0,clusterCount=0

2025-06-05 11:10:27,270 INFO Out dated connection ,size=0

2025-06-05 11:10:27,270 INFO Connection check task end

2025-06-05 11:10:27,375 INFO ConnectionMetrics, totalCount = 0, detail = {long_connection=0, long_polling=0}

2025-06-05 11:10:30,272 INFO Connection check task start

2025-06-05 11:10:30,272 INFO Long connection metrics detail ,Total count =0, sdkCount=0,clusterCount=0

2025-06-05 11:10:30,273 INFO Out dated connection ,size=0

2025-06-05 11:10:30,274 INFO Connection check task end

2025-06-05 11:10:30,376 INFO ConnectionMetrics, totalCount = 0, detail = {long_connection=0, long_polling=0}

2025-06-05 11:10:33,275 INFO Connection check task start

2025-06-05 11:10:33,276 INFO Long connection metrics detail ,Total count =0, sdkCount=0,clusterCount=0

2025-06-05 11:10:33,277 INFO Out dated connection ,size=0

2025-06-05 11:10:33,278 INFO Connection check task end

2025-06-05 11:10:33,377 INFO ConnectionMetrics, totalCount = 0, detail = {long_connection=0, long_polling=0}

2025-06-05 11:10:36,280 INFO Connection check task start

2025-06-05 11:10:36,281 INFO Long connection metrics detail ,Total count =0, sdkCount=0,clusterCount=0

2025-06-05 11:10:36,281 INFO Out dated connection ,size=0

2025-06-05 11:10:36,282 INFO Connection check task end

2025-06-05 11:10:36,377 INFO ConnectionMetrics, totalCount = 0, detail = {long_connection=0, long_polling=0}

2025-06-05 11:10:39,283 INFO Connection check task start

2025-06-05 11:10:39,284 INFO Long connection metrics detail ,Total count =0, sdkCount=0,clusterCount=0

2025-06-05 11:10:39,284 INFO Out dated connection ,size=0

2025-06-05 11:10:39,285 INFO Connection check task end

2025-06-05 11:10:39,379 INFO ConnectionMetrics, totalCount = 0, detail = {long_connection=0, long_polling=0}

2025-06-05 11:10:42,287 INFO Connection check task start

2025-06-05 11:10:42,287 INFO Long connection metrics detail ,Total count =0, sdkCount=0,clusterCount=0

2025-06-05 11:10:42,288 INFO Out dated connection ,size=0

2025-06-05 11:10:42,288 INFO Connection check task end

2025-06-05 11:10:42,380 INFO ConnectionMetrics, totalCount = 0, detail = {long_connection=0, long_polling=0}

2025-06-05 11:10:45,289 INFO Connection check task start

2025-06-05 11:10:45,289 INFO Long connection metrics detail ,Total count =0, sdkCount=0,clusterCount=0

2025-06-05 11:10:45,290 INFO Out dated connection ,size=0

2025-06-05 11:10:45,290 INFO Connection check task end

2025-06-05 11:10:45,382 INFO ConnectionMetrics, totalCount = 0, detail = {long_connection=0, long_polling=0}

2025-06-05 11:10:48,292 INFO Connection check task start

2025-06-05 11:10:48,292 INFO Long connection metrics detail ,Total count =0, sdkCount=0,clusterCount=0

2025-06-05 11:10:48,293 INFO Out dated connection ,size=0

2025-06-05 11:10:48,293 INFO Connection check task end

2025-06-05 11:10:48,384 INFO ConnectionMetrics, totalCount = 0, detail = {long_connection=0, long_polling=0}

2025-06-05 11:10:51,294 INFO Connection check task start

2025-06-05 11:10:51,295 INFO Long connection metrics detail ,Total count =0, sdkCount=0,clusterCount=0

2025-06-05 11:10:51,296 INFO Out dated connection ,size=0

2025-06-05 11:10:51,296 INFO Connection check task end

2025-06-05 11:10:51,386 INFO ConnectionMetrics, totalCount = 0, detail = {long_connection=0, long_polling=0}

2025-06-05 11:10:54,299 INFO Connection check task start

2025-06-05 11:10:54,299 INFO Long connection metrics detail ,Total count =0, sdkCount=0,clusterCount=0

2025-06-05 11:10:54,299 INFO Out dated connection ,size=0

2025-06-05 11:10:54,300 INFO Connection check task end

2025-06-05 11:10:54,388 INFO ConnectionMetrics, totalCount = 0, detail = {long_connection=0, long_polling=0}

2025-06-05 11:10:57,301 INFO Connection check task start

2025-06-05 11:10:57,302 INFO Long connection metrics detail ,Total count =0, sdkCount=0,clusterCount=0

2025-06-05 11:10:57,303 INFO Out dated connection ,size=0

2025-06-05 11:10:57,303 INFO Connection check task end

2025-06-05 11:10:57,390 INFO ConnectionMetrics, totalCount = 0, detail = {long_connection=0, long_polling=0}

2025-06-05 11:11:00,305 INFO Connection check task start

2025-06-05 11:11:00,305 INFO Long connection metrics detail ,Total count =0, sdkCount=0,clusterCount=0

2025-06-05 11:11:00,306 INFO Out dated connection ,size=0

2025-06-05 11:11:00,306 INFO Connection check task end

2025-06-05 11:11:00,392 INFO ConnectionMetrics, totalCount = 0, detail = {long_connection=0, long_polling=0}

2025-06-05 11:11:03,308 INFO Connection check task start

2025-06-05 11:11:03,309 INFO Long connection metrics detail ,Total count =0, sdkCount=0,clusterCount=0

2025-06-05 11:11:03,310 INFO Out dated connection ,size=0

2025-06-05 11:11:03,310 INFO Connection check task end

2025-06-05 11:11:03,394 INFO ConnectionMetrics, totalCount = 0, detail = {long_connection=0, long_polling=0}

2025-06-05 11:11:06,311 INFO Connection check task start

2025-06-05 11:11:06,312 INFO Long connection metrics detail ,Total count =0, sdkCount=0,clusterCount=0

2025-06-05 11:11:06,313 INFO Out dated connection ,size=0

2025-06-05 11:11:06,313 INFO Connection check task end

2025-06-05 11:11:06,396 INFO ConnectionMetrics, totalCount = 0, detail = {long_connection=0, long_polling=0}

2025-06-05 11:11:09,315 INFO Connection check task start

2025-06-05 11:11:09,316 INFO Long connection metrics detail ,Total count =0, sdkCount=0,clusterCount=0

2025-06-05 11:11:09,317 INFO Out dated connection ,size=0

2025-06-05 11:11:09,317 INFO Connection check task end

2025-06-05 11:11:09,398 INFO ConnectionMetrics, totalCount = 0, detail = {long_connection=0, long_polling=0}

2025-06-05 11:11:12,319 INFO Connection check task start

2025-06-05 11:11:12,320 INFO Long connection metrics detail ,Total count =0, sdkCount=0,clusterCount=0

2025-06-05 11:11:12,320 INFO Out dated connection ,size=0

2025-06-05 11:11:12,321 INFO Connection check task end

2025-06-05 11:11:12,399 INFO ConnectionMetrics, totalCount = 0, detail = {long_connection=0, long_polling=0}

2025-06-05 11:11:15,321 INFO Connection check task start

2025-06-05 11:11:15,322 INFO Long connection metrics detail ,Total count =0, sdkCount=0,clusterCount=0

2025-06-05 11:11:15,322 INFO Out dated connection ,size=0

2025-06-05 11:11:15,322 INFO Connection check task end

2025-06-05 11:11:15,400 INFO ConnectionMetrics, totalCount = 0, detail = {long_connection=0, long_polling=0}

2025-06-05 11:11:18,324 INFO Connection check task start

2025-06-05 11:11:18,325 INFO Long connection metrics detail ,Total count =0, sdkCount=0,clusterCount=0

2025-06-05 11:11:18,325 INFO Out dated connection ,size=0

2025-06-05 11:11:18,326 INFO Connection check task end

2025-06-05 11:11:18,402 INFO ConnectionMetrics, totalCount = 0, detail = {long_connection=0, long_polling=0}

2025-06-05 11:11:21,327 INFO Connection check task start

2025-06-05 11:11:21,327 INFO Long connection metrics detail ,Total count =0, sdkCount=0,clusterCount=0

2025-06-05 11:11:21,327 INFO Out dated connection ,size=0

2025-06-05 11:11:21,328 INFO Connection check task end

2025-06-05 11:11:21,403 INFO ConnectionMetrics, totalCount = 0, detail = {long_connection=0, long_polling=0}

2025-06-05 11:11:24,329 INFO Connection check task start

2025-06-05 11:11:24,329 INFO Long connection metrics detail ,Total count =0, sdkCount=0,clusterCount=0

2025-06-05 11:11:24,330 INFO Out dated connection ,size=0

2025-06-05 11:11:24,330 INFO Connection check task end

2025-06-05 11:11:24,404 INFO ConnectionMetrics, totalCount = 0, detail = {long_connection=0, long_polling=0}

2025-06-05 11:11:27,332 INFO Connection check task start

2025-06-05 11:11:27,332 INFO Long connection metrics detail ,Total count =0, sdkCount=0,clusterCount=0

2025-06-05 11:11:27,333 INFO Out dated connection ,size=0

2025-06-05 11:11:27,334 INFO Connection check task end

2025-06-05 11:11:27,406 INFO ConnectionMetrics, totalCount = 0, detail = {long_connection=0, long_polling=0}

2025-06-05 11:11:30,336 INFO Connection check task start

2025-06-05 11:11:30,336 INFO Long connection metrics detail ,Total count =0, sdkCount=0,clusterCount=0

2025-06-05 11:11:30,337 INFO Out dated connection ,size=0

2025-06-05 11:11:30,337 INFO Connection check task end

2025-06-05 11:11:30,407 INFO ConnectionMetrics, totalCount = 0, detail = {long_connection=0, long_polling=0}

2025-06-05 11:11:33,339 INFO Connection check task start

2025-06-05 11:11:33,339 INFO Long connection metrics detail ,Total count =0, sdkCount=0,clusterCount=0

2025-06-05 11:11:33,340 INFO Out dated connection ,size=0

2025-06-05 11:11:33,340 INFO Connection check task end

2025-06-05 11:11:33,409 INFO ConnectionMetrics, totalCount = 0, detail = {long_connection=0, long_polling=0}

2025-06-05 11:11:36,342 INFO Connection check task start

2025-06-05 11:11:36,342 INFO Long connection metrics detail ,Total count =0, sdkCount=0,clusterCount=0

2025-06-05 11:11:36,343 INFO Out dated connection ,size=0

2025-06-05 11:11:36,345 INFO Connection check task end

2025-06-05 11:11:36,411 INFO ConnectionMetrics, totalCount = 0, detail = {long_connection=0, long_polling=0}

2025-06-05 11:11:39,346 INFO Connection check task start

2025-06-05 11:11:39,347 INFO Long connection metrics detail ,Total count =0, sdkCount=0,clusterCount=0

2025-06-05 11:11:39,348 INFO Out dated connection ,size=0

2025-06-05 11:11:39,349 INFO Connection check task end

2025-06-05 11:11:39,412 INFO ConnectionMetrics, totalCount = 0, detail = {long_connection=0, long_polling=0}

2025-06-05 11:11:42,350 INFO Connection check task start

2025-06-05 11:11:42,350 INFO Long connection metrics detail ,Total count =0, sdkCount=0,clusterCount=0

2025-06-05 11:11:42,350 INFO Out dated connection ,size=0

2025-06-05 11:11:42,351 INFO Connection check task end

2025-06-05 11:11:42,414 INFO ConnectionMetrics, totalCount = 0, detail = {long_connection=0, long_polling=0}

2025-06-05 11:11:45,351 INFO Connection check task start

2025-06-05 11:11:45,352 INFO Long connection metrics detail ,Total count =0, sdkCount=0,clusterCount=0

2025-06-05 11:11:45,353 INFO Out dated connection ,size=0

2025-06-05 11:11:45,353 INFO Connection check task end

2025-06-05 11:11:45,414 INFO ConnectionMetrics, totalCount = 0, detail = {long_connection=0, long_polling=0}

2025-06-05 11:11:48,355 INFO Connection check task start

2025-06-05 11:11:48,356 INFO Long connection metrics detail ,Total count =0, sdkCount=0,clusterCount=0

2025-06-05 11:11:48,356 INFO Out dated connection ,size=0

2025-06-05 11:11:48,356 INFO Connection check task end

2025-06-05 11:11:48,417 INFO ConnectionMetrics, totalCount = 0, detail = {long_connection=0, long_polling=0}

2025-06-05 11:11:51,361 INFO Connection check task start

2025-06-05 11:11:51,362 INFO Long connection metrics detail ,Total count =0, sdkCount=0,clusterCount=0

2025-06-05 11:11:51,362 INFO Out dated connection ,size=0

2025-06-05 11:11:51,363 INFO Connection check task end

2025-06-05 11:11:51,418 INFO ConnectionMetrics, totalCount = 0, detail = {long_connection=0, long_polling=0}

2025-06-05 11:11:54,364 INFO Connection check task start

2025-06-05 11:11:54,366 INFO Long connection metrics detail ,Total count =0, sdkCount=0,clusterCount=0

2025-06-05 11:11:54,366 INFO Out dated connection ,size=0

2025-06-05 11:11:54,367 INFO Connection check task end

2025-06-05 11:11:54,420 INFO ConnectionMetrics, totalCount = 0, detail = {long_connection=0, long_polling=0}

2025-06-05 11:11:57,368 INFO Connection check task start

2025-06-05 11:11:57,369 INFO Long connection metrics detail ,Total count =0, sdkCount=0,clusterCount=0

2025-06-05 11:11:57,370 INFO Out dated connection ,size=0

2025-06-05 11:11:57,370 INFO Connection check task end

2025-06-05 11:11:57,422 INFO ConnectionMetrics, totalCount = 0, detail = {long_connection=0, long_polling=0}

2025-06-05 11:12:00,372 INFO Connection check task start

2025-06-05 11:12:00,373 INFO Long connection metrics detail ,Total count =0, sdkCount=0,clusterCount=0

2025-06-05 11:12:00,373 INFO Out dated connection ,size=0

2025-06-05 11:12:00,373 INFO Connection check task end

2025-06-05 11:12:00,424 INFO ConnectionMetrics, totalCount = 0, detail = {long_connection=0, long_polling=0}

2025-06-05 11:12:03,374 INFO Connection check task start

2025-06-05 11:12:03,376 INFO Long connection metrics detail ,Total count =0, sdkCount=0,clusterCount=0

2025-06-05 11:12:03,378 INFO Out dated connection ,size=0

2025-06-05 11:12:03,379 INFO Connection check task end

2025-06-05 11:12:03,426 INFO ConnectionMetrics, totalCount = 0, detail = {long_connection=0, long_polling=0}

2025-06-05 11:12:06,381 INFO Connection check task start

2025-06-05 11:12:06,382 INFO Long connection metrics detail ,Total count =0, sdkCount=0,clusterCount=0

2025-06-05 11:12:06,383 INFO Out dated connection ,size=0

2025-06-05 11:12:06,383 INFO Connection check task end

2025-06-05 11:12:06,428 INFO ConnectionMetrics, totalCount = 0, detail = {long_connection=0, long_polling=0}

2025-06-05 11:12:09,384 INFO Connection check task start

2025-06-05 11:12:09,385 INFO Long connection metrics detail ,Total count =0, sdkCount=0,clusterCount=0

2025-06-05 11:12:09,386 INFO Out dated connection ,size=0

2025-06-05 11:12:09,386 INFO Connection check task end

2025-06-05 11:12:09,429 INFO ConnectionMetrics, totalCount = 0, detail = {long_connection=0, long_polling=0}

2025-06-05 11:12:12,388 INFO Connection check task start

2025-06-05 11:12:12,389 INFO Long connection metrics detail ,Total count =0, sdkCount=0,clusterCount=0

2025-06-05 11:12:12,389 INFO Out dated connection ,size=0

2025-06-05 11:12:12,390 INFO Connection check task end

2025-06-05 11:12:12,430 INFO ConnectionMetrics, totalCount = 0, detail = {long_connection=0, long_polling=0}

2025-06-05 11:12:15,392 INFO Connection check task start

2025-06-05 11:12:15,393 INFO Long connection metrics detail ,Total count =0, sdkCount=0,clusterCount=0

2025-06-05 11:12:15,395 INFO Out dated connection ,size=0

2025-06-05 11:12:15,395 INFO Connection check task end

2025-06-05 11:12:15,433 INFO ConnectionMetrics, totalCount = 0, detail = {long_connection=0, long_polling=0}

2025-06-05 11:12:18,396 INFO Connection check task start

2025-06-05 11:12:18,397 INFO Long connection metrics detail ,Total count =0, sdkCount=0,clusterCount=0

2025-06-05 11:12:18,397 INFO Out dated connection ,size=0

2025-06-05 11:12:18,398 INFO Connection check task end

2025-06-05 11:12:18,435 INFO ConnectionMetrics, totalCount = 0, detail = {long_connection=0, long_polling=0}

2025-06-05 11:12:21,399 INFO Connection check task start

2025-06-05 11:12:21,400 INFO Long connection metrics detail ,Total count =0, sdkCount=0,clusterCount=0

2025-06-05 11:12:21,401 INFO Out dated connection ,size=0

2025-06-05 11:12:21,401 INFO Connection check task end

2025-06-05 11:12:21,437 INFO ConnectionMetrics, totalCount = 0, detail = {long_connection=0, long_polling=0}

2025-06-05 11:12:24,403 INFO Connection check task start

2025-06-05 11:12:24,404 INFO Long connection metrics detail ,Total count =0, sdkCount=0,clusterCount=0

2025-06-05 11:12:24,404 INFO Out dated connection ,size=0

2025-06-05 11:12:24,405 INFO Connection check task end

2025-06-05 11:12:24,438 INFO ConnectionMetrics, totalCount = 0, detail = {long_connection=0, long_polling=0}

2025-06-05 11:12:27,407 INFO Connection check task start

2025-06-05 11:12:27,407 INFO Long connection metrics detail ,Total count =0, sdkCount=0,clusterCount=0

2025-06-05 11:12:27,408 INFO Out dated connection ,size=0

2025-06-05 11:12:27,409 INFO Connection check task end

2025-06-05 11:12:27,440 INFO ConnectionMetrics, totalCount = 0, detail = {long_connection=0, long_polling=0}

2025-06-05 11:12:30,411 INFO Connection check task start

2025-06-05 11:12:30,411 INFO Long connection metrics detail ,Total count =0, sdkCount=0,clusterCount=0

2025-06-05 11:12:30,412 INFO Out dated connection ,size=0

2025-06-05 11:12:30,412 INFO Connection check task end

2025-06-05 11:12:30,442 INFO ConnectionMetrics, totalCount = 0, detail = {long_connection=0, long_polling=0}

2025-06-05 11:12:33,413 INFO Connection check task start

2025-06-05 11:12:33,414 INFO Long connection metrics detail ,Total count =0, sdkCount=0,clusterCount=0

2025-06-05 11:12:33,415 INFO Out dated connection ,size=0

2025-06-05 11:12:33,415 INFO Connection check task end

2025-06-05 11:12:33,443 INFO ConnectionMetrics, totalCount = 0, detail = {long_connection=0, long_polling=0}

2025-06-05 11:12:36,416 INFO Connection check task start

2025-06-05 11:12:36,417 INFO Long connection metrics detail ,Total count =0, sdkCount=0,clusterCount=0

2025-06-05 11:12:36,418 INFO Out dated connection ,size=0

2025-06-05 11:12:36,418 INFO Connection check task end

2025-06-05 11:12:36,444 INFO ConnectionMetrics, totalCount = 0, detail = {long_connection=0, long_polling=0}

2025-06-05 11:12:39,420 INFO Connection check task start

2025-06-05 11:12:39,421 INFO Long connection metrics detail ,Total count =0, sdkCount=0,clusterCount=0

2025-06-05 11:12:39,421 INFO Out dated connection ,size=0

2025-06-05 11:12:39,422 INFO Connection check task end

2025-06-05 11:12:39,446 INFO ConnectionMetrics, totalCount = 0, detail = {long_connection=0, long_polling=0}

2025-06-05 11:12:42,424 INFO Connection check task start

2025-06-05 11:12:42,425 INFO Long connection metrics detail ,Total count =0, sdkCount=0,clusterCount=0

2025-06-05 11:12:42,425 INFO Out dated connection ,size=0

2025-06-05 11:12:42,426 INFO Connection check task end

2025-06-05 11:12:42,448 INFO ConnectionMetrics, totalCount = 0, detail = {long_connection=0, long_polling=0}

2025-06-05 11:12:45,427 INFO Connection check task start

2025-06-05 11:12:45,428 INFO Long connection metrics detail ,Total count =0, sdkCount=0,clusterCount=0

2025-06-05 11:12:45,430 INFO Out dated connection ,size=0

2025-06-05 11:12:45,430 INFO Connection check task end

2025-06-05 11:12:45,449 INFO ConnectionMetrics, totalCount = 0, detail = {long_connection=0, long_polling=0}

2025-06-05 11:12:48,434 INFO Connection check task start

2025-06-05 11:12:48,435 INFO Long connection metrics detail ,Total count =0, sdkCount=0,clusterCount=0

2025-06-05 11:12:48,435 INFO Out dated connection ,size=0

2025-06-05 11:12:48,435 INFO Connection check task end

2025-06-05 11:12:48,451 INFO ConnectionMetrics, totalCount = 0, detail = {long_connection=0, long_polling=0}

2025-06-05 11:12:51,436 INFO Connection check task start

2025-06-05 11:12:51,437 INFO Long connection metrics detail ,Total count =0, sdkCount=0,clusterCount=0

2025-06-05 11:12:51,437 INFO Out dated connection ,size=0

2025-06-05 11:12:51,438 INFO Connection check task end

2025-06-05 11:12:51,453 INFO ConnectionMetrics, totalCount = 0, detail = {long_connection=0, long_polling=0}

2025-06-05 11:12:54,439 INFO Connection check task start

2025-06-05 11:12:54,439 INFO Long connection metrics detail ,Total count =0, sdkCount=0,clusterCount=0

2025-06-05 11:12:54,439 INFO Out dated connection ,size=0

2025-06-05 11:12:54,440 INFO Connection check task end

2025-06-05 11:12:54,454 INFO ConnectionMetrics, totalCount = 0, detail = {long_connection=0, long_polling=0}

2025-06-05 11:12:57,441 INFO Connection check task start

2025-06-05 11:12:57,443 INFO Long connection metrics detail ,Total count =0, sdkCount=0,clusterCount=0

2025-06-05 11:12:57,444 INFO Out dated connection ,size=0

2025-06-05 11:12:57,445 INFO Connection check task end

2025-06-05 11:12:57,455 INFO ConnectionMetrics, totalCount = 0, detail = {long_connection=0, long_polling=0}

2025-06-05 11:13:00,447 INFO Connection check task start

2025-06-05 11:13:00,448 INFO Long connection metrics detail ,Total count =0, sdkCount=0,clusterCount=0

2025-06-05 11:13:00,448 INFO Out dated connection ,size=0

2025-06-05 11:13:00,448 INFO Connection check task end

2025-06-05 11:13:00,457 INFO ConnectionMetrics, totalCount = 0, detail = {long_connection=0, long_polling=0}

2025-06-05 11:13:03,449 INFO Connection check task start

2025-06-05 11:13:03,449 INFO Long connection metrics detail ,Total count =0, sdkCount=0,clusterCount=0

2025-06-05 11:13:03,450 INFO Out dated connection ,size=0

2025-06-05 11:13:03,450 INFO Connection check task end

2025-06-05 11:13:03,458 INFO ConnectionMetrics, totalCount = 0, detail = {long_connection=0, long_polling=0}

2025-06-05 11:13:06,451 INFO Connection check task start

2025-06-05 11:13:06,452 INFO Long connection metrics detail ,Total count =0, sdkCount=0,clusterCount=0

2025-06-05 11:13:06,452 INFO Out dated connection ,size=0

2025-06-05 11:13:06,453 INFO Connection check task end

2025-06-05 11:13:06,459 INFO ConnectionMetrics, totalCount = 0, detail = {long_connection=0, long_polling=0}

2025-06-05 11:13:09,454 INFO Connection check task start

2025-06-05 11:13:09,455 INFO Long connection metrics detail ,Total count =0, sdkCount=0,clusterCount=0

2025-06-05 11:13:09,456 INFO Out dated connection ,size=0

2025-06-05 11:13:09,456 INFO Connection check task end

2025-06-05 11:13:09,461 INFO ConnectionMetrics, totalCount = 0, detail = {long_connection=0, long_polling=0}

2025-06-05 11:13:12,458 INFO Connection check task start

2025-06-05 11:13:12,459 INFO Long connection metrics detail ,Total count =0, sdkCount=0,clusterCount=0

2025-06-05 11:13:12,460 INFO Out dated connection ,size=0

2025-06-05 11:13:12,460 INFO Connection check task end

2025-06-05 11:13:12,463 INFO ConnectionMetrics, totalCount = 0, detail = {long_connection=0, long_polling=0}

2025-06-05 11:13:15,462 INFO Connection check task start

2025-06-05 11:13:15,463 INFO Long connection metrics detail ,Total count =0, sdkCount=0,clusterCount=0

2025-06-05 11:13:15,464 INFO Out dated connection ,size=0

2025-06-05 11:13:15,464 INFO Connection check task end

2025-06-05 11:13:15,465 INFO ConnectionMetrics, totalCount = 0, detail = {long_connection=0, long_polling=0}

2025-06-05 11:13:18,466 INFO Connection check task start

2025-06-05 11:13:18,467 INFO ConnectionMetrics, totalCount = 0, detail = {long_connection=0, long_polling=0}

2025-06-05 11:13:18,467 INFO Long connection metrics detail ,Total count =0, sdkCount=0,clusterCount=0

2025-06-05 11:13:18,468 INFO Out dated connection ,size=0

2025-06-05 11:13:18,469 INFO Connection check task end

2025-06-05 11:13:21,469 INFO ConnectionMetrics, totalCount = 0, detail = {long_connection=0, long_polling=0}

2025-06-05 11:13:21,470 INFO Connection check task start

2025-06-05 11:13:21,471 INFO Long connection metrics detail ,Total count =0, sdkCount=0,clusterCount=0

2025-06-05 11:13:21,471 INFO Out dated connection ,size=0

2025-06-05 11:13:21,471 INFO Connection check task end

2025-06-05 11:13:24,471 INFO ConnectionMetrics, totalCount = 0, detail = {long_connection=0, long_polling=0}

2025-06-05 11:13:24,473 INFO Connection check task start

2025-06-05 11:13:24,473 INFO Long connection metrics detail ,Total count =0, sdkCount=0,clusterCount=0

2025-06-05 11:13:24,474 INFO Out dated connection ,size=0

2025-06-05 11:13:24,474 INFO Connection check task end

2025-06-05 11:13:27,473 INFO ConnectionMetrics, totalCount = 0, detail = {long_connection=0, long_polling=0}

2025-06-05 11:13:27,476 INFO Connection check task start

2025-06-05 11:13:27,477 INFO Long connection metrics detail ,Total count =0, sdkCount=0,clusterCount=0

2025-06-05 11:13:27,477 INFO Out dated connection ,size=0

2025-06-05 11:13:27,478 INFO Connection check task end

2025-06-05 11:13:30,475 INFO ConnectionMetrics, totalCount = 0, detail = {long_connection=0, long_polling=0}

2025-06-05 11:13:30,479 INFO Connection check task start

2025-06-05 11:13:30,479 INFO Long connection metrics detail ,Total count =0, sdkCount=0,clusterCount=0

2025-06-05 11:13:30,480 INFO Out dated connection ,size=0

2025-06-05 11:13:30,480 INFO Connection check task end

2025-06-05 11:13:33,477 INFO ConnectionMetrics, totalCount = 0, detail = {long_connection=0, long_polling=0}

2025-06-05 11:13:33,481 INFO Connection check task start

2025-06-05 11:13:33,481 INFO Long connection metrics detail ,Total count =0, sdkCount=0,clusterCount=0

2025-06-05 11:13:33,482 INFO Out dated connection ,size=0

2025-06-05 11:13:33,482 INFO Connection check task end

2025-06-05 11:13:36,478 INFO ConnectionMetrics, totalCount = 0, detail = {long_connection=0, long_polling=0}

2025-06-05 11:13:36,483 INFO Connection check task start

2025-06-05 11:13:36,483 INFO Long connection metrics detail ,Total count =0, sdkCount=0,clusterCount=0

2025-06-05 11:13:36,483 INFO Out dated connection ,size=0

2025-06-05 11:13:36,484 INFO Connection check task end

2025-06-05 11:13:39,480 INFO ConnectionMetrics, totalCount = 0, detail = {long_connection=0, long_polling=0}

2025-06-05 11:13:39,485 INFO Connection check task start

2025-06-05 11:13:39,486 INFO Long connection metrics detail ,Total count =0, sdkCount=0,clusterCount=0

2025-06-05 11:13:39,487 INFO Out dated connection ,size=0

2025-06-05 11:13:39,487 INFO Connection check task end

2025-06-05 11:13:42,483 INFO ConnectionMetrics, totalCount = 0, detail = {long_connection=0, long_polling=0}

2025-06-05 11:13:42,489 INFO Connection check task start

2025-06-05 11:13:42,489 INFO Long connection metrics detail ,Total count =0, sdkCount=0,clusterCount=0

2025-06-05 11:13:42,489 INFO Out dated connection ,size=0

2025-06-05 11:13:42,490 INFO Connection check task end

2025-06-05 11:13:45,483 INFO ConnectionMetrics, totalCount = 0, detail = {long_connection=0, long_polling=0}

2025-06-05 11:13:45,490 INFO Connection check task start

2025-06-05 11:13:45,491 INFO Long connection metrics detail ,Total count =0, sdkCount=0,clusterCount=0

2025-06-05 11:13:45,492 INFO Out dated connection ,size=0

2025-06-05 11:13:45,493 INFO Connection check task end

2025-06-05 11:13:48,508 INFO ConnectionMetrics, totalCount = 0, detail = {long_connection=0, long_polling=0}

2025-06-05 11:13:48,508 INFO Connection check task start

2025-06-05 11:13:48,509 INFO Long connection metrics detail ,Total count =0, sdkCount=0,clusterCount=0

2025-06-05 11:13:48,509 INFO Out dated connection ,size=0

2025-06-05 11:13:48,509 INFO Connection check task end

2025-06-05 11:13:51,510 INFO Connection check task start

2025-06-05 11:13:51,511 INFO Long connection metrics detail ,Total count =0, sdkCount=0,clusterCount=0

2025-06-05 11:13:51,510 INFO ConnectionMetrics, totalCount = 0, detail = {long_connection=0, long_polling=0}

2025-06-05 11:13:51,512 INFO Out dated connection ,size=0

2025-06-05 11:13:51,513 INFO Connection check task end

2025-06-05 11:13:54,514 INFO ConnectionMetrics, totalCount = 0, detail = {long_connection=0, long_polling=0}

2025-06-05 11:13:54,515 INFO Connection check task start

2025-06-05 11:13:54,515 INFO Long connection metrics detail ,Total count =0, sdkCount=0,clusterCount=0

2025-06-05 11:13:54,516 INFO Out dated connection ,size=0

2025-06-05 11:13:54,517 INFO Connection check task end

2025-06-05 11:13:57,516 INFO ConnectionMetrics, totalCount = 0, detail = {long_connection=0, long_polling=0}

2025-06-05 11:13:57,518 INFO Connection check task start

2025-06-05 11:13:57,519 INFO Long connection metrics detail ,Total count =0, sdkCount=0,clusterCount=0

2025-06-05 11:13:57,519 INFO Out dated connection ,size=0

2025-06-05 11:13:57,520 INFO Connection check task end

2025-06-05 11:14:00,518 INFO ConnectionMetrics, totalCount = 0, detail = {long_connection=0, long_polling=0}

2025-06-05 11:14:00,521 INFO Connection check task start

2025-06-05 11:14:00,521 INFO Long connection metrics detail ,Total count =0, sdkCount=0,clusterCount=0

2025-06-05 11:14:00,522 INFO Out dated connection ,size=0

2025-06-05 11:14:00,522 INFO Connection check task end

2025-06-05 11:14:03,520 INFO ConnectionMetrics, totalCount = 0, detail = {long_connection=0, long_polling=0}

2025-06-05 11:14:03,524 INFO Connection check task start

2025-06-05 11:14:03,525 INFO Long connection metrics detail ,Total count =0, sdkCount=0,clusterCount=0

2025-06-05 11:14:03,525 INFO Out dated connection ,size=0

2025-06-05 11:14:03,526 INFO Connection check task end

2025-06-05 11:14:06,522 INFO ConnectionMetrics, totalCount = 0, detail = {long_connection=0, long_polling=0}

2025-06-05 11:14:06,528 INFO Connection check task start

2025-06-05 11:14:06,528 INFO Long connection metrics detail ,Total count =0, sdkCount=0,clusterCount=0

2025-06-05 11:14:06,529 INFO Out dated connection ,size=0

2025-06-05 11:14:06,530 INFO Connection check task end

2025-06-05 11:14:09,525 INFO ConnectionMetrics, totalCount = 0, detail = {long_connection=0, long_polling=0}

2025-06-05 11:14:09,531 INFO Connection check task start

2025-06-05 11:14:09,531 INFO Long connection metrics detail ,Total count =0, sdkCount=0,clusterCount=0

2025-06-05 11:14:09,532 INFO Out dated connection ,size=0

2025-06-05 11:14:09,532 INFO Connection check task end

2025-06-05 11:14:12,527 INFO ConnectionMetrics, totalCount = 0, detail = {long_connection=0, long_polling=0}

2025-06-05 11:14:12,534 INFO Connection check task start

2025-06-05 11:14:12,534 INFO Long connection metrics detail ,Total count =0, sdkCount=0,clusterCount=0

2025-06-05 11:14:12,535 INFO Out dated connection ,size=0

2025-06-05 11:14:12,535 INFO Connection check task end

2025-06-05 11:14:15,529 INFO ConnectionMetrics, totalCount = 0, detail = {long_connection=0, long_polling=0}

2025-06-05 11:14:15,537 INFO Connection check task start

2025-06-05 11:14:15,537 INFO Long connection metrics detail ,Total count =0, sdkCount=0,clusterCount=0

2025-06-05 11:14:15,538 INFO Out dated connection ,size=0

2025-06-05 11:14:15,538 INFO Connection check task end

2025-06-05 11:14:18,530 INFO ConnectionMetrics, totalCount = 0, detail = {long_connection=0, long_polling=0}

2025-06-05 11:14:18,539 INFO Connection check task start

2025-06-05 11:14:18,539 INFO Long connection metrics detail ,Total count =0, sdkCount=0,clusterCount=0

2025-06-05 11:14:18,540 INFO Out dated connection ,size=0

2025-06-05 11:14:18,541 INFO Connection check task end

2025-06-05 11:14:21,532 INFO ConnectionMetrics, totalCount = 0, detail = {long_connection=0, long_polling=0}

2025-06-05 11:14:21,542 INFO Connection check task start

2025-06-05 11:14:21,543 INFO Long connection metrics detail ,Total count =0, sdkCount=0,clusterCount=0

2025-06-05 11:14:21,544 INFO Out dated connection ,size=0

2025-06-05 11:14:21,544 INFO Connection check task end

2025-06-05 11:14:24,534 INFO ConnectionMetrics, totalCount = 0, detail = {long_connection=0, long_polling=0}

2025-06-05 11:14:24,546 INFO Connection check task start

2025-06-05 11:14:24,546 INFO Long connection metrics detail ,Total count =0, sdkCount=0,clusterCount=0

2025-06-05 11:14:24,547 INFO Out dated connection ,size=0

2025-06-05 11:14:24,547 INFO Connection check task end

2025-06-05 11:14:27,536 INFO ConnectionMetrics, totalCount = 0, detail = {long_connection=0, long_polling=0}

2025-06-05 11:14:27,549 INFO Connection check task start

2025-06-05 11:14:27,550 INFO Long connection metrics detail ,Total count =0, sdkCount=0,clusterCount=0

2025-06-05 11:14:27,551 INFO Out dated connection ,size=0

2025-06-05 11:14:27,552 INFO Connection check task end

2025-06-05 11:14:30,539 INFO ConnectionMetrics, totalCount = 0, detail = {long_connection=0, long_polling=0}

2025-06-05 11:14:30,554 INFO Connection check task start

2025-06-05 11:14:30,554 INFO Long connection metrics detail ,Total count =0, sdkCount=0,clusterCount=0

2025-06-05 11:14:30,555 INFO Out dated connection ,size=0

2025-06-05 11:14:30,555 INFO Connection check task end

2025-06-05 11:14:33,541 INFO ConnectionMetrics, totalCount = 0, detail = {long_connection=0, long_polling=0}

2025-06-05 11:14:33,556 INFO Connection check task start

2025-06-05 11:14:33,557 INFO Long connection metrics detail ,Total count =0, sdkCount=0,clusterCount=0

2025-06-05 11:14:33,558 INFO Out dated connection ,size=0

2025-06-05 11:14:33,559 INFO Connection check task end

2025-06-05 11:14:36,545 INFO ConnectionMetrics, totalCount = 0, detail = {long_connection=0, long_polling=0}

2025-06-05 11:14:36,560 INFO Connection check task start

2025-06-05 11:14:36,560 INFO Long connection metrics detail ,Total count =0, sdkCount=0,clusterCount=0

2025-06-05 11:14:36,560 INFO Out dated connection ,size=0

2025-06-05 11:14:36,561 INFO Connection check task end

2025-06-05 11:14:39,547 INFO ConnectionMetrics, totalCount = 0, detail = {long_connection=0, long_polling=0}

2025-06-05 11:14:39,562 INFO Connection check task start

2025-06-05 11:14:39,563 INFO Long connection metrics detail ,Total count =0, sdkCount=0,clusterCount=0

2025-06-05 11:14:39,564 INFO Out dated connection ,size=0

2025-06-05 11:14:39,564 INFO Connection check task end

2025-06-05 11:14:42,550 INFO ConnectionMetrics, totalCount = 0, detail = {long_connection=0, long_polling=0}

2025-06-05 11:14:42,566 INFO Connection check task start

2025-06-05 11:14:42,566 INFO Long connection metrics detail ,Total count =0, sdkCount=0,clusterCount=0

2025-06-05 11:14:42,567 INFO Out dated connection ,size=0

2025-06-05 11:14:42,567 INFO Connection check task end

2025-06-05 11:14:45,552 INFO ConnectionMetrics, totalCount = 0, detail = {long_connection=0, long_polling=0}

2025-06-05 11:14:45,568 INFO Connection check task start

2025-06-05 11:14:45,569 INFO Long connection metrics detail ,Total count =0, sdkCount=0,clusterCount=0

2025-06-05 11:14:45,569 INFO Out dated connection ,size=0

2025-06-05 11:14:45,570 INFO Connection check task end

2025-06-05 11:14:48,554 INFO ConnectionMetrics, totalCount = 0, detail = {long_connection=0, long_polling=0}

2025-06-05 11:14:48,571 INFO Connection check task start

2025-06-05 11:14:48,571 INFO Long connection metrics detail ,Total count =0, sdkCount=0,clusterCount=0

2025-06-05 11:14:48,571 INFO Out dated connection ,size=0

2025-06-05 11:14:48,571 INFO Connection check task end

2025-06-05 11:14:51,556 INFO ConnectionMetrics, totalCount = 0, detail = {long_connection=0, long_polling=0}

2025-06-05 11:14:51,573 INFO Connection check task start

2025-06-05 11:14:51,574 INFO Long connection metrics detail ,Total count =0, sdkCount=0,clusterCount=0

2025-06-05 11:14:51,574 INFO Out dated connection ,size=0

2025-06-05 11:14:51,575 INFO Connection check task end

2025-06-05 11:14:54,559 INFO ConnectionMetrics, totalCount = 0, detail = {long_connection=0, long_polling=0}

2025-06-05 11:14:54,577 INFO Connection check task start

2025-06-05 11:14:54,577 INFO Long connection metrics detail ,Total count =0, sdkCount=0,clusterCount=0

2025-06-05 11:14:54,578 INFO Out dated connection ,size=0

2025-06-05 11:14:54,578 INFO Connection check task end

2025-06-05 11:14:57,561 INFO ConnectionMetrics, totalCount = 0, detail = {long_connection=0, long_polling=0}

2025-06-05 11:14:57,580 INFO Connection check task start

2025-06-05 11:14:57,581 INFO Long connection metrics detail ,Total count =0, sdkCount=0,clusterCount=0

2025-06-05 11:14:57,581 INFO Out dated connection ,size=0

2025-06-05 11:14:57,582 INFO Connection check task end

2025-06-05 11:15:00,563 INFO ConnectionMetrics, totalCount = 0, detail = {long_connection=0, long_polling=0}

2025-06-05 11:15:00,583 INFO Connection check task start

2025-06-05 11:15:00,583 INFO Long connection metrics detail ,Total count =0, sdkCount=0,clusterCount=0

2025-06-05 11:15:00,583 INFO Out dated connection ,size=0

2025-06-05 11:15:00,583 INFO Connection check task end

2025-06-05 11:15:03,565 INFO ConnectionMetrics, totalCount = 0, detail = {long_connection=0, long_polling=0}

2025-06-05 11:15:03,585 INFO Connection check task start

2025-06-05 11:15:03,585 INFO Long connection metrics detail ,Total count =0, sdkCount=0,clusterCount=0

2025-06-05 11:15:03,586 INFO Out dated connection ,size=0

2025-06-05 11:15:03,586 INFO Connection check task end

2025-06-05 11:15:06,567 INFO ConnectionMetrics, totalCount = 0, detail = {long_connection=0, long_polling=0}

2025-06-05 11:15:06,588 INFO Connection check task start

2025-06-05 11:15:06,588 INFO Long connection metrics detail ,Total count =0, sdkCount=0,clusterCount=0

2025-06-05 11:15:06,589 INFO Out dated connection ,size=0

2025-06-05 11:15:06,589 INFO Connection check task end

2025-06-05 11:15:09,569 INFO ConnectionMetrics, totalCount = 0, detail = {long_connection=0, long_polling=0}

2025-06-05 11:15:09,590 INFO Connection check task start

2025-06-05 11:15:09,591 INFO Long connection metrics detail ,Total count =0, sdkCount=0,clusterCount=0

2025-06-05 11:15:09,591 INFO Out dated connection ,size=0

2025-06-05 11:15:09,592 INFO Connection check task end

2025-06-05 11:15:12,571 INFO ConnectionMetrics, totalCount = 0, detail = {long_connection=0, long_polling=0}

2025-06-05 11:15:12,594 INFO Connection check task start

2025-06-05 11:15:12,595 INFO Long connection metrics detail ,Total count =0, sdkCount=0,clusterCount=0

2025-06-05 11:15:12,595 INFO Out dated connection ,size=0

2025-06-05 11:15:12,596 INFO Connection check task end

2025-06-05 11:15:15,574 INFO ConnectionMetrics, totalCount = 0, detail = {long_connection=0, long_polling=0}

2025-06-05 11:15:15,598 INFO Connection check task start

2025-06-05 11:15:15,599 INFO Long connection metrics detail ,Total count =0, sdkCount=0,clusterCount=0

2025-06-05 11:15:15,600 INFO Out dated connection ,size=0

2025-06-05 11:15:15,600 INFO Connection check task end

2025-06-05 11:15:18,576 INFO ConnectionMetrics, totalCount = 0, detail = {long_connection=0, long_polling=0}

2025-06-05 11:15:18,601 INFO Connection check task start

2025-06-05 11:15:18,601 INFO Long connection metrics detail ,Total count =0, sdkCount=0,clusterCount=0

2025-06-05 11:15:18,602 INFO Out dated connection ,size=0

2025-06-05 11:15:18,602 INFO Connection check task end

2025-06-05 11:15:21,578 INFO ConnectionMetrics, totalCount = 0, detail = {long_connection=0, long_polling=0}

2025-06-05 11:15:21,603 INFO Connection check task start

2025-06-05 11:15:21,604 INFO Long connection metrics detail ,Total count =0, sdkCount=0,clusterCount=0

2025-06-05 11:15:21,605 INFO Out dated connection ,size=0

2025-06-05 11:15:21,606 INFO Connection check task end

2025-06-05 11:15:24,579 INFO ConnectionMetrics, totalCount = 0, detail = {long_connection=0, long_polling=0}

2025-06-05 11:15:24,607 INFO Connection check task start

2025-06-05 11:15:24,608 INFO Long connection metrics detail ,Total count =0, sdkCount=0,clusterCount=0

2025-06-05 11:15:24,608 INFO Out dated connection ,size=0

2025-06-05 11:15:24,608 INFO Connection check task end

2025-06-05 11:15:27,581 INFO ConnectionMetrics, totalCount = 0, detail = {long_connection=0, long_polling=0}

2025-06-05 11:15:27,610 INFO Connection check task start

2025-06-05 11:15:27,611 INFO Long connection metrics detail ,Total count =0, sdkCount=0,clusterCount=0

2025-06-05 11:15:27,612 INFO Out dated connection ,size=0

2025-06-05 11:15:27,612 INFO Connection check task end

2025-06-05 11:15:30,583 INFO ConnectionMetrics, totalCount = 0, detail = {long_connection=0, long_polling=0}

2025-06-05 11:15:30,613 INFO Connection check task start

2025-06-05 11:15:30,613 INFO Long connection metrics detail ,Total count =0, sdkCount=0,clusterCount=0

2025-06-05 11:15:30,614 INFO Out dated connection ,size=0

2025-06-05 11:15:30,614 INFO Connection check task end

2025-06-05 11:15:33,585 INFO ConnectionMetrics, totalCount = 0, detail = {long_connection=0, long_polling=0}

2025-06-05 11:15:33,615 INFO Connection check task start

2025-06-05 11:15:33,616 INFO Long connection metrics detail ,Total count =0, sdkCount=0,clusterCount=0

2025-06-05 11:15:33,616 INFO Out dated connection ,size=0

2025-06-05 11:15:33,617 INFO Connection check task end

2025-06-05 11:15:36,588 INFO ConnectionMetrics, totalCount = 0, detail = {long_connection=0, long_polling=0}

2025-06-05 11:15:36,618 INFO Connection check task start

2025-06-05 11:15:36,618 INFO Long connection metrics detail ,Total count =0, sdkCount=0,clusterCount=0

2025-06-05 11:15:36,619 INFO Out dated connection ,size=0

2025-06-05 11:15:36,619 INFO Connection check task end

2025-06-05 11:15:39,591 INFO ConnectionMetrics, totalCount = 0, detail = {long_connection=0, long_polling=0}

2025-06-05 11:15:39,620 INFO Connection check task start

2025-06-05 11:15:39,621 INFO Long connection metrics detail ,Total count =0, sdkCount=0,clusterCount=0

2025-06-05 11:15:39,622 INFO Out dated connection ,size=0

2025-06-05 11:15:39,622 INFO Connection check task end

2025-06-05 11:15:42,593 INFO ConnectionMetrics, totalCount = 0, detail = {long_connection=0, long_polling=0}

2025-06-05 11:15:42,623 INFO Connection check task start

2025-06-05 11:15:42,624 INFO Long connection metrics detail ,Total count =0, sdkCount=0,clusterCount=0

2025-06-05 11:15:42,625 INFO Out dated connection ,size=0

2025-06-05 11:15:42,625 INFO Connection check task end

2025-06-05 11:15:45,595 INFO ConnectionMetrics, totalCount = 0, detail = {long_connection=0, long_polling=0}

2025-06-05 11:15:45,626 INFO Connection check task start

2025-06-05 11:15:45,627 INFO Long connection metrics detail ,Total count =0, sdkCount=0,clusterCount=0

2025-06-05 11:15:45,627 INFO Out dated connection ,size=0

2025-06-05 11:15:45,628 INFO Connection check task end

2025-06-05 11:15:48,597 INFO ConnectionMetrics, totalCount = 0, detail = {long_connection=0, long_polling=0}

2025-06-05 11:15:48,629 INFO Connection check task start

2025-06-05 11:15:48,629 INFO Long connection metrics detail ,Total count =0, sdkCount=0,clusterCount=0

2025-06-05 11:15:48,629 INFO Out dated connection ,size=0

2025-06-05 11:15:48,630 INFO Connection check task end

2025-06-05 11:15:51,599 INFO ConnectionMetrics, totalCount = 0, detail = {long_connection=0, long_polling=0}

2025-06-05 11:15:51,632 INFO Connection check task start

2025-06-05 11:15:51,633 INFO Long connection metrics detail ,Total count =0, sdkCount=0,clusterCount=0

2025-06-05 11:15:51,634 INFO Out dated connection ,size=0

2025-06-05 11:15:51,635 INFO Connection check task end

2025-06-05 11:15:54,602 INFO ConnectionMetrics, totalCount = 0, detail = {long_connection=0, long_polling=0}

2025-06-05 11:15:54,637 INFO Connection check task start

2025-06-05 11:15:54,638 INFO Long connection metrics detail ,Total count =0, sdkCount=0,clusterCount=0

2025-06-05 11:15:54,639 INFO Out dated connection ,size=0

2025-06-05 11:15:54,639 INFO Connection check task end

2025-06-05 11:15:57,604 INFO ConnectionMetrics, totalCount = 0, detail = {long_connection=0, long_polling=0}

2025-06-05 11:15:57,640 INFO Connection check task start

2025-06-05 11:15:57,642 INFO Long connection metrics detail ,Total count =0, sdkCount=0,clusterCount=0

2025-06-05 11:15:57,642 INFO Out dated connection ,size=0

2025-06-05 11:15:57,644 INFO Connection check task end

2025-06-05 11:16:00,607 INFO ConnectionMetrics, totalCount = 0, detail = {long_connection=0, long_polling=0}

2025-06-05 11:16:00,645 INFO Connection check task start

2025-06-05 11:16:00,646 INFO Long connection metrics detail ,Total count =0, sdkCount=0,clusterCount=0

2025-06-05 11:16:00,646 INFO Out dated connection ,size=0

2025-06-05 11:16:00,647 INFO Connection check task end

2025-06-05 11:16:03,609 INFO ConnectionMetrics, totalCount = 0, detail = {long_connection=0, long_polling=0}

2025-06-05 11:16:03,648 INFO Connection check task start

2025-06-05 11:16:03,649 INFO Long connection metrics detail ,Total count =0, sdkCount=0,clusterCount=0

2025-06-05 11:16:03,650 INFO Out dated connection ,size=0

2025-06-05 11:16:03,651 INFO Connection check task end

2025-06-05 11:16:06,612 INFO ConnectionMetrics, totalCount = 0, detail = {long_connection=0, long_polling=0}

2025-06-05 11:16:06,653 INFO Connection check task start

2025-06-05 11:16:06,654 INFO Long connection metrics detail ,Total count =0, sdkCount=0,clusterCount=0

2025-06-05 11:16:06,655 INFO Out dated connection ,size=0

2025-06-05 11:16:06,655 INFO Connection check task end

2025-06-05 11:16:09,614 INFO ConnectionMetrics, totalCount = 0, detail = {long_connection=0, long_polling=0}

2025-06-05 11:16:09,656 INFO Connection check task start

2025-06-05 11:16:09,657 INFO Long connection metrics detail ,Total count =0, sdkCount=0,clusterCount=0

2025-06-05 11:16:09,657 INFO Out dated connection ,size=0

2025-06-05 11:16:09,658 INFO Connection check task end

2025-06-05 11:16:12,616 INFO ConnectionMetrics, totalCount = 0, detail = {long_connection=0, long_polling=0}

2025-06-05 11:16:12,659 INFO Connection check task start

2025-06-05 11:16:12,660 INFO Long connection metrics detail ,Total count =0, sdkCount=0,clusterCount=0

2025-06-05 11:16:12,661 INFO Out dated connection ,size=0

2025-06-05 11:16:12,661 INFO Connection check task end

2025-06-05 11:16:15,619 INFO ConnectionMetrics, totalCount = 0, detail = {long_connection=0, long_polling=0}

2025-06-05 11:16:15,663 INFO Connection check task start

2025-06-05 11:16:15,664 INFO Long connection metrics detail ,Total count =0, sdkCount=0,clusterCount=0

2025-06-05 11:16:15,664 INFO Out dated connection ,size=0

2025-06-05 11:16:15,665 INFO Connection check task end

2025-06-05 11:16:18,620 INFO ConnectionMetrics, totalCount = 0, detail = {long_connection=0, long_polling=0}

2025-06-05 11:16:18,667 INFO Connection check task start

2025-06-05 11:16:18,667 INFO Long connection metrics detail ,Total count =0, sdkCount=0,clusterCount=0

2025-06-05 11:16:18,668 INFO Out dated connection ,size=0

2025-06-05 11:16:18,668 INFO Connection check task end

2025-06-05 11:16:21,622 INFO ConnectionMetrics, totalCount = 0, detail = {long_connection=0, long_polling=0}

2025-06-05 11:16:21,669 INFO Connection check task start

2025-06-05 11:16:21,670 INFO Long connection metrics detail ,Total count =0, sdkCount=0,clusterCount=0

2025-06-05 11:16:21,671 INFO Out dated connection ,size=0

2025-06-05 11:16:21,672 INFO Connection check task end

2025-06-05 11:16:24,624 INFO ConnectionMetrics, totalCount = 0, detail = {long_connection=0, long_polling=0}

2025-06-05 11:16:24,673 INFO Connection check task start

2025-06-05 11:16:24,673 INFO Long connection metrics detail ,Total count =0, sdkCount=0,clusterCount=0

2025-06-05 11:16:24,674 INFO Out dated connection ,size=0

2025-06-05 11:16:24,674 INFO Connection check task end

2025-06-05 11:16:27,626 INFO ConnectionMetrics, totalCount = 0, detail = {long_connection=0, long_polling=0}

2025-06-05 11:16:27,677 INFO Connection check task start

2025-06-05 11:16:27,678 INFO Long connection metrics detail ,Total count =0, sdkCount=0,clusterCount=0

2025-06-05 11:16:27,678 INFO Out dated connection ,size=0

2025-06-05 11:16:27,679 INFO Connection check task end

2025-06-05 11:16:30,628 INFO ConnectionMetrics, totalCount = 0, detail = {long_connection=0, long_polling=0}

2025-06-05 11:16:30,681 INFO Connection check task start

2025-06-05 11:16:30,681 INFO Long connection metrics detail ,Total count =0, sdkCount=0,clusterCount=0

2025-06-05 11:16:30,682 INFO Out dated connection ,size=0

2025-06-05 11:16:30,682 INFO Connection check task end

2025-06-05 11:16:33,630 INFO ConnectionMetrics, totalCount = 0, detail = {long_connection=0, long_polling=0}

2025-06-05 11:16:33,684 INFO Connection check task start

2025-06-05 11:16:33,685 INFO Long connection metrics detail ,Total count =0, sdkCount=0,clusterCount=0

2025-06-05 11:16:33,685 INFO Out dated connection ,size=0

2025-06-05 11:16:33,686 INFO Connection check task end

2025-06-05 11:16:36,632 INFO ConnectionMetrics, totalCount = 0, detail = {long_connection=0, long_polling=0}

2025-06-05 11:16:36,687 INFO Connection check task start

2025-06-05 11:16:36,688 INFO Long connection metrics detail ,Total count =0, sdkCount=0,clusterCount=0

2025-06-05 11:16:36,688 INFO Out dated connection ,size=0

2025-06-05 11:16:36,689 INFO Connection check task end

2025-06-05 11:16:39,634 INFO ConnectionMetrics, totalCount = 0, detail = {long_connection=0, long_polling=0}

2025-06-05 11:16:39,691 INFO Connection check task start

2025-06-05 11:16:39,692 INFO Long connection metrics detail ,Total count =0, sdkCount=0,clusterCount=0

2025-06-05 11:16:39,692 INFO Out dated connection ,size=0

2025-06-05 11:16:39,693 INFO Connection check task end

2025-06-05 11:16:42,636 INFO ConnectionMetrics, totalCount = 0, detail = {long_connection=0, long_polling=0}

2025-06-05 11:16:42,695 INFO Connection check task start

2025-06-05 11:16:42,695 INFO Long connection metrics detail ,Total count =0, sdkCount=0,clusterCount=0

2025-06-05 11:16:42,696 INFO Out dated connection ,size=0

2025-06-05 11:16:42,696 INFO Connection check task end

2025-06-05 11:16:45,637 INFO ConnectionMetrics, totalCount = 0, detail = {long_connection=0, long_polling=0}

2025-06-05 11:16:45,697 INFO Connection check task start

2025-06-05 11:16:45,697 INFO Long connection metrics detail ,Total count =0, sdkCount=0,clusterCount=0

2025-06-05 11:16:45,698 INFO Out dated connection ,size=0

2025-06-05 11:16:45,698 INFO Connection check task end

2025-06-05 11:16:48,639 INFO ConnectionMetrics, totalCount = 0, detail = {long_connection=0, long_polling=0}

2025-06-05 11:16:48,700 INFO Connection check task start

2025-06-05 11:16:48,700 INFO Long connection metrics detail ,Total count =0, sdkCount=0,clusterCount=0

2025-06-05 11:16:48,701 INFO Out dated connection ,size=0

2025-06-05 11:16:48,702 INFO Connection check task end

2025-06-05 11:16:51,642 INFO ConnectionMetrics, totalCount = 0, detail = {long_connection=0, long_polling=0}

2025-06-05 11:16:51,703 INFO Connection check task start

2025-06-05 11:16:51,705 INFO Long connection metrics detail ,Total count =0, sdkCount=0,clusterCount=0

2025-06-05 11:16:51,705 INFO Out dated connection ,size=0

2025-06-05 11:16:51,706 INFO Connection check task end

2025-06-05 11:16:54,644 INFO ConnectionMetrics, totalCount = 0, detail = {long_connection=0, long_polling=0}

2025-06-05 11:16:54,708 INFO Connection check task start

2025-06-05 11:16:54,708 INFO Long connection metrics detail ,Total count =0, sdkCount=0,clusterCount=0

2025-06-05 11:16:54,709 INFO Out dated connection ,size=0

2025-06-05 11:16:54,710 INFO Connection check task end

2025-06-05 11:16:57,646 INFO ConnectionMetrics, totalCount = 0, detail = {long_connection=0, long_polling=0}

2025-06-05 11:16:57,711 INFO Connection check task start

2025-06-05 11:16:57,712 INFO Long connection metrics detail ,Total count =0, sdkCount=0,clusterCount=0

2025-06-05 11:16:57,713 INFO Out dated connection ,size=0

2025-06-05 11:16:57,714 INFO Connection check task end

2025-06-05 11:17:00,649 INFO ConnectionMetrics, totalCount = 0, detail = {long_connection=0, long_polling=0}

2025-06-05 11:17:00,715 INFO Connection check task start

2025-06-05 11:17:00,716 INFO Long connection metrics detail ,Total count =0, sdkCount=0,clusterCount=0

2025-06-05 11:17:00,716 INFO Out dated connection ,size=0

2025-06-05 11:17:00,717 INFO Connection check task end

2025-06-05 11:17:03,651 INFO ConnectionMetrics, totalCount = 0, detail = {long_connection=0, long_polling=0}

2025-06-05 11:17:03,720 INFO Connection check task start

2025-06-05 11:17:03,721 INFO Long connection metrics detail ,Total count =0, sdkCount=0,clusterCount=0

2025-06-05 11:17:03,722 INFO Out dated connection ,size=0

2025-06-05 11:17:03,722 INFO Connection check task end

2025-06-05 11:17:06,654 INFO ConnectionMetrics, totalCount = 0, detail = {long_connection=0, long_polling=0}

2025-06-05 11:17:06,724 INFO Connection check task start

2025-06-05 11:17:06,725 INFO Long connection metrics detail ,Total count =0, sdkCount=0,clusterCount=0

2025-06-05 11:17:06,726 INFO Out dated connection ,size=0

2025-06-05 11:17:06,727 INFO Connection check task end

2025-06-05 11:17:09,656 INFO ConnectionMetrics, totalCount = 0, detail = {long_connection=0, long_polling=0}

2025-06-05 11:17:09,727 INFO Connection check task start

2025-06-05 11:17:09,728 INFO Long connection metrics detail ,Total count =0, sdkCount=0,clusterCount=0

2025-06-05 11:17:09,728 INFO Out dated connection ,size=0

2025-06-05 11:17:09,729 INFO Connection check task end

2025-06-05 11:17:12,659 INFO ConnectionMetrics, totalCount = 0, detail = {long_connection=0, long_polling=0}

2025-06-05 11:17:12,730 INFO Connection check task start

2025-06-05 11:17:12,731 INFO Long connection metrics detail ,Total count =0, sdkCount=0,clusterCount=0

2025-06-05 11:17:12,731 INFO Out dated connection ,size=0

2025-06-05 11:17:12,732 INFO Connection check task end

2025-06-05 11:17:15,661 INFO ConnectionMetrics, totalCount = 0, detail = {long_connection=0, long_polling=0}

2025-06-05 11:17:15,734 INFO Connection check task start

2025-06-05 11:17:15,735 INFO Long connection metrics detail ,Total count =0, sdkCount=0,clusterCount=0

2025-06-05 11:17:15,736 INFO Out dated connection ,size=0

2025-06-05 11:17:15,736 INFO Connection check task end

2025-06-05 11:17:18,664 INFO ConnectionMetrics, totalCount = 0, detail = {long_connection=0, long_polling=0}

2025-06-05 11:17:18,738 INFO Connection check task start

2025-06-05 11:17:18,739 INFO Long connection metrics detail ,Total count =0, sdkCount=0,clusterCount=0

2025-06-05 11:17:18,740 INFO Out dated connection ,size=0

2025-06-05 11:17:18,740 INFO Connection check task end

2025-06-05 11:17:21,666 INFO ConnectionMetrics, totalCount = 0, detail = {long_connection=0, long_polling=0}

2025-06-05 11:17:21,742 INFO Connection check task start

2025-06-05 11:17:21,744 INFO Long connection metrics detail ,Total count =0, sdkCount=0,clusterCount=0

2025-06-05 11:17:21,744 INFO Out dated connection ,size=0

2025-06-05 11:17:21,745 INFO Connection check task end

2025-06-05 11:17:24,669 INFO ConnectionMetrics, totalCount = 0, detail = {long_connection=0, long_polling=0}

2025-06-05 11:17:24,747 INFO Connection check task start

2025-06-05 11:17:24,748 INFO Long connection metrics detail ,Total count =0, sdkCount=0,clusterCount=0

2025-06-05 11:17:24,748 INFO Out dated connection ,size=0

2025-06-05 11:17:24,749 INFO Connection check task end

2025-06-05 11:17:27,672 INFO ConnectionMetrics, totalCount = 0, detail = {long_connection=0, long_polling=0}

2025-06-05 11:17:27,752 INFO Connection check task start

2025-06-05 11:17:27,753 INFO Long connection metrics detail ,Total count =0, sdkCount=0,clusterCount=0

2025-06-05 11:17:27,753 INFO Out dated connection ,size=0

2025-06-05 11:17:27,754 INFO Connection check task end

2025-06-05 11:17:30,674 INFO ConnectionMetrics, totalCount = 0, detail = {long_connection=0, long_polling=0}

2025-06-05 11:17:30,755 INFO Connection check task start

2025-06-05 11:17:30,755 INFO Long connection metrics detail ,Total count =0, sdkCount=0,clusterCount=0

2025-06-05 11:17:30,756 INFO Out dated connection ,size=0

2025-06-05 11:17:30,756 INFO Connection check task end

2025-06-05 11:17:33,677 INFO ConnectionMetrics, totalCount = 0, detail = {long_connection=0, long_polling=0}

2025-06-05 11:17:33,758 INFO Connection check task start

2025-06-05 11:17:33,759 INFO Long connection metrics detail ,Total count =0, sdkCount=0,clusterCount=0

2025-06-05 11:17:33,759 INFO Out dated connection ,size=0

2025-06-05 11:17:33,760 INFO Connection check task end

2025-06-05 11:17:36,679 INFO ConnectionMetrics, totalCount = 0, detail = {long_connection=0, long_polling=0}

2025-06-05 11:17:36,761 INFO Connection check task start

2025-06-05 11:17:36,761 INFO Long connection metrics detail ,Total count =0, sdkCount=0,clusterCount=0

2025-06-05 11:17:36,762 INFO Out dated connection ,size=0

2025-06-05 11:17:36,762 INFO Connection check task end

2025-06-05 11:17:39,681 INFO ConnectionMetrics, totalCount = 0, detail = {long_connection=0, long_polling=0}

2025-06-05 11:17:39,764 INFO Connection check task start

2025-06-05 11:17:39,765 INFO Long connection metrics detail ,Total count =0, sdkCount=0,clusterCount=0

2025-06-05 11:17:39,766 INFO Out dated connection ,size=0

2025-06-05 11:17:39,767 INFO Connection check task end

2025-06-05 11:17:42,683 INFO ConnectionMetrics, totalCount = 0, detail = {long_connection=0, long_polling=0}

2025-06-05 11:17:42,769 INFO Connection check task start

2025-06-05 11:17:42,769 INFO Long connection metrics detail ,Total count =0, sdkCount=0,clusterCount=0

2025-06-05 11:17:42,770 INFO Out dated connection ,size=0

2025-06-05 11:17:42,770 INFO Connection check task end

2025-06-05 11:17:45,684 INFO ConnectionMetrics, totalCount = 0, detail = {long_connection=0, long_polling=0}

2025-06-05 11:17:45,771 INFO Connection check task start

2025-06-05 11:17:45,772 INFO Long connection metrics detail ,Total count =0, sdkCount=0,clusterCount=0

2025-06-05 11:17:45,773 INFO Out dated connection ,size=0

2025-06-05 11:17:45,773 INFO Connection check task end

2025-06-05 11:17:48,687 INFO ConnectionMetrics, totalCount = 0, detail = {long_connection=0, long_polling=0}

2025-06-05 11:17:48,774 INFO Connection check task start

2025-06-05 11:17:48,775 INFO Long connection metrics detail ,Total count =0, sdkCount=0,clusterCount=0

2025-06-05 11:17:48,775 INFO Out dated connection ,size=0

2025-06-05 11:17:48,776 INFO Connection check task end

2025-06-05 11:17:51,689 INFO ConnectionMetrics, totalCount = 0, detail = {long_connection=0, long_polling=0}

2025-06-05 11:17:51,778 INFO Connection check task start

2025-06-05 11:17:51,779 INFO Long connection metrics detail ,Total count =0, sdkCount=0,clusterCount=0

2025-06-05 11:17:51,779 INFO Out dated connection ,size=0

2025-06-05 11:17:51,779 INFO Connection check task end

2025-06-05 11:17:54,691 INFO ConnectionMetrics, totalCount = 0, detail = {long_connection=0, long_polling=0}

2025-06-05 11:17:54,780 INFO Connection check task start

2025-06-05 11:17:54,781 INFO Long connection metrics detail ,Total count =0, sdkCount=0,clusterCount=0

2025-06-05 11:17:54,782 INFO Out dated connection ,size=0

2025-06-05 11:17:54,782 INFO Connection check task end

2025-06-05 11:17:57,693 INFO ConnectionMetrics, totalCount = 0, detail = {long_connection=0, long_polling=0}

2025-06-05 11:17:57,783 INFO Connection check task start

2025-06-05 11:17:57,784 INFO Long connection metrics detail ,Total count =0, sdkCount=0,clusterCount=0

2025-06-05 11:17:57,784 INFO Out dated connection ,size=0

2025-06-05 11:17:57,784 INFO Connection check task end

2025-06-05 11:18:00,695 INFO ConnectionMetrics, totalCount = 0, detail = {long_connection=0, long_polling=0}

2025-06-05 11:18:00,785 INFO Connection check task start

2025-06-05 11:18:00,786 INFO Long connection metrics detail ,Total count =0, sdkCount=0,clusterCount=0

2025-06-05 11:18:00,787 INFO Out dated connection ,size=0

2025-06-05 11:18:00,788 INFO Connection check task end

2025-06-05 11:18:03,697 INFO ConnectionMetrics, totalCount = 0, detail = {long_connection=0, long_polling=0}

2025-06-05 11:18:03,790 INFO Connection check task start

2025-06-05 11:18:03,792 INFO Long connection metrics detail ,Total count =0, sdkCount=0,clusterCount=0

2025-06-05 11:18:03,792 INFO Out dated connection ,size=0

2025-06-05 11:18:03,793 INFO Connection check task end

2025-06-05 11:18:06,700 INFO ConnectionMetrics, totalCount = 0, detail = {long_connection=0, long_polling=0}

2025-06-05 11:18:06,795 INFO Connection check task start

2025-06-05 11:18:06,796 INFO Long connection metrics detail ,Total count =0, sdkCount=0,clusterCount=0

2025-06-05 11:18:06,797 INFO Out dated connection ,size=0

2025-06-05 11:18:06,797 INFO Connection check task end

2025-06-05 11:18:09,703 INFO ConnectionMetrics, totalCount = 0, detail = {long_connection=0, long_polling=0}

2025-06-05 11:18:09,798 INFO Connection check task start

2025-06-05 11:18:09,800 INFO Long connection metrics detail ,Total count =0, sdkCount=0,clusterCount=0

2025-06-05 11:18:09,800 INFO Out dated connection ,size=0

2025-06-05 11:18:09,801 INFO Connection check task end

2025-06-05 11:18:12,706 INFO ConnectionMetrics, totalCount = 0, detail = {long_connection=0, long_polling=0}

2025-06-05 11:18:12,803 INFO Connection check task start

2025-06-05 11:18:12,804 INFO Long connection metrics detail ,Total count =0, sdkCount=0,clusterCount=0

2025-06-05 11:18:12,804 INFO Out dated connection ,size=0

2025-06-05 11:18:12,805 INFO Connection check task end

2025-06-05 11:18:15,708 INFO ConnectionMetrics, totalCount = 0, detail = {long_connection=0, long_polling=0}

2025-06-05 11:18:15,807 INFO Connection check task start

2025-06-05 11:18:15,809 INFO Long connection metrics detail ,Total count =0, sdkCount=0,clusterCount=0

2025-06-05 11:18:15,809 INFO Out dated connection ,size=0

2025-06-05 11:18:15,810 INFO Connection check task end

2025-06-05 11:18:18,710 INFO ConnectionMetrics, totalCount = 0, detail = {long_connection=0, long_polling=0}

2025-06-05 11:18:18,812 INFO Connection check task start

2025-06-05 11:18:18,813 INFO Long connection metrics detail ,Total count =0, sdkCount=0,clusterCount=0

2025-06-05 11:18:18,814 INFO Out dated connection ,size=0

2025-06-05 11:18:18,814 INFO Connection check task end

2025-06-05 11:18:21,712 INFO ConnectionMetrics, totalCount = 0, detail = {long_connection=0, long_polling=0}

2025-06-05 11:18:21,815 INFO Connection check task start

2025-06-05 11:18:21,817 INFO Long connection metrics detail ,Total count =0, sdkCount=0,clusterCount=0

2025-06-05 11:18:21,818 INFO Out dated connection ,size=0

2025-06-05 11:18:21,819 INFO Connection check task end

2025-06-05 11:18:24,715 INFO ConnectionMetrics, totalCount = 0, detail = {long_connection=0, long_polling=0}

2025-06-05 11:18:24,820 INFO Connection check task start

2025-06-05 11:18:24,821 INFO Long connection metrics detail ,Total count =0, sdkCount=0,clusterCount=0

2025-06-05 11:18:24,822 INFO Out dated connection ,size=0

2025-06-05 11:18:24,822 INFO Connection check task end

2025-06-05 11:18:27,716 INFO ConnectionMetrics, totalCount = 0, detail = {long_connection=0, long_polling=0}

2025-06-05 11:18:27,824 INFO Connection check task start

2025-06-05 11:18:27,825 INFO Long connection metrics detail ,Total count =0, sdkCount=0,clusterCount=0

2025-06-05 11:18:27,826 INFO Out dated connection ,size=0

2025-06-05 11:18:27,826 INFO Connection check task end

2025-06-05 11:18:30,717 INFO ConnectionMetrics, totalCount = 0, detail = {long_connection=0, long_polling=0}

2025-06-05 11:18:30,827 INFO Connection check task start

2025-06-05 11:18:30,828 INFO Long connection metrics detail ,Total count =0, sdkCount=0,clusterCount=0

2025-06-05 11:18:30,829 INFO Out dated connection ,size=0

2025-06-05 11:18:30,829 INFO Connection check task end

2025-06-05 11:18:33,720 INFO ConnectionMetrics, totalCount = 0, detail = {long_connection=0, long_polling=0}

2025-06-05 11:18:33,830 INFO Connection check task start

2025-06-05 11:18:33,831 INFO Long connection metrics detail ,Total count =0, sdkCount=0,clusterCount=0

2025-06-05 11:18:33,832 INFO Out dated connection ,size=0

2025-06-05 11:18:33,833 INFO Connection check task end

2025-06-05 11:18:36,723 INFO ConnectionMetrics, totalCount = 0, detail = {long_connection=0, long_polling=0}

2025-06-05 11:18:36,834 INFO Connection check task start

2025-06-05 11:18:36,835 INFO Long connection metrics detail ,Total count =0, sdkCount=0,clusterCount=0

2025-06-05 11:18:36,835 INFO Out dated connection ,size=0

2025-06-05 11:18:36,836 INFO Connection check task end

2025-06-05 11:18:39,724 INFO ConnectionMetrics, totalCount = 0, detail = {long_connection=0, long_polling=0}

2025-06-05 11:18:39,837 INFO Connection check task start

2025-06-05 11:18:39,838 INFO Long connection metrics detail ,Total count =0, sdkCount=0,clusterCount=0

2025-06-05 11:18:39,838 INFO Out dated connection ,size=0

2025-06-05 11:18:39,838 INFO Connection check task end

2025-06-05 11:18:42,726 INFO ConnectionMetrics, totalCount = 0, detail = {long_connection=0, long_polling=0}

2025-06-05 11:18:42,839 INFO Connection check task start

2025-06-05 11:18:42,840 INFO Long connection metrics detail ,Total count =0, sdkCount=0,clusterCount=0

2025-06-05 11:18:42,840 INFO Out dated connection ,size=0

2025-06-05 11:18:42,840 INFO Connection check task end

2025-06-05 11:18:45,727 INFO ConnectionMetrics, totalCount = 0, detail = {long_connection=0, long_polling=0}

2025-06-05 11:18:45,840 INFO Connection check task start

2025-06-05 11:18:45,841 INFO Long connection metrics detail ,Total count =0, sdkCount=0,clusterCount=0

2025-06-05 11:18:45,842 INFO Out dated connection ,size=0

2025-06-05 11:18:45,843 INFO Connection check task end

2025-06-05 11:18:48,728 INFO ConnectionMetrics, totalCount = 0, detail = {long_connection=0, long_polling=0}

2025-06-05 11:18:48,844 INFO Connection check task start

2025-06-05 11:18:48,845 INFO Long connection metrics detail ,Total count =0, sdkCount=0,clusterCount=0

2025-06-05 11:18:48,845 INFO Out dated connection ,size=0

2025-06-05 11:18:48,845 INFO Connection check task end

2025-06-05 11:18:51,730 INFO ConnectionMetrics, totalCount = 0, detail = {long_connection=0, long_polling=0}

2025-06-05 11:18:51,846 INFO Connection check task start

2025-06-05 11:18:51,847 INFO Long connection metrics detail ,Total count =0, sdkCount=0,clusterCount=0

2025-06-05 11:18:51,848 INFO Out dated connection ,size=0

2025-06-05 11:18:51,848 INFO Connection check task end

2025-06-05 11:18:54,732 INFO ConnectionMetrics, totalCount = 0, detail = {long_connection=0, long_polling=0}

2025-06-05 11:18:54,849 INFO Connection check task start

2025-06-05 11:18:54,850 INFO Long connection metrics detail ,Total count =0, sdkCount=0,clusterCount=0

2025-06-05 11:18:54,850 INFO Out dated connection ,size=0

2025-06-05 11:18:54,851 INFO Connection check task end

2025-06-05 11:18:57,734 INFO ConnectionMetrics, totalCount = 0, detail = {long_connection=0, long_polling=0}

2025-06-05 11:18:57,852 INFO Connection check task start

2025-06-05 11:18:57,853 INFO Long connection metrics detail ,Total count =0, sdkCount=0,clusterCount=0

2025-06-05 11:18:57,853 INFO Out dated connection ,size=0

2025-06-05 11:18:57,854 INFO Connection check task end

2025-06-05 11:19:00,736 INFO ConnectionMetrics, totalCount = 0, detail = {long_connection=0, long_polling=0}

2025-06-05 11:19:00,855 INFO Connection check task start

2025-06-05 11:19:00,855 INFO Long connection metrics detail ,Total count =0, sdkCount=0,clusterCount=0

2025-06-05 11:19:00,856 INFO Out dated connection ,size=0

2025-06-05 11:19:00,856 INFO Connection check task end

2025-06-05 11:19:03,737 INFO ConnectionMetrics, totalCount = 0, detail = {long_connection=0, long_polling=0}

2025-06-05 11:19:03,857 INFO Connection check task start

2025-06-05 11:19:03,858 INFO Long connection metrics detail ,Total count =0, sdkCount=0,clusterCount=0

2025-06-05 11:19:03,858 INFO Out dated connection ,size=0

2025-06-05 11:19:03,858 INFO Connection check task end

2025-06-05 11:19:06,739 INFO ConnectionMetrics, totalCount = 0, detail = {long_connection=0, long_polling=0}

2025-06-05 11:19:06,860 INFO Connection check task start

2025-06-05 11:19:06,860 INFO Long connection metrics detail ,Total count =0, sdkCount=0,clusterCount=0

2025-06-05 11:19:06,861 INFO Out dated connection ,size=0

2025-06-05 11:19:06,861 INFO Connection check task end

2025-06-05 11:19:09,741 INFO ConnectionMetrics, totalCount = 0, detail = {long_connection=0, long_polling=0}

2025-06-05 11:19:09,862 INFO Connection check task start

2025-06-05 11:19:09,862 INFO Long connection metrics detail ,Total count =0, sdkCount=0,clusterCount=0

2025-06-05 11:19:09,862 INFO Out dated connection ,size=0

2025-06-05 11:19:09,863 INFO Connection check task end

2025-06-05 11:19:12,742 INFO ConnectionMetrics, totalCount = 0, detail = {long_connection=0, long_polling=0}

2025-06-05 11:19:12,864 INFO Connection check task start

2025-06-05 11:19:12,864 INFO Long connection metrics detail ,Total count =0, sdkCount=0,clusterCount=0

2025-06-05 11:19:12,864 INFO Out dated connection ,size=0

2025-06-05 11:19:12,865 INFO Connection check task end

2025-06-05 11:19:15,744 INFO ConnectionMetrics, totalCount = 0, detail = {long_connection=0, long_polling=0}

2025-06-05 11:19:15,866 INFO Connection check task start

2025-06-05 11:19:15,867 INFO Long connection metrics detail ,Total count =0, sdkCount=0,clusterCount=0

2025-06-05 11:19:15,868 INFO Out dated connection ,size=0

2025-06-05 11:19:15,868 INFO Connection check task end

2025-06-05 11:19:18,745 INFO ConnectionMetrics, totalCount = 0, detail = {long_connection=0, long_polling=0}

2025-06-05 11:19:18,869 INFO Connection check task start

2025-06-05 11:19:18,870 INFO Long connection metrics detail ,Total count =0, sdkCount=0,clusterCount=0

2025-06-05 11:19:18,871 INFO Out dated connection ,size=0

2025-06-05 11:19:18,871 INFO Connection check task end

2025-06-05 11:19:21,747 INFO ConnectionMetrics, totalCount = 0, detail = {long_connection=0, long_polling=0}

2025-06-05 11:19:21,872 INFO Connection check task start

2025-06-05 11:19:21,873 INFO Long connection metrics detail ,Total count =0, sdkCount=0,clusterCount=0

2025-06-05 11:19:21,873 INFO Out dated connection ,size=0

2025-06-05 11:19:21,874 INFO Connection check task end

2025-06-05 11:19:24,755 INFO ConnectionMetrics, totalCount = 0, detail = {long_connection=0, long_polling=0}

2025-06-05 11:19:24,874 INFO Connection check task start

2025-06-05 11:19:24,874 INFO Long connection metrics detail ,Total count =0, sdkCount=0,clusterCount=0

2025-06-05 11:19:24,875 INFO Out dated connection ,size=0

2025-06-05 14:16:39,158 INFO Fail to find connection runtime ejector for name nacos,use default

2025-06-05 14:16:40,162 INFO Connection check task start

2025-06-05 14:16:40,166 INFO Long connection metrics detail ,Total count =0, sdkCount=0,clusterCount=0

2025-06-05 14:16:40,167 INFO Out dated connection ,size=0

2025-06-05 14:16:40,167 INFO Connection check task end

2025-06-05 14:16:40,307 INFO ConnectionMetrics, totalCount = 0, detail = {long_connection=0, long_polling=0}

2025-06-05 14:16:43,188 INFO Connection check task start

2025-06-05 14:16:43,193 INFO Long connection metrics detail ,Total count =0, sdkCount=0,clusterCount=0

2025-06-05 14:16:43,196 INFO Out dated connection ,size=0

2025-06-05 14:16:43,196 INFO Connection check task end

2025-06-05 14:16:43,310 INFO ConnectionMetrics, totalCount = 0, detail = {long_connection=0, long_polling=0}

2025-06-05 14:16:46,200 INFO Connection check task start

2025-06-05 14:16:46,201 INFO Long connection metrics detail ,Total count =0, sdkCount=0,clusterCount=0

2025-06-05 14:16:46,201 INFO Out dated connection ,size=0

2025-06-05 14:16:46,201 INFO Connection check task end

2025-06-05 14:16:46,311 INFO ConnectionMetrics, totalCount = 0, detail = {long_connection=0, long_polling=0}

2025-06-05 14:16:49,202 INFO Connection check task start

2025-06-05 14:16:49,202 INFO Long connection metrics detail ,Total count =0, sdkCount=0,clusterCount=0

2025-06-05 14:16:49,203 INFO Out dated connection ,size=0

2025-06-05 14:16:49,203 INFO Connection check task end

2025-06-05 14:16:49,313 INFO ConnectionMetrics, totalCount = 0, detail = {long_connection=0, long_polling=0}

2025-06-05 14:16:52,231 INFO Connection check task start

2025-06-05 14:16:52,233 INFO Long connection metrics detail ,Total count =0, sdkCount=0,clusterCount=0

2025-06-05 14:16:52,233 INFO Out dated connection ,size=0

2025-06-05 14:16:52,234 INFO Connection check task end

2025-06-05 14:16:52,314 INFO ConnectionMetrics, totalCount = 0, detail = {long_connection=0, long_polling=0}

2025-06-05 14:16:55,235 INFO Connection check task start

2025-06-05 14:16:55,236 INFO Long connection metrics detail ,Total count =0, sdkCount=0,clusterCount=0

2025-06-05 14:16:55,237 INFO Out dated connection ,size=0

2025-06-05 14:16:55,238 INFO Connection check task end

2025-06-05 14:16:55,315 INFO ConnectionMetrics, totalCount = 0, detail = {long_connection=0, long_polling=0}

2025-06-05 14:16:58,238 INFO Connection check task start

2025-06-05 14:16:58,239 INFO Long connection metrics detail ,Total count =0, sdkCount=0,clusterCount=0

2025-06-05 14:16:58,240 INFO Out dated connection ,size=0

2025-06-05 14:16:58,240 INFO Connection check task end

2025-06-05 14:16:58,318 INFO ConnectionMetrics, totalCount = 0, detail = {long_connection=0, long_polling=0}

2025-06-05 14:17:01,241 INFO Connection check task start

2025-06-05 14:17:01,242 INFO Long connection metrics detail ,Total count =0, sdkCount=0,clusterCount=0

2025-06-05 14:17:01,242 INFO Out dated connection ,size=0

2025-06-05 14:17:01,243 INFO Connection check task end

2025-06-05 14:17:01,320 INFO ConnectionMetrics, totalCount = 0, detail = {long_connection=0, long_polling=0}

2025-06-05 14:17:04,244 INFO Connection check task start

2025-06-05 14:17:04,246 INFO Long connection metrics detail ,Total count =0, sdkCount=0,clusterCount=0

2025-06-05 14:17:04,246 INFO Out dated connection ,size=0

2025-06-05 14:17:04,247 INFO Connection check task end

2025-06-05 14:17:04,321 INFO ConnectionMetrics, totalCount = 0, detail = {long_connection=0, long_polling=0}

2025-06-05 14:17:07,249 INFO Connection check task start

2025-06-05 14:17:07,250 INFO Long connection metrics detail ,Total count =0, sdkCount=0,clusterCount=0

2025-06-05 14:17:07,251 INFO Out dated connection ,size=0

2025-06-05 14:17:07,252 INFO Connection check task end

2025-06-05 14:17:07,323 INFO ConnectionMetrics, totalCount = 0, detail = {long_connection=0, long_polling=0}

2025-06-05 14:17:10,253 INFO Connection check task start

2025-06-05 14:17:10,254 INFO Long connection metrics detail ,Total count =0, sdkCount=0,clusterCount=0

2025-06-05 14:17:10,255 INFO Out dated connection ,size=0

2025-06-05 14:17:10,256 INFO Connection check task end

2025-06-05 14:17:10,325 INFO ConnectionMetrics, totalCount = 0, detail = {long_connection=0, long_polling=0}

2025-06-05 14:17:13,257 INFO Connection check task start

2025-06-05 14:17:13,259 INFO Long connection metrics detail ,Total count =0, sdkCount=0,clusterCount=0

2025-06-05 14:17:13,260 INFO Out dated connection ,size=0

2025-06-05 14:17:13,261 INFO Connection check task end

2025-06-05 14:17:13,327 INFO ConnectionMetrics, totalCount = 0, detail = {long_connection=0, long_polling=0}

2025-06-05 14:17:16,263 INFO Connection check task start

2025-06-05 14:17:16,265 INFO Long connection metrics detail ,Total count =0, sdkCount=0,clusterCount=0

2025-06-05 14:17:16,266 INFO Out dated connection ,size=0

2025-06-05 14:17:16,267 INFO Connection check task end

2025-06-05 14:17:16,329 INFO ConnectionMetrics, totalCount = 0, detail = {long_connection=0, long_polling=0}

2025-06-05 14:17:19,269 INFO Connection check task start

2025-06-05 14:17:19,270 INFO Long connection metrics detail ,Total count =0, sdkCount=0,clusterCount=0

2025-06-05 14:17:19,271 INFO Out dated connection ,size=0

2025-06-05 14:17:19,271 INFO Connection check task end

2025-06-05 14:17:19,331 INFO ConnectionMetrics, totalCount = 0, detail = {long_connection=0, long_polling=0}

2025-06-05 14:17:22,273 INFO Connection check task start

2025-06-05 14:17:22,274 INFO Long connection metrics detail ,Total count =0, sdkCount=0,clusterCount=0

2025-06-05 14:17:22,275 INFO Out dated connection ,size=0

2025-06-05 14:17:22,275 INFO Connection check task end

2025-06-05 14:17:22,333 INFO ConnectionMetrics, totalCount = 0, detail = {long_connection=0, long_polling=0}

2025-06-05 14:17:25,276 INFO Connection check task start

2025-06-05 14:17:25,277 INFO Long connection metrics detail ,Total count =0, sdkCount=0,clusterCount=0

2025-06-05 14:17:25,278 INFO Out dated connection ,size=0

2025-06-05 14:17:25,278 INFO Connection check task end

2025-06-05 14:17:25,335 INFO ConnectionMetrics, totalCount = 0, detail = {long_connection=0, long_polling=0}

2025-06-05 14:17:28,280 INFO Connection check task start

2025-06-05 14:17:28,281 INFO Long connection metrics detail ,Total count =0, sdkCount=0,clusterCount=0

2025-06-05 14:17:28,282 INFO Out dated connection ,size=0

2025-06-05 14:17:28,283 INFO Connection check task end

2025-06-05 14:17:28,337 INFO ConnectionMetrics, totalCount = 0, detail = {long_connection=0, long_polling=0}

2025-06-05 14:17:31,284 INFO Connection check task start

2025-06-05 14:17:31,285 INFO Long connection metrics detail ,Total count =0, sdkCount=0,clusterCount=0

2025-06-05 14:17:31,286 INFO Out dated connection ,size=0

2025-06-05 14:17:31,287 INFO Connection check task end

2025-06-05 14:17:31,339 INFO ConnectionMetrics, totalCount = 0, detail = {long_connection=0, long_polling=0}

2025-06-05 14:17:34,288 INFO Connection check task start

2025-06-05 14:17:34,289 INFO Long connection metrics detail ,Total count =0, sdkCount=0,clusterCount=0

2025-06-05 14:17:34,289 INFO Out dated connection ,size=0

2025-06-05 14:17:34,289 INFO Connection check task end

2025-06-05 14:17:34,340 INFO ConnectionMetrics, totalCount = 0, detail = {long_connection=0, long_polling=0}

2025-06-05 14:17:37,290 INFO Connection check task start

2025-06-05 14:17:37,291 INFO Long connection metrics detail ,Total count =0, sdkCount=0,clusterCount=0

2025-06-05 14:17:37,291 INFO Out dated connection ,size=0

2025-06-05 14:17:37,292 INFO Connection check task end

2025-06-05 14:17:37,341 INFO ConnectionMetrics, totalCount = 0, detail = {long_connection=0, long_polling=0}

2025-06-05 14:17:40,293 INFO Connection check task start

2025-06-05 14:17:40,294 INFO Long connection metrics detail ,Total count =0, sdkCount=0,clusterCount=0

2025-06-05 14:17:40,294 INFO Out dated connection ,size=0

2025-06-05 14:17:40,295 INFO Connection check task end

2025-06-05 14:17:40,342 INFO ConnectionMetrics, totalCount = 0, detail = {long_connection=0, long_polling=0}

2025-06-05 14:17:43,295 INFO Connection check task start

2025-06-05 14:17:43,296 INFO Long connection metrics detail ,Total count =0, sdkCount=0,clusterCount=0

2025-06-05 14:17:43,297 INFO Out dated connection ,size=0

2025-06-05 14:17:43,297 INFO Connection check task end

2025-06-05 14:17:43,343 INFO ConnectionMetrics, totalCount = 0, detail = {long_connection=0, long_polling=0}

2025-06-05 14:17:46,299 INFO Connection check task start

2025-06-05 14:17:46,300 INFO Long connection metrics detail ,Total count =0, sdkCount=0,clusterCount=0

2025-06-05 14:17:46,301 INFO Out dated connection ,size=0

2025-06-05 14:17:46,301 INFO Connection check task end

2025-06-05 14:17:46,345 INFO ConnectionMetrics, totalCount = 0, detail = {long_connection=0, long_polling=0}

2025-06-05 14:17:49,302 INFO Connection check task start

2025-06-05 14:17:49,303 INFO Long connection metrics detail ,Total count =0, sdkCount=0,clusterCount=0

2025-06-05 14:17:49,304 INFO Out dated connection ,size=0

2025-06-05 14:17:49,304 INFO Connection check task end

2025-06-05 14:17:49,348 INFO ConnectionMetrics, totalCount = 0, detail = {long_connection=0, long_polling=0}

2025-06-05 14:17:52,305 INFO Connection check task start

2025-06-05 14:17:52,306 INFO Long connection metrics detail ,Total count =0, sdkCount=0,clusterCount=0

2025-06-05 14:17:52,306 INFO Out dated connection ,size=0

2025-06-05 14:17:52,307 INFO Connection check task end

2025-06-05 14:17:52,353 INFO ConnectionMetrics, totalCount = 0, detail = {long_connection=0, long_polling=0}

2025-06-05 14:17:55,308 INFO Connection check task start

2025-06-05 14:17:55,310 INFO Long connection metrics detail ,Total count =0, sdkCount=0,clusterCount=0

2025-06-05 14:17:55,311 INFO Out dated connection ,size=0

2025-06-05 14:17:55,312 INFO Connection check task end

2025-06-05 14:17:55,354 INFO ConnectionMetrics, totalCount = 0, detail = {long_connection=0, long_polling=0}

2025-06-05 14:17:58,314 INFO Connection check task start

2025-06-05 14:17:58,316 INFO Long connection metrics detail ,Total count =0, sdkCount=0,clusterCount=0

2025-06-05 14:17:58,316 INFO Out dated connection ,size=0

2025-06-05 14:17:58,317 INFO Connection check task end

2025-06-05 14:17:58,356 INFO ConnectionMetrics, totalCount = 0, detail = {long_connection=0, long_polling=0}

2025-06-05 14:18:01,318 INFO Connection check task start

2025-06-05 14:18:01,320 INFO Long connection metrics detail ,Total count =0, sdkCount=0,clusterCount=0

2025-06-05 14:18:01,321 INFO Out dated connection ,size=0

2025-06-05 14:18:01,321 INFO Connection check task end

2025-06-05 14:18:01,358 INFO ConnectionMetrics, totalCount = 0, detail = {long_connection=0, long_polling=0}

2025-06-05 14:18:04,323 INFO Connection check task start

2025-06-05 14:18:04,325 INFO Long connection metrics detail ,Total count =0, sdkCount=0,clusterCount=0

2025-06-05 14:18:04,326 INFO Out dated connection ,size=0

2025-06-05 14:18:04,327 INFO Connection check task end

2025-06-05 14:18:04,360 INFO ConnectionMetrics, totalCount = 0, detail = {long_connection=0, long_polling=0}

2025-06-05 14:18:07,328 INFO Connection check task start

2025-06-05 14:18:07,328 INFO Long connection metrics detail ,Total count =0, sdkCount=0,clusterCount=0

2025-06-05 14:18:07,329 INFO Out dated connection ,size=0

2025-06-05 14:18:07,329 INFO Connection check task end

2025-06-05 14:18:07,361 INFO ConnectionMetrics, totalCount = 0, detail = {long_connection=0, long_polling=0}

2025-06-05 14:18:10,330 INFO Connection check task start

2025-06-05 14:18:10,332 INFO Long connection metrics detail ,Total count =0, sdkCount=0,clusterCount=0

2025-06-05 14:18:10,332 INFO Out dated connection ,size=0

2025-06-05 14:18:10,333 INFO Connection check task end

2025-06-05 14:18:10,362 INFO ConnectionMetrics, totalCount = 0, detail = {long_connection=0, long_polling=0}

2025-06-05 14:18:13,335 INFO Connection check task start

2025-06-05 14:18:13,336 INFO Long connection metrics detail ,Total count =0, sdkCount=0,clusterCount=0

2025-06-05 14:18:13,338 INFO Out dated connection ,size=0

2025-06-05 14:18:13,339 INFO Connection check task end

2025-06-05 14:18:13,365 INFO ConnectionMetrics, totalCount = 0, detail = {long_connection=0, long_polling=0}

2025-06-05 14:18:16,341 INFO Connection check task start

2025-06-05 14:18:16,342 INFO Long connection metrics detail ,Total count =0, sdkCount=0,clusterCount=0

2025-06-05 14:18:16,343 INFO Out dated connection ,size=0

2025-06-05 14:18:16,344 INFO Connection check task end

2025-06-05 14:18:16,367 INFO ConnectionMetrics, totalCount = 0, detail = {long_connection=0, long_polling=0}

2025-06-05 14:18:19,345 INFO Connection check task start

2025-06-05 14:18:19,346 INFO Long connection metrics detail ,Total count =0, sdkCount=0,clusterCount=0

2025-06-05 14:18:19,347 INFO Out dated connection ,size=0

2025-06-05 14:18:19,347 INFO Connection check task end

2025-06-05 14:18:19,369 INFO ConnectionMetrics, totalCount = 0, detail = {long_connection=0, long_polling=0}

2025-06-05 14:18:22,348 INFO Connection check task start

2025-06-05 14:18:22,349 INFO Long connection metrics detail ,Total count =0, sdkCount=0,clusterCount=0

2025-06-05 14:18:22,350 INFO Out dated connection ,size=0

2025-06-05 14:18:22,350 INFO Connection check task end

2025-06-05 14:18:22,371 INFO ConnectionMetrics, totalCount = 0, detail = {long_connection=0, long_polling=0}

2025-06-05 14:18:25,351 INFO Connection check task start

2025-06-05 14:18:25,352 INFO Long connection metrics detail ,Total count =0, sdkCount=0,clusterCount=0

2025-06-05 14:18:25,354 INFO Out dated connection ,size=0

2025-06-05 14:18:25,354 INFO Connection check task end

2025-06-05 14:18:25,373 INFO ConnectionMetrics, totalCount = 0, detail = {long_connection=0, long_polling=0}

2025-06-05 14:18:28,356 INFO Connection check task start

2025-06-05 14:18:28,357 INFO Long connection metrics detail ,Total count =0, sdkCount=0,clusterCount=0

2025-06-05 14:18:28,357 INFO Out dated connection ,size=0

2025-06-05 14:18:28,358 INFO Connection check task end

2025-06-05 14:18:28,377 INFO ConnectionMetrics, totalCount = 0, detail = {long_connection=0, long_polling=0}

2025-06-05 14:18:31,360 INFO Connection check task start

2025-06-05 14:18:31,361 INFO Long connection metrics detail ,Total count =0, sdkCount=0,clusterCount=0

2025-06-05 14:18:31,362 INFO Out dated connection ,size=0

2025-06-05 14:18:31,363 INFO Connection check task end

2025-06-05 14:18:31,379 INFO ConnectionMetrics, totalCount = 0, detail = {long_connection=0, long_polling=0}

2025-06-05 14:18:34,364 INFO Connection check task start

2025-06-05 14:18:34,365 INFO Long connection metrics detail ,Total count =0, sdkCount=0,clusterCount=0

2025-06-05 14:18:34,366 INFO Out dated connection ,size=0

2025-06-05 14:18:34,367 INFO Connection check task end

2025-06-05 14:18:34,399 INFO ConnectionMetrics, totalCount = 0, detail = {long_connection=0, long_polling=0}

2025-06-05 14:18:37,368 INFO Connection check task start

2025-06-05 14:18:37,369 INFO Long connection metrics detail ,Total count =0, sdkCount=0,clusterCount=0

2025-06-05 14:18:37,370 INFO Out dated connection ,size=0

2025-06-05 14:18:37,370 INFO Connection check task end

2025-06-05 14:18:37,400 INFO ConnectionMetrics, totalCount = 0, detail = {long_connection=0, long_polling=0}

2025-06-05 14:18:40,372 INFO Connection check task start

2025-06-05 14:18:40,374 INFO Long connection metrics detail ,Total count =0, sdkCount=0,clusterCount=0

2025-06-05 14:18:40,374 INFO Out dated connection ,size=0

2025-06-05 14:18:40,375 INFO Connection check task end

2025-06-05 14:18:40,402 INFO ConnectionMetrics, totalCount = 0, detail = {long_connection=0, long_polling=0}

2025-06-05 14:18:43,377 INFO Connection check task start

2025-06-05 14:18:43,379 INFO Long connection metrics detail ,Total count =0, sdkCount=0,clusterCount=0

2025-06-05 14:18:43,380 INFO Out dated connection ,size=0

2025-06-05 14:18:43,380 INFO Connection check task end

2025-06-05 14:18:43,404 INFO ConnectionMetrics, totalCount = 0, detail = {long_connection=0, long_polling=0}

2025-06-05 14:18:46,383 INFO Connection check task start

2025-06-05 14:18:46,384 INFO Long connection metrics detail ,Total count =0, sdkCount=0,clusterCount=0

2025-06-05 14:18:46,385 INFO Out dated connection ,size=0

2025-06-05 14:18:46,386 INFO Connection check task end

2025-06-05 14:18:46,406 INFO ConnectionMetrics, totalCount = 0, detail = {long_connection=0, long_polling=0}

2025-06-05 14:18:49,388 INFO Connection check task start

2025-06-05 14:18:49,390 INFO Long connection metrics detail ,Total count =0, sdkCount=0,clusterCount=0

2025-06-05 14:18:49,392 INFO Out dated connection ,size=0

2025-06-05 14:18:49,392 INFO Connection check task end

2025-06-05 14:18:49,408 INFO ConnectionMetrics, totalCount = 0, detail = {long_connection=0, long_polling=0}

2025-06-05 14:18:52,394 INFO Connection check task start

2025-06-05 14:18:52,395 INFO Long connection metrics detail ,Total count =0, sdkCount=0,clusterCount=0

2025-06-05 14:18:52,396 INFO Out dated connection ,size=0

2025-06-05 14:18:52,398 INFO Connection check task end

2025-06-05 14:18:52,410 INFO ConnectionMetrics, totalCount = 0, detail = {long_connection=0, long_polling=0}

2025-06-05 14:18:55,400 INFO Connection check task start

2025-06-05 14:18:55,401 INFO Long connection metrics detail ,Total count =0, sdkCount=0,clusterCount=0

2025-06-05 14:18:55,402 INFO Out dated connection ,size=0

2025-06-05 14:18:55,402 INFO Connection check task end

2025-06-05 14:18:55,412 INFO ConnectionMetrics, totalCount = 0, detail = {long_connection=0, long_polling=0}

2025-06-05 14:18:58,403 INFO Connection check task start

2025-06-05 14:18:58,404 INFO Long connection metrics detail ,Total count =0, sdkCount=0,clusterCount=0

2025-06-05 14:18:58,405 INFO Out dated connection ,size=0

2025-06-05 14:18:58,405 INFO Connection check task end

2025-06-05 14:18:58,413 INFO ConnectionMetrics, totalCount = 0, detail = {long_connection=0, long_polling=0}

2025-06-05 14:19:01,407 INFO Connection check task start

2025-06-05 14:19:01,408 INFO Long connection metrics detail ,Total count =0, sdkCount=0,clusterCount=0

2025-06-05 14:19:01,409 INFO Out dated connection ,size=0

2025-06-05 14:19:01,409 INFO Connection check task end

2025-06-05 14:19:01,415 INFO ConnectionMetrics, totalCount = 0, detail = {long_connection=0, long_polling=0}

2025-06-05 14:19:04,411 INFO Connection check task start

2025-06-05 14:19:04,412 INFO Long connection metrics detail ,Total count =0, sdkCount=0,clusterCount=0

2025-06-05 14:19:04,413 INFO Out dated connection ,size=0

2025-06-05 14:19:04,413 INFO Connection check task end

2025-06-05 14:19:04,416 INFO ConnectionMetrics, totalCount = 0, detail = {long_connection=0, long_polling=0}

2025-06-05 14:19:07,415 INFO Connection check task start

2025-06-05 14:19:07,416 INFO Long connection metrics detail ,Total count =0, sdkCount=0,clusterCount=0

2025-06-05 14:19:07,417 INFO Out dated connection ,size=0

2025-06-05 14:19:07,417 INFO Connection check task end

2025-06-05 14:19:07,417 INFO ConnectionMetrics, totalCount = 0, detail = {long_connection=0, long_polling=0}

2025-06-05 14:19:10,419 INFO Connection check task start

2025-06-05 14:19:10,419 INFO ConnectionMetrics, totalCount = 0, detail = {long_connection=0, long_polling=0}

2025-06-05 14:19:10,421 INFO Long connection metrics detail ,Total count =0, sdkCount=0,clusterCount=0

2025-06-05 14:19:10,422 INFO Out dated connection ,size=0

2025-06-05 14:19:10,423 INFO Connection check task end

2025-06-05 14:19:13,422 INFO ConnectionMetrics, totalCount = 0, detail = {long_connection=0, long_polling=0}

2025-06-05 14:19:13,425 INFO Connection check task start

2025-06-05 14:19:13,426 INFO Long connection metrics detail ,Total count =0, sdkCount=0,clusterCount=0

2025-06-05 14:19:13,427 INFO Out dated connection ,size=0

2025-06-05 14:19:13,427 INFO Connection check task end

2025-06-05 14:19:16,424 INFO ConnectionMetrics, totalCount = 0, detail = {long_connection=0, long_polling=0}

2025-06-05 14:19:16,429 INFO Connection check task start

2025-06-05 14:19:16,430 INFO Long connection metrics detail ,Total count =0, sdkCount=0,clusterCount=0

2025-06-05 14:19:16,431 INFO Out dated connection ,size=0

2025-06-05 14:19:16,432 INFO Connection check task end

2025-06-05 14:19:19,426 INFO ConnectionMetrics, totalCount = 0, detail = {long_connection=0, long_polling=0}

2025-06-05 14:19:19,433 INFO Connection check task start

2025-06-05 14:19:19,434 INFO Long connection metrics detail ,Total count =0, sdkCount=0,clusterCount=0

2025-06-05 14:19:19,434 INFO Out dated connection ,size=0

2025-06-05 14:19:19,435 INFO Connection check task end

2025-06-05 14:19:22,428 INFO ConnectionMetrics, totalCount = 0, detail = {long_connection=0, long_polling=0}

2025-06-05 14:19:22,436 INFO Connection check task start

2025-06-05 14:19:22,437 INFO Long connection metrics detail ,Total count =0, sdkCount=0,clusterCount=0

2025-06-05 14:19:22,437 INFO Out dated connection ,size=0

2025-06-05 14:19:22,438 INFO Connection check task end

2025-06-05 14:19:25,430 INFO ConnectionMetrics, totalCount = 0, detail = {long_connection=0, long_polling=0}

2025-06-05 14:19:25,439 INFO Connection check task start

2025-06-05 14:19:25,440 INFO Long connection metrics detail ,Total count =0, sdkCount=0,clusterCount=0

2025-06-05 14:19:25,441 INFO Out dated connection ,size=0

2025-06-05 14:19:25,441 INFO Connection check task end

2025-06-05 14:19:28,433 INFO ConnectionMetrics, totalCount = 0, detail = {long_connection=0, long_polling=0}

2025-06-05 14:19:28,443 INFO Connection check task start

2025-06-05 14:19:28,444 INFO Long connection metrics detail ,Total count =0, sdkCount=0,clusterCount=0

2025-06-05 14:19:28,445 INFO Out dated connection ,size=0

2025-06-05 14:19:28,446 INFO Connection check task end

2025-06-05 14:19:31,435 INFO ConnectionMetrics, totalCount = 0, detail = {long_connection=0, long_polling=0}

2025-06-05 14:19:31,448 INFO Connection check task start

2025-06-05 14:19:31,450 INFO Long connection metrics detail ,Total count =0, sdkCount=0,clusterCount=0

2025-06-05 14:19:31,450 INFO Out dated connection ,size=0

2025-06-05 14:19:31,451 INFO Connection check task end

2025-06-05 14:19:34,437 INFO ConnectionMetrics, totalCount = 0, detail = {long_connection=0, long_polling=0}

2025-06-05 14:19:34,453 INFO Connection check task start

2025-06-05 14:19:34,453 INFO Long connection metrics detail ,Total count =0, sdkCount=0,clusterCount=0

2025-06-05 14:19:34,454 INFO Out dated connection ,size=0

2025-06-05 14:19:34,454 INFO Connection check task end

2025-06-05 14:19:37,439 INFO ConnectionMetrics, totalCount = 0, detail = {long_connection=0, long_polling=0}

2025-06-05 14:19:37,456 INFO Connection check task start

2025-06-05 14:19:37,457 INFO Long connection metrics detail ,Total count =0, sdkCount=0,clusterCount=0

2025-06-05 14:19:37,457 INFO Out dated connection ,size=0

2025-06-05 14:19:37,458 INFO Connection check task end

2025-06-05 14:19:40,441 INFO ConnectionMetrics, totalCount = 0, detail = {long_connection=0, long_polling=0}

2025-06-05 14:19:40,459 INFO Connection check task start

2025-06-05 14:19:40,460 INFO Long connection metrics detail ,Total count =0, sdkCount=0,clusterCount=0

2025-06-05 14:19:40,461 INFO Out dated connection ,size=0

2025-06-05 14:19:40,461 INFO Connection check task end

2025-06-05 14:19:43,442 INFO ConnectionMetrics, totalCount = 0, detail = {long_connection=0, long_polling=0}

2025-06-05 14:19:43,462 INFO Connection check task start

2025-06-05 14:19:43,462 INFO Long connection metrics detail ,Total count =0, sdkCount=0,clusterCount=0

2025-06-05 14:19:43,462 INFO Out dated connection ,size=0

2025-06-05 14:19:43,463 INFO Connection check task end

2025-06-05 14:19:46,444 INFO ConnectionMetrics, totalCount = 0, detail = {long_connection=0, long_polling=0}

2025-06-05 14:19:46,464 INFO Connection check task start

2025-06-05 14:19:46,464 INFO Long connection metrics detail ,Total count =0, sdkCount=0,clusterCount=0

2025-06-05 14:19:46,465 INFO Out dated connection ,size=0

2025-06-05 14:19:46,465 INFO Connection check task end

2025-06-05 14:19:49,446 INFO ConnectionMetrics, totalCount = 0, detail = {long_connection=0, long_polling=0}

2025-06-05 14:19:49,467 INFO Connection check task start

2025-06-05 14:19:49,468 INFO Long connection metrics detail ,Total count =0, sdkCount=0,clusterCount=0

2025-06-05 14:19:49,468 INFO Out dated connection ,size=0

2025-06-05 14:19:49,469 INFO Connection check task end

2025-06-05 14:19:52,448 INFO ConnectionMetrics, totalCount = 0, detail = {long_connection=0, long_polling=0}

2025-06-05 14:19:52,471 INFO Connection check task start

2025-06-05 14:19:52,472 INFO Long connection metrics detail ,Total count =0, sdkCount=0,clusterCount=0

2025-06-05 14:19:52,472 INFO Out dated connection ,size=0

2025-06-05 14:19:52,473 INFO Connection check task end

2025-06-05 14:19:55,449 INFO ConnectionMetrics, totalCount = 0, detail = {long_connection=0, long_polling=0}

2025-06-05 14:19:55,474 INFO Connection check task start

2025-06-05 14:19:55,475 INFO Long connection metrics detail ,Total count =0, sdkCount=0,clusterCount=0

2025-06-05 14:19:55,475 INFO Out dated connection ,size=0

2025-06-05 14:19:55,476 INFO Connection check task end

2025-06-05 14:19:58,451 INFO ConnectionMetrics, totalCount = 0, detail = {long_connection=0, long_polling=0}

2025-06-05 14:19:58,477 INFO Connection check task start

2025-06-05 14:19:58,478 INFO Long connection metrics detail ,Total count =0, sdkCount=0,clusterCount=0

2025-06-05 14:19:58,478 INFO Out dated connection ,size=0

2025-06-05 14:19:58,479 INFO Connection check task end

2025-06-05 14:20:01,452 INFO ConnectionMetrics, totalCount = 0, detail = {long_connection=0, long_polling=0}

2025-06-05 14:20:01,480 INFO Connection check task start

2025-06-05 14:20:01,481 INFO Long connection metrics detail ,Total count =0, sdkCount=0,clusterCount=0

2025-06-05 14:20:01,482 INFO Out dated connection ,size=0

2025-06-05 14:20:01,483 INFO Connection check task end

2025-06-05 14:20:04,454 INFO ConnectionMetrics, totalCount = 0, detail = {long_connection=0, long_polling=0}

2025-06-05 14:20:04,483 INFO Connection check task start

2025-06-05 14:20:04,484 INFO Long connection metrics detail ,Total count =0, sdkCount=0,clusterCount=0

2025-06-05 14:20:04,484 INFO Out dated connection ,size=0

2025-06-05 14:20:04,485 INFO Connection check task end

2025-06-05 14:20:07,455 INFO ConnectionMetrics, totalCount = 0, detail = {long_connection=0, long_polling=0}

2025-06-05 14:20:07,486 INFO Connection check task start

2025-06-05 14:20:07,488 INFO Long connection metrics detail ,Total count =0, sdkCount=0,clusterCount=0

2025-06-05 14:20:07,490 INFO Out dated connection ,size=0

2025-06-05 14:20:07,491 INFO Connection check task end

2025-06-05 14:20:10,458 INFO ConnectionMetrics, totalCount = 0, detail = {long_connection=0, long_polling=0}

2025-06-05 14:20:10,491 INFO Connection check task start

2025-06-05 14:20:10,492 INFO Long connection metrics detail ,Total count =0, sdkCount=0,clusterCount=0

2025-06-05 14:20:10,492 INFO Out dated connection ,size=0

2025-06-05 14:20:10,492 INFO Connection check task end

2025-06-05 14:20:13,459 INFO ConnectionMetrics, totalCount = 0, detail = {long_connection=0, long_polling=0}

2025-06-05 14:20:13,493 INFO Connection check task start

2025-06-05 14:20:13,494 INFO Long connection metrics detail ,Total count =0, sdkCount=0,clusterCount=0

2025-06-05 14:20:13,494 INFO Out dated connection ,size=0

2025-06-05 14:20:13,494 INFO Connection check task end

2025-06-05 14:20:16,460 INFO ConnectionMetrics, totalCount = 0, detail = {long_connection=0, long_polling=0}

2025-06-05 14:20:16,495 INFO Connection check task start

2025-06-05 14:20:16,496 INFO Long connection metrics detail ,Total count =0, sdkCount=0,clusterCount=0

2025-06-05 14:20:16,496 INFO Out dated connection ,size=0

2025-06-05 14:20:16,496 INFO Connection check task end

2025-06-05 14:20:19,462 INFO ConnectionMetrics, totalCount = 0, detail = {long_connection=0, long_polling=0}

2025-06-05 14:20:19,497 INFO Connection check task start

2025-06-05 14:20:19,498 INFO Long connection metrics detail ,Total count =0, sdkCount=0,clusterCount=0

2025-06-05 14:20:19,498 INFO Out dated connection ,size=0

2025-06-05 14:20:19,498 INFO Connection check task end

2025-06-05 14:20:22,463 INFO ConnectionMetrics, totalCount = 0, detail = {long_connection=0, long_polling=0}

2025-06-05 14:20:22,499 INFO Connection check task start

2025-06-05 14:20:22,500 INFO Long connection metrics detail ,Total count =0, sdkCount=0,clusterCount=0

2025-06-05 14:20:22,500 INFO Out dated connection ,size=0

2025-06-05 14:20:22,501 INFO Connection check task end

2025-06-05 14:20:25,466 INFO ConnectionMetrics, totalCount = 0, detail = {long_connection=0, long_polling=0}

2025-06-05 14:20:25,502 INFO Connection check task start

2025-06-05 14:20:25,504 INFO Long connection metrics detail ,Total count =0, sdkCount=0,clusterCount=0

2025-06-05 14:20:25,504 INFO Out dated connection ,size=0

2025-06-05 14:20:25,505 INFO Connection check task end

2025-06-05 14:20:28,469 INFO ConnectionMetrics, totalCount = 0, detail = {long_connection=0, long_polling=0}

2025-06-05 14:20:28,507 INFO Connection check task start

2025-06-05 14:20:28,507 INFO Long connection metrics detail ,Total count =0, sdkCount=0,clusterCount=0

2025-06-05 14:20:28,508 INFO Out dated connection ,size=0

2025-06-05 14:20:28,508 INFO Connection check task end

2025-06-05 14:20:31,472 INFO ConnectionMetrics, totalCount = 0, detail = {long_connection=0, long_polling=0}

2025-06-05 14:20:31,510 INFO Connection check task start

2025-06-05 14:20:31,511 INFO Long connection metrics detail ,Total count =0, sdkCount=0,clusterCount=0

2025-06-05 14:20:31,512 INFO Out dated connection ,size=0

2025-06-05 14:20:31,513 INFO Connection check task end

2025-06-05 14:20:34,475 INFO ConnectionMetrics, totalCount = 0, detail = {long_connection=0, long_polling=0}

2025-06-05 14:20:34,515 INFO Connection check task start

2025-06-05 14:20:34,515 INFO Long connection metrics detail ,Total count =0, sdkCount=0,clusterCount=0

2025-06-05 14:20:34,515 INFO Out dated connection ,size=0

2025-06-05 14:20:34,516 INFO Connection check task end

2025-06-05 14:20:37,476 INFO ConnectionMetrics, totalCount = 0, detail = {long_connection=0, long_polling=0}

2025-06-05 14:20:37,518 INFO Connection check task start

2025-06-05 14:20:37,518 INFO Long connection metrics detail ,Total count =0, sdkCount=0,clusterCount=0

2025-06-05 14:20:37,518 INFO Out dated connection ,size=0

2025-06-05 14:20:37,519 INFO Connection check task end

2025-06-05 14:20:40,478 INFO ConnectionMetrics, totalCount = 0, detail = {long_connection=0, long_polling=0}

2025-06-05 14:20:40,520 INFO Connection check task start

2025-06-05 14:20:40,520 INFO Long connection metrics detail ,Total count =0, sdkCount=0,clusterCount=0

2025-06-05 14:20:40,520 INFO Out dated connection ,size=0

2025-06-05 14:20:40,521 INFO Connection check task end

2025-06-05 14:20:43,479 INFO ConnectionMetrics, totalCount = 0, detail = {long_connection=0, long_polling=0}

2025-06-05 14:20:43,522 INFO Connection check task start

2025-06-05 14:20:43,524 INFO Long connection metrics detail ,Total count =0, sdkCount=0,clusterCount=0

2025-06-05 14:20:43,524 INFO Out dated connection ,size=0

2025-06-05 14:20:43,526 INFO Connection check task end

2025-06-05 14:20:46,482 INFO ConnectionMetrics, totalCount = 0, detail = {long_connection=0, long_polling=0}

2025-06-05 14:20:46,527 INFO Connection check task start

2025-06-05 14:20:46,528 INFO Long connection metrics detail ,Total count =0, sdkCount=0,clusterCount=0

2025-06-05 14:20:46,528 INFO Out dated connection ,size=0

2025-06-05 14:20:46,529 INFO Connection check task end

2025-06-05 14:20:49,484 INFO ConnectionMetrics, totalCount = 0, detail = {long_connection=0, long_polling=0}

2025-06-05 14:20:49,532 INFO Connection check task start

2025-06-05 14:20:49,533 INFO Long connection metrics detail ,Total count =0, sdkCount=0,clusterCount=0

2025-06-05 14:20:49,533 INFO Out dated connection ,size=0

2025-06-05 14:20:49,534 INFO Connection check task end

2025-06-05 14:20:52,487 INFO ConnectionMetrics, totalCount = 0, detail = {long_connection=0, long_polling=0}

2025-06-05 14:20:52,535 INFO Connection check task start

2025-06-05 14:20:52,536 INFO Long connection metrics detail ,Total count =0, sdkCount=0,clusterCount=0

2025-06-05 14:20:52,537 INFO Out dated connection ,size=0

2025-06-05 14:20:52,537 INFO Connection check task end

2025-06-05 14:20:55,488 INFO ConnectionMetrics, totalCount = 0, detail = {long_connection=0, long_polling=0}

2025-06-05 14:20:55,539 INFO Connection check task start

2025-06-05 14:20:55,540 INFO Long connection metrics detail ,Total count =0, sdkCount=0,clusterCount=0

2025-06-05 14:20:55,541 INFO Out dated connection ,size=0

2025-06-05 14:20:55,542 INFO Connection check task end

2025-06-05 14:20:58,491 INFO ConnectionMetrics, totalCount = 0, detail = {long_connection=0, long_polling=0}

2025-06-05 14:20:58,543 INFO Connection check task start

2025-06-05 14:20:58,544 INFO Long connection metrics detail ,Total count =0, sdkCount=0,clusterCount=0

2025-06-05 14:20:58,545 INFO Out dated connection ,size=0

2025-06-05 14:20:58,546 INFO Connection check task end

2025-06-05 14:21:01,493 INFO ConnectionMetrics, totalCount = 0, detail = {long_connection=0, long_polling=0}

2025-06-05 14:21:01,548 INFO Connection check task start

2025-06-05 14:21:01,550 INFO Long connection metrics detail ,Total count =0, sdkCount=0,clusterCount=0

2025-06-05 14:21:01,551 INFO Out dated connection ,size=0

2025-06-05 14:21:01,552 INFO Connection check task end

2025-06-05 14:21:04,495 INFO ConnectionMetrics, totalCount = 0, detail = {long_connection=0, long_polling=0}

2025-06-05 14:21:04,553 INFO Connection check task start

2025-06-05 14:21:04,554 INFO Long connection metrics detail ,Total count =0, sdkCount=0,clusterCount=0

2025-06-05 14:21:04,555 INFO Out dated connection ,size=0

2025-06-05 14:21:04,555 INFO Connection check task end

2025-06-05 14:21:07,498 INFO ConnectionMetrics, totalCount = 0, detail = {long_connection=0, long_polling=0}

2025-06-05 14:21:07,556 INFO Connection check task start

2025-06-05 14:21:07,557 INFO Long connection metrics detail ,Total count =0, sdkCount=0,clusterCount=0

2025-06-05 14:21:07,557 INFO Out dated connection ,size=0

2025-06-05 14:21:07,558 INFO Connection check task end

2025-06-05 14:21:10,500 INFO ConnectionMetrics, totalCount = 0, detail = {long_connection=0, long_polling=0}

2025-06-05 14:21:10,559 INFO Connection check task start

2025-06-05 14:21:10,560 INFO Long connection metrics detail ,Total count =0, sdkCount=0,clusterCount=0

2025-06-05 14:21:10,560 INFO Out dated connection ,size=0

2025-06-05 14:21:10,560 INFO Connection check task end

2025-06-05 14:21:13,503 INFO ConnectionMetrics, totalCount = 0, detail = {long_connection=0, long_polling=0}

2025-06-05 14:21:13,562 INFO Connection check task start

2025-06-05 14:21:13,563 INFO Long connection metrics detail ,Total count =0, sdkCount=0,clusterCount=0

2025-06-05 14:21:13,564 INFO Out dated connection ,size=0

2025-06-05 14:21:13,565 INFO Connection check task end

2025-06-05 14:21:16,507 INFO ConnectionMetrics, totalCount = 0, detail = {long_connection=0, long_polling=0}

2025-06-05 14:21:16,567 INFO Connection check task start

2025-06-05 14:21:16,567 INFO Long connection metrics detail ,Total count =0, sdkCount=0,clusterCount=0

2025-06-05 14:21:16,569 INFO Out dated connection ,size=0

2025-06-05 14:21:16,569 INFO Connection check task end

2025-06-05 14:21:19,510 INFO ConnectionMetrics, totalCount = 0, detail = {long_connection=0, long_polling=0}

2025-06-05 14:21:19,570 INFO Connection check task start

2025-06-05 14:21:19,572 INFO Long connection metrics detail ,Total count =0, sdkCount=0,clusterCount=0

2025-06-05 14:21:19,572 INFO Out dated connection ,size=0

2025-06-05 14:21:19,574 INFO Connection check task end

2025-06-05 14:21:22,512 INFO ConnectionMetrics, totalCount = 0, detail = {long_connection=0, long_polling=0}

2025-06-05 14:21:22,575 INFO Connection check task start

2025-06-05 14:21:22,576 INFO Long connection metrics detail ,Total count =0, sdkCount=0,clusterCount=0

2025-06-05 14:21:22,576 INFO Out dated connection ,size=0

2025-06-05 14:21:22,576 INFO Connection check task end

2025-06-05 14:21:25,514 INFO ConnectionMetrics, totalCount = 0, detail = {long_connection=0, long_polling=0}

2025-06-05 14:21:25,577 INFO Connection check task start

2025-06-05 14:21:25,579 INFO Long connection metrics detail ,Total count =0, sdkCount=0,clusterCount=0

2025-06-05 14:21:25,580 INFO Out dated connection ,size=0

2025-06-05 14:21:25,580 INFO Connection check task end

2025-06-05 14:21:28,516 INFO ConnectionMetrics, totalCount = 0, detail = {long_connection=0, long_polling=0}

2025-06-05 14:21:28,581 INFO Connection check task start

2025-06-05 14:21:28,582 INFO Long connection metrics detail ,Total count =0, sdkCount=0,clusterCount=0

2025-06-05 14:21:28,582 INFO Out dated connection ,size=0

2025-06-05 14:21:28,583 INFO Connection check task end

2025-06-05 14:21:31,519 INFO ConnectionMetrics, totalCount = 0, detail = {long_connection=0, long_polling=0}

2025-06-05 14:21:31,585 INFO Connection check task start

2025-06-05 14:21:31,586 INFO Long connection metrics detail ,Total count =0, sdkCount=0,clusterCount=0

2025-06-05 14:21:31,587 INFO Out dated connection ,size=0

2025-06-05 14:21:31,587 INFO Connection check task end

2025-06-05 14:21:34,521 INFO ConnectionMetrics, totalCount = 0, detail = {long_connection=0, long_polling=0}

2025-06-05 14:21:34,589 INFO Connection check task start

2025-06-05 14:21:34,590 INFO Long connection metrics detail ,Total count =0, sdkCount=0,clusterCount=0

2025-06-05 14:21:34,590 INFO Out dated connection ,size=0

2025-06-05 14:21:34,591 INFO Connection check task end

2025-06-05 14:21:37,523 INFO ConnectionMetrics, totalCount = 0, detail = {long_connection=0, long_polling=0}

2025-06-05 14:21:37,592 INFO Connection check task start

2025-06-05 14:21:37,593 INFO Long connection metrics detail ,Total count =0, sdkCount=0,clusterCount=0

2025-06-05 14:21:37,594 INFO Out dated connection ,size=0

2025-06-05 14:21:37,594 INFO Connection check task end

2025-06-05 14:21:40,525 INFO ConnectionMetrics, totalCount = 0, detail = {long_connection=0, long_polling=0}

2025-06-05 14:21:40,596 INFO Connection check task start

2025-06-05 14:21:40,597 INFO Long connection metrics detail ,Total count =0, sdkCount=0,clusterCount=0

2025-06-05 14:21:40,598 INFO Out dated connection ,size=0

2025-06-05 14:21:40,599 INFO Connection check task end

2025-06-05 14:21:43,527 INFO ConnectionMetrics, totalCount = 0, detail = {long_connection=0, long_polling=0}

2025-06-05 14:21:43,600 INFO Connection check task start

2025-06-05 14:21:43,601 INFO Long connection metrics detail ,Total count =0, sdkCount=0,clusterCount=0

2025-06-05 14:21:43,602 INFO Out dated connection ,size=0

2025-06-05 14:21:43,603 INFO Connection check task end

2025-06-05 14:21:46,529 INFO ConnectionMetrics, totalCount = 0, detail = {long_connection=0, long_polling=0}

2025-06-05 14:21:46,605 INFO Connection check task start

2025-06-05 14:21:46,606 INFO Long connection metrics detail ,Total count =0, sdkCount=0,clusterCount=0

2025-06-05 14:21:46,607 INFO Out dated connection ,size=0

2025-06-05 14:21:46,607 INFO Connection check task end

2025-06-05 14:21:49,532 INFO ConnectionMetrics, totalCount = 0, detail = {long_connection=0, long_polling=0}

2025-06-05 14:21:49,609 INFO Connection check task start

2025-06-05 14:21:49,610 INFO Long connection metrics detail ,Total count =0, sdkCount=0,clusterCount=0

2025-06-05 14:21:49,610 INFO Out dated connection ,size=0

2025-06-05 14:21:49,611 INFO Connection check task end

2025-06-05 14:21:52,534 INFO ConnectionMetrics, totalCount = 0, detail = {long_connection=0, long_polling=0}

2025-06-05 14:21:52,613 INFO Connection check task start

2025-06-05 14:21:52,613 INFO Long connection metrics detail ,Total count =0, sdkCount=0,clusterCount=0

2025-06-05 14:21:52,614 INFO Out dated connection ,size=0

2025-06-05 14:21:52,614 INFO Connection check task end

2025-06-05 14:21:55,535 INFO ConnectionMetrics, totalCount = 0, detail = {long_connection=0, long_polling=0}

2025-06-05 14:21:55,615 INFO Connection check task start

2025-06-05 14:21:55,615 INFO Long connection metrics detail ,Total count =0, sdkCount=0,clusterCount=0

2025-06-05 14:21:55,615 INFO Out dated connection ,size=0

2025-06-05 14:21:55,616 INFO Connection check task end

2025-06-05 14:21:58,536 INFO ConnectionMetrics, totalCount = 0, detail = {long_connection=0, long_polling=0}

2025-06-05 14:21:58,617 INFO Connection check task start

2025-06-05 14:21:58,617 INFO Long connection metrics detail ,Total count =0, sdkCount=0,clusterCount=0

2025-06-05 14:21:58,618 INFO Out dated connection ,size=0

2025-06-05 14:21:58,618 INFO Connection check task end

2025-06-05 14:22:01,538 INFO ConnectionMetrics, totalCount = 0, detail = {long_connection=0, long_polling=0}

2025-06-05 14:22:01,620 INFO Connection check task start

2025-06-05 14:22:01,621 INFO Long connection metrics detail ,Total count =0, sdkCount=0,clusterCount=0

2025-06-05 14:22:01,622 INFO Out dated connection ,size=0

2025-06-05 14:22:01,623 INFO Connection check task end

2025-06-05 14:22:04,541 INFO ConnectionMetrics, totalCount = 0, detail = {long_connection=0, long_polling=0}

2025-06-05 14:22:04,625 INFO Connection check task start

2025-06-05 14:22:04,625 INFO Long connection metrics detail ,Total count =0, sdkCount=0,clusterCount=0

2025-06-05 14:22:04,625 INFO Out dated connection ,size=0

2025-06-05 14:22:04,625 INFO Connection check task end

2025-06-05 14:22:07,543 INFO ConnectionMetrics, totalCount = 0, detail = {long_connection=0, long_polling=0}

2025-06-05 14:22:07,627 INFO Connection check task start

2025-06-05 14:22:07,628 INFO Long connection metrics detail ,Total count =0, sdkCount=0,clusterCount=0

2025-06-05 14:22:07,628 INFO Out dated connection ,size=0

2025-06-05 14:22:07,629 INFO Connection check task end

2025-06-05 14:22:10,545 INFO ConnectionMetrics, totalCount = 0, detail = {long_connection=0, long_polling=0}

2025-06-05 14:22:10,631 INFO Connection check task start

2025-06-05 14:22:10,631 INFO Long connection metrics detail ,Total count =0, sdkCount=0,clusterCount=0

2025-06-05 14:22:10,632 INFO Out dated connection ,size=0

2025-06-05 14:22:10,632 INFO Connection check task end

2025-06-05 14:22:13,547 INFO ConnectionMetrics, totalCount = 0, detail = {long_connection=0, long_polling=0}

2025-06-05 14:22:13,634 INFO Connection check task start

2025-06-05 14:22:13,635 INFO Long connection metrics detail ,Total count =0, sdkCount=0,clusterCount=0

2025-06-05 14:22:13,635 INFO Out dated connection ,size=0

2025-06-05 14:22:13,636 INFO Connection check task end

2025-06-05 14:22:16,549 INFO ConnectionMetrics, totalCount = 0, detail = {long_connection=0, long_polling=0}

2025-06-05 14:22:16,638 INFO Connection check task start

2025-06-05 14:22:16,638 INFO Long connection metrics detail ,Total count =0, sdkCount=0,clusterCount=0

2025-06-05 14:22:16,639 INFO Out dated connection ,size=0

2025-06-05 14:22:16,639 INFO Connection check task end

2025-06-05 14:22:19,551 INFO ConnectionMetrics, totalCount = 0, detail = {long_connection=0, long_polling=0}

2025-06-05 14:22:19,641 INFO Connection check task start

2025-06-05 14:22:19,642 INFO Long connection metrics detail ,Total count =0, sdkCount=0,clusterCount=0

2025-06-05 14:22:19,642 INFO Out dated connection ,size=0

2025-06-05 14:22:19,643 INFO Connection check task end

2025-06-05 14:22:22,553 INFO ConnectionMetrics, totalCount = 0, detail = {long_connection=0, long_polling=0}

2025-06-05 14:22:22,644 INFO Connection check task start

2025-06-05 14:22:22,644 INFO Long connection metrics detail ,Total count =0, sdkCount=0,clusterCount=0

2025-06-05 14:22:22,645 INFO Out dated connection ,size=0

2025-06-05 14:22:22,645 INFO Connection check task end

2025-06-05 14:22:25,556 INFO ConnectionMetrics, totalCount = 0, detail = {long_connection=0, long_polling=0}

2025-06-05 14:22:25,647 INFO Connection check task start

2025-06-05 14:22:25,648 INFO Long connection metrics detail ,Total count =0, sdkCount=0,clusterCount=0

2025-06-05 14:22:25,649 INFO Out dated connection ,size=0

2025-06-05 14:22:25,649 INFO Connection check task end

2025-06-05 14:22:28,579 INFO ConnectionMetrics, totalCount = 0, detail = {long_connection=0, long_polling=0}

2025-06-05 14:22:28,670 INFO Connection check task start

2025-06-05 14:22:28,670 INFO Long connection metrics detail ,Total count =0, sdkCount=0,clusterCount=0

2025-06-05 14:22:28,671 INFO Out dated connection ,size=0

2025-06-05 14:22:28,672 INFO Connection check task end

2025-06-05 14:22:31,581 INFO ConnectionMetrics, totalCount = 0, detail = {long_connection=0, long_polling=0}

2025-06-05 14:22:31,673 INFO Connection check task start

2025-06-05 14:22:31,674 INFO Long connection metrics detail ,Total count =0, sdkCount=0,clusterCount=0

2025-06-05 14:22:31,674 INFO Out dated connection ,size=0

2025-06-05 14:22:31,675 INFO Connection check task end

2025-06-05 14:22:34,583 INFO ConnectionMetrics, totalCount = 0, detail = {long_connection=0, long_polling=0}

2025-06-05 14:22:34,677 INFO Connection check task start

2025-06-05 14:22:34,677 INFO Long connection metrics detail ,Total count =0, sdkCount=0,clusterCount=0

2025-06-05 14:22:34,678 INFO Out dated connection ,size=0

2025-06-05 14:22:34,678 INFO Connection check task end

2025-06-05 14:22:37,585 INFO ConnectionMetrics, totalCount = 0, detail = {long_connection=0, long_polling=0}

2025-06-05 14:22:37,680 INFO Connection check task start

2025-06-05 14:22:37,681 INFO Long connection metrics detail ,Total count =0, sdkCount=0,clusterCount=0

2025-06-05 14:22:37,681 INFO Out dated connection ,size=0

2025-06-05 14:22:37,682 INFO Connection check task end

2025-06-05 14:22:40,587 INFO ConnectionMetrics, totalCount = 0, detail = {long_connection=0, long_polling=0}

2025-06-05 14:22:40,683 INFO Connection check task start

2025-06-05 14:22:40,683 INFO Long connection metrics detail ,Total count =0, sdkCount=0,clusterCount=0

2025-06-05 14:22:40,684 INFO Out dated connection ,size=0

2025-06-05 14:22:40,684 INFO Connection check task end

2025-06-05 14:22:43,592 INFO ConnectionMetrics, totalCount = 0, detail = {long_connection=0, long_polling=0}

2025-06-05 14:22:43,686 INFO Connection check task start

2025-06-05 14:22:43,686 INFO Long connection metrics detail ,Total count =0, sdkCount=0,clusterCount=0

2025-06-05 14:22:43,686 INFO Out dated connection ,size=0

2025-06-05 14:22:43,687 INFO Connection check task end

2025-06-05 14:22:46,594 INFO ConnectionMetrics, totalCount = 0, detail = {long_connection=0, long_polling=0}

2025-06-05 14:22:46,688 INFO Connection check task start

2025-06-05 14:22:46,688 INFO Long connection metrics detail ,Total count =0, sdkCount=0,clusterCount=0

2025-06-05 14:22:46,689 INFO Out dated connection ,size=0

2025-06-05 14:22:46,689 INFO Connection check task end

2025-06-05 14:22:49,596 INFO ConnectionMetrics, totalCount = 0, detail = {long_connection=0, long_polling=0}

2025-06-05 14:22:49,690 INFO Connection check task start

2025-06-05 14:22:49,690 INFO Long connection metrics detail ,Total count =0, sdkCount=0,clusterCount=0

2025-06-05 14:22:49,691 INFO Out dated connection ,size=0

2025-06-05 14:22:49,691 INFO Connection check task end

2025-06-05 14:22:52,598 INFO ConnectionMetrics, totalCount = 0, detail = {long_connection=0, long_polling=0}

2025-06-05 14:22:52,693 INFO Connection check task start

2025-06-05 14:22:52,693 INFO Long connection metrics detail ,Total count =0, sdkCount=0,clusterCount=0

2025-06-05 14:22:52,693 INFO Out dated connection ,size=0

2025-06-05 14:22:52,693 INFO Connection check task end

2025-06-05 14:22:55,599 INFO ConnectionMetrics, totalCount = 0, detail = {long_connection=0, long_polling=0}

2025-06-05 14:22:55,695 INFO Connection check task start

2025-06-05 14:22:55,696 INFO Long connection metrics detail ,Total count =0, sdkCount=0,clusterCount=0

2025-06-05 14:22:55,696 INFO Out dated connection ,size=0

2025-06-05 14:22:55,697 INFO Connection check task end

2025-06-05 14:22:58,605 INFO ConnectionMetrics, totalCount = 0, detail = {long_connection=0, long_polling=0}

2025-06-05 14:22:58,702 INFO Connection check task start

2025-06-05 14:22:58,702 INFO Long connection metrics detail ,Total count =0, sdkCount=0,clusterCount=0

2025-06-05 14:22:58,703 INFO Out dated connection ,size=0

2025-06-05 14:22:58,703 INFO Connection check task end

2025-06-05 14:23:01,607 INFO ConnectionMetrics, totalCount = 0, detail = {long_connection=0, long_polling=0}

2025-06-05 14:23:01,705 INFO Connection check task start

2025-06-05 14:23:01,706 INFO Long connection metrics detail ,Total count =0, sdkCount=0,clusterCount=0

2025-06-05 14:23:01,706 INFO Out dated connection ,size=0

2025-06-05 14:23:01,707 INFO Connection check task end

2025-06-05 14:23:04,610 INFO ConnectionMetrics, totalCount = 0, detail = {long_connection=0, long_polling=0}

2025-06-05 14:23:04,709 INFO Connection check task start

2025-06-05 14:23:04,709 INFO Long connection metrics detail ,Total count =0, sdkCount=0,clusterCount=0

2025-06-05 14:23:04,709 INFO Out dated connection ,size=0

2025-06-05 14:23:04,710 INFO Connection check task end

2025-06-05 14:23:07,612 INFO ConnectionMetrics, totalCount = 0, detail = {long_connection=0, long_polling=0}

2025-06-05 14:23:07,711 INFO Connection check task start

2025-06-05 14:23:07,712 INFO Long connection metrics detail ,Total count =0, sdkCount=0,clusterCount=0

2025-06-05 14:23:07,712 INFO Out dated connection ,size=0

2025-06-05 14:23:07,713 INFO Connection check task end

2025-06-05 14:23:10,616 INFO ConnectionMetrics, totalCount = 0, detail = {long_connection=0, long_polling=0}

2025-06-05 14:23:10,714 INFO Connection check task start

2025-06-05 14:23:10,714 INFO Long connection metrics detail ,Total count =0, sdkCount=0,clusterCount=0

2025-06-05 14:23:10,715 INFO Out dated connection ,size=0

2025-06-05 14:23:10,715 INFO Connection check task end

2025-06-05 14:23:13,618 INFO ConnectionMetrics, totalCount = 0, detail = {long_connection=0, long_polling=0}

2025-06-05 14:23:13,717 INFO Connection check task start

2025-06-05 14:23:13,718 INFO Long connection metrics detail ,Total count =0, sdkCount=0,clusterCount=0

2025-06-05 14:23:13,718 INFO Out dated connection ,size=0

2025-06-05 14:23:13,719 INFO Connection check task end

2025-06-05 14:23:16,620 INFO ConnectionMetrics, totalCount = 0, detail = {long_connection=0, long_polling=0}

2025-06-05 14:23:16,721 INFO Connection check task start

2025-06-05 14:23:16,721 INFO Long connection metrics detail ,Total count =0, sdkCount=0,clusterCount=0

2025-06-05 14:23:16,722 INFO Out dated connection ,size=0

2025-06-05 14:23:16,722 INFO Connection check task end

2025-06-05 14:23:19,621 INFO ConnectionMetrics, totalCount = 0, detail = {long_connection=0, long_polling=0}

2025-06-05 14:23:19,723 INFO Connection check task start

2025-06-05 14:23:19,724 INFO Long connection metrics detail ,Total count =0, sdkCount=0,clusterCount=0

2025-06-05 14:23:19,725 INFO Out dated connection ,size=0

2025-06-05 14:23:19,725 INFO Connection check task end

2025-06-05 14:23:22,624 INFO ConnectionMetrics, totalCount = 0, detail = {long_connection=0, long_polling=0}

2025-06-05 14:23:22,727 INFO Connection check task start

2025-06-05 14:23:22,728 INFO Long connection metrics detail ,Total count =0, sdkCount=0,clusterCount=0

2025-06-05 14:23:22,728 INFO Out dated connection ,size=0

2025-06-05 14:23:22,729 INFO Connection check task end

2025-06-05 14:23:25,626 INFO ConnectionMetrics, totalCount = 0, detail = {long_connection=0, long_polling=0}

2025-06-05 14:23:25,731 INFO Connection check task start

2025-06-05 14:23:25,733 INFO Long connection metrics detail ,Total count =0, sdkCount=0,clusterCount=0

2025-06-05 14:23:25,734 INFO Out dated connection ,size=0

2025-06-05 14:23:25,735 INFO Connection check task end

2025-06-05 14:23:28,628 INFO ConnectionMetrics, totalCount = 0, detail = {long_connection=0, long_polling=0}

2025-06-05 14:23:28,736 INFO Connection check task start

2025-06-05 14:23:28,737 INFO Long connection metrics detail ,Total count =0, sdkCount=0,clusterCount=0

2025-06-05 14:23:28,738 INFO Out dated connection ,size=0

2025-06-05 14:23:28,738 INFO Connection check task end

2025-06-05 14:23:31,630 INFO ConnectionMetrics, totalCount = 0, detail = {long_connection=0, long_polling=0}

2025-06-05 14:23:31,740 INFO Connection check task start

2025-06-05 14:23:31,742 INFO Long connection metrics detail ,Total count =0, sdkCount=0,clusterCount=0

2025-06-05 14:23:31,742 INFO Out dated connection ,size=0

2025-06-05 14:23:31,743 INFO Connection check task end

2025-06-05 14:23:34,632 INFO ConnectionMetrics, totalCount = 0, detail = {long_connection=0, long_polling=0}

2025-06-05 14:23:34,745 INFO Connection check task start

2025-06-05 14:23:34,745 INFO Long connection metrics detail ,Total count =0, sdkCount=0,clusterCount=0

2025-06-05 14:23:34,746 INFO Out dated connection ,size=0

2025-06-05 14:23:34,746 INFO Connection check task end

2025-06-05 14:23:37,633 INFO ConnectionMetrics, totalCount = 0, detail = {long_connection=0, long_polling=0}

2025-06-05 14:23:37,747 INFO Connection check task start

2025-06-05 14:23:37,748 INFO Long connection metrics detail ,Total count =0, sdkCount=0,clusterCount=0

2025-06-05 14:23:37,749 INFO Out dated connection ,size=0

2025-06-05 14:23:37,750 INFO Connection check task end

2025-06-05 14:23:40,635 INFO ConnectionMetrics, totalCount = 0, detail = {long_connection=0, long_polling=0}

2025-06-05 14:23:40,751 INFO Connection check task start

2025-06-05 14:23:40,752 INFO Long connection metrics detail ,Total count =0, sdkCount=0,clusterCount=0

2025-06-05 14:23:40,752 INFO Out dated connection ,size=0

2025-06-05 14:23:40,752 INFO Connection check task end

2025-06-05 14:23:43,638 INFO ConnectionMetrics, totalCount = 0, detail = {long_connection=0, long_polling=0}

2025-06-05 14:23:43,754 INFO Connection check task start

2025-06-05 14:23:43,755 INFO Long connection metrics detail ,Total count =0, sdkCount=0,clusterCount=0

2025-06-05 14:23:43,755 INFO Out dated connection ,size=0

2025-06-05 14:23:43,756 INFO Connection check task end

2025-06-05 14:23:46,675 INFO ConnectionMetrics, totalCount = 0, detail = {long_connection=0, long_polling=0}

2025-06-05 14:23:46,757 INFO Connection check task start

2025-06-05 14:23:46,757 INFO Long connection metrics detail ,Total count =0, sdkCount=0,clusterCount=0

2025-06-05 14:23:46,757 INFO Out dated connection ,size=0

2025-06-05 14:23:46,758 INFO Connection check task end

2025-06-05 14:23:49,676 INFO ConnectionMetrics, totalCount = 0, detail = {long_connection=0, long_polling=0}

2025-06-05 14:23:49,759 INFO Connection check task start

2025-06-05 14:23:49,760 INFO Long connection metrics detail ,Total count =0, sdkCount=0,clusterCount=0

2025-06-05 14:23:49,761 INFO Out dated connection ,size=0

2025-06-05 14:23:49,761 INFO Connection check task end

2025-06-05 14:23:52,680 INFO ConnectionMetrics, totalCount = 0, detail = {long_connection=0, long_polling=0}

2025-06-05 14:23:52,762 INFO Connection check task start

2025-06-05 14:23:52,764 INFO Long connection metrics detail ,Total count =0, sdkCount=0,clusterCount=0

2025-06-05 14:23:52,765 INFO Out dated connection ,size=0

2025-06-05 14:23:52,765 INFO Connection check task end

2025-06-05 14:23:55,682 INFO ConnectionMetrics, totalCount = 0, detail = {long_connection=0, long_polling=0}

2025-06-05 14:23:55,766 INFO Connection check task start

2025-06-05 14:23:55,767 INFO Long connection metrics detail ,Total count =0, sdkCount=0,clusterCount=0

2025-06-05 14:23:55,768 INFO Out dated connection ,size=0

2025-06-05 14:23:55,769 INFO Connection check task end

2025-06-05 14:24:30,806 INFO Fail to find connection runtime ejector for name nacos,use default

2025-06-05 14:24:31,809 INFO Connection check task start

2025-06-05 14:24:31,809 INFO Long connection metrics detail ,Total count =0, sdkCount=0,clusterCount=0

2025-06-05 14:24:31,810 INFO Out dated connection ,size=0

2025-06-05 14:24:31,810 INFO Connection check task end

2025-06-05 14:24:31,964 INFO ConnectionMetrics, totalCount = 0, detail = {long_connection=0, long_polling=0}

2025-06-05 14:24:34,827 INFO Connection check task start

2025-06-05 14:24:34,829 INFO Long connection metrics detail ,Total count =0, sdkCount=0,clusterCount=0

2025-06-05 14:24:34,831 INFO Out dated connection ,size=0

2025-06-05 14:24:34,831 INFO Connection check task end

2025-06-05 14:24:34,966 INFO ConnectionMetrics, totalCount = 0, detail = {long_connection=0, long_polling=0}

2025-06-05 14:24:37,834 INFO Connection check task start

2025-06-05 14:24:37,836 INFO Long connection metrics detail ,Total count =0, sdkCount=0,clusterCount=0

2025-06-05 14:24:37,837 INFO Out dated connection ,size=0

2025-06-05 14:24:37,837 INFO Connection check task end

2025-06-05 14:24:37,968 INFO ConnectionMetrics, totalCount = 0, detail = {long_connection=0, long_polling=0}

2025-06-05 14:24:40,837 INFO Connection check task start

2025-06-05 14:24:40,838 INFO Long connection metrics detail ,Total count =0, sdkCount=0,clusterCount=0

2025-06-05 14:24:40,838 INFO Out dated connection ,size=0

2025-06-05 14:24:40,838 INFO Connection check task end

2025-06-05 14:24:40,974 INFO ConnectionMetrics, totalCount = 0, detail = {long_connection=0, long_polling=0}

2025-06-05 14:24:43,840 INFO Connection check task start

2025-06-05 14:24:43,841 INFO Long connection metrics detail ,Total count =0, sdkCount=0,clusterCount=0

2025-06-05 14:24:43,842 INFO Out dated connection ,size=0

2025-06-05 14:24:43,842 INFO Connection check task end

2025-06-05 14:24:43,976 INFO ConnectionMetrics, totalCount = 0, detail = {long_connection=0, long_polling=0}

2025-06-05 14:24:46,844 INFO Connection check task start

2025-06-05 14:24:46,844 INFO Long connection metrics detail ,Total count =0, sdkCount=0,clusterCount=0

2025-06-05 14:24:46,844 INFO Out dated connection ,size=0

2025-06-05 14:24:46,844 INFO Connection check task end

2025-06-05 14:24:46,978 INFO ConnectionMetrics, totalCount = 0, detail = {long_connection=0, long_polling=0}

2025-06-05 14:24:49,846 INFO Connection check task start

2025-06-05 14:24:49,847 INFO Long connection metrics detail ,Total count =0, sdkCount=0,clusterCount=0

2025-06-05 14:24:49,848 INFO Out dated connection ,size=0

2025-06-05 14:24:49,849 INFO Connection check task end

2025-06-05 14:24:49,980 INFO ConnectionMetrics, totalCount = 0, detail = {long_connection=0, long_polling=0}

2025-06-05 14:24:52,850 INFO Connection check task start

2025-06-05 14:24:52,851 INFO Long connection metrics detail ,Total count =0, sdkCount=0,clusterCount=0

2025-06-05 14:24:52,853 INFO Out dated connection ,size=0

2025-06-05 14:24:52,853 INFO Connection check task end

2025-06-05 14:24:52,983 INFO ConnectionMetrics, totalCount = 0, detail = {long_connection=0, long_polling=0}

2025-06-05 14:24:55,849 INFO Connection check task start

2025-06-05 14:24:55,850 INFO Long connection metrics detail ,Total count =0, sdkCount=0,clusterCount=0

2025-06-05 14:24:55,851 INFO Out dated connection ,size=0

2025-06-05 14:24:55,852 INFO Connection check task end

2025-06-05 14:24:55,978 INFO ConnectionMetrics, totalCount = 0, detail = {long_connection=0, long_polling=0}

2025-06-05 14:24:58,853 INFO Connection check task start

2025-06-05 14:24:58,854 INFO Long connection metrics detail ,Total count =0, sdkCount=0,clusterCount=0

2025-06-05 14:24:58,854 INFO Out dated connection ,size=0

2025-06-05 14:24:58,855 INFO Connection check task end

2025-06-05 14:24:58,980 INFO ConnectionMetrics, totalCount = 0, detail = {long_connection=0, long_polling=0}

2025-06-05 14:25:01,856 INFO Connection check task start

2025-06-05 14:25:01,857 INFO Long connection metrics detail ,Total count =0, sdkCount=0,clusterCount=0

2025-06-05 14:25:01,858 INFO Out dated connection ,size=0

2025-06-05 14:25:01,858 INFO Connection check task end

2025-06-05 14:25:01,982 INFO ConnectionMetrics, totalCount = 0, detail = {long_connection=0, long_polling=0}

2025-06-05 14:25:04,859 INFO Connection check task start

2025-06-05 14:25:04,860 INFO Long connection metrics detail ,Total count =0, sdkCount=0,clusterCount=0

2025-06-05 14:25:04,861 INFO Out dated connection ,size=0

2025-06-05 14:25:04,861 INFO Connection check task end

2025-06-05 14:25:04,985 INFO ConnectionMetrics, totalCount = 0, detail = {long_connection=0, long_polling=0}

2025-06-05 14:25:07,863 INFO Connection check task start

2025-06-05 14:25:07,864 INFO Long connection metrics detail ,Total count =0, sdkCount=0,clusterCount=0

2025-06-05 14:25:07,865 INFO Out dated connection ,size=0

2025-06-05 14:25:07,867 INFO Connection check task end

2025-06-05 14:25:07,987 INFO ConnectionMetrics, totalCount = 0, detail = {long_connection=0, long_polling=0}

2025-06-05 14:25:10,868 INFO Connection check task start

2025-06-05 14:25:10,869 INFO Long connection metrics detail ,Total count =0, sdkCount=0,clusterCount=0

2025-06-05 14:25:10,870 INFO Out dated connection ,size=0

2025-06-05 14:25:10,870 INFO Connection check task end

2025-06-05 14:25:10,989 INFO ConnectionMetrics, totalCount = 0, detail = {long_connection=0, long_polling=0}

2025-06-05 14:25:13,872 INFO Connection check task start

2025-06-05 14:25:13,873 INFO Long connection metrics detail ,Total count =0, sdkCount=0,clusterCount=0

2025-06-05 14:25:13,874 INFO Out dated connection ,size=0

2025-06-05 14:25:13,874 INFO Connection check task end

2025-06-05 14:25:13,990 INFO ConnectionMetrics, totalCount = 0, detail = {long_connection=0, long_polling=0}

2025-06-05 14:25:16,876 INFO Connection check task start

2025-06-05 14:25:16,877 INFO Long connection metrics detail ,Total count =0, sdkCount=0,clusterCount=0

2025-06-05 14:25:16,879 INFO Out dated connection ,size=0

2025-06-05 14:25:16,879 INFO Connection check task end

2025-06-05 14:25:16,992 INFO ConnectionMetrics, totalCount = 0, detail = {long_connection=0, long_polling=0}

2025-06-05 14:25:19,881 INFO Connection check task start

2025-06-05 14:25:19,883 INFO Long connection metrics detail ,Total count =0, sdkCount=0,clusterCount=0

2025-06-05 14:25:19,884 INFO Out dated connection ,size=0

2025-06-05 14:25:19,885 INFO Connection check task end

2025-06-05 14:25:19,994 INFO ConnectionMetrics, totalCount = 0, detail = {long_connection=0, long_polling=0}

2025-06-05 14:25:22,887 INFO Connection check task start

2025-06-05 14:25:22,888 INFO Long connection metrics detail ,Total count =0, sdkCount=0,clusterCount=0

2025-06-05 14:25:22,889 INFO Out dated connection ,size=0

2025-06-05 14:25:22,890 INFO Connection check task end

2025-06-05 14:25:22,996 INFO ConnectionMetrics, totalCount = 0, detail = {long_connection=0, long_polling=0}

2025-06-05 14:25:25,899 INFO Connection check task start

2025-06-05 14:25:25,900 INFO Long connection metrics detail ,Total count =0, sdkCount=0,clusterCount=0

2025-06-05 14:25:25,901 INFO Out dated connection ,size=0

2025-06-05 14:25:25,901 INFO Connection check task end

2025-06-05 14:25:26,005 INFO ConnectionMetrics, totalCount = 0, detail = {long_connection=0, long_polling=0}

2025-06-05 14:25:28,903 INFO Connection check task start

2025-06-05 14:25:28,905 INFO Long connection metrics detail ,Total count =0, sdkCount=0,clusterCount=0

2025-06-05 14:25:28,906 INFO Out dated connection ,size=0

2025-06-05 14:25:28,907 INFO Connection check task end

2025-06-05 14:25:29,007 INFO ConnectionMetrics, totalCount = 0, detail = {long_connection=0, long_polling=0}

2025-06-05 14:25:31,909 INFO Connection check task start

2025-06-05 14:25:31,911 INFO Long connection metrics detail ,Total count =0, sdkCount=0,clusterCount=0

2025-06-05 14:25:31,912 INFO Out dated connection ,size=0

2025-06-05 14:25:31,913 INFO Connection check task end

2025-06-05 14:25:32,010 INFO ConnectionMetrics, totalCount = 0, detail = {long_connection=0, long_polling=0}

2025-06-05 14:25:34,914 INFO Connection check task start

2025-06-05 14:25:34,916 INFO Long connection metrics detail ,Total count =0, sdkCount=0,clusterCount=0

2025-06-05 14:25:34,916 INFO Out dated connection ,size=0

2025-06-05 14:25:34,917 INFO Connection check task end

2025-06-05 14:25:35,012 INFO ConnectionMetrics, totalCount = 0, detail = {long_connection=0, long_polling=0}

2025-06-05 14:25:37,918 INFO Connection check task start

2025-06-05 14:25:37,919 INFO Long connection metrics detail ,Total count =0, sdkCount=0,clusterCount=0

2025-06-05 14:25:37,920 INFO Out dated connection ,size=0

2025-06-05 14:25:37,920 INFO Connection check task end

2025-06-05 14:25:38,014 INFO ConnectionMetrics, totalCount = 0, detail = {long_connection=0, long_polling=0}

2025-06-05 14:25:40,921 INFO Connection check task start

2025-06-05 14:25:40,924 INFO Long connection metrics detail ,Total count =0, sdkCount=0,clusterCount=0

2025-06-05 14:25:40,924 INFO Out dated connection ,size=0

2025-06-05 14:25:40,925 INFO Connection check task end

2025-06-05 14:25:41,016 INFO ConnectionMetrics, totalCount = 0, detail = {long_connection=0, long_polling=0}

2025-06-05 14:25:43,926 INFO Connection check task start

2025-06-05 14:25:43,927 INFO Long connection metrics detail ,Total count =0, sdkCount=0,clusterCount=0

2025-06-05 14:25:43,927 INFO Out dated connection ,size=0

2025-06-05 14:25:43,928 INFO Connection check task end

2025-06-05 14:25:44,017 INFO ConnectionMetrics, totalCount = 0, detail = {long_connection=0, long_polling=0}

2025-06-05 14:25:46,929 INFO Connection check task start

2025-06-05 14:25:46,932 INFO Long connection metrics detail ,Total count =0, sdkCount=0,clusterCount=0

2025-06-05 14:25:46,934 INFO Out dated connection ,size=0

2025-06-05 14:25:46,934 INFO Connection check task end

2025-06-05 14:25:47,018 INFO ConnectionMetrics, totalCount = 0, detail = {long_connection=0, long_polling=0}

2025-06-05 14:25:49,937 INFO Connection check task start

2025-06-05 14:25:49,938 INFO Long connection metrics detail ,Total count =0, sdkCount=0,clusterCount=0

2025-06-05 14:25:49,939 INFO Out dated connection ,size=0

2025-06-05 14:25:49,939 INFO Connection check task end

2025-06-05 14:25:50,020 INFO ConnectionMetrics, totalCount = 0, detail = {long_connection=0, long_polling=0}

2025-06-05 14:25:52,941 INFO Connection check task start

2025-06-05 14:25:52,942 INFO Long connection metrics detail ,Total count =0, sdkCount=0,clusterCount=0

2025-06-05 14:25:52,943 INFO Out dated connection ,size=0

2025-06-05 14:25:52,944 INFO Connection check task end

2025-06-05 14:25:53,023 INFO ConnectionMetrics, totalCount = 0, detail = {long_connection=0, long_polling=0}

2025-06-05 14:25:55,945 INFO Connection check task start

2025-06-05 14:25:55,946 INFO Long connection metrics detail ,Total count =0, sdkCount=0,clusterCount=0

2025-06-05 14:25:55,946 INFO Out dated connection ,size=0

2025-06-05 14:25:55,947 INFO Connection check task end

2025-06-05 14:25:56,024 INFO ConnectionMetrics, totalCount = 0, detail = {long_connection=0, long_polling=0}

2025-06-05 14:25:58,948 INFO Connection check task start

2025-06-05 14:25:58,948 INFO Long connection metrics detail ,Total count =0, sdkCount=0,clusterCount=0

2025-06-05 14:25:58,949 INFO Out dated connection ,size=0

2025-06-05 14:25:58,949 INFO Connection check task end

2025-06-05 14:25:59,026 INFO ConnectionMetrics, totalCount = 0, detail = {long_connection=0, long_polling=0}

2025-06-05 14:26:01,950 INFO Connection check task start

2025-06-05 14:26:01,951 INFO Long connection metrics detail ,Total count =0, sdkCount=0,clusterCount=0

2025-06-05 14:26:01,951 INFO Out dated connection ,size=0

2025-06-05 14:26:01,952 INFO Connection check task end

2025-06-05 14:26:02,028 INFO ConnectionMetrics, totalCount = 0, detail = {long_connection=0, long_polling=0}

2025-06-05 14:26:04,953 INFO Connection check task start

2025-06-05 14:26:04,953 INFO Long connection metrics detail ,Total count =0, sdkCount=0,clusterCount=0

2025-06-05 14:26:04,954 INFO Out dated connection ,size=0

2025-06-05 14:26:04,954 INFO Connection check task end

2025-06-05 14:26:05,030 INFO ConnectionMetrics, totalCount = 0, detail = {long_connection=0, long_polling=0}

2025-06-05 14:26:07,956 INFO Connection check task start

2025-06-05 14:26:07,957 INFO Long connection metrics detail ,Total count =0, sdkCount=0,clusterCount=0

2025-06-05 14:26:07,957 INFO Out dated connection ,size=0

2025-06-05 14:26:07,958 INFO Connection check task end

2025-06-05 14:26:08,032 INFO ConnectionMetrics, totalCount = 0, detail = {long_connection=0, long_polling=0}

2025-06-05 14:26:10,960 INFO Connection check task start

2025-06-05 14:26:10,960 INFO Long connection metrics detail ,Total count =0, sdkCount=0,clusterCount=0

2025-06-05 14:26:10,961 INFO Out dated connection ,size=0

2025-06-05 14:26:10,961 INFO Connection check task end

2025-06-05 14:26:11,034 INFO ConnectionMetrics, totalCount = 0, detail = {long_connection=0, long_polling=0}

2025-06-05 14:26:13,962 INFO Connection check task start

2025-06-05 14:26:13,962 INFO Long connection metrics detail ,Total count =0, sdkCount=0,clusterCount=0

2025-06-05 14:26:13,963 INFO Out dated connection ,size=0

2025-06-05 14:26:13,963 INFO Connection check task end

2025-06-05 14:26:14,036 INFO ConnectionMetrics, totalCount = 0, detail = {long_connection=0, long_polling=0}

2025-06-05 14:26:16,964 INFO Connection check task start

2025-06-05 14:26:16,964 INFO Long connection metrics detail ,Total count =0, sdkCount=0,clusterCount=0

2025-06-05 14:26:16,965 INFO Out dated connection ,size=0

2025-06-05 14:26:16,965 INFO Connection check task end

2025-06-05 14:26:17,038 INFO ConnectionMetrics, totalCount = 0, detail = {long_connection=0, long_polling=0}

2025-06-05 14:26:19,966 INFO Connection check task start

2025-06-05 14:26:19,966 INFO Long connection metrics detail ,Total count =0, sdkCount=0,clusterCount=0

2025-06-05 14:26:19,967 INFO Out dated connection ,size=0

2025-06-05 14:26:19,967 INFO Connection check task end

2025-06-05 14:26:20,041 INFO ConnectionMetrics, totalCount = 0, detail = {long_connection=0, long_polling=0}

2025-06-05 14:26:22,968 INFO Connection check task start

2025-06-05 14:26:22,969 INFO Long connection metrics detail ,Total count =0, sdkCount=0,clusterCount=0

2025-06-05 14:26:22,969 INFO Out dated connection ,size=0

2025-06-05 14:26:22,970 INFO Connection check task end

2025-06-05 14:26:23,045 INFO ConnectionMetrics, totalCount = 0, detail = {long_connection=0, long_polling=0}

2025-06-05 14:26:25,971 INFO Connection check task start

2025-06-05 14:26:25,972 INFO Long connection metrics detail ,Total count =0, sdkCount=0,clusterCount=0

2025-06-05 14:26:25,972 INFO Out dated connection ,size=0

2025-06-05 14:26:25,972 INFO Connection check task end

2025-06-05 14:26:26,048 INFO ConnectionMetrics, totalCount = 0, detail = {long_connection=0, long_polling=0}

2025-06-05 14:26:28,983 INFO Connection check task start

2025-06-05 14:26:28,983 INFO Long connection metrics detail ,Total count =0, sdkCount=0,clusterCount=0

2025-06-05 14:26:28,983 INFO Out dated connection ,size=0

2025-06-05 14:26:28,983 INFO Connection check task end

2025-06-05 14:26:29,051 INFO ConnectionMetrics, totalCount = 0, detail = {long_connection=0, long_polling=0}

2025-06-05 14:26:31,984 INFO Connection check task start

2025-06-05 14:26:31,985 INFO Long connection metrics detail ,Total count =0, sdkCount=0,clusterCount=0

2025-06-05 14:26:31,986 INFO Out dated connection ,size=0

2025-06-05 14:26:31,986 INFO Connection check task end

2025-06-05 14:26:32,053 INFO ConnectionMetrics, totalCount = 0, detail = {long_connection=0, long_polling=0}

2025-06-05 14:26:34,988 INFO Connection check task start

2025-06-05 14:26:34,990 INFO Long connection metrics detail ,Total count =0, sdkCount=0,clusterCount=0

2025-06-05 14:26:34,991 INFO Out dated connection ,size=0

2025-06-05 14:26:34,992 INFO Connection check task end

2025-06-05 14:26:35,055 INFO ConnectionMetrics, totalCount = 0, detail = {long_connection=0, long_polling=0}

2025-06-05 14:26:37,993 INFO Connection check task start

2025-06-05 14:26:37,994 INFO Long connection metrics detail ,Total count =0, sdkCount=0,clusterCount=0

2025-06-05 14:26:37,994 INFO Out dated connection ,size=0

2025-06-05 14:26:37,995 INFO Connection check task end

2025-06-05 14:26:38,057 INFO ConnectionMetrics, totalCount = 0, detail = {long_connection=0, long_polling=0}

2025-06-05 14:26:40,996 INFO Connection check task start

2025-06-05 14:26:40,996 INFO Long connection metrics detail ,Total count =0, sdkCount=0,clusterCount=0

2025-06-05 14:26:40,997 INFO Out dated connection ,size=0

2025-06-05 14:26:40,997 INFO Connection check task end

2025-06-05 14:26:41,059 INFO ConnectionMetrics, totalCount = 0, detail = {long_connection=0, long_polling=0}

2025-06-05 14:26:43,999 INFO Connection check task start

2025-06-05 14:26:44,000 INFO Long connection metrics detail ,Total count =0, sdkCount=0,clusterCount=0

2025-06-05 14:26:44,000 INFO Out dated connection ,size=0

2025-06-05 14:26:44,001 INFO Connection check task end

2025-06-05 14:26:44,060 INFO ConnectionMetrics, totalCount = 0, detail = {long_connection=0, long_polling=0}

2025-06-05 14:26:47,003 INFO Connection check task start

2025-06-05 14:26:47,004 INFO Long connection metrics detail ,Total count =0, sdkCount=0,clusterCount=0

2025-06-05 14:26:47,004 INFO Out dated connection ,size=0

2025-06-05 14:26:47,005 INFO Connection check task end

2025-06-05 14:26:47,062 INFO ConnectionMetrics, totalCount = 0, detail = {long_connection=0, long_polling=0}

2025-06-05 14:26:50,006 INFO Connection check task start

2025-06-05 14:26:50,008 INFO Long connection metrics detail ,Total count =0, sdkCount=0,clusterCount=0

2025-06-05 14:26:50,008 INFO Out dated connection ,size=0

2025-06-05 14:26:50,009 INFO Connection check task end

2025-06-05 14:26:50,064 INFO ConnectionMetrics, totalCount = 0, detail = {long_connection=0, long_polling=0}

2025-06-05 14:26:53,011 INFO Connection check task start

2025-06-05 14:26:53,012 INFO Long connection metrics detail ,Total count =0, sdkCount=0,clusterCount=0

2025-06-05 14:26:53,013 INFO Out dated connection ,size=0

2025-06-05 14:26:53,013 INFO Connection check task end

2025-06-05 14:26:53,067 INFO ConnectionMetrics, totalCount = 0, detail = {long_connection=0, long_polling=0}

2025-06-05 14:26:56,014 INFO Connection check task start

2025-06-05 14:26:56,015 INFO Long connection metrics detail ,Total count =0, sdkCount=0,clusterCount=0

2025-06-05 14:26:56,016 INFO Out dated connection ,size=0

2025-06-05 14:26:56,017 INFO Connection check task end

2025-06-05 14:26:56,069 INFO ConnectionMetrics, totalCount = 0, detail = {long_connection=0, long_polling=0}

2025-06-05 14:26:59,018 INFO Connection check task start

2025-06-05 14:26:59,019 INFO Long connection metrics detail ,Total count =0, sdkCount=0,clusterCount=0

2025-06-05 14:26:59,020 INFO Out dated connection ,size=0

2025-06-05 14:26:59,020 INFO Connection check task end

2025-06-05 14:26:59,071 INFO ConnectionMetrics, totalCount = 0, detail = {long_connection=0, long_polling=0}

2025-06-05 14:27:02,022 INFO Connection check task start

2025-06-05 14:27:02,023 INFO Long connection metrics detail ,Total count =0, sdkCount=0,clusterCount=0

2025-06-05 14:27:02,024 INFO Out dated connection ,size=0

2025-06-05 14:27:02,024 INFO Connection check task end

2025-06-05 14:27:02,072 INFO ConnectionMetrics, totalCount = 0, detail = {long_connection=0, long_polling=0}

2025-06-05 14:27:05,026 INFO Connection check task start

2025-06-05 14:27:05,028 INFO Long connection metrics detail ,Total count =0, sdkCount=0,clusterCount=0

2025-06-05 14:27:05,028 INFO Out dated connection ,size=0

2025-06-05 14:27:05,029 INFO Connection check task end

2025-06-05 14:27:05,075 INFO ConnectionMetrics, totalCount = 0, detail = {long_connection=0, long_polling=0}

2025-06-05 14:27:08,030 INFO Connection check task start

2025-06-05 14:27:08,031 INFO Long connection metrics detail ,Total count =0, sdkCount=0,clusterCount=0

2025-06-05 14:27:08,032 INFO Out dated connection ,size=0

2025-06-05 14:27:08,033 INFO Connection check task end

2025-06-05 14:27:08,077 INFO ConnectionMetrics, totalCount = 0, detail = {long_connection=0, long_polling=0}

2025-06-05 14:27:11,034 INFO Connection check task start

2025-06-05 14:27:11,036 INFO Long connection metrics detail ,Total count =0, sdkCount=0,clusterCount=0

2025-06-05 14:27:11,037 INFO Out dated connection ,size=0

2025-06-05 14:27:11,038 INFO Connection check task end

2025-06-05 14:27:11,079 INFO ConnectionMetrics, totalCount = 0, detail = {long_connection=0, long_polling=0}

2025-06-05 14:27:14,040 INFO Connection check task start

2025-06-05 14:27:14,041 INFO Long connection metrics detail ,Total count =0, sdkCount=0,clusterCount=0

2025-06-05 14:27:14,041 INFO Out dated connection ,size=0

2025-06-05 14:27:14,041 INFO Connection check task end

2025-06-05 14:27:14,080 INFO ConnectionMetrics, totalCount = 0, detail = {long_connection=0, long_polling=0}

2025-06-05 14:27:17,042 INFO Connection check task start

2025-06-05 14:27:17,044 INFO Long connection metrics detail ,Total count =0, sdkCount=0,clusterCount=0

2025-06-05 14:27:17,044 INFO Out dated connection ,size=0

2025-06-05 14:27:17,045 INFO Connection check task end

2025-06-05 14:27:17,082 INFO ConnectionMetrics, totalCount = 0, detail = {long_connection=0, long_polling=0}

2025-06-05 14:27:20,046 INFO Connection check task start

2025-06-05 14:27:20,048 INFO Long connection metrics detail ,Total count =0, sdkCount=0,clusterCount=0

2025-06-05 14:27:20,048 INFO Out dated connection ,size=0

2025-06-05 14:27:20,049 INFO Connection check task end

2025-06-05 14:27:20,083 INFO ConnectionMetrics, totalCount = 0, detail = {long_connection=0, long_polling=0}

2025-06-05 14:27:23,051 INFO Connection check task start

2025-06-05 14:27:23,052 INFO Long connection metrics detail ,Total count =0, sdkCount=0,clusterCount=0

2025-06-05 14:27:23,053 INFO Out dated connection ,size=0

2025-06-05 14:27:23,054 INFO Connection check task end

2025-06-05 14:27:23,086 INFO ConnectionMetrics, totalCount = 0, detail = {long_connection=0, long_polling=0}

2025-06-05 14:27:26,056 INFO Connection check task start

2025-06-05 14:27:26,058 INFO Long connection metrics detail ,Total count =0, sdkCount=0,clusterCount=0

2025-06-05 14:27:26,058 INFO Out dated connection ,size=0

2025-06-05 14:27:26,059 INFO Connection check task end

2025-06-05 14:27:26,088 INFO ConnectionMetrics, totalCount = 0, detail = {long_connection=0, long_polling=0}

2025-06-05 14:27:29,060 INFO Connection check task start

2025-06-05 14:27:29,061 INFO Long connection metrics detail ,Total count =0, sdkCount=0,clusterCount=0

2025-06-05 14:27:29,061 INFO Out dated connection ,size=0

2025-06-05 14:27:29,061 INFO Connection check task end

2025-06-05 14:27:29,090 INFO ConnectionMetrics, totalCount = 0, detail = {long_connection=0, long_polling=0}

2025-06-05 14:27:32,063 INFO Connection check task start

2025-06-05 14:27:32,065 INFO Long connection metrics detail ,Total count =0, sdkCount=0,clusterCount=0

2025-06-05 14:27:32,066 INFO Out dated connection ,size=0

2025-06-05 14:27:32,067 INFO Connection check task end

2025-06-05 14:27:32,091 INFO ConnectionMetrics, totalCount = 0, detail = {long_connection=0, long_polling=0}

2025-06-05 14:27:35,068 INFO Connection check task start

2025-06-05 14:27:35,069 INFO Long connection metrics detail ,Total count =0, sdkCount=0,clusterCount=0

2025-06-05 14:27:35,071 INFO Out dated connection ,size=0

2025-06-05 14:27:35,071 INFO Connection check task end

2025-06-05 14:27:35,093 INFO ConnectionMetrics, totalCount = 0, detail = {long_connection=0, long_polling=0}

2025-06-05 14:27:38,073 INFO Connection check task start

2025-06-05 14:27:38,074 INFO Long connection metrics detail ,Total count =0, sdkCount=0,clusterCount=0

2025-06-05 14:27:38,075 INFO Out dated connection ,size=0

2025-06-05 14:27:38,075 INFO Connection check task end

2025-06-05 14:27:38,094 INFO ConnectionMetrics, totalCount = 0, detail = {long_connection=0, long_polling=0}

2025-06-05 14:27:41,076 INFO Connection check task start

2025-06-05 14:27:41,077 INFO Long connection metrics detail ,Total count =0, sdkCount=0,clusterCount=0

2025-06-05 14:27:41,078 INFO Out dated connection ,size=0

2025-06-05 14:27:41,078 INFO Connection check task end

2025-06-05 14:27:41,097 INFO ConnectionMetrics, totalCount = 0, detail = {long_connection=0, long_polling=0}

2025-06-05 14:27:44,079 INFO Connection check task start

2025-06-05 14:27:44,079 INFO Long connection metrics detail ,Total count =0, sdkCount=0,clusterCount=0

2025-06-05 14:27:44,080 INFO Out dated connection ,size=0

2025-06-05 14:27:44,080 INFO Connection check task end

2025-06-05 14:27:44,099 INFO ConnectionMetrics, totalCount = 0, detail = {long_connection=0, long_polling=0}

2025-06-05 14:27:47,080 INFO Connection check task start

2025-06-05 14:27:47,081 INFO Long connection metrics detail ,Total count =0, sdkCount=0,clusterCount=0

2025-06-05 14:27:47,082 INFO Out dated connection ,size=0

2025-06-05 14:27:47,083 INFO Connection check task end

2025-06-05 14:27:47,100 INFO ConnectionMetrics, totalCount = 0, detail = {long_connection=0, long_polling=0}

2025-06-05 14:27:50,084 INFO Connection check task start

2025-06-05 14:27:50,086 INFO Long connection metrics detail ,Total count =0, sdkCount=0,clusterCount=0

2025-06-05 14:27:50,086 INFO Out dated connection ,size=0

2025-06-05 14:27:50,087 INFO Connection check task end

2025-06-05 14:27:50,102 INFO ConnectionMetrics, totalCount = 0, detail = {long_connection=0, long_polling=0}

2025-06-05 14:27:53,089 INFO Connection check task start

2025-06-05 14:27:53,090 INFO Long connection metrics detail ,Total count =0, sdkCount=0,clusterCount=0

2025-06-05 14:27:53,091 INFO Out dated connection ,size=0

2025-06-05 14:27:53,092 INFO Connection check task end

2025-06-05 14:27:53,105 INFO ConnectionMetrics, totalCount = 0, detail = {long_connection=0, long_polling=0}

2025-06-05 14:27:56,095 INFO Connection check task start

2025-06-05 14:27:56,096 INFO Long connection metrics detail ,Total count =0, sdkCount=0,clusterCount=0

2025-06-05 14:27:56,097 INFO Out dated connection ,size=0

2025-06-05 14:27:56,099 INFO Connection check task end

2025-06-05 14:27:56,107 INFO ConnectionMetrics, totalCount = 0, detail = {long_connection=0, long_polling=0}

2025-06-05 14:27:59,099 INFO Connection check task start

2025-06-05 14:27:59,100 INFO Long connection metrics detail ,Total count =0, sdkCount=0,clusterCount=0

2025-06-05 14:27:59,101 INFO Out dated connection ,size=0

2025-06-05 14:27:59,101 INFO Connection check task end

2025-06-05 14:27:59,110 INFO ConnectionMetrics, totalCount = 0, detail = {long_connection=0, long_polling=0}

2025-06-05 14:28:02,102 INFO Connection check task start

2025-06-05 14:28:02,103 INFO Long connection metrics detail ,Total count =0, sdkCount=0,clusterCount=0

2025-06-05 14:28:02,104 INFO Out dated connection ,size=0

2025-06-05 14:28:02,104 INFO Connection check task end

2025-06-05 14:28:02,110 INFO ConnectionMetrics, totalCount = 0, detail = {long_connection=0, long_polling=0}

2025-06-05 14:28:05,105 INFO Connection check task start

2025-06-05 14:28:05,106 INFO Long connection metrics detail ,Total count =0, sdkCount=0,clusterCount=0

2025-06-05 14:28:05,106 INFO Out dated connection ,size=0

2025-06-05 14:28:05,106 INFO Connection check task end

2025-06-05 14:28:05,112 INFO ConnectionMetrics, totalCount = 0, detail = {long_connection=0, long_polling=0}

2025-06-05 14:28:08,107 INFO Connection check task start

2025-06-05 14:28:08,109 INFO Long connection metrics detail ,Total count =0, sdkCount=0,clusterCount=0

2025-06-05 14:28:08,110 INFO Out dated connection ,size=0

2025-06-05 14:28:08,111 INFO Connection check task end

2025-06-05 14:28:08,114 INFO ConnectionMetrics, totalCount = 0, detail = {long_connection=0, long_polling=0}

2025-06-05 14:28:11,113 INFO Connection check task start

2025-06-05 14:28:11,114 INFO Long connection metrics detail ,Total count =0, sdkCount=0,clusterCount=0

2025-06-05 14:28:11,115 INFO Out dated connection ,size=0

2025-06-05 14:28:11,116 INFO Connection check task end

2025-06-05 14:28:11,116 INFO ConnectionMetrics, totalCount = 0, detail = {long_connection=0, long_polling=0}

2025-06-05 14:28:14,117 INFO Connection check task start

2025-06-05 14:28:14,118 INFO Long connection metrics detail ,Total count =0, sdkCount=0,clusterCount=0

2025-06-05 14:28:14,119 INFO Out dated connection ,size=0

2025-06-05 14:28:14,119 INFO ConnectionMetrics, totalCount = 0, detail = {long_connection=0, long_polling=0}

2025-06-05 14:28:14,119 INFO Connection check task end

2025-06-05 14:28:17,120 INFO ConnectionMetrics, totalCount = 0, detail = {long_connection=0, long_polling=0}

2025-06-05 14:28:17,121 INFO Connection check task start

2025-06-05 14:28:17,122 INFO Long connection metrics detail ,Total count =0, sdkCount=0,clusterCount=0

2025-06-05 14:28:17,122 INFO Out dated connection ,size=0

2025-06-05 14:28:17,123 INFO Connection check task end

2025-06-05 14:28:20,123 INFO Connection check task start

2025-06-05 14:28:20,123 INFO ConnectionMetrics, totalCount = 0, detail = {long_connection=0, long_polling=0}

2025-06-05 14:28:20,124 INFO Long connection metrics detail ,Total count =0, sdkCount=0,clusterCount=0

2025-06-05 14:28:20,126 INFO Out dated connection ,size=0

2025-06-05 14:28:20,126 INFO Connection check task end

2025-06-05 14:28:23,126 INFO ConnectionMetrics, totalCount = 0, detail = {long_connection=0, long_polling=0}

2025-06-05 14:28:23,127 INFO Connection check task start

2025-06-05 14:28:23,128 INFO Long connection metrics detail ,Total count =0, sdkCount=0,clusterCount=0

2025-06-05 14:28:23,128 INFO Out dated connection ,size=0

2025-06-05 14:28:23,129 INFO Connection check task end

2025-06-05 14:28:26,128 INFO ConnectionMetrics, totalCount = 0, detail = {long_connection=0, long_polling=0}

2025-06-05 14:28:26,130 INFO Connection check task start

2025-06-05 14:28:26,130 INFO Long connection metrics detail ,Total count =0, sdkCount=0,clusterCount=0

2025-06-05 14:28:26,130 INFO Out dated connection ,size=0

2025-06-05 14:28:26,130 INFO Connection check task end

2025-06-05 14:28:29,129 INFO ConnectionMetrics, totalCount = 0, detail = {long_connection=0, long_polling=0}

2025-06-05 14:28:29,131 INFO Connection check task start

2025-06-05 14:28:29,132 INFO Long connection metrics detail ,Total count =0, sdkCount=0,clusterCount=0

2025-06-05 14:28:29,132 INFO Out dated connection ,size=0

2025-06-05 14:28:29,132 INFO Connection check task end

2025-06-05 14:28:32,131 INFO ConnectionMetrics, totalCount = 0, detail = {long_connection=0, long_polling=0}

2025-06-05 14:28:32,134 INFO Connection check task start

2025-06-05 14:28:32,134 INFO Long connection metrics detail ,Total count =0, sdkCount=0,clusterCount=0

2025-06-05 14:28:32,135 INFO Out dated connection ,size=0

2025-06-05 14:28:32,135 INFO Connection check task end

2025-06-05 14:28:35,133 INFO ConnectionMetrics, totalCount = 0, detail = {long_connection=0, long_polling=0}

2025-06-05 14:28:35,137 INFO Connection check task start

2025-06-05 14:28:35,138 INFO Long connection metrics detail ,Total count =0, sdkCount=0,clusterCount=0

2025-06-05 14:28:35,138 INFO Out dated connection ,size=0

2025-06-05 14:28:35,139 INFO Connection check task end

2025-06-05 14:28:38,135 INFO ConnectionMetrics, totalCount = 0, detail = {long_connection=0, long_polling=0}

2025-06-05 14:28:38,140 INFO Connection check task start

2025-06-05 14:28:38,141 INFO Long connection metrics detail ,Total count =0, sdkCount=0,clusterCount=0

2025-06-05 14:28:38,141 INFO Out dated connection ,size=0

2025-06-05 14:28:38,142 INFO Connection check task end

2025-06-05 14:28:41,137 INFO ConnectionMetrics, totalCount = 0, detail = {long_connection=0, long_polling=0}

2025-06-05 14:28:41,143 INFO Connection check task start

2025-06-05 14:28:41,144 INFO Long connection metrics detail ,Total count =0, sdkCount=0,clusterCount=0

2025-06-05 14:28:41,144 INFO Out dated connection ,size=0

2025-06-05 14:28:41,145 INFO Connection check task end

2025-06-05 14:28:44,139 INFO ConnectionMetrics, totalCount = 0, detail = {long_connection=0, long_polling=0}

2025-06-05 14:28:44,147 INFO Connection check task start

2025-06-05 14:28:44,148 INFO Long connection metrics detail ,Total count =0, sdkCount=0,clusterCount=0

2025-06-05 14:28:44,148 INFO Out dated connection ,size=0

2025-06-05 14:28:44,149 INFO Connection check task end

2025-06-05 14:28:47,141 INFO ConnectionMetrics, totalCount = 0, detail = {long_connection=0, long_polling=0}

2025-06-05 14:28:47,151 INFO Connection check task start

2025-06-05 14:28:47,154 INFO Long connection metrics detail ,Total count =0, sdkCount=0,clusterCount=0

2025-06-05 14:28:47,189 INFO Out dated connection ,size=0

2025-06-05 14:28:47,190 INFO Connection check task end

2025-06-05 14:28:50,154 INFO ConnectionMetrics, totalCount = 0, detail = {long_connection=0, long_polling=0}

2025-06-05 14:28:50,191 INFO Connection check task start

2025-06-05 14:28:50,192 INFO Long connection metrics detail ,Total count =0, sdkCount=0,clusterCount=0

2025-06-05 14:28:50,193 INFO Out dated connection ,size=0

2025-06-05 14:28:50,193 INFO Connection check task end

2025-06-05 14:28:53,156 INFO ConnectionMetrics, totalCount = 0, detail = {long_connection=0, long_polling=0}

2025-06-05 14:28:53,195 INFO Connection check task start

2025-06-05 14:28:53,196 INFO Long connection metrics detail ,Total count =0, sdkCount=0,clusterCount=0

2025-06-05 14:28:53,196 INFO Out dated connection ,size=0

2025-06-05 14:28:53,197 INFO Connection check task end

2025-06-05 14:28:56,158 INFO ConnectionMetrics, totalCount = 0, detail = {long_connection=0, long_polling=0}

2025-06-05 14:28:56,199 INFO Connection check task start

2025-06-05 14:28:56,199 INFO Long connection metrics detail ,Total count =0, sdkCount=0,clusterCount=0

2025-06-05 14:28:56,201 INFO Out dated connection ,size=0

2025-06-05 14:28:56,202 INFO Connection check task end

2025-06-05 14:28:59,160 INFO ConnectionMetrics, totalCount = 0, detail = {long_connection=0, long_polling=0}

2025-06-05 14:28:59,203 INFO Connection check task start

2025-06-05 14:28:59,204 INFO Long connection metrics detail ,Total count =0, sdkCount=0,clusterCount=0

2025-06-05 14:28:59,205 INFO Out dated connection ,size=0

2025-06-05 14:28:59,206 INFO Connection check task end

2025-06-05 14:29:02,162 INFO ConnectionMetrics, totalCount = 0, detail = {long_connection=0, long_polling=0}

2025-06-05 14:29:02,207 INFO Connection check task start

2025-06-05 14:29:02,208 INFO Long connection metrics detail ,Total count =0, sdkCount=0,clusterCount=0

2025-06-05 14:29:02,208 INFO Out dated connection ,size=0

2025-06-05 14:29:02,209 INFO Connection check task end

2025-06-05 14:29:05,164 INFO ConnectionMetrics, totalCount = 0, detail = {long_connection=0, long_polling=0}

2025-06-05 14:29:05,210 INFO Connection check task start

2025-06-05 14:29:05,211 INFO Long connection metrics detail ,Total count =0, sdkCount=0,clusterCount=0

2025-06-05 14:29:05,212 INFO Out dated connection ,size=0

2025-06-05 14:29:05,212 INFO Connection check task end

2025-06-05 14:29:08,166 INFO ConnectionMetrics, totalCount = 0, detail = {long_connection=0, long_polling=0}

2025-06-05 14:29:08,213 INFO Connection check task start

2025-06-05 14:29:08,214 INFO Long connection metrics detail ,Total count =0, sdkCount=0,clusterCount=0

2025-06-05 14:29:08,214 INFO Out dated connection ,size=0

2025-06-05 14:29:08,214 INFO Connection check task end

2025-06-05 14:29:11,166 INFO ConnectionMetrics, totalCount = 0, detail = {long_connection=0, long_polling=0}

2025-06-05 14:29:11,215 INFO Connection check task start

2025-06-05 14:29:11,216 INFO Long connection metrics detail ,Total count =0, sdkCount=0,clusterCount=0

2025-06-05 14:29:11,216 INFO Out dated connection ,size=0

2025-06-05 14:29:11,216 INFO Connection check task end

2025-06-05 14:29:14,168 INFO ConnectionMetrics, totalCount = 0, detail = {long_connection=0, long_polling=0}

2025-06-05 14:29:14,217 INFO Connection check task start

2025-06-05 14:29:14,218 INFO Long connection metrics detail ,Total count =0, sdkCount=0,clusterCount=0

2025-06-05 14:29:14,219 INFO Out dated connection ,size=0

2025-06-05 14:29:14,219 INFO Connection check task end

2025-06-05 14:29:17,171 INFO ConnectionMetrics, totalCount = 0, detail = {long_connection=0, long_polling=0}

2025-06-05 14:29:17,223 INFO Connection check task start

2025-06-05 14:29:17,223 INFO Long connection metrics detail ,Total count =0, sdkCount=0,clusterCount=0

2025-06-05 14:29:17,225 INFO Out dated connection ,size=0

2025-06-05 14:29:17,226 INFO Connection check task end

2025-06-05 14:29:20,173 INFO ConnectionMetrics, totalCount = 0, detail = {long_connection=0, long_polling=0}

2025-06-05 14:29:20,227 INFO Connection check task start

2025-06-05 14:29:20,228 INFO Long connection metrics detail ,Total count =0, sdkCount=0,clusterCount=0

2025-06-05 14:29:20,229 INFO Out dated connection ,size=0

2025-06-05 14:29:20,229 INFO Connection check task end

2025-06-05 14:29:23,176 INFO ConnectionMetrics, totalCount = 0, detail = {long_connection=0, long_polling=0}

2025-06-05 14:29:23,230 INFO Connection check task start

2025-06-05 14:29:23,231 INFO Long connection metrics detail ,Total count =0, sdkCount=0,clusterCount=0

2025-06-05 14:29:23,232 INFO Out dated connection ,size=0

2025-06-05 14:29:23,232 INFO Connection check task end

2025-06-05 14:29:26,178 INFO ConnectionMetrics, totalCount = 0, detail = {long_connection=0, long_polling=0}

2025-06-05 14:29:26,234 INFO Connection check task start

2025-06-05 14:29:26,234 INFO Long connection metrics detail ,Total count =0, sdkCount=0,clusterCount=0

2025-06-05 14:29:26,235 INFO Out dated connection ,size=0

2025-06-05 14:29:26,235 INFO Connection check task end

2025-06-05 14:29:29,180 INFO ConnectionMetrics, totalCount = 0, detail = {long_connection=0, long_polling=0}

2025-06-05 14:29:29,237 INFO Connection check task start

2025-06-05 14:29:29,238 INFO Long connection metrics detail ,Total count =0, sdkCount=0,clusterCount=0

2025-06-05 14:29:29,238 INFO Out dated connection ,size=0

2025-06-05 14:29:29,239 INFO Connection check task end

2025-06-05 14:29:32,183 INFO ConnectionMetrics, totalCount = 0, detail = {long_connection=0, long_polling=0}

2025-06-05 14:29:32,241 INFO Connection check task start

2025-06-05 14:29:32,242 INFO Long connection metrics detail ,Total count =0, sdkCount=0,clusterCount=0

2025-06-05 14:29:32,243 INFO Out dated connection ,size=0

2025-06-05 14:29:32,243 INFO Connection check task end

2025-06-05 14:29:35,185 INFO ConnectionMetrics, totalCount = 0, detail = {long_connection=0, long_polling=0}

2025-06-05 14:29:35,245 INFO Connection check task start

2025-06-05 14:29:35,246 INFO Long connection metrics detail ,Total count =0, sdkCount=0,clusterCount=0

2025-06-05 14:29:35,246 INFO Out dated connection ,size=0

2025-06-05 14:29:35,247 INFO Connection check task end

2025-06-05 14:29:38,187 INFO ConnectionMetrics, totalCount = 0, detail = {long_connection=0, long_polling=0}

2025-06-05 14:29:38,248 INFO Connection check task start

2025-06-05 14:29:38,249 INFO Long connection metrics detail ,Total count =0, sdkCount=0,clusterCount=0

2025-06-05 14:29:38,249 INFO Out dated connection ,size=0

2025-06-05 14:29:38,249 INFO Connection check task end

2025-06-05 14:29:41,189 INFO ConnectionMetrics, totalCount = 0, detail = {long_connection=0, long_polling=0}

2025-06-05 14:29:41,251 INFO Connection check task start

2025-06-05 14:29:41,253 INFO Long connection metrics detail ,Total count =0, sdkCount=0,clusterCount=0

2025-06-05 14:29:41,253 INFO Out dated connection ,size=0

2025-06-05 14:29:41,255 INFO Connection check task end

2025-06-05 14:29:44,191 INFO ConnectionMetrics, totalCount = 0, detail = {long_connection=0, long_polling=0}

2025-06-05 14:29:44,257 INFO Connection check task start

2025-06-05 14:29:44,258 INFO Long connection metrics detail ,Total count =0, sdkCount=0,clusterCount=0

2025-06-05 14:29:44,259 INFO Out dated connection ,size=0

2025-06-05 14:29:44,260 INFO Connection check task end

2025-06-05 14:29:47,194 INFO ConnectionMetrics, totalCount = 0, detail = {long_connection=0, long_polling=0}

2025-06-05 14:29:47,262 INFO Connection check task start

2025-06-05 14:29:47,263 INFO Long connection metrics detail ,Total count =0, sdkCount=0,clusterCount=0

2025-06-05 14:29:47,264 INFO Out dated connection ,size=0

2025-06-05 14:29:47,265 INFO Connection check task end

2025-06-05 14:29:50,197 INFO ConnectionMetrics, totalCount = 0, detail = {long_connection=0, long_polling=0}

2025-06-05 14:29:50,266 INFO Connection check task start

2025-06-05 14:29:50,267 INFO Long connection metrics detail ,Total count =0, sdkCount=0,clusterCount=0

2025-06-05 14:29:50,267 INFO Out dated connection ,size=0

2025-06-05 14:29:50,268 INFO Connection check task end

2025-06-05 14:29:53,199 INFO ConnectionMetrics, totalCount = 0, detail = {long_connection=0, long_polling=0}

2025-06-05 14:29:53,270 INFO Connection check task start

2025-06-05 14:29:53,272 INFO Long connection metrics detail ,Total count =0, sdkCount=0,clusterCount=0

2025-06-05 14:29:53,272 INFO Out dated connection ,size=0

2025-06-05 14:29:53,274 INFO Connection check task end

2025-06-05 14:29:56,202 INFO ConnectionMetrics, totalCount = 0, detail = {long_connection=0, long_polling=0}

2025-06-05 14:29:56,275 INFO Connection check task start

2025-06-05 14:29:56,276 INFO Long connection metrics detail ,Total count =0, sdkCount=0,clusterCount=0

2025-06-05 14:29:56,277 INFO Out dated connection ,size=0

2025-06-05 14:29:56,277 INFO Connection check task end

2025-06-05 14:29:59,204 INFO ConnectionMetrics, totalCount = 0, detail = {long_connection=0, long_polling=0}

2025-06-05 14:29:59,278 INFO Connection check task start

2025-06-05 14:29:59,279 INFO Long connection metrics detail ,Total count =0, sdkCount=0,clusterCount=0

2025-06-05 14:29:59,279 INFO Out dated connection ,size=0

2025-06-05 14:29:59,280 INFO Connection check task end

2025-06-05 14:30:02,206 INFO ConnectionMetrics, totalCount = 0, detail = {long_connection=0, long_polling=0}

2025-06-05 14:30:02,283 INFO Connection check task start

2025-06-05 14:30:02,283 INFO Long connection metrics detail ,Total count =0, sdkCount=0,clusterCount=0

2025-06-05 14:30:02,284 INFO Out dated connection ,size=0

2025-06-05 14:30:02,285 INFO Connection check task end

2025-06-05 14:30:05,208 INFO ConnectionMetrics, totalCount = 0, detail = {long_connection=0, long_polling=0}

2025-06-05 14:30:05,286 INFO Connection check task start

2025-06-05 14:30:05,287 INFO Long connection metrics detail ,Total count =0, sdkCount=0,clusterCount=0

2025-06-05 14:30:05,287 INFO Out dated connection ,size=0

2025-06-05 14:30:05,287 INFO Connection check task end

2025-06-05 14:30:08,210 INFO ConnectionMetrics, totalCount = 0, detail = {long_connection=0, long_polling=0}

2025-06-05 14:30:08,288 INFO Connection check task start

2025-06-05 14:30:08,289 INFO Long connection metrics detail ,Total count =0, sdkCount=0,clusterCount=0

2025-06-05 14:30:08,290 INFO Out dated connection ,size=0

2025-06-05 14:30:08,290 INFO Connection check task end

2025-06-05 14:30:11,212 INFO ConnectionMetrics, totalCount = 0, detail = {long_connection=0, long_polling=0}

2025-06-05 14:30:11,292 INFO Connection check task start

2025-06-05 14:30:11,293 INFO Long connection metrics detail ,Total count =0, sdkCount=0,clusterCount=0

2025-06-05 14:30:11,293 INFO Out dated connection ,size=0

2025-06-05 14:30:11,294 INFO Connection check task end

2025-06-05 14:30:14,213 INFO ConnectionMetrics, totalCount = 0, detail = {long_connection=0, long_polling=0}

2025-06-05 14:30:14,295 INFO Connection check task start

2025-06-05 14:30:14,296 INFO Long connection metrics detail ,Total count =0, sdkCount=0,clusterCount=0

2025-06-05 14:30:14,297 INFO Out dated connection ,size=0

2025-06-05 14:30:14,297 INFO Connection check task end

2025-06-05 14:30:17,217 INFO ConnectionMetrics, totalCount = 0, detail = {long_connection=0, long_polling=0}

2025-06-05 14:30:17,299 INFO Connection check task start

2025-06-05 14:30:17,300 INFO Long connection metrics detail ,Total count =0, sdkCount=0,clusterCount=0

2025-06-05 14:30:17,300 INFO Out dated connection ,size=0

2025-06-05 14:30:17,300 INFO Connection check task end

2025-06-05 14:30:20,219 INFO ConnectionMetrics, totalCount = 0, detail = {long_connection=0, long_polling=0}

2025-06-05 14:30:20,301 INFO Connection check task start

2025-06-05 14:30:20,301 INFO Long connection metrics detail ,Total count =0, sdkCount=0,clusterCount=0

2025-06-05 14:30:20,302 INFO Out dated connection ,size=0

2025-06-05 14:30:20,302 INFO Connection check task end

2025-06-05 14:30:23,221 INFO ConnectionMetrics, totalCount = 0, detail = {long_connection=0, long_polling=0}

2025-06-05 14:30:23,303 INFO Connection check task start

2025-06-05 14:30:23,304 INFO Long connection metrics detail ,Total count =0, sdkCount=0,clusterCount=0

2025-06-05 14:30:23,305 INFO Out dated connection ,size=0

2025-06-05 14:30:23,305 INFO Connection check task end

2025-06-05 14:30:26,222 INFO ConnectionMetrics, totalCount = 0, detail = {long_connection=0, long_polling=0}

2025-06-05 14:30:26,306 INFO Connection check task start

2025-06-05 14:30:26,307 INFO Long connection metrics detail ,Total count =0, sdkCount=0,clusterCount=0

2025-06-05 14:30:26,307 INFO Out dated connection ,size=0

2025-06-05 14:30:26,307 INFO Connection check task end

2025-06-05 14:30:29,224 INFO ConnectionMetrics, totalCount = 0, detail = {long_connection=0, long_polling=0}

2025-06-05 14:30:29,309 INFO Connection check task start

2025-06-05 14:30:29,310 INFO Long connection metrics detail ,Total count =0, sdkCount=0,clusterCount=0

2025-06-05 14:30:29,311 INFO Out dated connection ,size=0

2025-06-05 14:30:29,312 INFO Connection check task end

2025-06-05 14:30:32,226 INFO ConnectionMetrics, totalCount = 0, detail = {long_connection=0, long_polling=0}

2025-06-05 14:30:32,314 INFO Connection check task start

2025-06-05 14:30:32,314 INFO Long connection metrics detail ,Total count =0, sdkCount=0,clusterCount=0

2025-06-05 14:30:32,315 INFO Out dated connection ,size=0

2025-06-05 14:30:32,316 INFO Connection check task end

2025-06-05 14:30:35,228 INFO ConnectionMetrics, totalCount = 0, detail = {long_connection=0, long_polling=0}

2025-06-05 14:30:35,318 INFO Connection check task start

2025-06-05 14:30:35,319 INFO Long connection metrics detail ,Total count =0, sdkCount=0,clusterCount=0

2025-06-05 14:30:35,319 INFO Out dated connection ,size=0

2025-06-05 14:30:35,320 INFO Connection check task end

2025-06-05 14:30:38,229 INFO ConnectionMetrics, totalCount = 0, detail = {long_connection=0, long_polling=0}

2025-06-05 14:30:38,322 INFO Connection check task start

2025-06-05 14:30:38,323 INFO Long connection metrics detail ,Total count =0, sdkCount=0,clusterCount=0

2025-06-05 14:30:38,323 INFO Out dated connection ,size=0

2025-06-05 14:30:38,324 INFO Connection check task end

2025-06-05 14:30:41,232 INFO ConnectionMetrics, totalCount = 0, detail = {long_connection=0, long_polling=0}

2025-06-05 14:30:41,326 INFO Connection check task start

2025-06-05 14:30:41,326 INFO Long connection metrics detail ,Total count =0, sdkCount=0,clusterCount=0

2025-06-05 14:30:41,327 INFO Out dated connection ,size=0

2025-06-05 14:30:41,328 INFO Connection check task end

2025-06-05 14:30:44,234 INFO ConnectionMetrics, totalCount = 0, detail = {long_connection=0, long_polling=0}

2025-06-05 14:30:44,328 INFO Connection check task start

2025-06-05 14:30:44,329 INFO Long connection metrics detail ,Total count =0, sdkCount=0,clusterCount=0

2025-06-05 14:30:44,331 INFO Out dated connection ,size=0

2025-06-05 14:30:44,331 INFO Connection check task end

2025-06-05 14:30:47,236 INFO ConnectionMetrics, totalCount = 0, detail = {long_connection=0, long_polling=0}

2025-06-05 14:30:47,333 INFO Connection check task start

2025-06-05 14:30:47,334 INFO Long connection metrics detail ,Total count =0, sdkCount=0,clusterCount=0

2025-06-05 14:30:47,335 INFO Out dated connection ,size=0

2025-06-05 14:30:47,336 INFO Connection check task end

2025-06-05 14:30:50,238 INFO ConnectionMetrics, totalCount = 0, detail = {long_connection=0, long_polling=0}

2025-06-05 14:30:50,337 INFO Connection check task start

2025-06-05 14:30:50,338 INFO Long connection metrics detail ,Total count =0, sdkCount=0,clusterCount=0

2025-06-05 14:30:50,338 INFO Out dated connection ,size=0

2025-06-05 14:30:50,338 INFO Connection check task end

2025-06-05 14:30:53,240 INFO ConnectionMetrics, totalCount = 0, detail = {long_connection=0, long_polling=0}

2025-06-05 14:30:53,340 INFO Connection check task start

2025-06-05 14:30:53,341 INFO Long connection metrics detail ,Total count =0, sdkCount=0,clusterCount=0

2025-06-05 14:30:53,342 INFO Out dated connection ,size=0

2025-06-05 14:30:53,344 INFO Connection check task end

2025-06-05 14:30:56,242 INFO ConnectionMetrics, totalCount = 0, detail = {long_connection=0, long_polling=0}

2025-06-05 14:30:56,345 INFO Connection check task start

2025-06-05 14:30:56,351 INFO Long connection metrics detail ,Total count =0, sdkCount=0,clusterCount=0

2025-06-05 14:30:56,351 INFO Out dated connection ,size=0

2025-06-05 14:30:56,351 INFO Connection check task end

2025-06-05 14:30:59,243 INFO ConnectionMetrics, totalCount = 0, detail = {long_connection=0, long_polling=0}

2025-06-05 14:30:59,353 INFO Connection check task start

2025-06-05 14:30:59,354 INFO Long connection metrics detail ,Total count =0, sdkCount=0,clusterCount=0

2025-06-05 14:30:59,354 INFO Out dated connection ,size=0

2025-06-05 14:30:59,355 INFO Connection check task end

2025-06-05 14:31:02,251 INFO ConnectionMetrics, totalCount = 0, detail = {long_connection=0, long_polling=0}

2025-06-05 14:31:02,356 INFO Connection check task start

2025-06-05 14:31:02,356 INFO Long connection metrics detail ,Total count =0, sdkCount=0,clusterCount=0

2025-06-05 14:31:02,357 INFO Out dated connection ,size=0

2025-06-05 14:31:02,357 INFO Connection check task end

2025-06-05 14:31:05,252 INFO ConnectionMetrics, totalCount = 0, detail = {long_connection=0, long_polling=0}

2025-06-05 14:31:05,358 INFO Connection check task start

2025-06-05 14:31:05,359 INFO Long connection metrics detail ,Total count =0, sdkCount=0,clusterCount=0

2025-06-05 14:31:05,360 INFO Out dated connection ,size=0

2025-06-05 14:31:05,360 INFO Connection check task end

2025-06-05 14:31:08,254 INFO ConnectionMetrics, totalCount = 0, detail = {long_connection=0, long_polling=0}

2025-06-05 14:31:08,362 INFO Connection check task start

2025-06-05 14:31:08,363 INFO Long connection metrics detail ,Total count =0, sdkCount=0,clusterCount=0

2025-06-05 14:31:08,364 INFO Out dated connection ,size=0

2025-06-05 14:31:08,365 INFO Connection check task end

2025-06-05 14:31:11,257 INFO ConnectionMetrics, totalCount = 0, detail = {long_connection=0, long_polling=0}

2025-06-05 14:31:11,366 INFO Connection check task start

2025-06-05 14:31:11,367 INFO Long connection metrics detail ,Total count =0, sdkCount=0,clusterCount=0

2025-06-05 14:31:11,368 INFO Out dated connection ,size=0

2025-06-05 14:31:11,369 INFO Connection check task end

2025-06-05 14:31:14,259 INFO ConnectionMetrics, totalCount = 0, detail = {long_connection=0, long_polling=0}

2025-06-05 14:31:14,369 INFO Connection check task start

2025-06-05 14:31:14,370 INFO Long connection metrics detail ,Total count =0, sdkCount=0,clusterCount=0

2025-06-05 14:31:14,370 INFO Out dated connection ,size=0

2025-06-05 14:31:14,371 INFO Connection check task end

2025-06-05 14:31:17,262 INFO ConnectionMetrics, totalCount = 0, detail = {long_connection=0, long_polling=0}

2025-06-05 14:31:17,372 INFO Connection check task start

2025-06-05 14:31:17,373 INFO Long connection metrics detail ,Total count =0, sdkCount=0,clusterCount=0

2025-06-05 14:31:17,373 INFO Out dated connection ,size=0

2025-06-05 14:31:17,374 INFO Connection check task end

2025-06-05 14:31:20,263 INFO ConnectionMetrics, totalCount = 0, detail = {long_connection=0, long_polling=0}

2025-06-05 14:31:20,376 INFO Connection check task start

2025-06-05 14:31:20,376 INFO Long connection metrics detail ,Total count =0, sdkCount=0,clusterCount=0

2025-06-05 14:31:20,377 INFO Out dated connection ,size=0

2025-06-05 14:31:20,377 INFO Connection check task end

2025-06-05 14:31:23,266 INFO ConnectionMetrics, totalCount = 0, detail = {long_connection=0, long_polling=0}

2025-06-05 14:31:23,378 INFO Connection check task start

2025-06-05 14:31:23,379 INFO Long connection metrics detail ,Total count =0, sdkCount=0,clusterCount=0

2025-06-05 14:31:23,380 INFO Out dated connection ,size=0

2025-06-05 14:31:23,381 INFO Connection check task end

2025-06-05 14:31:26,267 INFO ConnectionMetrics, totalCount = 0, detail = {long_connection=0, long_polling=0}

2025-06-05 14:31:26,382 INFO Connection check task start

2025-06-05 14:31:26,383 INFO Long connection metrics detail ,Total count =0, sdkCount=0,clusterCount=0

2025-06-05 14:31:26,384 INFO Out dated connection ,size=0

2025-06-05 14:31:26,384 INFO Connection check task end

2025-06-05 14:31:29,269 INFO ConnectionMetrics, totalCount = 0, detail = {long_connection=0, long_polling=0}

2025-06-05 14:31:29,386 INFO Connection check task start

2025-06-05 14:31:29,388 INFO Long connection metrics detail ,Total count =0, sdkCount=0,clusterCount=0

2025-06-05 14:31:29,389 INFO Out dated connection ,size=0

2025-06-05 14:31:29,391 INFO Connection check task end

2025-06-05 14:31:32,271 INFO ConnectionMetrics, totalCount = 0, detail = {long_connection=0, long_polling=0}

2025-06-05 14:31:32,392 INFO Connection check task start

2025-06-05 14:31:32,394 INFO Long connection metrics detail ,Total count =0, sdkCount=0,clusterCount=0

2025-06-05 14:31:32,395 INFO Out dated connection ,size=0

2025-06-05 14:31:32,396 INFO Connection check task end

2025-06-05 14:31:35,273 INFO ConnectionMetrics, totalCount = 0, detail = {long_connection=0, long_polling=0}

2025-06-05 14:31:35,398 INFO Connection check task start

2025-06-05 14:31:35,399 INFO Long connection metrics detail ,Total count =0, sdkCount=0,clusterCount=0

2025-06-05 14:31:35,401 INFO Out dated connection ,size=0

2025-06-05 14:31:35,401 INFO Connection check task end

2025-06-05 14:31:38,275 INFO ConnectionMetrics, totalCount = 0, detail = {long_connection=0, long_polling=0}

2025-06-05 14:31:38,402 INFO Connection check task start

2025-06-05 14:31:38,403 INFO Long connection metrics detail ,Total count =0, sdkCount=0,clusterCount=0

2025-06-05 14:31:38,404 INFO Out dated connection ,size=0

2025-06-05 14:31:38,405 INFO Connection check task end

2025-06-05 14:31:41,278 INFO ConnectionMetrics, totalCount = 0, detail = {long_connection=0, long_polling=0}

2025-06-05 14:31:41,406 INFO Connection check task start

2025-06-05 14:31:41,408 INFO Long connection metrics detail ,Total count =0, sdkCount=0,clusterCount=0

2025-06-05 14:31:41,410 INFO Out dated connection ,size=0

2025-06-05 14:31:41,411 INFO Connection check task end

2025-06-05 14:31:44,280 INFO ConnectionMetrics, totalCount = 0, detail = {long_connection=0, long_polling=0}

2025-06-05 14:31:44,413 INFO Connection check task start

2025-06-05 14:31:44,414 INFO Long connection metrics detail ,Total count =0, sdkCount=0,clusterCount=0

2025-06-05 14:31:44,416 INFO Out dated connection ,size=0

2025-06-05 14:31:44,417 INFO Connection check task end

2025-06-05 14:31:47,283 INFO ConnectionMetrics, totalCount = 0, detail = {long_connection=0, long_polling=0}

2025-06-05 14:31:47,419 INFO Connection check task start

2025-06-05 14:31:47,420 INFO Long connection metrics detail ,Total count =0, sdkCount=0,clusterCount=0

2025-06-05 14:31:47,421 INFO Out dated connection ,size=0

2025-06-05 14:31:47,422 INFO Connection check task end

2025-06-05 14:31:50,286 INFO ConnectionMetrics, totalCount = 0, detail = {long_connection=0, long_polling=0}

2025-06-05 14:31:50,424 INFO Connection check task start

2025-06-05 14:31:50,425 INFO Long connection metrics detail ,Total count =0, sdkCount=0,clusterCount=0

2025-06-05 14:31:50,426 INFO Out dated connection ,size=0

2025-06-05 14:31:50,426 INFO Connection check task end

2025-06-05 14:31:53,289 INFO ConnectionMetrics, totalCount = 0, detail = {long_connection=0, long_polling=0}

2025-06-05 14:31:53,428 INFO Connection check task start

2025-06-05 14:31:53,430 INFO Long connection metrics detail ,Total count =0, sdkCount=0,clusterCount=0

2025-06-05 14:31:53,431 INFO Out dated connection ,size=0

2025-06-05 14:31:53,432 INFO Connection check task end

2025-06-05 14:31:56,292 INFO ConnectionMetrics, totalCount = 0, detail = {long_connection=0, long_polling=0}

2025-06-05 14:31:56,434 INFO Connection check task start

2025-06-05 14:31:56,435 INFO Long connection metrics detail ,Total count =0, sdkCount=0,clusterCount=0

2025-06-05 14:31:56,436 INFO Out dated connection ,size=0

2025-06-05 14:31:56,436 INFO Connection check task end

2025-06-05 14:31:59,294 INFO ConnectionMetrics, totalCount = 0, detail = {long_connection=0, long_polling=0}

2025-06-05 14:31:59,438 INFO Connection check task start

2025-06-05 14:31:59,439 INFO Long connection metrics detail ,Total count =0, sdkCount=0,clusterCount=0

2025-06-05 14:31:59,440 INFO Out dated connection ,size=0

2025-06-05 14:31:59,440 INFO Connection check task end

2025-06-05 14:32:02,297 INFO ConnectionMetrics, totalCount = 0, detail = {long_connection=0, long_polling=0}

2025-06-05 14:32:02,441 INFO Connection check task start

2025-06-05 14:32:02,442 INFO Long connection metrics detail ,Total count =0, sdkCount=0,clusterCount=0

2025-06-05 14:32:02,442 INFO Out dated connection ,size=0

2025-06-05 14:32:02,442 INFO Connection check task end

2025-06-05 14:32:05,299 INFO ConnectionMetrics, totalCount = 0, detail = {long_connection=0, long_polling=0}

2025-06-05 14:32:05,443 INFO Connection check task start

2025-06-05 14:32:05,444 INFO Long connection metrics detail ,Total count =0, sdkCount=0,clusterCount=0

2025-06-05 14:32:05,445 INFO Out dated connection ,size=0

2025-06-05 14:32:05,446 INFO Connection check task end

2025-06-05 14:32:08,301 INFO ConnectionMetrics, totalCount = 0, detail = {long_connection=0, long_polling=0}

2025-06-05 14:32:08,447 INFO Connection check task start

2025-06-05 14:32:08,448 INFO Long connection metrics detail ,Total count =0, sdkCount=0,clusterCount=0

2025-06-05 14:32:08,449 INFO Out dated connection ,size=0

2025-06-05 14:32:08,449 INFO Connection check task end

2025-06-05 14:32:11,303 INFO ConnectionMetrics, totalCount = 0, detail = {long_connection=0, long_polling=0}

2025-06-05 14:32:11,451 INFO Connection check task start

2025-06-05 14:32:11,453 INFO Long connection metrics detail ,Total count =0, sdkCount=0,clusterCount=0

2025-06-05 14:32:11,454 INFO Out dated connection ,size=0

2025-06-05 14:32:11,455 INFO Connection check task end

2025-06-05 14:32:14,306 INFO ConnectionMetrics, totalCount = 0, detail = {long_connection=0, long_polling=0}

2025-06-05 14:32:14,456 INFO Connection check task start

2025-06-05 14:32:14,457 INFO Long connection metrics detail ,Total count =0, sdkCount=0,clusterCount=0

2025-06-05 14:32:14,458 INFO Out dated connection ,size=0

2025-06-05 14:32:14,459 INFO Connection check task end

2025-06-05 14:32:17,309 INFO ConnectionMetrics, totalCount = 0, detail = {long_connection=0, long_polling=0}

2025-06-05 14:32:17,461 INFO Connection check task start

2025-06-05 14:32:17,463 INFO Long connection metrics detail ,Total count =0, sdkCount=0,clusterCount=0

2025-06-05 14:32:17,464 INFO Out dated connection ,size=0

2025-06-05 14:32:17,465 INFO Connection check task end

2025-06-05 14:32:20,311 INFO ConnectionMetrics, totalCount = 0, detail = {long_connection=0, long_polling=0}

2025-06-05 14:32:20,467 INFO Connection check task start

2025-06-05 14:32:20,468 INFO Long connection metrics detail ,Total count =0, sdkCount=0,clusterCount=0

2025-06-05 14:32:20,469 INFO Out dated connection ,size=0

2025-06-05 14:32:20,470 INFO Connection check task end

2025-06-05 14:32:23,314 INFO ConnectionMetrics, totalCount = 0, detail = {long_connection=0, long_polling=0}

2025-06-05 14:32:23,471 INFO Connection check task start

2025-06-05 14:32:23,472 INFO Long connection metrics detail ,Total count =0, sdkCount=0,clusterCount=0

2025-06-05 14:32:23,473 INFO Out dated connection ,size=0

2025-06-05 14:32:23,474 INFO Connection check task end

2025-06-05 14:32:26,315 INFO ConnectionMetrics, totalCount = 0, detail = {long_connection=0, long_polling=0}

2025-06-05 14:32:26,474 INFO Connection check task start

2025-06-05 14:32:26,475 INFO Long connection metrics detail ,Total count =0, sdkCount=0,clusterCount=0

2025-06-05 14:32:26,475 INFO Out dated connection ,size=0

2025-06-05 14:32:26,476 INFO Connection check task end

2025-06-05 14:32:29,317 INFO ConnectionMetrics, totalCount = 0, detail = {long_connection=0, long_polling=0}

2025-06-05 14:32:29,477 INFO Connection check task start

2025-06-05 14:32:29,479 INFO Long connection metrics detail ,Total count =0, sdkCount=0,clusterCount=0

2025-06-05 14:32:29,480 INFO Out dated connection ,size=0

2025-06-05 14:32:29,481 INFO Connection check task end

2025-06-05 14:32:32,320 INFO ConnectionMetrics, totalCount = 0, detail = {long_connection=0, long_polling=0}

2025-06-05 14:32:32,483 INFO Connection check task start

2025-06-05 14:32:32,484 INFO Long connection metrics detail ,Total count =0, sdkCount=0,clusterCount=0

2025-06-05 14:32:32,485 INFO Out dated connection ,size=0

2025-06-05 14:32:32,486 INFO Connection check task end

2025-06-05 14:32:35,322 INFO ConnectionMetrics, totalCount = 0, detail = {long_connection=0, long_polling=0}

2025-06-05 14:32:35,488 INFO Connection check task start

2025-06-05 14:32:35,489 INFO Long connection metrics detail ,Total count =0, sdkCount=0,clusterCount=0

2025-06-05 14:32:35,489 INFO Out dated connection ,size=0

2025-06-05 14:32:35,490 INFO Connection check task end

2025-06-05 14:32:38,325 INFO ConnectionMetrics, totalCount = 0, detail = {long_connection=0, long_polling=0}

2025-06-05 14:32:38,491 INFO Connection check task start

2025-06-05 14:32:38,492 INFO Long connection metrics detail ,Total count =0, sdkCount=0,clusterCount=0

2025-06-05 14:32:38,493 INFO Out dated connection ,size=0

2025-06-05 14:32:38,494 INFO Connection check task end

2025-06-05 14:32:41,327 INFO ConnectionMetrics, totalCount = 0, detail = {long_connection=0, long_polling=0}

2025-06-05 14:32:41,496 INFO Connection check task start

2025-06-05 14:32:41,498 INFO Long connection metrics detail ,Total count =0, sdkCount=0,clusterCount=0

2025-06-05 14:32:41,499 INFO Out dated connection ,size=0

2025-06-05 14:32:41,501 INFO Connection check task end

2025-06-05 14:32:44,329 INFO ConnectionMetrics, totalCount = 0, detail = {long_connection=0, long_polling=0}

2025-06-05 14:32:44,502 INFO Connection check task start

2025-06-05 14:32:44,504 INFO Long connection metrics detail ,Total count =0, sdkCount=0,clusterCount=0

2025-06-05 14:32:44,505 INFO Out dated connection ,size=0

2025-06-05 14:32:44,506 INFO Connection check task end

2025-06-05 14:32:47,333 INFO ConnectionMetrics, totalCount = 0, detail = {long_connection=0, long_polling=0}

2025-06-05 14:32:47,507 INFO Connection check task start

2025-06-05 14:32:47,509 INFO Long connection metrics detail ,Total count =0, sdkCount=0,clusterCount=0

2025-06-05 14:32:47,510 INFO Out dated connection ,size=0

2025-06-05 14:32:47,511 INFO Connection check task end

2025-06-05 14:32:50,335 INFO ConnectionMetrics, totalCount = 0, detail = {long_connection=0, long_polling=0}

2025-06-05 14:32:50,513 INFO Connection check task start

2025-06-05 14:32:50,514 INFO Long connection metrics detail ,Total count =0, sdkCount=0,clusterCount=0

2025-06-05 14:32:50,515 INFO Out dated connection ,size=0

2025-06-05 14:32:50,516 INFO Connection check task end

2025-06-05 14:32:53,338 INFO ConnectionMetrics, totalCount = 0, detail = {long_connection=0, long_polling=0}

2025-06-05 14:32:53,518 INFO Connection check task start

2025-06-05 14:32:53,519 INFO Long connection metrics detail ,Total count =0, sdkCount=0,clusterCount=0

2025-06-05 14:32:53,520 INFO Out dated connection ,size=0

2025-06-05 14:32:53,521 INFO Connection check task end

2025-06-05 14:32:56,341 INFO ConnectionMetrics, totalCount = 0, detail = {long_connection=0, long_polling=0}

2025-06-05 14:32:56,522 INFO Connection check task start

2025-06-05 14:32:56,524 INFO Long connection metrics detail ,Total count =0, sdkCount=0,clusterCount=0

2025-06-05 14:32:56,525 INFO Out dated connection ,size=0

2025-06-05 14:32:56,526 INFO Connection check task end

2025-06-05 14:32:59,344 INFO ConnectionMetrics, totalCount = 0, detail = {long_connection=0, long_polling=0}

2025-06-05 14:32:59,529 INFO Connection check task start

2025-06-05 14:32:59,531 INFO Long connection metrics detail ,Total count =0, sdkCount=0,clusterCount=0

2025-06-05 14:32:59,532 INFO Out dated connection ,size=0

2025-06-05 14:32:59,533 INFO Connection check task end

2025-06-05 14:33:02,346 INFO ConnectionMetrics, totalCount = 0, detail = {long_connection=0, long_polling=0}

2025-06-05 14:33:02,535 INFO Connection check task start

2025-06-05 14:33:02,535 INFO Long connection metrics detail ,Total count =0, sdkCount=0,clusterCount=0

2025-06-05 14:33:02,536 INFO Out dated connection ,size=0

2025-06-05 14:33:02,536 INFO Connection check task end

2025-06-05 14:33:05,347 INFO ConnectionMetrics, totalCount = 0, detail = {long_connection=0, long_polling=0}

2025-06-05 14:33:05,538 INFO Connection check task start

2025-06-05 14:33:05,539 INFO Long connection metrics detail ,Total count =0, sdkCount=0,clusterCount=0

2025-06-05 14:33:05,539 INFO Out dated connection ,size=0

2025-06-05 14:33:05,539 INFO Connection check task end

2025-06-05 14:33:08,349 INFO ConnectionMetrics, totalCount = 0, detail = {long_connection=0, long_polling=0}

2025-06-05 14:33:08,540 INFO Connection check task start

2025-06-05 14:33:08,541 INFO Long connection metrics detail ,Total count =0, sdkCount=0,clusterCount=0

2025-06-05 14:33:08,541 INFO Out dated connection ,size=0

2025-06-05 14:33:08,541 INFO Connection check task end

2025-06-05 14:33:11,351 INFO ConnectionMetrics, totalCount = 0, detail = {long_connection=0, long_polling=0}

2025-06-05 14:33:11,542 INFO Connection check task start

2025-06-05 14:33:11,543 INFO Long connection metrics detail ,Total count =0, sdkCount=0,clusterCount=0

2025-06-05 14:33:11,544 INFO Out dated connection ,size=0

2025-06-05 14:33:11,544 INFO Connection check task end

2025-06-05 14:33:14,353 INFO ConnectionMetrics, totalCount = 0, detail = {long_connection=0, long_polling=0}

2025-06-05 14:33:14,546 INFO Connection check task start

2025-06-05 14:33:14,547 INFO Long connection metrics detail ,Total count =0, sdkCount=0,clusterCount=0

2025-06-05 14:33:14,547 INFO Out dated connection ,size=0

2025-06-05 14:33:14,548 INFO Connection check task end

2025-06-05 14:33:17,355 INFO ConnectionMetrics, totalCount = 0, detail = {long_connection=0, long_polling=0}

2025-06-05 14:33:17,550 INFO Connection check task start

2025-06-05 14:33:17,552 INFO Long connection metrics detail ,Total count =0, sdkCount=0,clusterCount=0

2025-06-05 14:33:17,553 INFO Out dated connection ,size=0

2025-06-05 14:33:17,554 INFO Connection check task end

2025-06-05 14:33:20,357 INFO ConnectionMetrics, totalCount = 0, detail = {long_connection=0, long_polling=0}

2025-06-05 14:33:20,556 INFO Connection check task start

2025-06-05 14:33:20,557 INFO Long connection metrics detail ,Total count =0, sdkCount=0,clusterCount=0

2025-06-05 14:33:20,559 INFO Out dated connection ,size=0

2025-06-05 14:33:20,559 INFO Connection check task end

2025-06-05 14:33:23,361 INFO ConnectionMetrics, totalCount = 0, detail = {long_connection=0, long_polling=0}

2025-06-05 14:33:23,561 INFO Connection check task start

2025-06-05 14:33:23,562 INFO Long connection metrics detail ,Total count =0, sdkCount=0,clusterCount=0

2025-06-05 14:33:23,563 INFO Out dated connection ,size=0

2025-06-05 14:33:23,563 INFO Connection check task end

2025-06-05 14:33:26,365 INFO ConnectionMetrics, totalCount = 0, detail = {long_connection=0, long_polling=0}

2025-06-05 14:33:26,565 INFO Connection check task start

2025-06-05 14:33:26,566 INFO Long connection metrics detail ,Total count =0, sdkCount=0,clusterCount=0

2025-06-05 14:33:26,566 INFO Out dated connection ,size=0

2025-06-05 14:33:26,567 INFO Connection check task end

2025-06-05 14:33:29,367 INFO ConnectionMetrics, totalCount = 0, detail = {long_connection=0, long_polling=0}

2025-06-05 14:33:29,570 INFO Connection check task start

2025-06-05 14:33:29,571 INFO Long connection metrics detail ,Total count =0, sdkCount=0,clusterCount=0

2025-06-05 14:33:29,572 INFO Out dated connection ,size=0

2025-06-05 14:33:29,572 INFO Connection check task end

2025-06-05 14:33:32,369 INFO ConnectionMetrics, totalCount = 0, detail = {long_connection=0, long_polling=0}

2025-06-05 14:33:32,574 INFO Connection check task start

2025-06-05 14:33:32,576 INFO Long connection metrics detail ,Total count =0, sdkCount=0,clusterCount=0

2025-06-05 14:33:32,577 INFO Out dated connection ,size=0

2025-06-05 14:33:32,578 INFO Connection check task end

2025-06-05 14:33:35,371 INFO ConnectionMetrics, totalCount = 0, detail = {long_connection=0, long_polling=0}

2025-06-05 14:33:35,580 INFO Connection check task start

2025-06-05 14:33:35,581 INFO Long connection metrics detail ,Total count =0, sdkCount=0,clusterCount=0

2025-06-05 14:33:35,581 INFO Out dated connection ,size=0

2025-06-05 14:33:35,582 INFO Connection check task end

2025-06-05 14:33:38,373 INFO ConnectionMetrics, totalCount = 0, detail = {long_connection=0, long_polling=0}

2025-06-05 14:33:38,583 INFO Connection check task start

2025-06-05 14:33:38,583 INFO Long connection metrics detail ,Total count =0, sdkCount=0,clusterCount=0

2025-06-05 14:33:38,584 INFO Out dated connection ,size=0

2025-06-05 14:33:38,584 INFO Connection check task end

2025-06-05 14:33:41,374 INFO ConnectionMetrics, totalCount = 0, detail = {long_connection=0, long_polling=0}

2025-06-05 14:33:41,586 INFO Connection check task start

2025-06-05 14:33:41,588 INFO Long connection metrics detail ,Total count =0, sdkCount=0,clusterCount=0

2025-06-05 14:33:41,589 INFO Out dated connection ,size=0

2025-06-05 14:33:41,591 INFO Connection check task end

2025-06-05 14:33:44,377 INFO ConnectionMetrics, totalCount = 0, detail = {long_connection=0, long_polling=0}

2025-06-05 14:33:44,593 INFO Connection check task start

2025-06-05 14:33:44,594 INFO Long connection metrics detail ,Total count =0, sdkCount=0,clusterCount=0

2025-06-05 14:33:44,595 INFO Out dated connection ,size=0

2025-06-05 14:33:44,595 INFO Connection check task end

2025-06-05 14:33:47,379 INFO ConnectionMetrics, totalCount = 0, detail = {long_connection=0, long_polling=0}

2025-06-05 14:33:47,596 INFO Connection check task start

2025-06-05 14:33:47,597 INFO Long connection metrics detail ,Total count =0, sdkCount=0,clusterCount=0

2025-06-05 14:33:47,598 INFO Out dated connection ,size=0

2025-06-05 14:33:47,599 INFO Connection check task end

2025-06-05 14:33:50,381 INFO ConnectionMetrics, totalCount = 0, detail = {long_connection=0, long_polling=0}

2025-06-05 14:33:50,599 INFO Connection check task start

2025-06-05 14:33:50,600 INFO Long connection metrics detail ,Total count =0, sdkCount=0,clusterCount=0

2025-06-05 14:33:50,601 INFO Out dated connection ,size=0

2025-06-05 14:33:50,602 INFO Connection check task end

2025-06-05 14:33:53,383 INFO ConnectionMetrics, totalCount = 0, detail = {long_connection=0, long_polling=0}

2025-06-05 14:33:53,604 INFO Connection check task start

2025-06-05 14:33:53,605 INFO Long connection metrics detail ,Total count =0, sdkCount=0,clusterCount=0

2025-06-05 14:33:53,605 INFO Out dated connection ,size=0

2025-06-05 14:33:53,606 INFO Connection check task end

2025-06-05 14:33:56,385 INFO ConnectionMetrics, totalCount = 0, detail = {long_connection=0, long_polling=0}

2025-06-05 14:33:56,608 INFO Connection check task start

2025-06-05 14:33:56,609 INFO Long connection metrics detail ,Total count =0, sdkCount=0,clusterCount=0

2025-06-05 14:33:56,611 INFO Out dated connection ,size=0

2025-06-05 14:33:56,611 INFO Connection check task end

2025-06-05 14:33:59,386 INFO ConnectionMetrics, totalCount = 0, detail = {long_connection=0, long_polling=0}

2025-06-05 14:33:59,613 INFO Connection check task start

2025-06-05 14:33:59,615 INFO Long connection metrics detail ,Total count =0, sdkCount=0,clusterCount=0

2025-06-05 14:33:59,615 INFO Out dated connection ,size=0

2025-06-05 14:33:59,616 INFO Connection check task end

2025-06-05 14:34:02,388 INFO ConnectionMetrics, totalCount = 0, detail = {long_connection=0, long_polling=0}

2025-06-05 14:34:02,618 INFO Connection check task start

2025-06-05 14:34:02,618 INFO Long connection metrics detail ,Total count =0, sdkCount=0,clusterCount=0

2025-06-05 14:34:02,619 INFO Out dated connection ,size=0

2025-06-05 14:34:02,620 INFO Connection check task end

2025-06-05 14:34:05,390 INFO ConnectionMetrics, totalCount = 0, detail = {long_connection=0, long_polling=0}

2025-06-05 14:34:05,622 INFO Connection check task start

2025-06-05 14:34:05,623 INFO Long connection metrics detail ,Total count =0, sdkCount=0,clusterCount=0

2025-06-05 14:34:05,623 INFO Out dated connection ,size=0

2025-06-05 14:34:05,624 INFO Connection check task end

2025-06-05 14:34:08,392 INFO ConnectionMetrics, totalCount = 0, detail = {long_connection=0, long_polling=0}

2025-06-05 14:34:08,624 INFO Connection check task start

2025-06-05 14:34:08,625 INFO Long connection metrics detail ,Total count =0, sdkCount=0,clusterCount=0

2025-06-05 14:34:08,626 INFO Out dated connection ,size=0

2025-06-05 14:34:08,626 INFO Connection check task end

2025-06-05 14:34:11,395 INFO ConnectionMetrics, totalCount = 0, detail = {long_connection=0, long_polling=0}

2025-06-05 14:34:11,628 INFO Connection check task start

2025-06-05 14:34:11,629 INFO Long connection metrics detail ,Total count =0, sdkCount=0,clusterCount=0

2025-06-05 14:34:11,630 INFO Out dated connection ,size=0

2025-06-05 14:34:11,631 INFO Connection check task end

2025-06-05 14:34:14,397 INFO ConnectionMetrics, totalCount = 0, detail = {long_connection=0, long_polling=0}

2025-06-05 14:34:14,633 INFO Connection check task start

2025-06-05 14:34:14,634 INFO Long connection metrics detail ,Total count =0, sdkCount=0,clusterCount=0

2025-06-05 14:34:14,635 INFO Out dated connection ,size=0

2025-06-05 14:34:14,636 INFO Connection check task end

2025-06-05 14:34:17,400 INFO ConnectionMetrics, totalCount = 0, detail = {long_connection=0, long_polling=0}

2025-06-05 14:34:17,637 INFO Connection check task start

2025-06-05 14:34:17,639 INFO Long connection metrics detail ,Total count =0, sdkCount=0,clusterCount=0

2025-06-05 14:34:17,640 INFO Out dated connection ,size=0

2025-06-05 14:34:17,641 INFO Connection check task end

2025-06-05 14:34:20,402 INFO ConnectionMetrics, totalCount = 0, detail = {long_connection=0, long_polling=0}

2025-06-05 14:34:20,644 INFO Connection check task start

2025-06-05 14:34:20,645 INFO Long connection metrics detail ,Total count =0, sdkCount=0,clusterCount=0

2025-06-05 14:34:20,646 INFO Out dated connection ,size=0

2025-06-05 14:34:20,647 INFO Connection check task end

2025-06-05 14:34:23,405 INFO ConnectionMetrics, totalCount = 0, detail = {long_connection=0, long_polling=0}

2025-06-05 14:34:23,650 INFO Connection check task start

2025-06-05 14:34:23,651 INFO Long connection metrics detail ,Total count =0, sdkCount=0,clusterCount=0

2025-06-05 14:34:23,652 INFO Out dated connection ,size=0

2025-06-05 14:34:23,653 INFO Connection check task end

2025-06-05 14:34:26,408 INFO ConnectionMetrics, totalCount = 0, detail = {long_connection=0, long_polling=0}

2025-06-05 14:34:26,655 INFO Connection check task start

2025-06-05 14:34:26,656 INFO Long connection metrics detail ,Total count =0, sdkCount=0,clusterCount=0

2025-06-05 14:34:26,656 INFO Out dated connection ,size=0

2025-06-05 14:34:26,657 INFO Connection check task end

2025-06-05 14:34:29,411 INFO ConnectionMetrics, totalCount = 0, detail = {long_connection=0, long_polling=0}

2025-06-05 14:34:29,659 INFO Connection check task start

2025-06-05 14:34:29,660 INFO Long connection metrics detail ,Total count =0, sdkCount=0,clusterCount=0

2025-06-05 14:34:29,661 INFO Out dated connection ,size=0

2025-06-05 14:34:29,662 INFO Connection check task end

2025-06-05 14:34:32,413 INFO ConnectionMetrics, totalCount = 0, detail = {long_connection=0, long_polling=0}

2025-06-05 14:34:32,663 INFO Connection check task start

2025-06-05 14:34:32,664 INFO Long connection metrics detail ,Total count =0, sdkCount=0,clusterCount=0

2025-06-05 14:34:32,665 INFO Out dated connection ,size=0

2025-06-05 14:34:32,666 INFO Connection check task end

2025-06-05 14:34:35,414 INFO ConnectionMetrics, totalCount = 0, detail = {long_connection=0, long_polling=0}

2025-06-05 14:34:35,667 INFO Connection check task start

2025-06-05 14:34:35,669 INFO Long connection metrics detail ,Total count =0, sdkCount=0,clusterCount=0

2025-06-05 14:34:35,669 INFO Out dated connection ,size=0

2025-06-05 14:34:35,670 INFO Connection check task end

2025-06-05 14:34:38,417 INFO ConnectionMetrics, totalCount = 0, detail = {long_connection=0, long_polling=0}

2025-06-05 14:34:38,671 INFO Connection check task start

2025-06-05 14:34:38,672 INFO Long connection metrics detail ,Total count =0, sdkCount=0,clusterCount=0

2025-06-05 14:34:38,673 INFO Out dated connection ,size=0

2025-06-05 14:34:38,675 INFO Connection check task end

2025-06-05 14:34:41,419 INFO ConnectionMetrics, totalCount = 0, detail = {long_connection=0, long_polling=0}

2025-06-05 14:34:41,677 INFO Connection check task start

2025-06-05 14:34:41,678 INFO Long connection metrics detail ,Total count =0, sdkCount=0,clusterCount=0

2025-06-05 14:34:41,678 INFO Out dated connection ,size=0

2025-06-05 14:34:41,679 INFO Connection check task end

2025-06-05 14:34:44,421 INFO ConnectionMetrics, totalCount = 0, detail = {long_connection=0, long_polling=0}

2025-06-05 14:34:44,680 INFO Connection check task start

2025-06-05 14:34:44,682 INFO Long connection metrics detail ,Total count =0, sdkCount=0,clusterCount=0

2025-06-05 14:34:44,682 INFO Out dated connection ,size=0

2025-06-05 14:34:44,682 INFO Connection check task end

2025-06-05 14:34:47,423 INFO ConnectionMetrics, totalCount = 0, detail = {long_connection=0, long_polling=0}

2025-06-05 14:34:47,683 INFO Connection check task start

2025-06-05 14:34:47,684 INFO Long connection metrics detail ,Total count =0, sdkCount=0,clusterCount=0

2025-06-05 14:34:47,685 INFO Out dated connection ,size=0

2025-06-05 14:34:47,685 INFO Connection check task end

2025-06-05 14:37:20,089 INFO Fail to find connection runtime ejector for name nacos,use default

2025-06-05 14:37:21,092 INFO Connection check task start

2025-06-05 14:37:21,097 INFO Long connection metrics detail ,Total count =0, sdkCount=0,clusterCount=0

2025-06-05 14:37:21,098 INFO Out dated connection ,size=0

2025-06-05 14:37:21,098 INFO Connection check task end

2025-06-05 14:37:21,273 INFO ConnectionMetrics, totalCount = 0, detail = {long_connection=0, long_polling=0}

2025-06-05 14:37:24,120 INFO Connection check task start

2025-06-05 14:37:24,122 INFO Long connection metrics detail ,Total count =0, sdkCount=0,clusterCount=0

2025-06-05 14:37:24,122 INFO Out dated connection ,size=0

2025-06-05 14:37:24,123 INFO Connection check task end

2025-06-05 14:37:24,277 INFO ConnectionMetrics, totalCount = 0, detail = {long_connection=0, long_polling=0}

2025-06-05 14:37:27,139 INFO Connection check task start

2025-06-05 14:37:27,140 INFO Long connection metrics detail ,Total count =0, sdkCount=0,clusterCount=0

2025-06-05 14:37:27,141 INFO Out dated connection ,size=0

2025-06-05 14:37:27,141 INFO Connection check task end

2025-06-05 14:37:27,296 INFO ConnectionMetrics, totalCount = 0, detail = {long_connection=0, long_polling=0}

2025-06-05 14:37:30,142 INFO Connection check task start

2025-06-05 14:37:30,143 INFO Long connection metrics detail ,Total count =0, sdkCount=0,clusterCount=0

2025-06-05 14:37:30,143 INFO Out dated connection ,size=0

2025-06-05 14:37:30,143 INFO Connection check task end

2025-06-05 14:37:30,298 INFO ConnectionMetrics, totalCount = 0, detail = {long_connection=0, long_polling=0}

2025-06-05 14:37:33,144 INFO Connection check task start

2025-06-05 14:37:33,146 INFO Long connection metrics detail ,Total count =0, sdkCount=0,clusterCount=0

2025-06-05 14:37:33,147 INFO Out dated connection ,size=0

2025-06-05 14:37:33,148 INFO Connection check task end

2025-06-05 14:37:33,301 INFO ConnectionMetrics, totalCount = 0, detail = {long_connection=0, long_polling=0}

2025-06-05 14:37:36,149 INFO Connection check task start

2025-06-05 14:37:36,150 INFO Long connection metrics detail ,Total count =0, sdkCount=0,clusterCount=0

2025-06-05 14:37:36,150 INFO Out dated connection ,size=0

2025-06-05 14:37:36,151 INFO Connection check task end

2025-06-05 14:37:36,302 INFO ConnectionMetrics, totalCount = 0, detail = {long_connection=0, long_polling=0}

2025-06-05 14:37:39,152 INFO Connection check task start

2025-06-05 14:37:39,154 INFO Long connection metrics detail ,Total count =0, sdkCount=0,clusterCount=0

2025-06-05 14:37:39,155 INFO Out dated connection ,size=0

2025-06-05 14:37:39,155 INFO Connection check task end

2025-06-05 14:37:39,304 INFO ConnectionMetrics, totalCount = 0, detail = {long_connection=0, long_polling=0}

2025-06-05 14:37:42,157 INFO Connection check task start

2025-06-05 14:37:42,158 INFO Long connection metrics detail ,Total count =0, sdkCount=0,clusterCount=0

2025-06-05 14:37:42,159 INFO Out dated connection ,size=0

2025-06-05 14:37:42,160 INFO Connection check task end

2025-06-05 14:37:42,306 INFO ConnectionMetrics, totalCount = 0, detail = {long_connection=0, long_polling=0}

2025-06-05 14:37:45,161 INFO Connection check task start

2025-06-05 14:37:45,161 INFO Long connection metrics detail ,Total count =0, sdkCount=0,clusterCount=0

2025-06-05 14:37:45,162 INFO Out dated connection ,size=0

2025-06-05 14:37:45,162 INFO Connection check task end

2025-06-05 14:37:45,308 INFO ConnectionMetrics, totalCount = 0, detail = {long_connection=0, long_polling=0}

2025-06-05 14:37:48,163 INFO Connection check task start

2025-06-05 14:37:48,165 INFO Long connection metrics detail ,Total count =0, sdkCount=0,clusterCount=0

2025-06-05 14:37:48,167 INFO Out dated connection ,size=0

2025-06-05 14:37:48,168 INFO Connection check task end

2025-06-05 14:37:48,311 INFO ConnectionMetrics, totalCount = 0, detail = {long_connection=0, long_polling=0}

2025-06-05 14:37:51,170 INFO Connection check task start

2025-06-05 14:37:51,171 INFO Long connection metrics detail ,Total count =0, sdkCount=0,clusterCount=0

2025-06-05 14:37:51,172 INFO Out dated connection ,size=0

2025-06-05 14:37:51,172 INFO Connection check task end

2025-06-05 14:37:51,313 INFO ConnectionMetrics, totalCount = 0, detail = {long_connection=0, long_polling=0}

2025-06-05 14:37:54,173 INFO Connection check task start

2025-06-05 14:37:54,174 INFO Long connection metrics detail ,Total count =0, sdkCount=0,clusterCount=0

2025-06-05 14:37:54,174 INFO Out dated connection ,size=0

2025-06-05 14:37:54,175 INFO Connection check task end

2025-06-05 14:37:54,315 INFO ConnectionMetrics, totalCount = 0, detail = {long_connection=0, long_polling=0}

2025-06-05 14:37:57,181 INFO Connection check task start

2025-06-05 14:37:57,183 INFO Long connection metrics detail ,Total count =0, sdkCount=0,clusterCount=0

2025-06-05 14:37:57,184 INFO Out dated connection ,size=0

2025-06-05 14:37:57,185 INFO Connection check task end

2025-06-05 14:37:57,322 INFO ConnectionMetrics, totalCount = 0, detail = {long_connection=0, long_polling=0}

2025-06-05 14:38:00,185 INFO Connection check task start

2025-06-05 14:38:00,186 INFO Long connection metrics detail ,Total count =0, sdkCount=0,clusterCount=0

2025-06-05 14:38:00,187 INFO Out dated connection ,size=0

2025-06-05 14:38:00,187 INFO Connection check task end

2025-06-05 14:38:00,323 INFO ConnectionMetrics, totalCount = 1, detail = {long_connection=0, long_polling=1}

2025-06-05 14:38:03,188 INFO Connection check task start

2025-06-05 14:38:03,189 INFO Long connection metrics detail ,Total count =0, sdkCount=0,clusterCount=0

2025-06-05 14:38:03,190 INFO Out dated connection ,size=0

2025-06-05 14:38:03,190 INFO Connection check task end

2025-06-05 14:38:03,324 INFO ConnectionMetrics, totalCount = 1, detail = {long_connection=0, long_polling=1}

2025-06-05 14:38:06,191 INFO Connection check task start

2025-06-05 14:38:06,192 INFO Long connection metrics detail ,Total count =0, sdkCount=0,clusterCount=0

2025-06-05 14:38:06,193 INFO Out dated connection ,size=0

2025-06-05 14:38:06,193 INFO Connection check task end

2025-06-05 14:38:06,326 INFO ConnectionMetrics, totalCount = 1, detail = {long_connection=0, long_polling=1}

2025-06-05 14:38:09,195 INFO Connection check task start

2025-06-05 14:38:09,195 INFO Long connection metrics detail ,Total count =0, sdkCount=0,clusterCount=0

2025-06-05 14:38:09,196 INFO Out dated connection ,size=0

2025-06-05 14:38:09,197 INFO Connection check task end

2025-06-05 14:38:09,327 INFO ConnectionMetrics, totalCount = 1, detail = {long_connection=0, long_polling=1}

2025-06-05 14:38:12,198 INFO Connection check task start

2025-06-05 14:38:12,198 INFO Long connection metrics detail ,Total count =0, sdkCount=0,clusterCount=0

2025-06-05 14:38:12,198 INFO Out dated connection ,size=0

2025-06-05 14:38:12,199 INFO Connection check task end

2025-06-05 14:38:12,329 INFO ConnectionMetrics, totalCount = 1, detail = {long_connection=0, long_polling=1}

2025-06-05 14:38:15,200 INFO Connection check task start

2025-06-05 14:38:15,200 INFO Long connection metrics detail ,Total count =0, sdkCount=0,clusterCount=0

2025-06-05 14:38:15,201 INFO Out dated connection ,size=0

2025-06-05 14:38:15,201 INFO Connection check task end

2025-06-05 14:38:15,330 INFO ConnectionMetrics, totalCount = 1, detail = {long_connection=0, long_polling=1}

2025-06-05 14:38:18,203 INFO Connection check task start

2025-06-05 14:38:18,204 INFO Long connection metrics detail ,Total count =0, sdkCount=0,clusterCount=0

2025-06-05 14:38:18,204 INFO Out dated connection ,size=0

2025-06-05 14:38:18,205 INFO Connection check task end

2025-06-05 14:38:18,332 INFO ConnectionMetrics, totalCount = 1, detail = {long_connection=0, long_polling=1}

2025-06-05 14:38:21,207 INFO Connection check task start

2025-06-05 14:38:21,208 INFO Long connection metrics detail ,Total count =0, sdkCount=0,clusterCount=0

2025-06-05 14:38:21,209 INFO Out dated connection ,size=0

2025-06-05 14:38:21,210 INFO Connection check task end

2025-06-05 14:38:21,334 INFO ConnectionMetrics, totalCount = 1, detail = {long_connection=0, long_polling=1}

2025-06-05 14:38:24,212 INFO Connection check task start

2025-06-05 14:38:24,213 INFO Long connection metrics detail ,Total count =0, sdkCount=0,clusterCount=0

2025-06-05 14:38:24,213 INFO Out dated connection ,size=0

2025-06-05 14:38:24,214 INFO Connection check task end

2025-06-05 14:38:24,336 INFO ConnectionMetrics, totalCount = 1, detail = {long_connection=0, long_polling=1}

2025-06-05 14:38:27,216 INFO Connection check task start

2025-06-05 14:38:27,217 INFO Long connection metrics detail ,Total count =0, sdkCount=0,clusterCount=0

2025-06-05 14:38:27,218 INFO Out dated connection ,size=0

2025-06-05 14:38:27,218 INFO Connection check task end

2025-06-05 14:38:27,337 INFO ConnectionMetrics, totalCount = 0, detail = {long_connection=0, long_polling=0}

2025-06-05 14:38:30,220 INFO Connection check task start

2025-06-05 14:38:30,221 INFO Long connection metrics detail ,Total count =0, sdkCount=0,clusterCount=0

2025-06-05 14:38:30,221 INFO Out dated connection ,size=0

2025-06-05 14:38:30,222 INFO Connection check task end

2025-06-05 14:38:30,339 INFO ConnectionMetrics, totalCount = 1, detail = {long_connection=0, long_polling=1}

2025-06-05 14:38:33,223 INFO Connection check task start

2025-06-05 14:38:33,224 INFO Long connection metrics detail ,Total count =0, sdkCount=0,clusterCount=0

2025-06-05 14:38:33,224 INFO Out dated connection ,size=0

2025-06-05 14:38:33,225 INFO Connection check task end

2025-06-05 14:38:33,341 INFO ConnectionMetrics, totalCount = 1, detail = {long_connection=0, long_polling=1}

2025-06-05 14:38:36,226 INFO Connection check task start

2025-06-05 14:38:36,227 INFO Long connection metrics detail ,Total count =0, sdkCount=0,clusterCount=0

2025-06-05 14:38:36,229 INFO Out dated connection ,size=0

2025-06-05 14:38:36,230 INFO Connection check task end

2025-06-05 14:38:36,342 INFO ConnectionMetrics, totalCount = 1, detail = {long_connection=0, long_polling=1}

2025-06-05 14:38:39,233 INFO Connection check task start

2025-06-05 14:38:39,234 INFO Long connection metrics detail ,Total count =0, sdkCount=0,clusterCount=0

2025-06-05 14:38:39,234 INFO Out dated connection ,size=0

2025-06-05 14:38:39,234 INFO Connection check task end

2025-06-05 14:38:39,344 INFO ConnectionMetrics, totalCount = 1, detail = {long_connection=0, long_polling=1}

2025-06-05 14:38:42,235 INFO Connection check task start

2025-06-05 14:38:42,236 INFO Long connection metrics detail ,Total count =0, sdkCount=0,clusterCount=0

2025-06-05 14:38:42,236 INFO Out dated connection ,size=0

2025-06-05 14:38:42,237 INFO Connection check task end

2025-06-05 14:38:42,347 INFO ConnectionMetrics, totalCount = 1, detail = {long_connection=0, long_polling=1}

2025-06-05 14:38:45,237 INFO Connection check task start

2025-06-05 14:38:45,238 INFO Long connection metrics detail ,Total count =0, sdkCount=0,clusterCount=0

2025-06-05 14:38:45,239 INFO Out dated connection ,size=0

2025-06-05 14:38:45,240 INFO Connection check task end

2025-06-05 14:38:45,349 INFO ConnectionMetrics, totalCount = 1, detail = {long_connection=0, long_polling=1}

2025-06-05 14:38:48,241 INFO Connection check task start

2025-06-05 14:38:48,242 INFO Long connection metrics detail ,Total count =0, sdkCount=0,clusterCount=0

2025-06-05 14:38:48,243 INFO Out dated connection ,size=0

2025-06-05 14:38:48,243 INFO Connection check task end

2025-06-05 14:38:48,351 INFO ConnectionMetrics, totalCount = 1, detail = {long_connection=0, long_polling=1}

2025-06-05 14:38:51,245 INFO Connection check task start

2025-06-05 14:38:51,246 INFO Long connection metrics detail ,Total count =0, sdkCount=0,clusterCount=0

2025-06-05 14:38:51,246 INFO Out dated connection ,size=0

2025-06-05 14:38:51,247 INFO Connection check task end

2025-06-05 14:38:51,353 INFO ConnectionMetrics, totalCount = 1, detail = {long_connection=0, long_polling=1}

2025-06-05 14:38:54,249 INFO Connection check task start

2025-06-05 14:38:54,250 INFO Long connection metrics detail ,Total count =0, sdkCount=0,clusterCount=0

2025-06-05 14:38:54,251 INFO Out dated connection ,size=0

2025-06-05 14:38:54,252 INFO Connection check task end

2025-06-05 14:38:54,355 INFO ConnectionMetrics, totalCount = 1, detail = {long_connection=0, long_polling=1}

2025-06-05 14:38:57,254 INFO Connection check task start

2025-06-05 14:38:57,255 INFO Long connection metrics detail ,Total count =0, sdkCount=0,clusterCount=0

2025-06-05 14:38:57,256 INFO Out dated connection ,size=0

2025-06-05 14:38:57,257 INFO Connection check task end

2025-06-05 14:38:57,357 INFO ConnectionMetrics, totalCount = 1, detail = {long_connection=0, long_polling=1}

2025-06-05 14:39:00,258 INFO Connection check task start

2025-06-05 14:39:00,258 INFO Long connection metrics detail ,Total count =0, sdkCount=0,clusterCount=0

2025-06-05 14:39:00,259 INFO Out dated connection ,size=0

2025-06-05 14:39:00,259 INFO Connection check task end

2025-06-05 14:39:00,359 INFO ConnectionMetrics, totalCount = 1, detail = {long_connection=0, long_polling=1}

2025-06-05 14:39:03,261 INFO Connection check task start

2025-06-05 14:39:03,261 INFO Long connection metrics detail ,Total count =0, sdkCount=0,clusterCount=0

2025-06-05 14:39:03,262 INFO Out dated connection ,size=0

2025-06-05 14:39:03,262 INFO Connection check task end

2025-06-05 14:39:03,361 INFO ConnectionMetrics, totalCount = 1, detail = {long_connection=0, long_polling=1}

2025-06-05 14:39:06,263 INFO Connection check task start

2025-06-05 14:39:06,264 INFO Long connection metrics detail ,Total count =0, sdkCount=0,clusterCount=0

2025-06-05 14:39:06,265 INFO Out dated connection ,size=0

2025-06-05 14:39:06,265 INFO Connection check task end

2025-06-05 14:39:06,363 INFO ConnectionMetrics, totalCount = 1, detail = {long_connection=0, long_polling=1}

2025-06-05 14:39:09,267 INFO Connection check task start

2025-06-05 14:39:09,268 INFO Long connection metrics detail ,Total count =0, sdkCount=0,clusterCount=0

2025-06-05 14:39:09,268 INFO Out dated connection ,size=0

2025-06-05 14:39:09,269 INFO Connection check task end

2025-06-05 14:39:09,364 INFO ConnectionMetrics, totalCount = 1, detail = {long_connection=0, long_polling=1}

2025-06-05 14:39:12,270 INFO Connection check task start

2025-06-05 14:39:12,271 INFO Long connection metrics detail ,Total count =0, sdkCount=0,clusterCount=0

2025-06-05 14:39:12,272 INFO Out dated connection ,size=0

2025-06-05 14:39:12,272 INFO Connection check task end

2025-06-05 14:39:12,366 INFO ConnectionMetrics, totalCount = 1, detail = {long_connection=0, long_polling=1}

2025-06-05 14:39:15,273 INFO Connection check task start

2025-06-05 14:39:15,274 INFO Long connection metrics detail ,Total count =0, sdkCount=0,clusterCount=0

2025-06-05 14:39:15,275 INFO Out dated connection ,size=0

2025-06-05 14:39:15,275 INFO Connection check task end

2025-06-05 14:39:15,368 INFO ConnectionMetrics, totalCount = 1, detail = {long_connection=0, long_polling=1}

2025-06-05 14:39:18,276 INFO Connection check task start

2025-06-05 14:39:18,277 INFO Long connection metrics detail ,Total count =0, sdkCount=0,clusterCount=0

2025-06-05 14:39:18,279 INFO Out dated connection ,size=0

2025-06-05 14:39:18,279 INFO Connection check task end

2025-06-05 14:39:18,371 INFO ConnectionMetrics, totalCount = 1, detail = {long_connection=0, long_polling=1}

2025-06-05 14:39:21,282 INFO Connection check task start

2025-06-05 14:39:21,283 INFO Long connection metrics detail ,Total count =0, sdkCount=0,clusterCount=0

2025-06-05 14:39:21,283 INFO Out dated connection ,size=0

2025-06-05 14:39:21,284 INFO Connection check task end

2025-06-05 14:39:21,373 INFO ConnectionMetrics, totalCount = 1, detail = {long_connection=0, long_polling=1}

2025-06-05 14:39:24,284 INFO Connection check task start

2025-06-05 14:39:24,285 INFO Long connection metrics detail ,Total count =0, sdkCount=0,clusterCount=0

2025-06-05 14:39:24,287 INFO Out dated connection ,size=0

2025-06-05 14:39:24,287 INFO Connection check task end

2025-06-05 14:39:24,375 INFO ConnectionMetrics, totalCount = 1, detail = {long_connection=0, long_polling=1}

2025-06-05 14:39:27,289 INFO Connection check task start

2025-06-05 14:39:27,290 INFO Long connection metrics detail ,Total count =0, sdkCount=0,clusterCount=0

2025-06-05 14:39:27,290 INFO Out dated connection ,size=0

2025-06-05 14:39:27,290 INFO Connection check task end

2025-06-05 14:39:27,376 INFO ConnectionMetrics, totalCount = 1, detail = {long_connection=0, long_polling=1}

2025-06-05 14:39:30,291 INFO Connection check task start

2025-06-05 14:39:30,292 INFO Long connection metrics detail ,Total count =0, sdkCount=0,clusterCount=0

2025-06-05 14:39:30,292 INFO Out dated connection ,size=0

2025-06-05 14:39:30,293 INFO Connection check task end

2025-06-05 14:39:30,378 INFO ConnectionMetrics, totalCount = 1, detail = {long_connection=0, long_polling=1}

2025-06-05 14:39:33,294 INFO Connection check task start

2025-06-05 14:39:33,295 INFO Long connection metrics detail ,Total count =0, sdkCount=0,clusterCount=0

2025-06-05 14:39:33,295 INFO Out dated connection ,size=0

2025-06-05 14:39:33,295 INFO Connection check task end

2025-06-05 14:39:33,379 INFO ConnectionMetrics, totalCount = 1, detail = {long_connection=0, long_polling=1}

